mode,delay_ms,run,seq,latency_ms,replicas_acked
mongo-w1,0,1,1,17.177,
mongo-w1,0,1,2,1.058,
mongo-w1,0,1,3,0.482,
mongo-w1,0,1,4,0.525,
mongo-w1,0,1,5,0.367,
mongo-w1,0,1,6,0.745,
mongo-w1,0,1,7,0.59,
mongo-w1,0,1,8,0.447,
mongo-w1,0,1,9,0.522,
mongo-w1,0,1,10,0.535,
mongo-w1,0,1,11,0.349,
mongo-w1,0,1,12,0.27,
mongo-w1,0,1,13,0.259,
mongo-w1,0,1,14,0.303,
mongo-w1,0,1,15,0.33,
mongo-w1,0,1,16,0.36,
mongo-w1,0,1,17,0.356,
mongo-w1,0,1,18,0.304,
mongo-w1,0,1,19,0.27,
mongo-w1,0,1,20,0.324,
mongo-w1,0,1,21,0.308,
mongo-w1,0,1,22,0.337,
mongo-w1,0,1,23,0.383,
mongo-w1,0,1,24,0.309,
mongo-w1,0,1,25,0.597,
mongo-w1,0,1,26,0.259,
mongo-w1,0,1,27,0.937,
mongo-w1,0,1,28,0.529,
mongo-w1,0,1,29,0.691,
mongo-w1,0,1,30,0.435,
mongo-w1,0,1,31,0.722,
mongo-w1,0,1,32,0.535,
mongo-w1,0,1,33,0.46,
mongo-w1,0,1,34,0.297,
mongo-w1,0,1,35,0.605,
mongo-w1,0,1,36,0.538,
mongo-w1,0,1,37,0.643,
mongo-w1,0,1,38,0.338,
mongo-w1,0,1,39,0.295,
mongo-w1,0,1,40,0.345,
mongo-w1,0,1,41,0.313,
mongo-w1,0,1,42,0.523,
mongo-w1,0,1,43,0.531,
mongo-w1,0,1,44,0.317,
mongo-w1,0,1,45,0.224,
mongo-w1,0,1,46,0.2,
mongo-w1,0,1,47,0.331,
mongo-w1,0,1,48,0.19,
mongo-w1,0,1,49,0.446,
mongo-w1,0,1,50,0.347,
mongo-w1,0,1,51,0.217,
mongo-w1,0,1,52,0.211,
mongo-w1,0,1,53,0.283,
mongo-w1,0,1,54,0.23,
mongo-w1,0,1,55,0.621,
mongo-w1,0,1,56,0.273,
mongo-w1,0,1,57,0.431,
mongo-w1,0,1,58,0.493,
mongo-w1,0,1,59,0.31,
mongo-w1,0,1,60,0.222,
mongo-w1,0,1,61,0.409,
mongo-w1,0,1,62,0.245,
mongo-w1,0,1,63,0.34,
mongo-w1,0,1,64,0.427,
mongo-w1,0,1,65,0.29,
mongo-w1,0,1,66,0.208,
mongo-w1,0,1,67,0.612,
mongo-w1,0,1,68,0.521,
mongo-w1,0,1,69,0.48,
mongo-w1,0,1,70,0.283,
mongo-w1,0,1,71,0.234,
mongo-w1,0,1,72,0.284,
mongo-w1,0,1,73,0.331,
mongo-w1,0,1,74,0.701,
mongo-w1,0,1,75,0.416,
mongo-w1,0,1,76,0.232,
mongo-w1,0,1,77,0.269,
mongo-w1,0,1,78,0.268,
mongo-w1,0,1,79,0.209,
mongo-w1,0,1,80,0.287,
mongo-w1,0,1,81,0.16,
mongo-w1,0,1,82,0.172,
mongo-w1,0,1,83,0.265,
mongo-w1,0,1,84,0.286,
mongo-w1,0,1,85,0.432,
mongo-w1,0,1,86,0.205,
mongo-w1,0,1,87,0.55,
mongo-w1,0,1,88,0.181,
mongo-w1,0,1,89,0.169,
mongo-w1,0,1,90,0.444,
mongo-w1,0,1,91,0.273,
mongo-w1,0,1,92,0.909,
mongo-w1,0,1,93,0.236,
mongo-w1,0,1,94,0.406,
mongo-w1,0,1,95,0.492,
mongo-w1,0,1,96,0.487,
mongo-w1,0,1,97,0.341,
mongo-w1,0,1,98,0.633,
mongo-w1,0,1,99,0.313,
mongo-w1,0,1,100,0.551,
mongo-w1,0,1,101,0.38,
mongo-w1,0,1,102,0.218,
mongo-w1,0,1,103,0.153,
mongo-w1,0,1,104,0.235,
mongo-w1,0,1,105,0.389,
mongo-w1,0,1,106,0.218,
mongo-w1,0,1,107,0.191,
mongo-w1,0,1,108,0.18,
mongo-w1,0,1,109,0.278,
mongo-w1,0,1,110,0.194,
mongo-w1,0,1,111,0.143,
mongo-w1,0,1,112,0.354,
mongo-w1,0,1,113,0.143,
mongo-w1,0,1,114,0.149,
mongo-w1,0,1,115,0.486,
mongo-w1,0,1,116,0.474,
mongo-w1,0,1,117,0.133,
mongo-w1,0,1,118,0.14,
mongo-w1,0,1,119,0.136,
mongo-w1,0,1,120,0.39,
mongo-w1,0,1,121,0.238,
mongo-w1,0,1,122,0.261,
mongo-w1,0,1,123,0.246,
mongo-w1,0,1,124,0.328,
mongo-w1,0,1,125,0.282,
mongo-w1,0,1,126,0.205,
mongo-w1,0,1,127,0.518,
mongo-w1,0,1,128,0.146,
mongo-w1,0,1,129,0.215,
mongo-w1,0,1,130,0.133,
mongo-w1,0,1,131,0.209,
mongo-w1,0,1,132,0.142,
mongo-w1,0,1,133,0.11,
mongo-w1,0,1,134,0.177,
mongo-w1,0,1,135,0.293,
mongo-w1,0,1,136,0.172,
mongo-w1,0,1,137,0.231,
mongo-w1,0,1,138,0.182,
mongo-w1,0,1,139,0.231,
mongo-w1,0,1,140,0.508,
mongo-w1,0,1,141,0.193,
mongo-w1,0,1,142,0.281,
mongo-w1,0,1,143,0.269,
mongo-w1,0,1,144,0.33,
mongo-w1,0,1,145,0.183,
mongo-w1,0,1,146,0.332,
mongo-w1,0,1,147,0.169,
mongo-w1,0,1,148,0.343,
mongo-w1,0,1,149,0.506,
mongo-w1,0,1,150,0.213,
mongo-w1,0,1,151,0.132,
mongo-w1,0,1,152,0.232,
mongo-w1,0,1,153,0.223,
mongo-w1,0,1,154,0.255,
mongo-w1,0,1,155,0.377,
mongo-w1,0,1,156,0.171,
mongo-w1,0,1,157,0.293,
mongo-w1,0,1,158,0.293,
mongo-w1,0,1,159,0.232,
mongo-w1,0,1,160,0.295,
mongo-w1,0,1,161,0.18,
mongo-w1,0,1,162,0.17,
mongo-w1,0,1,163,0.24,
mongo-w1,0,1,164,0.136,
mongo-w1,0,1,165,0.412,
mongo-w1,0,1,166,0.194,
mongo-w1,0,1,167,0.301,
mongo-w1,0,1,168,0.202,
mongo-w1,0,1,169,0.297,
mongo-w1,0,1,170,0.297,
mongo-w1,0,1,171,0.228,
mongo-w1,0,1,172,0.117,
mongo-w1,0,1,173,0.222,
mongo-w1,0,1,174,0.125,
mongo-w1,0,1,175,0.104,
mongo-w1,0,1,176,0.096,
mongo-w1,0,1,177,0.51,
mongo-w1,0,1,178,0.242,
mongo-w1,0,1,179,0.207,
mongo-w1,0,1,180,0.321,
mongo-w1,0,1,181,0.386,
mongo-w1,0,1,182,0.453,
mongo-w1,0,1,183,0.373,
mongo-w1,0,1,184,0.363,
mongo-w1,0,1,185,0.51,
mongo-w1,0,1,186,0.253,
mongo-w1,0,1,187,0.209,
mongo-w1,0,1,188,0.39,
mongo-w1,0,1,189,0.172,
mongo-w1,0,1,190,0.346,
mongo-w1,0,1,191,0.226,
mongo-w1,0,1,192,0.285,
mongo-w1,0,1,193,0.418,
mongo-w1,0,1,194,0.158,
mongo-w1,0,1,195,0.178,
mongo-w1,0,1,196,0.159,
mongo-w1,0,1,197,0.398,
mongo-w1,0,1,198,0.201,
mongo-w1,0,1,199,0.175,
mongo-w1,0,1,200,0.179,
mongo-w1,0,1,201,0.198,
mongo-w1,0,1,202,0.175,
mongo-w1,0,1,203,0.137,
mongo-w1,0,1,204,0.123,
mongo-w1,0,1,205,0.157,
mongo-w1,0,1,206,0.127,
mongo-w1,0,1,207,0.142,
mongo-w1,0,1,208,0.117,
mongo-w1,0,1,209,0.273,
mongo-w1,0,1,210,0.161,
mongo-w1,0,1,211,0.15,
mongo-w1,0,1,212,0.119,
mongo-w1,0,1,213,0.109,
mongo-w1,0,1,214,0.105,
mongo-w1,0,1,215,0.158,
mongo-w1,0,1,216,0.243,
mongo-w1,0,1,217,0.133,
mongo-w1,0,1,218,0.139,
mongo-w1,0,1,219,0.375,
mongo-w1,0,1,220,0.446,
mongo-w1,0,1,221,0.351,
mongo-w1,0,1,222,0.242,
mongo-w1,0,1,223,0.629,
mongo-w1,0,1,224,0.547,
mongo-w1,0,1,225,0.504,
mongo-w1,0,1,226,0.239,
mongo-w1,0,1,227,0.557,
mongo-w1,0,1,228,0.282,
mongo-w1,0,1,229,0.233,
mongo-w1,0,1,230,0.17,
mongo-w1,0,1,231,0.255,
mongo-w1,0,1,232,0.184,
mongo-w1,0,1,233,0.158,
mongo-w1,0,1,234,0.252,
mongo-w1,0,1,235,0.346,
mongo-w1,0,1,236,0.168,
mongo-w1,0,1,237,0.154,
mongo-w1,0,1,238,0.168,
mongo-w1,0,1,239,0.157,
mongo-w1,0,1,240,0.204,
mongo-w1,0,1,241,0.148,
mongo-w1,0,1,242,0.598,
mongo-w1,0,1,243,0.474,
mongo-w1,0,1,244,0.286,
mongo-w1,0,1,245,0.32,
mongo-w1,0,1,246,0.327,
mongo-w1,0,1,247,0.152,
mongo-w1,0,1,248,0.32,
mongo-w1,0,1,249,0.165,
mongo-w1,0,1,250,0.327,
mongo-w1,0,1,251,0.366,
mongo-w1,0,1,252,0.12,
mongo-w1,0,1,253,0.179,
mongo-w1,0,1,254,0.151,
mongo-w1,0,1,255,0.187,
mongo-w1,0,1,256,0.131,
mongo-w1,0,1,257,0.113,
mongo-w1,0,1,258,0.108,
mongo-w1,0,1,259,0.113,
mongo-w1,0,1,260,0.168,
mongo-w1,0,1,261,0.1,
mongo-w1,0,1,262,0.374,
mongo-w1,0,1,263,0.148,
mongo-w1,0,1,264,0.228,
mongo-w1,0,1,265,0.218,
mongo-w1,0,1,266,0.451,
mongo-w1,0,1,267,0.174,
mongo-w1,0,1,268,0.394,
mongo-w1,0,1,269,0.29,
mongo-w1,0,1,270,0.192,
mongo-w1,0,1,271,0.157,
mongo-w1,0,1,272,0.128,
mongo-w1,0,1,273,0.147,
mongo-w1,0,1,274,0.129,
mongo-w1,0,1,275,0.101,
mongo-w1,0,1,276,0.209,
mongo-w1,0,1,277,0.172,
mongo-w1,0,1,278,0.306,
mongo-w1,0,1,279,0.336,
mongo-w1,0,1,280,0.286,
mongo-w1,0,1,281,0.478,
mongo-w1,0,1,282,0.489,
mongo-w1,0,1,283,0.418,
mongo-w1,0,1,284,0.531,
mongo-w1,0,1,285,0.53,
mongo-w1,0,1,286,0.225,
mongo-w1,0,1,287,0.254,
mongo-w1,0,1,288,0.281,
mongo-w1,0,1,289,0.157,
mongo-w1,0,1,290,0.418,
mongo-w1,0,1,291,0.184,
mongo-w1,0,1,292,0.159,
mongo-w1,0,1,293,0.196,
mongo-w1,0,1,294,0.316,
mongo-w1,0,1,295,0.209,
mongo-w1,0,1,296,0.13,
mongo-w1,0,1,297,0.16,
mongo-w1,0,1,298,0.148,
mongo-w1,0,1,299,0.169,
mongo-w1,0,1,300,0.121,
mongo-w1,0,1,301,0.172,
mongo-w1,0,1,302,0.224,
mongo-w1,0,1,303,0.118,
mongo-w1,0,1,304,0.156,
mongo-w1,0,1,305,0.404,
mongo-w1,0,1,306,0.169,
mongo-w1,0,1,307,0.227,
mongo-w1,0,1,308,0.124,
mongo-w1,0,1,309,0.187,
mongo-w1,0,1,310,0.315,
mongo-w1,0,1,311,0.379,
mongo-w1,0,1,312,0.291,
mongo-w1,0,1,313,0.138,
mongo-w1,0,1,314,0.231,
mongo-w1,0,1,315,0.165,
mongo-w1,0,1,316,0.174,
mongo-w1,0,1,317,0.18,
mongo-w1,0,1,318,0.148,
mongo-w1,0,1,319,0.109,
mongo-w1,0,1,320,0.129,
mongo-w1,0,1,321,0.184,
mongo-w1,0,1,322,0.165,
mongo-w1,0,1,323,0.164,
mongo-w1,0,1,324,0.394,
mongo-w1,0,1,325,0.395,
mongo-w1,0,1,326,0.208,
mongo-w1,0,1,327,0.331,
mongo-w1,0,1,328,0.342,
mongo-w1,0,1,329,0.304,
mongo-w1,0,1,330,0.245,
mongo-w1,0,1,331,0.137,
mongo-w1,0,1,332,0.131,
mongo-w1,0,1,333,0.117,
mongo-w1,0,1,334,0.131,
mongo-w1,0,1,335,0.1,
mongo-w1,0,1,336,0.421,
mongo-w1,0,1,337,0.205,
mongo-w1,0,1,338,0.193,
mongo-w1,0,1,339,0.211,
mongo-w1,0,1,340,0.583,
mongo-w1,0,1,341,0.172,
mongo-w1,0,1,342,0.202,
mongo-w1,0,1,343,0.233,
mongo-w1,0,1,344,0.144,
mongo-w1,0,1,345,0.537,
mongo-w1,0,1,346,0.247,
mongo-w1,0,1,347,0.217,
mongo-w1,0,1,348,0.268,
mongo-w1,0,1,349,0.174,
mongo-w1,0,1,350,0.583,
mongo-w1,0,1,351,0.159,
mongo-w1,0,1,352,0.238,
mongo-w1,0,1,353,0.213,
mongo-w1,0,1,354,0.337,
mongo-w1,0,1,355,0.434,
mongo-w1,0,1,356,0.449,
mongo-w1,0,1,357,0.423,
mongo-w1,0,1,358,0.216,
mongo-w1,0,1,359,0.437,
mongo-w1,0,1,360,0.213,
mongo-w1,0,1,361,0.143,
mongo-w1,0,1,362,0.228,
mongo-w1,0,1,363,0.346,
mongo-w1,0,1,364,0.307,
mongo-w1,0,1,365,0.263,
mongo-w1,0,1,366,0.169,
mongo-w1,0,1,367,0.226,
mongo-w1,0,1,368,0.219,
mongo-w1,0,1,369,0.137,
mongo-w1,0,1,370,0.13,
mongo-w1,0,1,371,0.322,
mongo-w1,0,1,372,0.62,
mongo-w1,0,1,373,0.169,
mongo-w1,0,1,374,0.119,
mongo-w1,0,1,375,0.136,
mongo-w1,0,1,376,0.118,
mongo-w1,0,1,377,0.139,
mongo-w1,0,1,378,0.104,
mongo-w1,0,1,379,0.09,
mongo-w1,0,1,380,0.273,
mongo-w1,0,1,381,0.134,
mongo-w1,0,1,382,0.135,
mongo-w1,0,1,383,0.172,
mongo-w1,0,1,384,0.327,
mongo-w1,0,1,385,0.166,
mongo-w1,0,1,386,0.156,
mongo-w1,0,1,387,0.176,
mongo-w1,0,1,388,0.252,
mongo-w1,0,1,389,0.174,
mongo-w1,0,1,390,0.337,
mongo-w1,0,1,391,0.188,
mongo-w1,0,1,392,0.246,
mongo-w1,0,1,393,0.208,
mongo-w1,0,1,394,0.129,
mongo-w1,0,1,395,0.115,
mongo-w1,0,1,396,0.384,
mongo-w1,0,1,397,0.114,
mongo-w1,0,1,398,0.216,
mongo-w1,0,1,399,0.166,
mongo-w1,0,1,400,0.145,
mongo-w1,0,1,401,0.256,
mongo-w1,0,1,402,0.368,
mongo-w1,0,1,403,0.179,
mongo-w1,0,1,404,0.138,
mongo-w1,0,1,405,0.144,
mongo-w1,0,1,406,0.113,
mongo-w1,0,1,407,0.21,
mongo-w1,0,1,408,0.11,
mongo-w1,0,1,409,0.171,
mongo-w1,0,1,410,0.168,
mongo-w1,0,1,411,0.122,
mongo-w1,0,1,412,0.14,
mongo-w1,0,1,413,0.11,
mongo-w1,0,1,414,0.294,
mongo-w1,0,1,415,0.135,
mongo-w1,0,1,416,0.319,
mongo-w1,0,1,417,0.274,
mongo-w1,0,1,418,0.18,
mongo-w1,0,1,419,0.292,
mongo-w1,0,1,420,0.172,
mongo-w1,0,1,421,0.22,
mongo-w1,0,1,422,0.146,
mongo-w1,0,1,423,0.17,
mongo-w1,0,1,424,0.158,
mongo-w1,0,1,425,0.164,
mongo-w1,0,1,426,0.134,
mongo-w1,0,1,427,0.339,
mongo-w1,0,1,428,0.137,
mongo-w1,0,1,429,0.143,
mongo-w1,0,1,430,0.177,
mongo-w1,0,1,431,0.216,
mongo-w1,0,1,432,0.141,
mongo-w1,0,1,433,0.404,
mongo-w1,0,1,434,0.375,
mongo-w1,0,1,435,0.291,
mongo-w1,0,1,436,0.691,
mongo-w1,0,1,437,0.481,
mongo-w1,0,1,438,0.162,
mongo-w1,0,1,439,0.194,
mongo-w1,0,1,440,0.143,
mongo-w1,0,1,441,0.21,
mongo-w1,0,1,442,0.266,
mongo-w1,0,1,443,0.166,
mongo-w1,0,1,444,0.146,
mongo-w1,0,1,445,0.145,
mongo-w1,0,1,446,0.153,
mongo-w1,0,1,447,0.121,
mongo-w1,0,1,448,0.119,
mongo-w1,0,1,449,0.135,
mongo-w1,0,1,450,0.123,
mongo-w1,0,1,451,0.113,
mongo-w1,0,1,452,0.246,
mongo-w1,0,1,453,0.141,
mongo-w1,0,1,454,0.489,
mongo-w1,0,1,455,0.175,
mongo-w1,0,1,456,0.119,
mongo-w1,0,1,457,0.126,
mongo-w1,0,1,458,0.142,
mongo-w1,0,1,459,0.277,
mongo-w1,0,1,460,0.146,
mongo-w1,0,1,461,0.14,
mongo-w1,0,1,462,0.193,
mongo-w1,0,1,463,0.251,
mongo-w1,0,1,464,0.124,
mongo-w1,0,1,465,0.103,
mongo-w1,0,1,466,0.127,
mongo-w1,0,1,467,0.2,
mongo-w1,0,2,1,4.055,
mongo-w1,0,2,2,0.234,
mongo-w1,0,2,3,0.303,
mongo-w1,0,2,4,0.157,
mongo-w1,0,2,5,0.392,
mongo-w1,0,2,6,0.193,
mongo-w1,0,2,7,0.215,
mongo-w1,0,2,8,0.244,
mongo-w1,0,2,9,0.188,
mongo-w1,0,2,10,0.207,
mongo-w1,0,2,11,0.209,
mongo-w1,0,2,12,0.219,
mongo-w1,0,2,13,0.253,
mongo-w1,0,2,14,0.174,
mongo-w1,0,2,15,0.148,
mongo-w1,0,2,16,0.137,
mongo-w1,0,2,17,0.174,
mongo-w1,0,2,18,0.173,
mongo-w1,0,2,19,0.166,
mongo-w1,0,2,20,0.149,
mongo-w1,0,2,21,0.153,
mongo-w1,0,2,22,0.146,
mongo-w1,0,2,23,0.164,
mongo-w1,0,2,24,0.136,
mongo-w1,0,2,25,0.341,
mongo-w1,0,2,26,0.358,
mongo-w1,0,2,27,0.191,
mongo-w1,0,2,28,0.245,
mongo-w1,0,2,29,0.358,
mongo-w1,0,2,30,0.203,
mongo-w1,0,2,31,0.429,
mongo-w1,0,2,32,0.202,
mongo-w1,0,2,33,0.428,
mongo-w1,0,2,34,0.47,
mongo-w1,0,2,35,0.369,
mongo-w1,0,2,36,0.209,
mongo-w1,0,2,37,0.263,
mongo-w1,0,2,38,0.395,
mongo-w1,0,2,39,0.438,
mongo-w1,0,2,40,0.209,
mongo-w1,0,2,41,0.25,
mongo-w1,0,2,42,0.261,
mongo-w1,0,2,43,0.231,
mongo-w1,0,2,44,0.178,
mongo-w1,0,2,45,0.329,
mongo-w1,0,2,46,0.373,
mongo-w1,0,2,47,0.259,
mongo-w1,0,2,48,0.181,
mongo-w1,0,2,49,0.284,
mongo-w1,0,2,50,0.178,
mongo-w1,0,2,51,0.225,
mongo-w1,0,2,52,0.164,
mongo-w1,0,2,53,0.346,
mongo-w1,0,2,54,0.196,
mongo-w1,0,2,55,0.282,
mongo-w1,0,2,56,0.202,
mongo-w1,0,2,57,0.157,
mongo-w1,0,2,58,0.112,
mongo-w1,0,2,59,0.159,
mongo-w1,0,2,60,0.125,
mongo-w1,0,2,61,0.106,
mongo-w1,0,2,62,0.245,
mongo-w1,0,2,63,0.216,
mongo-w1,0,2,64,0.2,
mongo-w1,0,2,65,0.144,
mongo-w1,0,2,66,0.191,
mongo-w1,0,2,67,0.238,
mongo-w1,0,2,68,0.199,
mongo-w1,0,2,69,0.229,
mongo-w1,0,2,70,0.131,
mongo-w1,0,2,71,0.122,
mongo-w1,0,2,72,0.122,
mongo-w1,0,2,73,0.114,
mongo-w1,0,2,74,0.114,
mongo-w1,0,2,75,0.109,
mongo-w1,0,2,76,0.331,
mongo-w1,0,2,77,0.266,
mongo-w1,0,2,78,0.123,
mongo-w1,0,2,79,0.144,
mongo-w1,0,2,80,0.124,
mongo-w1,0,2,81,0.192,
mongo-w1,0,2,82,0.267,
mongo-w1,0,2,83,0.345,
mongo-w1,0,2,84,0.152,
mongo-w1,0,2,85,0.218,
mongo-w1,0,2,86,0.175,
mongo-w1,0,2,87,0.138,
mongo-w1,0,2,88,0.145,
mongo-w1,0,2,89,0.304,
mongo-w1,0,2,90,0.165,
mongo-w1,0,2,91,0.159,
mongo-w1,0,2,92,0.191,
mongo-w1,0,2,93,0.152,
mongo-w1,0,2,94,0.148,
mongo-w1,0,2,95,0.126,
mongo-w1,0,2,96,0.132,
mongo-w1,0,2,97,0.333,
mongo-w1,0,2,98,0.105,
mongo-w1,0,2,99,0.101,
mongo-w1,0,2,100,0.193,
mongo-w1,0,2,101,0.169,
mongo-w1,0,2,102,0.148,
mongo-w1,0,2,103,0.157,
mongo-w1,0,2,104,0.131,
mongo-w1,0,2,105,0.108,
mongo-w1,0,2,106,0.277,
mongo-w1,0,2,107,0.166,
mongo-w1,0,2,108,0.165,
mongo-w1,0,2,109,0.163,
mongo-w1,0,2,110,0.249,
mongo-w1,0,2,111,0.129,
mongo-w1,0,2,112,0.104,
mongo-w1,0,2,113,0.105,
mongo-w1,0,2,114,0.142,
mongo-w1,0,2,115,0.163,
mongo-w1,0,2,116,0.129,
mongo-w1,0,2,117,0.16,
mongo-w1,0,2,118,0.142,
mongo-w1,0,2,119,0.132,
mongo-w1,0,2,120,0.134,
mongo-w1,0,2,121,0.117,
mongo-w1,0,2,122,0.126,
mongo-w1,0,2,123,0.138,
mongo-w1,0,2,124,0.109,
mongo-w1,0,2,125,0.198,
mongo-w1,0,2,126,0.148,
mongo-w1,0,2,127,0.109,
mongo-w1,0,2,128,0.104,
mongo-w1,0,2,129,0.098,
mongo-w1,0,2,130,0.109,
mongo-w1,0,2,131,0.198,
mongo-w1,0,2,132,0.133,
mongo-w1,0,2,133,0.136,
mongo-w1,0,2,134,0.173,
mongo-w1,0,2,135,0.12,
mongo-w1,0,2,136,0.115,
mongo-w1,0,2,137,0.122,
mongo-w1,0,2,138,0.099,
mongo-w1,0,2,139,0.107,
mongo-w1,0,2,140,0.155,
mongo-w1,0,2,141,0.116,
mongo-w1,0,2,142,0.116,
mongo-w1,0,2,143,0.094,
mongo-w1,0,2,144,0.132,
mongo-w1,0,2,145,0.199,
mongo-w1,0,2,146,0.117,
mongo-w1,0,2,147,0.151,
mongo-w1,0,2,148,0.112,
mongo-w1,0,2,149,0.132,
mongo-w1,0,2,150,0.176,
mongo-w1,0,2,151,0.135,
mongo-w1,0,2,152,0.107,
mongo-w1,0,2,153,0.185,
mongo-w1,0,2,154,0.124,
mongo-w1,0,2,155,0.122,
mongo-w1,0,2,156,0.121,
mongo-w1,0,2,157,0.107,
mongo-w1,0,2,158,0.113,
mongo-w1,0,2,159,0.232,
mongo-w1,0,2,160,0.203,
mongo-w1,0,2,161,0.147,
mongo-w1,0,2,162,0.14,
mongo-w1,0,2,163,0.14,
mongo-w1,0,2,164,0.112,
mongo-w1,0,2,165,0.132,
mongo-w1,0,2,166,0.125,
mongo-w1,0,2,167,0.366,
mongo-w1,0,2,168,0.146,
mongo-w1,0,2,169,0.167,
mongo-w1,0,2,170,0.127,
mongo-w1,0,2,171,0.116,
mongo-w1,0,2,172,0.126,
mongo-w1,0,2,173,0.124,
mongo-w1,0,2,174,0.097,
mongo-w1,0,2,175,0.106,
mongo-w1,0,2,176,0.105,
mongo-w1,0,2,177,0.101,
mongo-w1,0,2,178,0.109,
mongo-w1,0,2,179,0.224,
mongo-w1,0,2,180,0.169,
mongo-w1,0,2,181,0.136,
mongo-w1,0,2,182,0.11,
mongo-w1,0,2,183,0.132,
mongo-w1,0,2,184,0.104,
mongo-w1,0,2,185,0.147,
mongo-w1,0,2,186,0.373,
mongo-w1,0,2,187,0.326,
mongo-w1,0,2,188,0.171,
mongo-w1,0,2,189,0.124,
mongo-w1,0,2,190,0.12,
mongo-w1,0,2,191,0.155,
mongo-w1,0,2,192,0.235,
mongo-w1,0,2,193,0.199,
mongo-w1,0,2,194,0.166,
mongo-w1,0,2,195,0.119,
mongo-w1,0,2,196,0.149,
mongo-w1,0,2,197,0.482,
mongo-w1,0,2,198,0.181,
mongo-w1,0,2,199,0.229,
mongo-w1,0,2,200,0.223,
mongo-w1,0,2,201,0.171,
mongo-w1,0,2,202,0.114,
mongo-w1,0,2,203,0.341,
mongo-w1,0,2,204,0.225,
mongo-w1,0,2,205,0.171,
mongo-w1,0,2,206,0.12,
mongo-w1,0,2,207,0.102,
mongo-w1,0,2,208,0.101,
mongo-w1,0,2,209,0.097,
mongo-w1,0,2,210,0.089,
mongo-w1,0,2,211,0.096,
mongo-w1,0,2,212,0.134,
mongo-w1,0,2,213,0.246,
mongo-w1,0,2,214,0.148,
mongo-w1,0,2,215,0.236,
mongo-w1,0,2,216,0.149,
mongo-w1,0,2,217,0.148,
mongo-w1,0,2,218,0.099,
mongo-w1,0,2,219,0.188,
mongo-w1,0,2,220,0.331,
mongo-w1,0,2,221,0.156,
mongo-w1,0,2,222,0.136,
mongo-w1,0,2,223,0.119,
mongo-w1,0,2,224,0.112,
mongo-w1,0,2,225,0.147,
mongo-w1,0,2,226,0.135,
mongo-w1,0,2,227,0.133,
mongo-w1,0,2,228,0.265,
mongo-w1,0,2,229,0.167,
mongo-w1,0,2,230,0.131,
mongo-w1,0,2,231,0.26,
mongo-w1,0,2,232,0.172,
mongo-w1,0,2,233,0.219,
mongo-w1,0,2,234,0.182,
mongo-w1,0,2,235,0.212,
mongo-w1,0,2,236,0.197,
mongo-w1,0,2,237,0.137,
mongo-w1,0,2,238,0.131,
mongo-w1,0,2,239,0.159,
mongo-w1,0,2,240,0.274,
mongo-w1,0,2,241,0.174,
mongo-w1,0,2,242,0.171,
mongo-w1,0,2,243,0.106,
mongo-w1,0,2,244,0.104,
mongo-w1,0,2,245,0.288,
mongo-w1,0,2,246,0.134,
mongo-w1,0,2,247,0.105,
mongo-w1,0,2,248,0.131,
mongo-w1,0,2,249,0.222,
mongo-w1,0,2,250,0.287,
mongo-w1,0,2,251,0.156,
mongo-w1,0,2,252,0.324,
mongo-w1,0,2,253,0.152,
mongo-w1,0,2,254,0.128,
mongo-w1,0,2,255,0.101,
mongo-w1,0,2,256,0.126,
mongo-w1,0,2,257,0.198,
mongo-w1,0,2,258,0.124,
mongo-w1,0,2,259,0.189,
mongo-w1,0,2,260,0.195,
mongo-w1,0,2,261,0.51,
mongo-w1,0,2,262,0.263,
mongo-w1,0,2,263,0.232,
mongo-w1,0,2,264,0.343,
mongo-w1,0,2,265,0.154,
mongo-w1,0,2,266,0.139,
mongo-w1,0,2,267,0.128,
mongo-w1,0,2,268,0.147,
mongo-w1,0,2,269,0.351,
mongo-w1,0,2,270,0.155,
mongo-w1,0,2,271,0.493,
mongo-w1,0,2,272,0.203,
mongo-w1,0,2,273,0.247,
mongo-w1,0,2,274,0.26,
mongo-w1,0,2,275,0.22,
mongo-w1,0,2,276,0.174,
mongo-w1,0,2,277,0.3,
mongo-w1,0,2,278,0.4,
mongo-w1,0,2,279,0.238,
mongo-w1,0,2,280,0.183,
mongo-w1,0,2,281,0.184,
mongo-w1,0,2,282,0.183,
mongo-w1,0,2,283,0.245,
mongo-w1,0,2,284,0.35,
mongo-w1,0,2,285,0.183,
mongo-w1,0,2,286,0.134,
mongo-w1,0,2,287,0.107,
mongo-w1,0,2,288,0.34,
mongo-w1,0,2,289,0.202,
mongo-w1,0,2,290,0.525,
mongo-w1,0,2,291,0.159,
mongo-w1,0,2,292,0.163,
mongo-w1,0,2,293,0.252,
mongo-w1,0,2,294,0.273,
mongo-w1,0,2,295,0.178,
mongo-w1,0,2,296,0.142,
mongo-w1,0,2,297,0.125,
mongo-w1,0,2,298,0.171,
mongo-w1,0,2,299,0.246,
mongo-w1,0,2,300,0.122,
mongo-w1,0,2,301,0.119,
mongo-w1,0,2,302,0.169,
mongo-w1,0,2,303,0.125,
mongo-w1,0,2,304,0.555,
mongo-w1,0,2,305,0.168,
mongo-w1,0,2,306,0.194,
mongo-w1,0,2,307,0.22,
mongo-w1,0,2,308,0.132,
mongo-w1,0,2,309,0.182,
mongo-w1,0,2,310,0.217,
mongo-w1,0,2,311,0.121,
mongo-w1,0,2,312,0.128,
mongo-w1,0,2,313,0.167,
mongo-w1,0,2,314,0.151,
mongo-w1,0,2,315,0.139,
mongo-w1,0,2,316,0.238,
mongo-w1,0,2,317,0.291,
mongo-w1,0,2,318,0.248,
mongo-w1,0,2,319,0.349,
mongo-w1,0,2,320,0.32,
mongo-w1,0,2,321,0.414,
mongo-w1,0,2,322,0.203,
mongo-w1,0,2,323,0.234,
mongo-w1,0,2,324,0.179,
mongo-w1,0,2,325,0.333,
mongo-w1,0,2,326,0.159,
mongo-w1,0,2,327,0.172,
mongo-w1,0,2,328,0.324,
mongo-w1,0,2,329,0.131,
mongo-w1,0,2,330,0.135,
mongo-w1,0,2,331,0.221,
mongo-w1,0,2,332,0.242,
mongo-w1,0,2,333,0.138,
mongo-w1,0,2,334,0.106,
mongo-w1,0,2,335,0.137,
mongo-w1,0,2,336,0.107,
mongo-w1,0,2,337,0.095,
mongo-w1,0,2,338,0.172,
mongo-w1,0,2,339,0.18,
mongo-w1,0,2,340,0.172,
mongo-w1,0,2,341,0.187,
mongo-w1,0,2,342,0.272,
mongo-w1,0,2,343,0.313,
mongo-w1,0,2,344,0.169,
mongo-w1,0,2,345,0.252,
mongo-w1,0,2,346,0.303,
mongo-w1,0,2,347,0.237,
mongo-w1,0,2,348,0.256,
mongo-w1,0,2,349,0.165,
mongo-w1,0,2,350,0.416,
mongo-w1,0,2,351,0.246,
mongo-w1,0,2,352,0.261,
mongo-w1,0,2,353,0.178,
mongo-w1,0,2,354,0.186,
mongo-w1,0,2,355,0.161,
mongo-w1,0,2,356,0.219,
mongo-w1,0,2,357,0.278,
mongo-w1,0,2,358,0.186,
mongo-w1,0,2,359,0.164,
mongo-w1,0,2,360,0.158,
mongo-w1,0,2,361,0.477,
mongo-w1,0,2,362,0.131,
mongo-w1,0,2,363,0.215,
mongo-w1,0,2,364,0.177,
mongo-w1,0,2,365,0.232,
mongo-w1,0,2,366,0.188,
mongo-w1,0,2,367,0.138,
mongo-w1,0,2,368,0.605,
mongo-w1,0,2,369,0.209,
mongo-w1,0,2,370,0.134,
mongo-w1,0,2,371,0.265,
mongo-w1,0,2,372,0.228,
mongo-w1,0,2,373,0.292,
mongo-w1,0,2,374,0.447,
mongo-w1,0,2,375,0.201,
mongo-w1,0,2,376,0.142,
mongo-w1,0,2,377,0.123,
mongo-w1,0,2,378,0.162,
mongo-w1,0,2,379,0.176,
mongo-w1,0,2,380,0.202,
mongo-w1,0,2,381,0.208,
mongo-w1,0,2,382,0.198,
mongo-w1,0,2,383,0.218,
mongo-w1,0,2,384,0.142,
mongo-w1,0,2,385,0.186,
mongo-w1,0,2,386,0.122,
mongo-w1,0,2,387,0.135,
mongo-w1,0,2,388,0.1,
mongo-w1,0,2,389,0.092,
mongo-w1,0,2,390,0.187,
mongo-w1,0,2,391,0.322,
mongo-w1,0,2,392,0.176,
mongo-w1,0,2,393,0.108,
mongo-w1,0,2,394,0.144,
mongo-w1,0,2,395,0.108,
mongo-w1,0,2,396,0.115,
mongo-w1,0,2,397,0.102,
mongo-w1,0,2,398,0.267,
mongo-w1,0,2,399,0.456,
mongo-w1,0,2,400,0.522,
mongo-w1,0,2,401,0.184,
mongo-w1,0,2,402,0.226,
mongo-w1,0,2,403,0.144,
mongo-w1,0,2,404,0.194,
mongo-w1,0,2,405,0.158,
mongo-w1,0,2,406,0.307,
mongo-w1,0,2,407,0.207,
mongo-w1,0,2,408,0.393,
mongo-w1,0,2,409,0.297,
mongo-w1,0,2,410,0.258,
mongo-w1,0,2,411,0.252,
mongo-w1,0,2,412,0.26,
mongo-w1,0,2,413,0.326,
mongo-w1,0,2,414,0.211,
mongo-w1,0,2,415,0.212,
mongo-w1,0,2,416,0.184,
mongo-w1,0,2,417,0.14,
mongo-w1,0,2,418,0.167,
mongo-w1,0,2,419,0.213,
mongo-w1,0,2,420,0.288,
mongo-w1,0,2,421,0.363,
mongo-w1,0,2,422,0.296,
mongo-w1,0,2,423,0.174,
mongo-w1,0,2,424,0.475,
mongo-w1,0,2,425,0.196,
mongo-w1,0,2,426,0.232,
mongo-w1,0,2,427,0.272,
mongo-w1,0,2,428,0.296,
mongo-w1,0,2,429,0.321,
mongo-w1,0,2,430,0.359,
mongo-w1,0,2,431,0.205,
mongo-w1,0,2,432,0.29,
mongo-w1,0,2,433,0.435,
mongo-w1,0,2,434,0.329,
mongo-w1,0,2,435,0.338,
mongo-w1,0,2,436,0.232,
mongo-w1,0,2,437,0.153,
mongo-w1,0,2,438,0.167,
mongo-w1,0,2,439,0.104,
mongo-w1,0,2,440,0.132,
mongo-w1,0,2,441,0.221,
mongo-w1,0,2,442,0.144,
mongo-w1,0,2,443,0.186,
mongo-w1,0,2,444,0.144,
mongo-w1,0,2,445,0.249,
mongo-w1,0,2,446,0.149,
mongo-w1,0,2,447,0.148,
mongo-w1,0,2,448,0.113,
mongo-w1,0,2,449,0.13,
mongo-w1,0,2,450,0.188,
mongo-w1,0,2,451,0.161,
mongo-w1,0,2,452,0.175,
mongo-w1,0,2,453,0.252,
mongo-w1,0,2,454,0.358,
mongo-w1,0,2,455,0.414,
mongo-w1,0,2,456,0.181,
mongo-w1,0,2,457,0.276,
mongo-w1,0,2,458,0.418,
mongo-w1,0,2,459,0.266,
mongo-w1,0,2,460,0.163,
mongo-w1,0,2,461,0.164,
mongo-w1,0,2,462,0.142,
mongo-w1,0,2,463,0.167,
mongo-w1,0,2,464,0.442,
mongo-w1,0,2,465,0.139,
mongo-w1,0,2,466,0.304,
mongo-w1,0,2,467,0.173,
mongo-w1,0,3,1,4.496,
mongo-w1,0,3,2,0.253,
mongo-w1,0,3,3,0.253,
mongo-w1,0,3,4,0.195,
mongo-w1,0,3,5,0.168,
mongo-w1,0,3,6,0.164,
mongo-w1,0,3,7,0.129,
mongo-w1,0,3,8,0.195,
mongo-w1,0,3,9,0.167,
mongo-w1,0,3,10,0.21,
mongo-w1,0,3,11,0.155,
mongo-w1,0,3,12,0.159,
mongo-w1,0,3,13,0.2,
mongo-w1,0,3,14,0.14,
mongo-w1,0,3,15,0.144,
mongo-w1,0,3,16,0.154,
mongo-w1,0,3,17,0.145,
mongo-w1,0,3,18,0.173,
mongo-w1,0,3,19,0.134,
mongo-w1,0,3,20,0.153,
mongo-w1,0,3,21,0.155,
mongo-w1,0,3,22,0.17,
mongo-w1,0,3,23,0.162,
mongo-w1,0,3,24,0.253,
mongo-w1,0,3,25,0.149,
mongo-w1,0,3,26,0.146,
mongo-w1,0,3,27,0.175,
mongo-w1,0,3,28,0.174,
mongo-w1,0,3,29,0.391,
mongo-w1,0,3,30,0.395,
mongo-w1,0,3,31,0.166,
mongo-w1,0,3,32,0.378,
mongo-w1,0,3,33,0.25,
mongo-w1,0,3,34,0.341,
mongo-w1,0,3,35,0.259,
mongo-w1,0,3,36,0.234,
mongo-w1,0,3,37,0.265,
mongo-w1,0,3,38,0.226,
mongo-w1,0,3,39,0.182,
mongo-w1,0,3,40,0.226,
mongo-w1,0,3,41,0.302,
mongo-w1,0,3,42,0.212,
mongo-w1,0,3,43,0.284,
mongo-w1,0,3,44,0.166,
mongo-w1,0,3,45,0.262,
mongo-w1,0,3,46,0.216,
mongo-w1,0,3,47,0.221,
mongo-w1,0,3,48,0.279,
mongo-w1,0,3,49,0.179,
mongo-w1,0,3,50,0.31,
mongo-w1,0,3,51,0.401,
mongo-w1,0,3,52,0.18,
mongo-w1,0,3,53,0.277,
mongo-w1,0,3,54,0.256,
mongo-w1,0,3,55,0.314,
mongo-w1,0,3,56,0.218,
mongo-w1,0,3,57,0.249,
mongo-w1,0,3,58,0.34,
mongo-w1,0,3,59,0.278,
mongo-w1,0,3,60,0.256,
mongo-w1,0,3,61,0.446,
mongo-w1,0,3,62,0.21,
mongo-w1,0,3,63,0.197,
mongo-w1,0,3,64,0.166,
mongo-w1,0,3,65,0.29,
mongo-w1,0,3,66,0.144,
mongo-w1,0,3,67,0.208,
mongo-w1,0,3,68,0.146,
mongo-w1,0,3,69,0.125,
mongo-w1,0,3,70,0.099,
mongo-w1,0,3,71,0.125,
mongo-w1,0,3,72,0.252,
mongo-w1,0,3,73,0.177,
mongo-w1,0,3,74,0.149,
mongo-w1,0,3,75,0.113,
mongo-w1,0,3,76,0.129,
mongo-w1,0,3,77,0.197,
mongo-w1,0,3,78,0.143,
mongo-w1,0,3,79,0.164,
mongo-w1,0,3,80,0.174,
mongo-w1,0,3,81,0.113,
mongo-w1,0,3,82,0.132,
mongo-w1,0,3,83,0.143,
mongo-w1,0,3,84,0.14,
mongo-w1,0,3,85,0.161,
mongo-w1,0,3,86,0.147,
mongo-w1,0,3,87,0.163,
mongo-w1,0,3,88,0.141,
mongo-w1,0,3,89,0.147,
mongo-w1,0,3,90,0.139,
mongo-w1,0,3,91,0.106,
mongo-w1,0,3,92,0.236,
mongo-w1,0,3,93,0.223,
mongo-w1,0,3,94,0.443,
mongo-w1,0,3,95,0.261,
mongo-w1,0,3,96,0.324,
mongo-w1,0,3,97,0.164,
mongo-w1,0,3,98,0.368,
mongo-w1,0,3,99,0.234,
mongo-w1,0,3,100,0.177,
mongo-w1,0,3,101,0.174,
mongo-w1,0,3,102,0.285,
mongo-w1,0,3,103,0.3,
mongo-w1,0,3,104,0.37,
mongo-w1,0,3,105,0.354,
mongo-w1,0,3,106,0.262,
mongo-w1,0,3,107,0.156,
mongo-w1,0,3,108,0.365,
mongo-w1,0,3,109,0.277,
mongo-w1,0,3,110,0.475,
mongo-w1,0,3,111,0.371,
mongo-w1,0,3,112,0.215,
mongo-w1,0,3,113,0.299,
mongo-w1,0,3,114,0.36,
mongo-w1,0,3,115,0.172,
mongo-w1,0,3,116,0.286,
mongo-w1,0,3,117,0.33,
mongo-w1,0,3,118,0.265,
mongo-w1,0,3,119,0.178,
mongo-w1,0,3,120,0.224,
mongo-w1,0,3,121,0.348,
mongo-w1,0,3,122,0.264,
mongo-w1,0,3,123,0.269,
mongo-w1,0,3,124,0.149,
mongo-w1,0,3,125,0.11,
mongo-w1,0,3,126,0.36,
mongo-w1,0,3,127,0.284,
mongo-w1,0,3,128,0.13,
mongo-w1,0,3,129,0.222,
mongo-w1,0,3,130,0.276,
mongo-w1,0,3,131,0.267,
mongo-w1,0,3,132,0.14,
mongo-w1,0,3,133,0.116,
mongo-w1,0,3,134,0.199,
mongo-w1,0,3,135,0.14,
mongo-w1,0,3,136,0.138,
mongo-w1,0,3,137,0.123,
mongo-w1,0,3,138,0.144,
mongo-w1,0,3,139,0.113,
mongo-w1,0,3,140,0.121,
mongo-w1,0,3,141,0.125,
mongo-w1,0,3,142,0.107,
mongo-w1,0,3,143,0.108,
mongo-w1,0,3,144,0.202,
mongo-w1,0,3,145,0.27,
mongo-w1,0,3,146,0.217,
mongo-w1,0,3,147,0.168,
mongo-w1,0,3,148,0.122,
mongo-w1,0,3,149,0.109,
mongo-w1,0,3,150,0.12,
mongo-w1,0,3,151,0.236,
mongo-w1,0,3,152,0.205,
mongo-w1,0,3,153,0.374,
mongo-w1,0,3,154,0.165,
mongo-w1,0,3,155,0.144,
mongo-w1,0,3,156,0.151,
mongo-w1,0,3,157,0.204,
mongo-w1,0,3,158,0.565,
mongo-w1,0,3,159,0.17,
mongo-w1,0,3,160,0.132,
mongo-w1,0,3,161,0.1,
mongo-w1,0,3,162,0.23,
mongo-w1,0,3,163,0.127,
mongo-w1,0,3,164,0.169,
mongo-w1,0,3,165,0.121,
mongo-w1,0,3,166,0.111,
mongo-w1,0,3,167,0.137,
mongo-w1,0,3,168,0.101,
mongo-w1,0,3,169,0.106,
mongo-w1,0,3,170,0.14,
mongo-w1,0,3,171,0.157,
mongo-w1,0,3,172,0.407,
mongo-w1,0,3,173,0.321,
mongo-w1,0,3,174,0.194,
mongo-w1,0,3,175,0.296,
mongo-w1,0,3,176,0.233,
mongo-w1,0,3,177,0.143,
mongo-w1,0,3,178,0.211,
mongo-w1,0,3,179,0.174,
mongo-w1,0,3,180,0.169,
mongo-w1,0,3,181,0.273,
mongo-w1,0,3,182,0.247,
mongo-w1,0,3,183,0.122,
mongo-w1,0,3,184,0.131,
mongo-w1,0,3,185,0.201,
mongo-w1,0,3,186,0.233,
mongo-w1,0,3,187,0.182,
mongo-w1,0,3,188,0.161,
mongo-w1,0,3,189,0.155,
mongo-w1,0,3,190,0.14,
mongo-w1,0,3,191,0.131,
mongo-w1,0,3,192,0.26,
mongo-w1,0,3,193,0.28,
mongo-w1,0,3,194,0.559,
mongo-w1,0,3,195,0.229,
mongo-w1,0,3,196,0.207,
mongo-w1,0,3,197,0.411,
mongo-w1,0,3,198,0.169,
mongo-w1,0,3,199,0.213,
mongo-w1,0,3,200,0.128,
mongo-w1,0,3,201,0.121,
mongo-w1,0,3,202,0.154,
mongo-w1,0,3,203,0.117,
mongo-w1,0,3,204,0.114,
mongo-w1,0,3,205,0.228,
mongo-w1,0,3,206,0.179,
mongo-w1,0,3,207,0.467,
mongo-w1,0,3,208,0.142,
mongo-w1,0,3,209,0.336,
mongo-w1,0,3,210,0.231,
mongo-w1,0,3,211,0.253,
mongo-w1,0,3,212,0.241,
mongo-w1,0,3,213,0.257,
mongo-w1,0,3,214,0.162,
mongo-w1,0,3,215,0.207,
mongo-w1,0,3,216,0.195,
mongo-w1,0,3,217,0.264,
mongo-w1,0,3,218,0.231,
mongo-w1,0,3,219,0.555,
mongo-w1,0,3,220,0.21,
mongo-w1,0,3,221,0.164,
mongo-w1,0,3,222,0.242,
mongo-w1,0,3,223,0.18,
mongo-w1,0,3,224,0.211,
mongo-w1,0,3,225,0.343,
mongo-w1,0,3,226,0.192,
mongo-w1,0,3,227,0.199,
mongo-w1,0,3,228,0.203,
mongo-w1,0,3,229,0.146,
mongo-w1,0,3,230,0.153,
mongo-w1,0,3,231,0.393,
mongo-w1,0,3,232,0.172,
mongo-w1,0,3,233,0.354,
mongo-w1,0,3,234,0.314,
mongo-w1,0,3,235,0.147,
mongo-w1,0,3,236,0.251,
mongo-w1,0,3,237,0.259,
mongo-w1,0,3,238,0.203,
mongo-w1,0,3,239,0.562,
mongo-w1,0,3,240,0.156,
mongo-w1,0,3,241,0.152,
mongo-w1,0,3,242,0.206,
mongo-w1,0,3,243,0.576,
mongo-w1,0,3,244,0.164,
mongo-w1,0,3,245,0.256,
mongo-w1,0,3,246,0.329,
mongo-w1,0,3,247,0.17,
mongo-w1,0,3,248,0.151,
mongo-w1,0,3,249,0.136,
mongo-w1,0,3,250,0.131,
mongo-w1,0,3,251,0.21,
mongo-w1,0,3,252,0.191,
mongo-w1,0,3,253,0.291,
mongo-w1,0,3,254,0.18,
mongo-w1,0,3,255,0.243,
mongo-w1,0,3,256,0.308,
mongo-w1,0,3,257,0.225,
mongo-w1,0,3,258,0.171,
mongo-w1,0,3,259,0.421,
mongo-w1,0,3,260,0.395,
mongo-w1,0,3,261,0.157,
mongo-w1,0,3,262,0.164,
mongo-w1,0,3,263,0.168,
mongo-w1,0,3,264,0.132,
mongo-w1,0,3,265,0.186,
mongo-w1,0,3,266,0.207,
mongo-w1,0,3,267,0.172,
mongo-w1,0,3,268,0.149,
mongo-w1,0,3,269,0.158,
mongo-w1,0,3,270,0.216,
mongo-w1,0,3,271,0.17,
mongo-w1,0,3,272,0.136,
mongo-w1,0,3,273,0.109,
mongo-w1,0,3,274,0.126,
mongo-w1,0,3,275,0.102,
mongo-w1,0,3,276,0.095,
mongo-w1,0,3,277,0.32,
mongo-w1,0,3,278,0.159,
mongo-w1,0,3,279,0.112,
mongo-w1,0,3,280,0.132,
mongo-w1,0,3,281,0.127,
mongo-w1,0,3,282,0.3,
mongo-w1,0,3,283,0.151,
mongo-w1,0,3,284,0.137,
mongo-w1,0,3,285,0.164,
mongo-w1,0,3,286,0.176,
mongo-w1,0,3,287,0.154,
mongo-w1,0,3,288,0.13,
mongo-w1,0,3,289,0.413,
mongo-w1,0,3,290,0.164,
mongo-w1,0,3,291,0.177,
mongo-w1,0,3,292,0.128,
mongo-w1,0,3,293,0.164,
mongo-w1,0,3,294,0.25,
mongo-w1,0,3,295,0.33,
mongo-w1,0,3,296,0.263,
mongo-w1,0,3,297,0.172,
mongo-w1,0,3,298,0.167,
mongo-w1,0,3,299,0.287,
mongo-w1,0,3,300,0.149,
mongo-w1,0,3,301,0.167,
mongo-w1,0,3,302,0.203,
mongo-w1,0,3,303,0.195,
mongo-w1,0,3,304,0.187,
mongo-w1,0,3,305,0.247,
mongo-w1,0,3,306,0.192,
mongo-w1,0,3,307,0.278,
mongo-w1,0,3,308,0.152,
mongo-w1,0,3,309,0.175,
mongo-w1,0,3,310,0.344,
mongo-w1,0,3,311,0.187,
mongo-w1,0,3,312,0.175,
mongo-w1,0,3,313,0.285,
mongo-w1,0,3,314,0.323,
mongo-w1,0,3,315,0.175,
mongo-w1,0,3,316,0.116,
mongo-w1,0,3,317,0.193,
mongo-w1,0,3,318,0.173,
mongo-w1,0,3,319,0.11,
mongo-w1,0,3,320,0.123,
mongo-w1,0,3,321,0.17,
mongo-w1,0,3,322,0.127,
mongo-w1,0,3,323,0.31,
mongo-w1,0,3,324,0.305,
mongo-w1,0,3,325,0.374,
mongo-w1,0,3,326,0.312,
mongo-w1,0,3,327,0.271,
mongo-w1,0,3,328,0.218,
mongo-w1,0,3,329,0.176,
mongo-w1,0,3,330,0.14,
mongo-w1,0,3,331,0.223,
mongo-w1,0,3,332,0.178,
mongo-w1,0,3,333,0.124,
mongo-w1,0,3,334,0.146,
mongo-w1,0,3,335,0.234,
mongo-w1,0,3,336,0.366,
mongo-w1,0,3,337,0.242,
mongo-w1,0,3,338,0.148,
mongo-w1,0,3,339,0.161,
mongo-w1,0,3,340,0.147,
mongo-w1,0,3,341,0.148,
mongo-w1,0,3,342,0.099,
mongo-w1,0,3,343,0.149,
mongo-w1,0,3,344,0.215,
mongo-w1,0,3,345,0.146,
mongo-w1,0,3,346,0.101,
mongo-w1,0,3,347,0.175,
mongo-w1,0,3,348,0.11,
mongo-w1,0,3,349,0.134,
mongo-w1,0,3,350,0.213,
mongo-w1,0,3,351,0.123,
mongo-w1,0,3,352,0.181,
mongo-w1,0,3,353,0.257,
mongo-w1,0,3,354,0.147,
mongo-w1,0,3,355,0.137,
mongo-w1,0,3,356,0.124,
mongo-w1,0,3,357,0.12,
mongo-w1,0,3,358,0.118,
mongo-w1,0,3,359,0.094,
mongo-w1,0,3,360,0.193,
mongo-w1,0,3,361,0.123,
mongo-w1,0,3,362,0.238,
mongo-w1,0,3,363,0.233,
mongo-w1,0,3,364,0.228,
mongo-w1,0,3,365,0.271,
mongo-w1,0,3,366,0.4,
mongo-w1,0,3,367,0.327,
mongo-w1,0,3,368,0.696,
mongo-w1,0,3,369,0.175,
mongo-w1,0,3,370,0.254,
mongo-w1,0,3,371,0.156,
mongo-w1,0,3,372,0.442,
mongo-w1,0,3,373,0.13,
mongo-w1,0,3,374,0.429,
mongo-w1,0,3,375,0.167,
mongo-w1,0,3,376,0.145,
mongo-w1,0,3,377,0.146,
mongo-w1,0,3,378,0.159,
mongo-w1,0,3,379,0.18,
mongo-w1,0,3,380,0.167,
mongo-w1,0,3,381,0.112,
mongo-w1,0,3,382,0.288,
mongo-w1,0,3,383,0.338,
mongo-w1,0,3,384,0.497,
mongo-w1,0,3,385,0.202,
mongo-w1,0,3,386,0.543,
mongo-w1,0,3,387,0.42,
mongo-w1,0,3,388,0.135,
mongo-w1,0,3,389,0.158,
mongo-w1,0,3,390,0.215,
mongo-w1,0,3,391,0.193,
mongo-w1,0,3,392,0.35,
mongo-w1,0,3,393,0.189,
mongo-w1,0,3,394,0.118,
mongo-w1,0,3,395,0.162,
mongo-w1,0,3,396,0.272,
mongo-w1,0,3,397,0.191,
mongo-w1,0,3,398,0.294,
mongo-w1,0,3,399,0.195,
mongo-w1,0,3,400,0.139,
mongo-w1,0,3,401,0.152,
mongo-w1,0,3,402,0.235,
mongo-w1,0,3,403,0.16,
mongo-w1,0,3,404,0.186,
mongo-w1,0,3,405,0.25,
mongo-w1,0,3,406,0.185,
mongo-w1,0,3,407,0.166,
mongo-w1,0,3,408,0.289,
mongo-w1,0,3,409,0.437,
mongo-w1,0,3,410,0.239,
mongo-w1,0,3,411,0.209,
mongo-w1,0,3,412,0.157,
mongo-w1,0,3,413,0.194,
mongo-w1,0,3,414,0.131,
mongo-w1,0,3,415,0.11,
mongo-w1,0,3,416,0.133,
mongo-w1,0,3,417,0.134,
mongo-w1,0,3,418,0.102,
mongo-w1,0,3,419,0.123,
mongo-w1,0,3,420,0.214,
mongo-w1,0,3,421,0.263,
mongo-w1,0,3,422,0.148,
mongo-w1,0,3,423,0.16,
mongo-w1,0,3,424,0.138,
mongo-w1,0,3,425,0.105,
mongo-w1,0,3,426,0.308,
mongo-w1,0,3,427,0.12,
mongo-w1,0,3,428,0.149,
mongo-w1,0,3,429,0.186,
mongo-w1,0,3,430,0.222,
mongo-w1,0,3,431,0.149,
mongo-w1,0,3,432,0.185,
mongo-w1,0,3,433,0.128,
mongo-w1,0,3,434,0.107,
mongo-w1,0,3,435,0.13,
mongo-w1,0,3,436,0.213,
mongo-w1,0,3,437,0.132,
mongo-w1,0,3,438,0.286,
mongo-w1,0,3,439,0.148,
mongo-w1,0,3,440,0.172,
mongo-w1,0,3,441,0.121,
mongo-w1,0,3,442,0.101,
mongo-w1,0,3,443,0.109,
mongo-w1,0,3,444,0.149,
mongo-w1,0,3,445,0.103,
mongo-w1,0,3,446,0.123,
mongo-w1,0,3,447,0.124,
mongo-w1,0,3,448,0.127,
mongo-w1,0,3,449,0.13,
mongo-w1,0,3,450,0.127,
mongo-w1,0,3,451,0.119,
mongo-w1,0,3,452,0.099,
mongo-w1,0,3,453,0.15,
mongo-w1,0,3,454,0.178,
mongo-w1,0,3,455,0.227,
mongo-w1,0,3,456,0.121,
mongo-w1,0,3,457,0.132,
mongo-w1,0,3,458,0.122,
mongo-w1,0,3,459,0.097,
mongo-w1,0,3,460,0.177,
mongo-w1,0,3,461,0.138,
mongo-w1,0,3,462,0.135,
mongo-w1,0,3,463,0.126,
mongo-w1,0,3,464,0.125,
mongo-w1,0,3,465,0.115,
mongo-w1,0,3,466,0.111,
mongo-w1,0,3,467,0.139,
mongo-majority,0,1,1,8.042,
mongo-majority,0,1,2,0.785,
mongo-majority,0,1,3,0.699,
mongo-majority,0,1,4,0.72,
mongo-majority,0,1,5,0.782,
mongo-majority,0,1,6,0.68,
mongo-majority,0,1,7,0.731,
mongo-majority,0,1,8,0.672,
mongo-majority,0,1,9,0.689,
mongo-majority,0,1,10,0.626,
mongo-majority,0,1,11,0.749,
mongo-majority,0,1,12,0.794,
mongo-majority,0,1,13,0.634,
mongo-majority,0,1,14,0.655,
mongo-majority,0,1,15,0.847,
mongo-majority,0,1,16,0.707,
mongo-majority,0,1,17,0.694,
mongo-majority,0,1,18,0.62,
mongo-majority,0,1,19,0.643,
mongo-majority,0,1,20,0.998,
mongo-majority,0,1,21,0.728,
mongo-majority,0,1,22,0.655,
mongo-majority,0,1,23,0.634,
mongo-majority,0,1,24,0.713,
mongo-majority,0,1,25,0.741,
mongo-majority,0,1,26,0.736,
mongo-majority,0,1,27,0.645,
mongo-majority,0,1,28,0.689,
mongo-majority,0,1,29,0.963,
mongo-majority,0,1,30,0.709,
mongo-majority,0,1,31,0.795,
mongo-majority,0,1,32,0.676,
mongo-majority,0,1,33,0.698,
mongo-majority,0,1,34,0.844,
mongo-majority,0,1,35,0.695,
mongo-majority,0,1,36,0.768,
mongo-majority,0,1,37,0.628,
mongo-majority,0,1,38,0.909,
mongo-majority,0,1,39,0.664,
mongo-majority,0,1,40,0.724,
mongo-majority,0,1,41,0.704,
mongo-majority,0,1,42,0.624,
mongo-majority,0,1,43,0.914,
mongo-majority,0,1,44,0.645,
mongo-majority,0,1,45,0.683,
mongo-majority,0,1,46,0.799,
mongo-majority,0,1,47,0.983,
mongo-majority,0,1,48,0.693,
mongo-majority,0,1,49,0.677,
mongo-majority,0,1,50,0.647,
mongo-majority,0,1,51,0.814,
mongo-majority,0,1,52,0.746,
mongo-majority,0,1,53,0.641,
mongo-majority,0,1,54,0.683,
mongo-majority,0,1,55,0.741,
mongo-majority,0,1,56,0.96,
mongo-majority,0,1,57,1.055,
mongo-majority,0,1,58,0.67,
mongo-majority,0,1,59,0.653,
mongo-majority,0,1,60,0.973,
mongo-majority,0,1,61,0.614,
mongo-majority,0,1,62,0.78,
mongo-majority,0,1,63,0.714,
mongo-majority,0,1,64,0.65,
mongo-majority,0,1,65,1.012,
mongo-majority,0,1,66,0.785,
mongo-majority,0,1,67,0.812,
mongo-majority,0,1,68,0.727,
mongo-majority,0,1,69,0.714,
mongo-majority,0,1,70,0.722,
mongo-majority,0,1,71,0.711,
mongo-majority,0,1,72,0.755,
mongo-majority,0,1,73,0.657,
mongo-majority,0,1,74,0.682,
mongo-majority,0,1,75,0.724,
mongo-majority,0,1,76,0.766,
mongo-majority,0,1,77,0.641,
mongo-majority,0,1,78,0.855,
mongo-majority,0,1,79,0.743,
mongo-majority,0,1,80,0.73,
mongo-majority,0,1,81,0.671,
mongo-majority,0,1,82,0.67,
mongo-majority,0,1,83,0.736,
mongo-majority,0,1,84,0.724,
mongo-majority,0,1,85,0.734,
mongo-majority,0,1,86,0.71,
mongo-majority,0,1,87,0.735,
mongo-majority,0,1,88,0.856,
mongo-majority,0,1,89,1.213,
mongo-majority,0,1,90,1.27,
mongo-majority,0,1,91,1.227,
mongo-majority,0,1,92,0.885,
mongo-majority,0,1,93,0.854,
mongo-majority,0,1,94,0.754,
mongo-majority,0,1,95,0.729,
mongo-majority,0,1,96,0.659,
mongo-majority,0,1,97,0.727,
mongo-majority,0,1,98,0.769,
mongo-majority,0,1,99,0.658,
mongo-majority,0,1,100,0.682,
mongo-majority,0,1,101,0.675,
mongo-majority,0,1,102,0.808,
mongo-majority,0,1,103,0.738,
mongo-majority,0,1,104,0.69,
mongo-majority,0,1,105,0.831,
mongo-majority,0,1,106,0.753,
mongo-majority,0,1,107,0.648,
mongo-majority,0,1,108,0.673,
mongo-majority,0,1,109,0.742,
mongo-majority,0,1,110,0.645,
mongo-majority,0,1,111,0.699,
mongo-majority,0,1,112,0.697,
mongo-majority,0,1,113,0.625,
mongo-majority,0,1,114,0.727,
mongo-majority,0,1,115,0.714,
mongo-majority,0,1,116,0.628,
mongo-majority,0,1,117,0.75,
mongo-majority,0,1,118,0.613,
mongo-majority,0,1,119,0.837,
mongo-majority,0,1,120,0.677,
mongo-majority,0,1,121,0.748,
mongo-majority,0,1,122,0.711,
mongo-majority,0,1,123,0.66,
mongo-majority,0,1,124,0.752,
mongo-majority,0,1,125,0.615,
mongo-majority,0,1,126,0.765,
mongo-majority,0,1,127,0.64,
mongo-majority,0,1,128,0.686,
mongo-majority,0,1,129,0.757,
mongo-majority,0,1,130,0.681,
mongo-majority,0,1,131,0.651,
mongo-majority,0,1,132,0.745,
mongo-majority,0,1,133,0.641,
mongo-majority,0,1,134,0.702,
mongo-majority,0,1,135,0.712,
mongo-majority,0,1,136,0.643,
mongo-majority,0,1,137,0.704,
mongo-majority,0,1,138,0.67,
mongo-majority,0,1,139,0.859,
mongo-majority,0,1,140,0.787,
mongo-majority,0,1,141,0.695,
mongo-majority,0,1,142,0.632,
mongo-majority,0,1,143,0.645,
mongo-majority,0,1,144,0.787,
mongo-majority,0,1,145,0.685,
mongo-majority,0,1,146,0.708,
mongo-majority,0,1,147,0.582,
mongo-majority,0,1,148,0.624,
mongo-majority,0,1,149,0.806,
mongo-majority,0,1,150,0.727,
mongo-majority,0,1,151,0.641,
mongo-majority,0,1,152,0.654,
mongo-majority,0,1,153,1.007,
mongo-majority,0,1,154,0.629,
mongo-majority,0,1,155,0.765,
mongo-majority,0,1,156,0.642,
mongo-majority,0,1,157,0.715,
mongo-majority,0,1,158,0.794,
mongo-majority,0,1,159,0.764,
mongo-majority,0,1,160,0.794,
mongo-majority,0,1,161,0.632,
mongo-majority,0,1,162,0.741,
mongo-majority,0,1,163,0.686,
mongo-majority,0,1,164,0.663,
mongo-majority,0,1,165,0.691,
mongo-majority,0,1,166,0.639,
mongo-majority,0,1,167,0.687,
mongo-majority,0,1,168,0.675,
mongo-majority,0,1,169,0.671,
mongo-majority,0,1,170,0.744,
mongo-majority,0,1,171,0.902,
mongo-majority,0,1,172,0.655,
mongo-majority,0,1,173,0.675,
mongo-majority,0,1,174,0.625,
mongo-majority,0,1,175,0.868,
mongo-majority,0,1,176,0.732,
mongo-majority,0,1,177,0.733,
mongo-majority,0,1,178,0.597,
mongo-majority,0,1,179,0.682,
mongo-majority,0,1,180,1.304,
mongo-majority,0,1,181,0.682,
mongo-majority,0,1,182,0.774,
mongo-majority,0,1,183,0.699,
mongo-majority,0,1,184,0.783,
mongo-majority,0,1,185,1.009,
mongo-majority,0,1,186,0.854,
mongo-majority,0,1,187,0.71,
mongo-majority,0,1,188,0.653,
mongo-majority,0,1,189,0.941,
mongo-majority,0,1,190,0.628,
mongo-majority,0,1,191,0.752,
mongo-majority,0,1,192,0.642,
mongo-majority,0,1,193,0.887,
mongo-majority,0,1,194,1.024,
mongo-majority,0,1,195,0.655,
mongo-majority,0,1,196,0.736,
mongo-majority,0,1,197,0.673,
mongo-majority,0,1,198,0.94,
mongo-majority,0,1,199,0.683,
mongo-majority,0,1,200,0.63,
mongo-majority,0,1,201,0.918,
mongo-majority,0,1,202,0.643,
mongo-majority,0,1,203,0.956,
mongo-majority,0,1,204,0.707,
mongo-majority,0,1,205,0.699,
mongo-majority,0,1,206,0.666,
mongo-majority,0,1,207,0.953,
mongo-majority,0,1,208,0.671,
mongo-majority,0,1,209,0.63,
mongo-majority,0,1,210,0.65,
mongo-majority,0,1,211,0.727,
mongo-majority,0,1,212,0.764,
mongo-majority,0,1,213,0.707,
mongo-majority,0,1,214,0.722,
mongo-majority,0,1,215,0.66,
mongo-majority,0,1,216,0.917,
mongo-majority,0,1,217,0.697,
mongo-majority,0,1,218,0.69,
mongo-majority,0,1,219,0.563,
mongo-majority,0,1,220,0.887,
mongo-majority,0,1,221,0.632,
mongo-majority,0,1,222,0.773,
mongo-majority,0,1,223,0.726,
mongo-majority,0,1,224,0.687,
mongo-majority,0,1,225,0.919,
mongo-majority,0,1,226,0.695,
mongo-majority,0,1,227,0.793,
mongo-majority,0,1,228,0.645,
mongo-majority,0,1,229,0.692,
mongo-majority,0,1,230,0.827,
mongo-majority,0,1,231,0.744,
mongo-majority,0,1,232,0.707,
mongo-majority,0,1,233,0.676,
mongo-majority,0,1,234,0.617,
mongo-majority,0,1,235,0.697,
mongo-majority,0,1,236,0.656,
mongo-majority,0,1,237,0.636,
mongo-majority,0,1,238,0.661,
mongo-majority,0,1,239,0.743,
mongo-majority,0,1,240,0.83,
mongo-majority,0,1,241,0.735,
mongo-majority,0,1,242,0.659,
mongo-majority,0,1,243,0.794,
mongo-majority,0,1,244,0.744,
mongo-majority,0,1,245,0.758,
mongo-majority,0,1,246,0.639,
mongo-majority,0,1,247,0.634,
mongo-majority,0,1,248,1.19,
mongo-majority,0,1,249,0.676,
mongo-majority,0,1,250,0.73,
mongo-majority,0,1,251,0.691,
mongo-majority,0,1,252,0.733,
mongo-majority,0,1,253,0.815,
mongo-majority,0,1,254,0.656,
mongo-majority,0,1,255,0.705,
mongo-majority,0,1,256,0.669,
mongo-majority,0,1,257,0.747,
mongo-majority,0,1,258,0.919,
mongo-majority,0,1,259,0.666,
mongo-majority,0,1,260,0.686,
mongo-majority,0,1,261,0.748,
mongo-majority,0,1,262,0.674,
mongo-majority,0,1,263,0.843,
mongo-majority,0,1,264,0.731,
mongo-majority,0,1,265,0.727,
mongo-majority,0,1,266,0.748,
mongo-majority,0,1,267,0.829,
mongo-majority,0,1,268,0.789,
mongo-majority,0,1,269,0.607,
mongo-majority,0,1,270,0.815,
mongo-majority,0,1,271,0.858,
mongo-majority,0,1,272,0.661,
mongo-majority,0,1,273,0.662,
mongo-majority,0,1,274,0.858,
mongo-majority,0,1,275,0.739,
mongo-majority,0,1,276,0.694,
mongo-majority,0,1,277,0.7,
mongo-majority,0,1,278,0.624,
mongo-majority,0,1,279,1.074,
mongo-majority,0,1,280,0.665,
mongo-majority,0,1,281,0.686,
mongo-majority,0,1,282,0.693,
mongo-majority,0,1,283,0.869,
mongo-majority,0,1,284,0.788,
mongo-majority,0,1,285,0.646,
mongo-majority,0,1,286,0.795,
mongo-majority,0,1,287,0.669,
mongo-majority,0,1,288,0.661,
mongo-majority,0,1,289,0.755,
mongo-majority,0,1,290,0.69,
mongo-majority,0,1,291,0.659,
mongo-majority,0,1,292,0.622,
mongo-majority,0,1,293,0.761,
mongo-majority,0,1,294,0.691,
mongo-majority,0,1,295,0.729,
mongo-majority,0,1,296,0.646,
mongo-majority,0,1,297,0.693,
mongo-majority,0,1,298,0.609,
mongo-majority,0,1,299,0.639,
mongo-majority,0,1,300,0.788,
mongo-majority,0,1,301,0.768,
mongo-majority,0,1,302,0.695,
mongo-majority,0,1,303,0.93,
mongo-majority,0,1,304,0.76,
mongo-majority,0,1,305,0.776,
mongo-majority,0,1,306,0.69,
mongo-majority,0,1,307,0.627,
mongo-majority,0,1,308,0.654,
mongo-majority,0,1,309,0.767,
mongo-majority,0,1,310,0.676,
mongo-majority,0,1,311,0.657,
mongo-majority,0,1,312,0.719,
mongo-majority,0,1,313,0.784,
mongo-majority,0,1,314,0.841,
mongo-majority,0,1,315,0.623,
mongo-majority,0,1,316,0.705,
mongo-majority,0,1,317,0.632,
mongo-majority,0,1,318,0.672,
mongo-majority,0,1,319,0.73,
mongo-majority,0,1,320,0.799,
mongo-majority,0,1,321,0.691,
mongo-majority,0,1,322,0.69,
mongo-majority,0,1,323,0.631,
mongo-majority,0,1,324,0.735,
mongo-majority,0,1,325,0.656,
mongo-majority,0,1,326,0.785,
mongo-majority,0,1,327,0.652,
mongo-majority,0,1,328,0.786,
mongo-majority,0,1,329,0.659,
mongo-majority,0,1,330,0.674,
mongo-majority,0,1,331,0.727,
mongo-majority,0,1,332,0.711,
mongo-majority,0,1,333,0.733,
mongo-majority,0,1,334,0.658,
mongo-majority,0,1,335,0.602,
mongo-majority,0,1,336,0.797,
mongo-majority,0,1,337,0.684,
mongo-majority,0,1,338,1.335,
mongo-majority,0,1,339,0.864,
mongo-majority,0,1,340,1.682,
mongo-majority,0,1,341,0.88,
mongo-majority,0,1,342,0.732,
mongo-majority,0,1,343,0.675,
mongo-majority,0,1,344,0.636,
mongo-majority,0,1,345,0.69,
mongo-majority,0,1,346,0.874,
mongo-majority,0,1,347,0.666,
mongo-majority,0,1,348,0.643,
mongo-majority,0,1,349,0.649,
mongo-majority,0,1,350,0.752,
mongo-majority,0,1,351,0.803,
mongo-majority,0,1,352,0.667,
mongo-majority,0,1,353,0.657,
mongo-majority,0,1,354,0.705,
mongo-majority,0,1,355,0.618,
mongo-majority,0,1,356,0.867,
mongo-majority,0,1,357,0.637,
mongo-majority,0,1,358,0.727,
mongo-majority,0,1,359,0.726,
mongo-majority,0,1,360,0.69,
mongo-majority,0,1,361,0.756,
mongo-majority,0,1,362,0.707,
mongo-majority,0,1,363,0.667,
mongo-majority,0,1,364,0.895,
mongo-majority,0,1,365,0.634,
mongo-majority,0,1,366,0.692,
mongo-majority,0,1,367,0.799,
mongo-majority,0,1,368,0.704,
mongo-majority,0,1,369,0.675,
mongo-majority,0,1,370,0.758,
mongo-majority,0,1,371,0.651,
mongo-majority,0,1,372,0.772,
mongo-majority,0,1,373,0.786,
mongo-majority,0,1,374,0.686,
mongo-majority,0,1,375,0.614,
mongo-majority,0,1,376,0.715,
mongo-majority,0,1,377,0.74,
mongo-majority,0,1,378,0.598,
mongo-majority,0,1,379,0.757,
mongo-majority,0,1,380,0.668,
mongo-majority,0,1,381,0.628,
mongo-majority,0,1,382,0.791,
mongo-majority,0,1,383,0.715,
mongo-majority,0,1,384,0.702,
mongo-majority,0,1,385,0.617,
mongo-majority,0,1,386,0.738,
mongo-majority,0,1,387,1.109,
mongo-majority,0,1,388,0.898,
mongo-majority,0,1,389,0.667,
mongo-majority,0,1,390,0.663,
mongo-majority,0,1,391,0.708,
mongo-majority,0,1,392,0.735,
mongo-majority,0,1,393,0.694,
mongo-majority,0,1,394,0.661,
mongo-majority,0,1,395,0.725,
mongo-majority,0,1,396,0.8,
mongo-majority,0,1,397,0.676,
mongo-majority,0,1,398,0.718,
mongo-majority,0,1,399,0.684,
mongo-majority,0,1,400,0.721,
mongo-majority,0,1,401,0.626,
mongo-majority,0,1,402,0.757,
mongo-majority,0,1,403,0.752,
mongo-majority,0,1,404,0.606,
mongo-majority,0,1,405,0.705,
mongo-majority,0,1,406,0.742,
mongo-majority,0,1,407,0.671,
mongo-majority,0,1,408,0.817,
mongo-majority,0,1,409,0.733,
mongo-majority,0,1,410,0.771,
mongo-majority,0,1,411,0.621,
mongo-majority,0,1,412,0.681,
mongo-majority,0,1,413,0.839,
mongo-majority,0,1,414,0.686,
mongo-majority,0,1,415,0.74,
mongo-majority,0,1,416,0.668,
mongo-majority,0,1,417,0.633,
mongo-majority,0,1,418,0.813,
mongo-majority,0,1,419,0.705,
mongo-majority,0,1,420,0.709,
mongo-majority,0,1,421,0.648,
mongo-majority,0,1,422,0.69,
mongo-majority,0,1,423,0.7,
mongo-majority,0,1,424,0.76,
mongo-majority,0,1,425,0.689,
mongo-majority,0,1,426,0.645,
mongo-majority,0,1,427,0.643,
mongo-majority,0,1,428,2.369,
mongo-majority,0,1,429,2.282,
mongo-majority,0,1,430,1.039,
mongo-majority,0,1,431,0.768,
mongo-majority,0,1,432,0.705,
mongo-majority,0,1,433,0.688,
mongo-majority,0,1,434,0.812,
mongo-majority,0,1,435,0.697,
mongo-majority,0,1,436,0.614,
mongo-majority,0,1,437,0.744,
mongo-majority,0,1,438,0.679,
mongo-majority,0,1,439,0.713,
mongo-majority,0,1,440,0.658,
mongo-majority,0,1,441,0.736,
mongo-majority,0,1,442,0.608,
mongo-majority,0,1,443,0.682,
mongo-majority,0,1,444,0.658,
mongo-majority,0,1,445,0.746,
mongo-majority,0,1,446,0.73,
mongo-majority,0,1,447,0.691,
mongo-majority,0,1,448,0.677,
mongo-majority,0,1,449,0.612,
mongo-majority,0,1,450,1.007,
mongo-majority,0,1,451,0.697,
mongo-majority,0,1,452,0.704,
mongo-majority,0,1,453,0.68,
mongo-majority,0,1,454,0.725,
mongo-majority,0,1,455,0.738,
mongo-majority,0,1,456,0.725,
mongo-majority,0,1,457,0.631,
mongo-majority,0,1,458,0.668,
mongo-majority,0,1,459,0.664,
mongo-majority,0,1,460,0.819,
mongo-majority,0,1,461,0.761,
mongo-majority,0,1,462,0.689,
mongo-majority,0,1,463,0.637,
mongo-majority,0,1,464,0.762,
mongo-majority,0,1,465,0.894,
mongo-majority,0,1,466,0.768,
mongo-majority,0,1,467,0.625,
mongo-majority,0,2,1,8.251,
mongo-majority,0,2,2,0.873,
mongo-majority,0,2,3,0.819,
mongo-majority,0,2,4,0.784,
mongo-majority,0,2,5,0.663,
mongo-majority,0,2,6,0.777,
mongo-majority,0,2,7,0.764,
mongo-majority,0,2,8,0.702,
mongo-majority,0,2,9,0.714,
mongo-majority,0,2,10,0.712,
mongo-majority,0,2,11,2.443,
mongo-majority,0,2,12,0.747,
mongo-majority,0,2,13,0.711,
mongo-majority,0,2,14,0.828,
mongo-majority,0,2,15,2.235,
mongo-majority,0,2,16,0.777,
mongo-majority,0,2,17,2.23,
mongo-majority,0,2,18,3.136,
mongo-majority,0,2,19,2.101,
mongo-majority,0,2,20,0.616,
mongo-majority,0,2,21,0.773,
mongo-majority,0,2,22,0.698,
mongo-majority,0,2,23,0.657,
mongo-majority,0,2,24,0.75,
mongo-majority,0,2,25,0.688,
mongo-majority,0,2,26,0.722,
mongo-majority,0,2,27,0.694,
mongo-majority,0,2,28,1.248,
mongo-majority,0,2,29,0.876,
mongo-majority,0,2,30,0.766,
mongo-majority,0,2,31,0.648,
mongo-majority,0,2,32,0.766,
mongo-majority,0,2,33,0.695,
mongo-majority,0,2,34,0.767,
mongo-majority,0,2,35,0.725,
mongo-majority,0,2,36,0.694,
mongo-majority,0,2,37,0.663,
mongo-majority,0,2,38,0.783,
mongo-majority,0,2,39,0.846,
mongo-majority,0,2,40,0.617,
mongo-majority,0,2,41,0.71,
mongo-majority,0,2,42,0.684,
mongo-majority,0,2,43,0.686,
mongo-majority,0,2,44,0.847,
mongo-majority,0,2,45,0.695,
mongo-majority,0,2,46,0.734,
mongo-majority,0,2,47,0.722,
mongo-majority,0,2,48,0.758,
mongo-majority,0,2,49,0.677,
mongo-majority,0,2,50,0.856,
mongo-majority,0,2,51,0.641,
mongo-majority,0,2,52,0.642,
mongo-majority,0,2,53,0.741,
mongo-majority,0,2,54,0.639,
mongo-majority,0,2,55,0.722,
mongo-majority,0,2,56,0.875,
mongo-majority,0,2,57,0.69,
mongo-majority,0,2,58,0.672,
mongo-majority,0,2,59,0.682,
mongo-majority,0,2,60,0.787,
mongo-majority,0,2,61,0.723,
mongo-majority,0,2,62,0.743,
mongo-majority,0,2,63,0.661,
mongo-majority,0,2,64,0.704,
mongo-majority,0,2,65,0.8,
mongo-majority,0,2,66,0.722,
mongo-majority,0,2,67,0.705,
mongo-majority,0,2,68,0.664,
mongo-majority,0,2,69,0.703,
mongo-majority,0,2,70,0.715,
mongo-majority,0,2,71,0.696,
mongo-majority,0,2,72,0.729,
mongo-majority,0,2,73,0.664,
mongo-majority,0,2,74,0.707,
mongo-majority,0,2,75,0.77,
mongo-majority,0,2,76,0.752,
mongo-majority,0,2,77,0.688,
mongo-majority,0,2,78,0.709,
mongo-majority,0,2,79,0.669,
mongo-majority,0,2,80,0.7,
mongo-majority,0,2,81,0.955,
mongo-majority,0,2,82,0.655,
mongo-majority,0,2,83,0.714,
mongo-majority,0,2,84,0.733,
mongo-majority,0,2,85,0.728,
mongo-majority,0,2,86,0.735,
mongo-majority,0,2,87,0.726,
mongo-majority,0,2,88,0.728,
mongo-majority,0,2,89,0.696,
mongo-majority,0,2,90,0.701,
mongo-majority,0,2,91,0.752,
mongo-majority,0,2,92,0.714,
mongo-majority,0,2,93,0.697,
mongo-majority,0,2,94,0.97,
mongo-majority,0,2,95,0.802,
mongo-majority,0,2,96,1.024,
mongo-majority,0,2,97,0.97,
mongo-majority,0,2,98,1.052,
mongo-majority,0,2,99,1.043,
mongo-majority,0,2,100,0.852,
mongo-majority,0,2,101,0.982,
mongo-majority,0,2,102,1.59,
mongo-majority,0,2,103,1.123,
mongo-majority,0,2,104,0.829,
mongo-majority,0,2,105,0.993,
mongo-majority,0,2,106,1.048,
mongo-majority,0,2,107,1.4,
mongo-majority,0,2,108,0.881,
mongo-majority,0,2,109,0.784,
mongo-majority,0,2,110,0.783,
mongo-majority,0,2,111,1.014,
mongo-majority,0,2,112,0.797,
mongo-majority,0,2,113,0.743,
mongo-majority,0,2,114,0.683,
mongo-majority,0,2,115,0.92,
mongo-majority,0,2,116,0.724,
mongo-majority,0,2,117,0.945,
mongo-majority,0,2,118,0.93,
mongo-majority,0,2,119,0.917,
mongo-majority,0,2,120,0.934,
mongo-majority,0,2,121,0.724,
mongo-majority,0,2,122,0.813,
mongo-majority,0,2,123,0.658,
mongo-majority,0,2,124,0.666,
mongo-majority,0,2,125,0.759,
mongo-majority,0,2,126,0.752,
mongo-majority,0,2,127,0.712,
mongo-majority,0,2,128,0.715,
mongo-majority,0,2,129,0.754,
mongo-majority,0,2,130,0.685,
mongo-majority,0,2,131,0.727,
mongo-majority,0,2,132,0.849,
mongo-majority,0,2,133,0.708,
mongo-majority,0,2,134,0.78,
mongo-majority,0,2,135,0.701,
mongo-majority,0,2,136,0.741,
mongo-majority,0,2,137,0.658,
mongo-majority,0,2,138,0.81,
mongo-majority,0,2,139,0.733,
mongo-majority,0,2,140,1.242,
mongo-majority,0,2,141,0.75,
mongo-majority,0,2,142,0.857,
mongo-majority,0,2,143,0.813,
mongo-majority,0,2,144,0.753,
mongo-majority,0,2,145,0.642,
mongo-majority,0,2,146,0.711,
mongo-majority,0,2,147,0.69,
mongo-majority,0,2,148,0.75,
mongo-majority,0,2,149,0.778,
mongo-majority,0,2,150,0.813,
mongo-majority,0,2,151,0.656,
mongo-majority,0,2,152,0.817,
mongo-majority,0,2,153,0.771,
mongo-majority,0,2,154,0.655,
mongo-majority,0,2,155,0.678,
mongo-majority,0,2,156,0.672,
mongo-majority,0,2,157,0.948,
mongo-majority,0,2,158,0.73,
mongo-majority,0,2,159,0.672,
mongo-majority,0,2,160,0.715,
mongo-majority,0,2,161,0.785,
mongo-majority,0,2,162,0.718,
mongo-majority,0,2,163,0.841,
mongo-majority,0,2,164,0.668,
mongo-majority,0,2,165,0.602,
mongo-majority,0,2,166,0.753,
mongo-majority,0,2,167,0.703,
mongo-majority,0,2,168,0.695,
mongo-majority,0,2,169,0.653,
mongo-majority,0,2,170,0.736,
mongo-majority,0,2,171,0.606,
mongo-majority,0,2,172,0.771,
mongo-majority,0,2,173,0.633,
mongo-majority,0,2,174,0.722,
mongo-majority,0,2,175,1.125,
mongo-majority,0,2,176,0.919,
mongo-majority,0,2,177,0.842,
mongo-majority,0,2,178,1.138,
mongo-majority,0,2,179,1.178,
mongo-majority,0,2,180,1.191,
mongo-majority,0,2,181,1.217,
mongo-majority,0,2,182,1.628,
mongo-majority,0,2,183,1.274,
mongo-majority,0,2,184,1.227,
mongo-majority,0,2,185,1.137,
mongo-majority,0,2,186,1.127,
mongo-majority,0,2,187,0.858,
mongo-majority,0,2,188,0.755,
mongo-majority,0,2,189,1.453,
mongo-majority,0,2,190,0.84,
mongo-majority,0,2,191,0.876,
mongo-majority,0,2,192,0.754,
mongo-majority,0,2,193,0.798,
mongo-majority,0,2,194,0.844,
mongo-majority,0,2,195,0.857,
mongo-majority,0,2,196,0.793,
mongo-majority,0,2,197,0.838,
mongo-majority,0,2,198,1.374,
mongo-majority,0,2,199,0.768,
mongo-majority,0,2,200,1.904,
mongo-majority,0,2,201,0.762,
mongo-majority,0,2,202,0.733,
mongo-majority,0,2,203,0.903,
mongo-majority,0,2,204,0.785,
mongo-majority,0,2,205,0.913,
mongo-majority,0,2,206,0.742,
mongo-majority,0,2,207,0.777,
mongo-majority,0,2,208,0.733,
mongo-majority,0,2,209,0.651,
mongo-majority,0,2,210,0.754,
mongo-majority,0,2,211,0.727,
mongo-majority,0,2,212,0.778,
mongo-majority,0,2,213,0.777,
mongo-majority,0,2,214,0.669,
mongo-majority,0,2,215,0.806,
mongo-majority,0,2,216,0.763,
mongo-majority,0,2,217,0.796,
mongo-majority,0,2,218,0.836,
mongo-majority,0,2,219,0.8,
mongo-majority,0,2,220,1.039,
mongo-majority,0,2,221,0.763,
mongo-majority,0,2,222,0.712,
mongo-majority,0,2,223,0.688,
mongo-majority,0,2,224,0.895,
mongo-majority,0,2,225,0.918,
mongo-majority,0,2,226,0.659,
mongo-majority,0,2,227,0.744,
mongo-majority,0,2,228,0.633,
mongo-majority,0,2,229,0.628,
mongo-majority,0,2,230,0.824,
mongo-majority,0,2,231,0.774,
mongo-majority,0,2,232,0.699,
mongo-majority,0,2,233,0.686,
mongo-majority,0,2,234,0.726,
mongo-majority,0,2,235,0.817,
mongo-majority,0,2,236,0.737,
mongo-majority,0,2,237,0.665,
mongo-majority,0,2,238,0.604,
mongo-majority,0,2,239,0.778,
mongo-majority,0,2,240,0.71,
mongo-majority,0,2,241,0.755,
mongo-majority,0,2,242,0.627,
mongo-majority,0,2,243,0.723,
mongo-majority,0,2,244,0.682,
mongo-majority,0,2,245,0.734,
mongo-majority,0,2,246,1.033,
mongo-majority,0,2,247,0.614,
mongo-majority,0,2,248,0.8,
mongo-majority,0,2,249,0.745,
mongo-majority,0,2,250,0.692,
mongo-majority,0,2,251,0.764,
mongo-majority,0,2,252,0.691,
mongo-majority,0,2,253,0.728,
mongo-majority,0,2,254,0.771,
mongo-majority,0,2,255,0.701,
mongo-majority,0,2,256,0.684,
mongo-majority,0,2,257,0.708,
mongo-majority,0,2,258,0.87,
mongo-majority,0,2,259,0.765,
mongo-majority,0,2,260,0.567,
mongo-majority,0,2,261,0.76,
mongo-majority,0,2,262,0.828,
mongo-majority,0,2,263,0.676,
mongo-majority,0,2,264,0.653,
mongo-majority,0,2,265,0.65,
mongo-majority,0,2,266,0.634,
mongo-majority,0,2,267,0.996,
mongo-majority,0,2,268,0.708,
mongo-majority,0,2,269,0.731,
mongo-majority,0,2,270,0.713,
mongo-majority,0,2,271,0.647,
mongo-majority,0,2,272,0.775,
mongo-majority,0,2,273,0.694,
mongo-majority,0,2,274,0.634,
mongo-majority,0,2,275,0.752,
mongo-majority,0,2,276,0.662,
mongo-majority,0,2,277,0.743,
mongo-majority,0,2,278,0.671,
mongo-majority,0,2,279,0.682,
mongo-majority,0,2,280,0.672,
mongo-majority,0,2,281,0.746,
mongo-majority,0,2,282,0.675,
mongo-majority,0,2,283,0.623,
mongo-majority,0,2,284,0.695,
mongo-majority,0,2,285,0.827,
mongo-majority,0,2,286,0.789,
mongo-majority,0,2,287,0.818,
mongo-majority,0,2,288,0.722,
mongo-majority,0,2,289,0.805,
mongo-majority,0,2,290,0.872,
mongo-majority,0,2,291,0.745,
mongo-majority,0,2,292,0.626,
mongo-majority,0,2,293,0.786,
mongo-majority,0,2,294,0.918,
mongo-majority,0,2,295,0.729,
mongo-majority,0,2,296,0.681,
mongo-majority,0,2,297,0.748,
mongo-majority,0,2,298,0.856,
mongo-majority,0,2,299,0.792,
mongo-majority,0,2,300,0.794,
mongo-majority,0,2,301,0.732,
mongo-majority,0,2,302,0.713,
mongo-majority,0,2,303,0.882,
mongo-majority,0,2,304,0.84,
mongo-majority,0,2,305,0.755,
mongo-majority,0,2,306,0.662,
mongo-majority,0,2,307,0.856,
mongo-majority,0,2,308,0.972,
mongo-majority,0,2,309,0.749,
mongo-majority,0,2,310,0.689,
mongo-majority,0,2,311,0.67,
mongo-majority,0,2,312,0.674,
mongo-majority,0,2,313,0.733,
mongo-majority,0,2,314,0.677,
mongo-majority,0,2,315,0.726,
mongo-majority,0,2,316,0.625,
mongo-majority,0,2,317,0.711,
mongo-majority,0,2,318,0.71,
mongo-majority,0,2,319,0.735,
mongo-majority,0,2,320,0.628,
mongo-majority,0,2,321,0.753,
mongo-majority,0,2,322,0.712,
mongo-majority,0,2,323,0.761,
mongo-majority,0,2,324,0.701,
mongo-majority,0,2,325,0.604,
mongo-majority,0,2,326,0.697,
mongo-majority,0,2,327,0.752,
mongo-majority,0,2,328,0.652,
mongo-majority,0,2,329,0.794,
mongo-majority,0,2,330,0.75,
mongo-majority,0,2,331,0.645,
mongo-majority,0,2,332,0.76,
mongo-majority,0,2,333,0.671,
mongo-majority,0,2,334,0.753,
mongo-majority,0,2,335,0.882,
mongo-majority,0,2,336,0.655,
mongo-majority,0,2,337,0.638,
mongo-majority,0,2,338,0.636,
mongo-majority,0,2,339,0.804,
mongo-majority,0,2,340,0.719,
mongo-majority,0,2,341,0.781,
mongo-majority,0,2,342,0.619,
mongo-majority,0,2,343,0.686,
mongo-majority,0,2,344,0.786,
mongo-majority,0,2,345,0.674,
mongo-majority,0,2,346,0.683,
mongo-majority,0,2,347,0.629,
mongo-majority,0,2,348,0.629,
mongo-majority,0,2,349,0.998,
mongo-majority,0,2,350,0.713,
mongo-majority,0,2,351,0.665,
mongo-majority,0,2,352,0.622,
mongo-majority,0,2,353,0.668,
mongo-majority,0,2,354,0.637,
mongo-majority,0,2,355,0.792,
mongo-majority,0,2,356,0.612,
mongo-majority,0,2,357,0.673,
mongo-majority,0,2,358,0.773,
mongo-majority,0,2,359,0.771,
mongo-majority,0,2,360,0.742,
mongo-majority,0,2,361,0.799,
mongo-majority,0,2,362,0.735,
mongo-majority,0,2,363,0.649,
mongo-majority,0,2,364,0.691,
mongo-majority,0,2,365,0.663,
mongo-majority,0,2,366,0.673,
mongo-majority,0,2,367,0.714,
mongo-majority,0,2,368,0.735,
mongo-majority,0,2,369,0.673,
mongo-majority,0,2,370,0.869,
mongo-majority,0,2,371,0.76,
mongo-majority,0,2,372,0.709,
mongo-majority,0,2,373,0.685,
mongo-majority,0,2,374,0.675,
mongo-majority,0,2,375,0.782,
mongo-majority,0,2,376,0.633,
mongo-majority,0,2,377,0.789,
mongo-majority,0,2,378,0.608,
mongo-majority,0,2,379,0.66,
mongo-majority,0,2,380,0.818,
mongo-majority,0,2,381,0.892,
mongo-majority,0,2,382,0.694,
mongo-majority,0,2,383,0.592,
mongo-majority,0,2,384,0.74,
mongo-majority,0,2,385,0.722,
mongo-majority,0,2,386,0.763,
mongo-majority,0,2,387,0.744,
mongo-majority,0,2,388,0.668,
mongo-majority,0,2,389,0.63,
mongo-majority,0,2,390,0.667,
mongo-majority,0,2,391,0.807,
mongo-majority,0,2,392,0.648,
mongo-majority,0,2,393,0.659,
mongo-majority,0,2,394,0.732,
mongo-majority,0,2,395,1.0,
mongo-majority,0,2,396,0.901,
mongo-majority,0,2,397,0.68,
mongo-majority,0,2,398,0.863,
mongo-majority,0,2,399,0.641,
mongo-majority,0,2,400,0.736,
mongo-majority,0,2,401,0.715,
mongo-majority,0,2,402,0.652,
mongo-majority,0,2,403,0.77,
mongo-majority,0,2,404,0.844,
mongo-majority,0,2,405,0.63,
mongo-majority,0,2,406,0.712,
mongo-majority,0,2,407,0.675,
mongo-majority,0,2,408,0.665,
mongo-majority,0,2,409,0.671,
mongo-majority,0,2,410,0.696,
mongo-majority,0,2,411,0.667,
mongo-majority,0,2,412,0.927,
mongo-majority,0,2,413,0.763,
mongo-majority,0,2,414,0.754,
mongo-majority,0,2,415,0.653,
mongo-majority,0,2,416,0.772,
mongo-majority,0,2,417,0.771,
mongo-majority,0,2,418,0.711,
mongo-majority,0,2,419,0.712,
mongo-majority,0,2,420,0.621,
mongo-majority,0,2,421,0.665,
mongo-majority,0,2,422,0.73,
mongo-majority,0,2,423,0.729,
mongo-majority,0,2,424,0.665,
mongo-majority,0,2,425,0.651,
mongo-majority,0,2,426,0.717,
mongo-majority,0,2,427,0.744,
mongo-majority,0,2,428,0.723,
mongo-majority,0,2,429,0.635,
mongo-majority,0,2,430,0.666,
mongo-majority,0,2,431,0.823,
mongo-majority,0,2,432,0.752,
mongo-majority,0,2,433,0.702,
mongo-majority,0,2,434,0.735,
mongo-majority,0,2,435,0.705,
mongo-majority,0,2,436,0.654,
mongo-majority,0,2,437,0.785,
mongo-majority,0,2,438,0.71,
mongo-majority,0,2,439,0.692,
mongo-majority,0,2,440,0.74,
mongo-majority,0,2,441,0.703,
mongo-majority,0,2,442,0.634,
mongo-majority,0,2,443,0.77,
mongo-majority,0,2,444,0.663,
mongo-majority,0,2,445,0.705,
mongo-majority,0,2,446,0.756,
mongo-majority,0,2,447,0.628,
mongo-majority,0,2,448,0.703,
mongo-majority,0,2,449,0.744,
mongo-majority,0,2,450,0.881,
mongo-majority,0,2,451,0.643,
mongo-majority,0,2,452,0.716,
mongo-majority,0,2,453,0.934,
mongo-majority,0,2,454,0.742,
mongo-majority,0,2,455,0.767,
mongo-majority,0,2,456,0.631,
mongo-majority,0,2,457,0.654,
mongo-majority,0,2,458,0.698,
mongo-majority,0,2,459,0.749,
mongo-majority,0,2,460,0.729,
mongo-majority,0,2,461,1.048,
mongo-majority,0,2,462,0.636,
mongo-majority,0,2,463,1.032,
mongo-majority,0,2,464,0.669,
mongo-majority,0,2,465,0.668,
mongo-majority,0,2,466,0.684,
mongo-majority,0,2,467,0.761,
mongo-majority,0,3,1,8.997,
mongo-majority,0,3,2,0.933,
mongo-majority,0,3,3,0.72,
mongo-majority,0,3,4,0.741,
mongo-majority,0,3,5,0.689,
mongo-majority,0,3,6,0.727,
mongo-majority,0,3,7,0.765,
mongo-majority,0,3,8,0.741,
mongo-majority,0,3,9,0.72,
mongo-majority,0,3,10,0.763,
mongo-majority,0,3,11,0.684,
mongo-majority,0,3,12,0.762,
mongo-majority,0,3,13,0.742,
mongo-majority,0,3,14,0.885,
mongo-majority,0,3,15,0.755,
mongo-majority,0,3,16,0.769,
mongo-majority,0,3,17,0.86,
mongo-majority,0,3,18,0.688,
mongo-majority,0,3,19,0.636,
mongo-majority,0,3,20,0.707,
mongo-majority,0,3,21,0.614,
mongo-majority,0,3,22,0.633,
mongo-majority,0,3,23,0.934,
mongo-majority,0,3,24,0.749,
mongo-majority,0,3,25,0.634,
mongo-majority,0,3,26,0.654,
mongo-majority,0,3,27,0.715,
mongo-majority,0,3,28,0.646,
mongo-majority,0,3,29,0.736,
mongo-majority,0,3,30,0.704,
mongo-majority,0,3,31,0.683,
mongo-majority,0,3,32,0.792,
mongo-majority,0,3,33,0.789,
mongo-majority,0,3,34,0.673,
mongo-majority,0,3,35,0.715,
mongo-majority,0,3,36,0.703,
mongo-majority,0,3,37,0.62,
mongo-majority,0,3,38,0.704,
mongo-majority,0,3,39,0.885,
mongo-majority,0,3,40,0.694,
mongo-majority,0,3,41,0.748,
mongo-majority,0,3,42,0.694,
mongo-majority,0,3,43,0.695,
mongo-majority,0,3,44,0.779,
mongo-majority,0,3,45,0.609,
mongo-majority,0,3,46,0.746,
mongo-majority,0,3,47,0.738,
mongo-majority,0,3,48,0.662,
mongo-majority,0,3,49,0.679,
mongo-majority,0,3,50,0.706,
mongo-majority,0,3,51,0.757,
mongo-majority,0,3,52,0.685,
mongo-majority,0,3,53,0.71,
mongo-majority,0,3,54,0.736,
mongo-majority,0,3,55,0.77,
mongo-majority,0,3,56,0.771,
mongo-majority,0,3,57,0.715,
mongo-majority,0,3,58,0.693,
mongo-majority,0,3,59,0.738,
mongo-majority,0,3,60,0.7,
mongo-majority,0,3,61,0.71,
mongo-majority,0,3,62,0.707,
mongo-majority,0,3,63,0.643,
mongo-majority,0,3,64,0.737,
mongo-majority,0,3,65,0.932,
mongo-majority,0,3,66,0.698,
mongo-majority,0,3,67,0.651,
mongo-majority,0,3,68,0.714,
mongo-majority,0,3,69,0.716,
mongo-majority,0,3,70,0.737,
mongo-majority,0,3,71,0.702,
mongo-majority,0,3,72,0.75,
mongo-majority,0,3,73,0.744,
mongo-majority,0,3,74,0.725,
mongo-majority,0,3,75,0.702,
mongo-majority,0,3,76,0.738,
mongo-majority,0,3,77,0.645,
mongo-majority,0,3,78,0.812,
mongo-majority,0,3,79,0.781,
mongo-majority,0,3,80,0.667,
mongo-majority,0,3,81,0.703,
mongo-majority,0,3,82,0.729,
mongo-majority,0,3,83,0.666,
mongo-majority,0,3,84,0.754,
mongo-majority,0,3,85,0.67,
mongo-majority,0,3,86,0.64,
mongo-majority,0,3,87,0.939,
mongo-majority,0,3,88,0.724,
mongo-majority,0,3,89,0.641,
mongo-majority,0,3,90,0.704,
mongo-majority,0,3,91,0.715,
mongo-majority,0,3,92,0.665,
mongo-majority,0,3,93,0.735,
mongo-majority,0,3,94,0.648,
mongo-majority,0,3,95,0.626,
mongo-majority,0,3,96,0.942,
mongo-majority,0,3,97,0.825,
mongo-majority,0,3,98,0.672,
mongo-majority,0,3,99,0.623,
mongo-majority,0,3,100,0.78,
mongo-majority,0,3,101,0.667,
mongo-majority,0,3,102,0.758,
mongo-majority,0,3,103,0.731,
mongo-majority,0,3,104,0.85,
mongo-majority,0,3,105,0.724,
mongo-majority,0,3,106,0.729,
mongo-majority,0,3,107,0.655,
mongo-majority,0,3,108,0.754,
mongo-majority,0,3,109,0.792,
mongo-majority,0,3,110,0.641,
mongo-majority,0,3,111,0.748,
mongo-majority,0,3,112,0.673,
mongo-majority,0,3,113,0.751,
mongo-majority,0,3,114,0.693,
mongo-majority,0,3,115,0.656,
mongo-majority,0,3,116,0.712,
mongo-majority,0,3,117,0.629,
mongo-majority,0,3,118,0.619,
mongo-majority,0,3,119,0.825,
mongo-majority,0,3,120,0.668,
mongo-majority,0,3,121,0.707,
mongo-majority,0,3,122,0.699,
mongo-majority,0,3,123,0.737,
mongo-majority,0,3,124,0.79,
mongo-majority,0,3,125,0.671,
mongo-majority,0,3,126,0.702,
mongo-majority,0,3,127,0.934,
mongo-majority,0,3,128,0.642,
mongo-majority,0,3,129,0.891,
mongo-majority,0,3,130,0.609,
mongo-majority,0,3,131,0.611,
mongo-majority,0,3,132,0.76,
mongo-majority,0,3,133,0.654,
mongo-majority,0,3,134,0.704,
mongo-majority,0,3,135,0.613,
mongo-majority,0,3,136,0.634,
mongo-majority,0,3,137,0.712,
mongo-majority,0,3,138,0.709,
mongo-majority,0,3,139,0.618,
mongo-majority,0,3,140,0.672,
mongo-majority,0,3,141,0.69,
mongo-majority,0,3,142,0.811,
mongo-majority,0,3,143,1.251,
mongo-majority,0,3,144,0.691,
mongo-majority,0,3,145,0.798,
mongo-majority,0,3,146,0.832,
mongo-majority,0,3,147,0.698,
mongo-majority,0,3,148,0.809,
mongo-majority,0,3,149,0.726,
mongo-majority,0,3,150,0.925,
mongo-majority,0,3,151,0.727,
mongo-majority,0,3,152,0.751,
mongo-majority,0,3,153,0.776,
mongo-majority,0,3,154,0.683,
mongo-majority,0,3,155,0.709,
mongo-majority,0,3,156,0.76,
mongo-majority,0,3,157,0.724,
mongo-majority,0,3,158,0.726,
mongo-majority,0,3,159,0.649,
mongo-majority,0,3,160,0.994,
mongo-majority,0,3,161,0.75,
mongo-majority,0,3,162,0.647,
mongo-majority,0,3,163,0.91,
mongo-majority,0,3,164,0.675,
mongo-majority,0,3,165,0.643,
mongo-majority,0,3,166,0.673,
mongo-majority,0,3,167,0.741,
mongo-majority,0,3,168,0.647,
mongo-majority,0,3,169,0.705,
mongo-majority,0,3,170,0.745,
mongo-majority,0,3,171,0.697,
mongo-majority,0,3,172,0.752,
mongo-majority,0,3,173,0.845,
mongo-majority,0,3,174,0.66,
mongo-majority,0,3,175,0.747,
mongo-majority,0,3,176,0.639,
mongo-majority,0,3,177,0.698,
mongo-majority,0,3,178,0.761,
mongo-majority,0,3,179,0.635,
mongo-majority,0,3,180,0.703,
mongo-majority,0,3,181,0.691,
mongo-majority,0,3,182,0.789,
mongo-majority,0,3,183,0.695,
mongo-majority,0,3,184,0.722,
mongo-majority,0,3,185,0.671,
mongo-majority,0,3,186,0.971,
mongo-majority,0,3,187,0.688,
mongo-majority,0,3,188,0.695,
mongo-majority,0,3,189,0.755,
mongo-majority,0,3,190,0.706,
mongo-majority,0,3,191,0.746,
mongo-majority,0,3,192,0.767,
mongo-majority,0,3,193,0.81,
mongo-majority,0,3,194,0.65,
mongo-majority,0,3,195,0.629,
mongo-majority,0,3,196,0.707,
mongo-majority,0,3,197,0.729,
mongo-majority,0,3,198,0.753,
mongo-majority,0,3,199,0.696,
mongo-majority,0,3,200,0.733,
mongo-majority,0,3,201,0.681,
mongo-majority,0,3,202,0.656,
mongo-majority,0,3,203,0.648,
mongo-majority,0,3,204,0.718,
mongo-majority,0,3,205,0.605,
mongo-majority,0,3,206,0.714,
mongo-majority,0,3,207,0.688,
mongo-majority,0,3,208,0.594,
mongo-majority,0,3,209,0.745,
mongo-majority,0,3,210,0.752,
mongo-majority,0,3,211,0.859,
mongo-majority,0,3,212,0.614,
mongo-majority,0,3,213,0.667,
mongo-majority,0,3,214,0.604,
mongo-majority,0,3,215,0.802,
mongo-majority,0,3,216,0.694,
mongo-majority,0,3,217,0.657,
mongo-majority,0,3,218,0.78,
mongo-majority,0,3,219,0.714,
mongo-majority,0,3,220,0.696,
mongo-majority,0,3,221,0.756,
mongo-majority,0,3,222,0.638,
mongo-majority,0,3,223,0.653,
mongo-majority,0,3,224,0.693,
mongo-majority,0,3,225,0.744,
mongo-majority,0,3,226,0.604,
mongo-majority,0,3,227,0.647,
mongo-majority,0,3,228,0.678,
mongo-majority,0,3,229,0.636,
mongo-majority,0,3,230,0.734,
mongo-majority,0,3,231,0.677,
mongo-majority,0,3,232,0.589,
mongo-majority,0,3,233,0.669,
mongo-majority,0,3,234,0.688,
mongo-majority,0,3,235,0.703,
mongo-majority,0,3,236,0.834,
mongo-majority,0,3,237,0.758,
mongo-majority,0,3,238,1.002,
mongo-majority,0,3,239,0.694,
mongo-majority,0,3,240,0.682,
mongo-majority,0,3,241,0.747,
mongo-majority,0,3,242,0.79,
mongo-majority,0,3,243,0.733,
mongo-majority,0,3,244,0.726,
mongo-majority,0,3,245,0.637,
mongo-majority,0,3,246,0.655,
mongo-majority,0,3,247,0.77,
mongo-majority,0,3,248,0.681,
mongo-majority,0,3,249,0.631,
mongo-majority,0,3,250,0.654,
mongo-majority,0,3,251,0.707,
mongo-majority,0,3,252,0.826,
mongo-majority,0,3,253,0.633,
mongo-majority,0,3,254,0.717,
mongo-majority,0,3,255,0.748,
mongo-majority,0,3,256,0.701,
mongo-majority,0,3,257,0.888,
mongo-majority,0,3,258,0.722,
mongo-majority,0,3,259,0.668,
mongo-majority,0,3,260,0.635,
mongo-majority,0,3,261,0.682,
mongo-majority,0,3,262,0.734,
mongo-majority,0,3,263,0.687,
mongo-majority,0,3,264,0.69,
mongo-majority,0,3,265,0.753,
mongo-majority,0,3,266,0.73,
mongo-majority,0,3,267,0.673,
mongo-majority,0,3,268,0.847,
mongo-majority,0,3,269,0.664,
mongo-majority,0,3,270,0.671,
mongo-majority,0,3,271,1.045,
mongo-majority,0,3,272,1.34,
mongo-majority,0,3,273,1.248,
mongo-majority,0,3,274,0.821,
mongo-majority,0,3,275,0.733,
mongo-majority,0,3,276,0.747,
mongo-majority,0,3,277,0.712,
mongo-majority,0,3,278,0.656,
mongo-majority,0,3,279,0.93,
mongo-majority,0,3,280,0.695,
mongo-majority,0,3,281,0.689,
mongo-majority,0,3,282,0.852,
mongo-majority,0,3,283,0.806,
mongo-majority,0,3,284,0.698,
mongo-majority,0,3,285,0.722,
mongo-majority,0,3,286,0.686,
mongo-majority,0,3,287,0.657,
mongo-majority,0,3,288,1.05,
mongo-majority,0,3,289,0.753,
mongo-majority,0,3,290,1.009,
mongo-majority,0,3,291,0.695,
mongo-majority,0,3,292,0.817,
mongo-majority,0,3,293,0.658,
mongo-majority,0,3,294,0.744,
mongo-majority,0,3,295,0.943,
mongo-majority,0,3,296,0.681,
mongo-majority,0,3,297,0.751,
mongo-majority,0,3,298,0.726,
mongo-majority,0,3,299,0.765,
mongo-majority,0,3,300,1.048,
mongo-majority,0,3,301,0.729,
mongo-majority,0,3,302,0.754,
mongo-majority,0,3,303,0.77,
mongo-majority,0,3,304,0.793,
mongo-majority,0,3,305,0.765,
mongo-majority,0,3,306,0.805,
mongo-majority,0,3,307,0.751,
mongo-majority,0,3,308,0.7,
mongo-majority,0,3,309,0.712,
mongo-majority,0,3,310,1.067,
mongo-majority,0,3,311,0.764,
mongo-majority,0,3,312,0.745,
mongo-majority,0,3,313,0.633,
mongo-majority,0,3,314,0.693,
mongo-majority,0,3,315,0.686,
mongo-majority,0,3,316,0.674,
mongo-majority,0,3,317,0.765,
mongo-majority,0,3,318,0.753,
mongo-majority,0,3,319,0.67,
mongo-majority,0,3,320,0.69,
mongo-majority,0,3,321,0.984,
mongo-majority,0,3,322,0.674,
mongo-majority,0,3,323,0.63,
mongo-majority,0,3,324,0.769,
mongo-majority,0,3,325,0.74,
mongo-majority,0,3,326,0.768,
mongo-majority,0,3,327,0.734,
mongo-majority,0,3,328,0.909,
mongo-majority,0,3,329,0.751,
mongo-majority,0,3,330,0.754,
mongo-majority,0,3,331,0.67,
mongo-majority,0,3,332,0.742,
mongo-majority,0,3,333,0.666,
mongo-majority,0,3,334,0.821,
mongo-majority,0,3,335,0.949,
mongo-majority,0,3,336,1.012,
mongo-majority,0,3,337,0.759,
mongo-majority,0,3,338,0.724,
mongo-majority,0,3,339,0.673,
mongo-majority,0,3,340,0.813,
mongo-majority,0,3,341,0.658,
mongo-majority,0,3,342,0.673,
mongo-majority,0,3,343,0.915,
mongo-majority,0,3,344,0.713,
mongo-majority,0,3,345,0.691,
mongo-majority,0,3,346,0.76,
mongo-majority,0,3,347,0.741,
mongo-majority,0,3,348,0.738,
mongo-majority,0,3,349,0.734,
mongo-majority,0,3,350,0.667,
mongo-majority,0,3,351,0.822,
mongo-majority,0,3,352,0.624,
mongo-majority,0,3,353,0.836,
mongo-majority,0,3,354,0.712,
mongo-majority,0,3,355,0.623,
mongo-majority,0,3,356,0.75,
mongo-majority,0,3,357,0.689,
mongo-majority,0,3,358,0.726,
mongo-majority,0,3,359,0.671,
mongo-majority,0,3,360,0.672,
mongo-majority,0,3,361,0.803,
mongo-majority,0,3,362,0.77,
mongo-majority,0,3,363,1.154,
mongo-majority,0,3,364,1.01,
mongo-majority,0,3,365,0.954,
mongo-majority,0,3,366,0.76,
mongo-majority,0,3,367,0.717,
mongo-majority,0,3,368,0.71,
mongo-majority,0,3,369,0.723,
mongo-majority,0,3,370,0.647,
mongo-majority,0,3,371,0.676,
mongo-majority,0,3,372,0.655,
mongo-majority,0,3,373,0.711,
mongo-majority,0,3,374,0.661,
mongo-majority,0,3,375,0.962,
mongo-majority,0,3,376,0.697,
mongo-majority,0,3,377,0.703,
mongo-majority,0,3,378,0.794,
mongo-majority,0,3,379,0.762,
mongo-majority,0,3,380,0.834,
mongo-majority,0,3,381,0.654,
mongo-majority,0,3,382,0.693,
mongo-majority,0,3,383,0.745,
mongo-majority,0,3,384,0.774,
mongo-majority,0,3,385,0.877,
mongo-majority,0,3,386,0.634,
mongo-majority,0,3,387,0.61,
mongo-majority,0,3,388,0.813,
mongo-majority,0,3,389,0.617,
mongo-majority,0,3,390,0.731,
mongo-majority,0,3,391,0.743,
mongo-majority,0,3,392,0.649,
mongo-majority,0,3,393,0.75,
mongo-majority,0,3,394,0.703,
mongo-majority,0,3,395,0.665,
mongo-majority,0,3,396,0.825,
mongo-majority,0,3,397,0.713,
mongo-majority,0,3,398,0.87,
mongo-majority,0,3,399,0.77,
mongo-majority,0,3,400,0.687,
mongo-majority,0,3,401,0.855,
mongo-majority,0,3,402,0.688,
mongo-majority,0,3,403,0.882,
mongo-majority,0,3,404,0.728,
mongo-majority,0,3,405,0.741,
mongo-majority,0,3,406,0.655,
mongo-majority,0,3,407,0.855,
mongo-majority,0,3,408,0.73,
mongo-majority,0,3,409,0.66,
mongo-majority,0,3,410,0.69,
mongo-majority,0,3,411,0.723,
mongo-majority,0,3,412,0.847,
mongo-majority,0,3,413,0.733,
mongo-majority,0,3,414,0.717,
mongo-majority,0,3,415,0.689,
mongo-majority,0,3,416,0.679,
mongo-majority,0,3,417,0.88,
mongo-majority,0,3,418,0.702,
mongo-majority,0,3,419,0.688,
mongo-majority,0,3,420,0.692,
mongo-majority,0,3,421,0.68,
mongo-majority,0,3,422,0.742,
mongo-majority,0,3,423,0.726,
mongo-majority,0,3,424,0.652,
mongo-majority,0,3,425,0.773,
mongo-majority,0,3,426,0.682,
mongo-majority,0,3,427,0.647,
mongo-majority,0,3,428,0.778,
mongo-majority,0,3,429,0.589,
mongo-majority,0,3,430,0.891,
mongo-majority,0,3,431,0.649,
mongo-majority,0,3,432,0.671,
mongo-majority,0,3,433,0.724,
mongo-majority,0,3,434,0.767,
mongo-majority,0,3,435,2.095,
mongo-majority,0,3,436,0.741,
mongo-majority,0,3,437,0.717,
mongo-majority,0,3,438,0.772,
mongo-majority,0,3,439,0.792,
mongo-majority,0,3,440,0.757,
mongo-majority,0,3,441,0.741,
mongo-majority,0,3,442,0.752,
mongo-majority,0,3,443,0.724,
mongo-majority,0,3,444,0.78,
mongo-majority,0,3,445,0.796,
mongo-majority,0,3,446,0.673,
mongo-majority,0,3,447,0.74,
mongo-majority,0,3,448,0.732,
mongo-majority,0,3,449,0.843,
mongo-majority,0,3,450,0.644,
mongo-majority,0,3,451,0.685,
mongo-majority,0,3,452,0.799,
mongo-majority,0,3,453,0.846,
mongo-majority,0,3,454,0.679,
mongo-majority,0,3,455,0.811,
mongo-majority,0,3,456,0.757,
mongo-majority,0,3,457,0.696,
mongo-majority,0,3,458,0.731,
mongo-majority,0,3,459,0.682,
mongo-majority,0,3,460,0.719,
mongo-majority,0,3,461,0.589,
mongo-majority,0,3,462,0.769,
mongo-majority,0,3,463,0.695,
mongo-majority,0,3,464,0.823,
mongo-majority,0,3,465,0.689,
mongo-majority,0,3,466,0.783,
mongo-majority,0,3,467,0.73,
redis-async,0,1,1,0.096,
redis-async,0,1,2,0.067,
redis-async,0,1,3,0.045,
redis-async,0,1,4,0.046,
redis-async,0,1,5,0.04,
redis-async,0,1,6,0.073,
redis-async,0,1,7,0.07,
redis-async,0,1,8,0.049,
redis-async,0,1,9,0.044,
redis-async,0,1,10,0.061,
redis-async,0,1,11,0.055,
redis-async,0,1,12,0.04,
redis-async,0,1,13,0.043,
redis-async,0,1,14,0.059,
redis-async,0,1,15,0.045,
redis-async,0,1,16,0.039,
redis-async,0,1,17,0.042,
redis-async,0,1,18,0.053,
redis-async,0,1,19,0.051,
redis-async,0,1,20,0.038,
redis-async,0,1,21,0.04,
redis-async,0,1,22,0.038,
redis-async,0,1,23,0.038,
redis-async,0,1,24,0.064,
redis-async,0,1,25,0.056,
redis-async,0,1,26,0.043,
redis-async,0,1,27,0.039,
redis-async,0,1,28,0.038,
redis-async,0,1,29,0.037,
redis-async,0,1,30,0.038,
redis-async,0,1,31,0.037,
redis-async,0,1,32,0.051,
redis-async,0,1,33,0.042,
redis-async,0,1,34,0.037,
redis-async,0,1,35,0.036,
redis-async,0,1,36,0.036,
redis-async,0,1,37,0.036,
redis-async,0,1,38,0.037,
redis-async,0,1,39,0.036,
redis-async,0,1,40,0.036,
redis-async,0,1,41,0.036,
redis-async,0,1,42,0.037,
redis-async,0,1,43,0.036,
redis-async,0,1,44,0.058,
redis-async,0,1,45,0.04,
redis-async,0,1,46,0.037,
redis-async,0,1,47,0.036,
redis-async,0,1,48,0.046,
redis-async,0,1,49,0.048,
redis-async,0,1,50,0.039,
redis-async,0,1,51,0.043,
redis-async,0,1,52,0.047,
redis-async,0,1,53,0.037,
redis-async,0,1,54,0.037,
redis-async,0,1,55,0.05,
redis-async,0,1,56,0.039,
redis-async,0,1,57,0.049,
redis-async,0,1,58,0.041,
redis-async,0,1,59,0.064,
redis-async,0,1,60,0.039,
redis-async,0,1,61,0.038,
redis-async,0,1,62,0.038,
redis-async,0,1,63,0.039,
redis-async,0,1,64,0.038,
redis-async,0,1,65,0.037,
redis-async,0,1,66,0.038,
redis-async,0,1,67,0.037,
redis-async,0,1,68,0.037,
redis-async,0,1,69,0.037,
redis-async,0,1,70,0.037,
redis-async,0,1,71,0.037,
redis-async,0,1,72,0.039,
redis-async,0,1,73,0.037,
redis-async,0,1,74,0.037,
redis-async,0,1,75,0.037,
redis-async,0,1,76,0.037,
redis-async,0,1,77,0.037,
redis-async,0,1,78,0.037,
redis-async,0,1,79,0.037,
redis-async,0,1,80,0.037,
redis-async,0,1,81,0.036,
redis-async,0,1,82,0.042,
redis-async,0,1,83,0.043,
redis-async,0,1,84,0.037,
redis-async,0,1,85,0.045,
redis-async,0,1,86,0.041,
redis-async,0,1,87,0.04,
redis-async,0,1,88,0.036,
redis-async,0,1,89,0.037,
redis-async,0,1,90,0.036,
redis-async,0,1,91,0.036,
redis-async,0,1,92,0.036,
redis-async,0,1,93,0.036,
redis-async,0,1,94,0.036,
redis-async,0,1,95,0.035,
redis-async,0,1,96,0.036,
redis-async,0,1,97,0.036,
redis-async,0,1,98,0.037,
redis-async,0,1,99,0.038,
redis-async,0,1,100,0.042,
redis-async,0,1,101,0.036,
redis-async,0,1,102,0.052,
redis-async,0,1,103,0.044,
redis-async,0,1,104,0.036,
redis-async,0,1,105,0.036,
redis-async,0,1,106,0.036,
redis-async,0,1,107,0.036,
redis-async,0,1,108,0.045,
redis-async,0,1,109,0.062,
redis-async,0,1,110,0.046,
redis-async,0,1,111,0.039,
redis-async,0,1,112,0.037,
redis-async,0,1,113,0.037,
redis-async,0,1,114,0.038,
redis-async,0,1,115,0.036,
redis-async,0,1,116,0.038,
redis-async,0,1,117,0.04,
redis-async,0,1,118,0.048,
redis-async,0,1,119,0.038,
redis-async,0,1,120,0.036,
redis-async,0,1,121,0.046,
redis-async,0,1,122,0.04,
redis-async,0,1,123,0.036,
redis-async,0,1,124,0.045,
redis-async,0,1,125,0.04,
redis-async,0,1,126,0.036,
redis-async,0,1,127,0.036,
redis-async,0,1,128,0.035,
redis-async,0,1,129,0.036,
redis-async,0,1,130,0.036,
redis-async,0,1,131,0.036,
redis-async,0,1,132,0.036,
redis-async,0,1,133,0.043,
redis-async,0,1,134,0.037,
redis-async,0,1,135,0.036,
redis-async,0,1,136,0.036,
redis-async,0,1,137,0.035,
redis-async,0,1,138,0.046,
redis-async,0,1,139,0.036,
redis-async,0,1,140,0.036,
redis-async,0,1,141,0.036,
redis-async,0,1,142,0.035,
redis-async,0,1,143,0.035,
redis-async,0,1,144,0.035,
redis-async,0,1,145,0.036,
redis-async,0,1,146,0.045,
redis-async,0,1,147,0.034,
redis-async,0,1,148,0.031,
redis-async,0,1,149,0.035,
redis-async,0,1,150,0.033,
redis-async,0,1,151,0.036,
redis-async,0,1,152,0.033,
redis-async,0,1,153,0.032,
redis-async,0,1,154,0.032,
redis-async,0,1,155,0.031,
redis-async,0,1,156,0.038,
redis-async,0,1,157,0.034,
redis-async,0,1,158,0.028,
redis-async,0,1,159,0.033,
redis-async,0,1,160,0.032,
redis-async,0,1,161,0.027,
redis-async,0,1,162,0.051,
redis-async,0,1,163,0.032,
redis-async,0,1,164,0.032,
redis-async,0,1,165,0.032,
redis-async,0,1,166,0.034,
redis-async,0,1,167,0.033,
redis-async,0,1,168,0.032,
redis-async,0,1,169,0.032,
redis-async,0,1,170,0.032,
redis-async,0,1,171,0.032,
redis-async,0,1,172,0.032,
redis-async,0,1,173,0.03,
redis-async,0,1,174,0.03,
redis-async,0,1,175,0.034,
redis-async,0,1,176,0.037,
redis-async,0,1,177,0.033,
redis-async,0,1,178,0.029,
redis-async,0,1,179,0.033,
redis-async,0,1,180,0.034,
redis-async,0,1,181,0.033,
redis-async,0,1,182,0.032,
redis-async,0,1,183,0.031,
redis-async,0,1,184,0.031,
redis-async,0,1,185,0.031,
redis-async,0,1,186,0.032,
redis-async,0,1,187,0.032,
redis-async,0,1,188,0.031,
redis-async,0,1,189,0.029,
redis-async,0,1,190,0.029,
redis-async,0,1,191,0.029,
redis-async,0,1,192,0.028,
redis-async,0,1,193,0.06,
redis-async,0,1,194,0.035,
redis-async,0,1,195,0.037,
redis-async,0,1,196,0.036,
redis-async,0,1,197,0.036,
redis-async,0,1,198,0.032,
redis-async,0,1,199,0.033,
redis-async,0,1,200,0.032,
redis-async,0,1,201,0.031,
redis-async,0,1,202,0.029,
redis-async,0,1,203,0.053,
redis-async,0,1,204,0.031,
redis-async,0,1,205,0.029,
redis-async,0,1,206,0.029,
redis-async,0,1,207,0.028,
redis-async,0,1,208,0.03,
redis-async,0,1,209,0.034,
redis-async,0,1,210,0.036,
redis-async,0,1,211,0.045,
redis-async,0,1,212,0.033,
redis-async,0,1,213,0.033,
redis-async,0,1,214,0.033,
redis-async,0,1,215,0.032,
redis-async,0,1,216,0.032,
redis-async,0,1,217,0.032,
redis-async,0,1,218,0.03,
redis-async,0,1,219,0.029,
redis-async,0,1,220,0.033,
redis-async,0,1,221,0.029,
redis-async,0,1,222,0.044,
redis-async,0,1,223,0.036,
redis-async,0,1,224,0.05,
redis-async,0,1,225,0.047,
redis-async,0,1,226,0.034,
redis-async,0,1,227,0.033,
redis-async,0,1,228,0.035,
redis-async,0,1,229,0.037,
redis-async,0,1,230,0.034,
redis-async,0,1,231,0.036,
redis-async,0,1,232,0.049,
redis-async,0,1,233,0.054,
redis-async,0,1,234,0.044,
redis-async,0,1,235,0.035,
redis-async,0,1,236,0.034,
redis-async,0,1,237,0.035,
redis-async,0,1,238,0.042,
redis-async,0,1,239,0.035,
redis-async,0,1,240,0.033,
redis-async,0,1,241,0.032,
redis-async,0,1,242,0.033,
redis-async,0,1,243,0.032,
redis-async,0,1,244,0.034,
redis-async,0,1,245,0.031,
redis-async,0,1,246,0.029,
redis-async,0,1,247,0.029,
redis-async,0,1,248,0.029,
redis-async,0,1,249,0.04,
redis-async,0,1,250,0.033,
redis-async,0,1,251,0.033,
redis-async,0,1,252,0.032,
redis-async,0,1,253,0.032,
redis-async,0,1,254,0.034,
redis-async,0,1,255,0.031,
redis-async,0,1,256,0.032,
redis-async,0,1,257,0.033,
redis-async,0,1,258,0.033,
redis-async,0,1,259,0.032,
redis-async,0,1,260,0.029,
redis-async,0,1,261,0.029,
redis-async,0,1,262,0.028,
redis-async,0,1,263,0.029,
redis-async,0,1,264,0.028,
redis-async,0,1,265,0.028,
redis-async,0,1,266,0.029,
redis-async,0,1,267,0.033,
redis-async,0,1,268,0.033,
redis-async,0,1,269,0.033,
redis-async,0,1,270,0.033,
redis-async,0,1,271,0.035,
redis-async,0,1,272,0.032,
redis-async,0,1,273,0.032,
redis-async,0,1,274,0.031,
redis-async,0,1,275,0.032,
redis-async,0,1,276,0.03,
redis-async,0,1,277,0.029,
redis-async,0,1,278,0.029,
redis-async,0,1,279,0.03,
redis-async,0,1,280,0.029,
redis-async,0,1,281,0.038,
redis-async,0,1,282,0.037,
redis-async,0,1,283,0.032,
redis-async,0,1,284,0.032,
redis-async,0,1,285,0.032,
redis-async,0,1,286,0.032,
redis-async,0,1,287,0.032,
redis-async,0,1,288,0.039,
redis-async,0,1,289,0.04,
redis-async,0,1,290,0.031,
redis-async,0,1,291,0.028,
redis-async,0,1,292,0.029,
redis-async,0,1,293,0.037,
redis-async,0,1,294,0.029,
redis-async,0,1,295,0.03,
redis-async,0,1,296,0.029,
redis-async,0,1,297,0.031,
redis-async,0,1,298,0.035,
redis-async,0,1,299,0.041,
redis-async,0,1,300,0.032,
redis-async,0,1,301,0.032,
redis-async,0,1,302,0.031,
redis-async,0,1,303,0.031,
redis-async,0,1,304,0.032,
redis-async,0,1,305,0.033,
redis-async,0,1,306,0.032,
redis-async,0,1,307,0.03,
redis-async,0,1,308,0.028,
redis-async,0,1,309,0.031,
redis-async,0,1,310,0.029,
redis-async,0,1,311,0.038,
redis-async,0,1,312,0.041,
redis-async,0,1,313,0.032,
redis-async,0,1,314,0.032,
redis-async,0,1,315,0.031,
redis-async,0,1,316,0.032,
redis-async,0,1,317,0.032,
redis-async,0,1,318,0.031,
redis-async,0,1,319,0.033,
redis-async,0,1,320,0.031,
redis-async,0,1,321,0.03,
redis-async,0,1,322,0.03,
redis-async,0,1,323,0.033,
redis-async,0,1,324,0.028,
redis-async,0,1,325,0.028,
redis-async,0,1,326,0.028,
redis-async,0,1,327,0.028,
redis-async,0,1,328,0.028,
redis-async,0,1,329,0.029,
redis-async,0,1,330,0.037,
redis-async,0,1,331,0.032,
redis-async,0,1,332,0.032,
redis-async,0,1,333,0.031,
redis-async,0,1,334,0.032,
redis-async,0,1,335,0.032,
redis-async,0,1,336,0.032,
redis-async,0,1,337,0.032,
redis-async,0,1,338,0.032,
redis-async,0,1,339,0.03,
redis-async,0,1,340,0.028,
redis-async,0,1,341,0.028,
redis-async,0,1,342,0.028,
redis-async,0,1,343,0.052,
redis-async,0,1,344,0.049,
redis-async,0,1,345,0.047,
redis-async,0,1,346,0.043,
redis-async,0,1,347,0.034,
redis-async,0,1,348,0.034,
redis-async,0,1,349,0.034,
redis-async,0,1,350,0.046,
redis-async,0,1,351,0.049,
redis-async,0,1,352,0.049,
redis-async,0,1,353,0.048,
redis-async,0,1,354,0.058,
redis-async,0,1,355,0.049,
redis-async,0,1,356,0.068,
redis-async,0,1,357,0.061,
redis-async,0,1,358,0.048,
redis-async,0,1,359,0.048,
redis-async,0,1,360,0.048,
redis-async,0,1,361,0.048,
redis-async,0,1,362,0.048,
redis-async,0,1,363,0.041,
redis-async,0,1,364,0.046,
redis-async,0,1,365,0.059,
redis-async,0,1,366,0.05,
redis-async,0,1,367,0.052,
redis-async,0,1,368,0.058,
redis-async,0,1,369,0.048,
redis-async,0,1,370,0.05,
redis-async,0,1,371,0.048,
redis-async,0,1,372,0.048,
redis-async,0,1,373,0.048,
redis-async,0,1,374,0.049,
redis-async,0,1,375,0.059,
redis-async,0,1,376,0.072,
redis-async,0,1,377,0.055,
redis-async,0,1,378,0.051,
redis-async,0,1,379,0.052,
redis-async,0,1,380,0.05,
redis-async,0,1,381,0.051,
redis-async,0,1,382,0.047,
redis-async,0,1,383,0.04,
redis-async,0,1,384,0.052,
redis-async,0,1,385,0.058,
redis-async,0,1,386,0.049,
redis-async,0,1,387,0.048,
redis-async,0,1,388,0.049,
redis-async,0,1,389,0.047,
redis-async,0,1,390,0.047,
redis-async,0,1,391,0.048,
redis-async,0,1,392,0.048,
redis-async,0,1,393,0.047,
redis-async,0,1,394,0.047,
redis-async,0,1,395,0.057,
redis-async,0,1,396,0.056,
redis-async,0,1,397,0.05,
redis-async,0,1,398,0.048,
redis-async,0,1,399,0.047,
redis-async,0,1,400,0.048,
redis-async,0,1,401,0.049,
redis-async,0,1,402,0.058,
redis-async,0,1,403,0.063,
redis-async,0,1,404,0.059,
redis-async,0,1,405,0.053,
redis-async,0,1,406,0.048,
redis-async,0,1,407,0.048,
redis-async,0,1,408,0.048,
redis-async,0,1,409,0.048,
redis-async,0,1,410,0.048,
redis-async,0,1,411,0.056,
redis-async,0,1,412,0.048,
redis-async,0,1,413,0.049,
redis-async,0,1,414,0.056,
redis-async,0,1,415,0.072,
redis-async,0,1,416,0.052,
redis-async,0,1,417,0.051,
redis-async,0,1,418,0.051,
redis-async,0,1,419,0.049,
redis-async,0,1,420,0.049,
redis-async,0,1,421,0.048,
redis-async,0,1,422,0.042,
redis-async,0,1,423,0.058,
redis-async,0,1,424,0.056,
redis-async,0,1,425,0.049,
redis-async,0,1,426,0.05,
redis-async,0,1,427,0.064,
redis-async,0,1,428,0.051,
redis-async,0,1,429,0.05,
redis-async,0,1,430,0.05,
redis-async,0,1,431,0.049,
redis-async,0,1,432,0.049,
redis-async,0,1,433,0.057,
redis-async,0,1,434,0.056,
redis-async,0,1,435,0.049,
redis-async,0,1,436,0.048,
redis-async,0,1,437,0.049,
redis-async,0,1,438,0.049,
redis-async,0,1,439,0.049,
redis-async,0,1,440,0.049,
redis-async,0,1,441,0.041,
redis-async,0,1,442,0.073,
redis-async,0,1,443,0.06,
redis-async,0,1,444,0.058,
redis-async,0,1,445,0.066,
redis-async,0,1,446,0.067,
redis-async,0,1,447,0.066,
redis-async,0,1,448,0.067,
redis-async,0,1,449,0.068,
redis-async,0,1,450,0.068,
redis-async,0,1,451,0.071,
redis-async,0,1,452,0.067,
redis-async,0,1,453,0.067,
redis-async,0,1,454,0.067,
redis-async,0,1,455,0.067,
redis-async,0,1,456,0.079,
redis-async,0,1,457,0.069,
redis-async,0,1,458,0.063,
redis-async,0,1,459,0.068,
redis-async,0,1,460,0.069,
redis-async,0,1,461,0.067,
redis-async,0,1,462,0.071,
redis-async,0,1,463,0.067,
redis-async,0,1,464,0.07,
redis-async,0,1,465,0.068,
redis-async,0,1,466,0.064,
redis-async,0,1,467,0.065,
redis-async,0,2,1,0.071,
redis-async,0,2,2,0.07,
redis-async,0,2,3,0.066,
redis-async,0,2,4,0.065,
redis-async,0,2,5,0.073,
redis-async,0,2,6,0.086,
redis-async,0,2,7,0.066,
redis-async,0,2,8,0.076,
redis-async,0,2,9,0.068,
redis-async,0,2,10,0.068,
redis-async,0,2,11,0.068,
redis-async,0,2,12,0.067,
redis-async,0,2,13,0.072,
redis-async,0,2,14,0.071,
redis-async,0,2,15,0.061,
redis-async,0,2,16,0.067,
redis-async,0,2,17,0.069,
redis-async,0,2,18,0.079,
redis-async,0,2,19,0.075,
redis-async,0,2,20,0.061,
redis-async,0,2,21,0.067,
redis-async,0,2,22,0.068,
redis-async,0,2,23,0.065,
redis-async,0,2,24,0.067,
redis-async,0,2,25,0.066,
redis-async,0,2,26,0.069,
redis-async,0,2,27,0.067,
redis-async,0,2,28,0.067,
redis-async,0,2,29,0.065,
redis-async,0,2,30,0.073,
redis-async,0,2,31,0.069,
redis-async,0,2,32,0.067,
redis-async,0,2,33,0.06,
redis-async,0,2,34,0.07,
redis-async,0,2,35,0.068,
redis-async,0,2,36,0.061,
redis-async,0,2,37,0.067,
redis-async,0,2,38,0.067,
redis-async,0,2,39,0.069,
redis-async,0,2,40,0.066,
redis-async,0,2,41,0.067,
redis-async,0,2,42,0.066,
redis-async,0,2,43,0.072,
redis-async,0,2,44,0.065,
redis-async,0,2,45,0.066,
redis-async,0,2,46,0.065,
redis-async,0,2,47,0.065,
redis-async,0,2,48,0.064,
redis-async,0,2,49,0.078,
redis-async,0,2,50,0.067,
redis-async,0,2,51,0.064,
redis-async,0,2,52,0.07,
redis-async,0,2,53,0.065,
redis-async,0,2,54,0.065,
redis-async,0,2,55,0.064,
redis-async,0,2,56,0.074,
redis-async,0,2,57,0.067,
redis-async,0,2,58,0.071,
redis-async,0,2,59,0.062,
redis-async,0,2,60,0.069,
redis-async,0,2,61,0.066,
redis-async,0,2,62,0.066,
redis-async,0,2,63,0.078,
redis-async,0,2,64,0.058,
redis-async,0,2,65,0.068,
redis-async,0,2,66,0.069,
redis-async,0,2,67,0.067,
redis-async,0,2,68,0.067,
redis-async,0,2,69,0.067,
redis-async,0,2,70,0.067,
redis-async,0,2,71,0.067,
redis-async,0,2,72,0.068,
redis-async,0,2,73,0.065,
redis-async,0,2,74,0.066,
redis-async,0,2,75,0.067,
redis-async,0,2,76,0.066,
redis-async,0,2,77,0.066,
redis-async,0,2,78,0.067,
redis-async,0,2,79,0.065,
redis-async,0,2,80,0.067,
redis-async,0,2,81,0.066,
redis-async,0,2,82,0.066,
redis-async,0,2,83,0.066,
redis-async,0,2,84,0.066,
redis-async,0,2,85,0.066,
redis-async,0,2,86,0.066,
redis-async,0,2,87,0.067,
redis-async,0,2,88,0.056,
redis-async,0,2,89,0.057,
redis-async,0,2,90,0.069,
redis-async,0,2,91,0.066,
redis-async,0,2,92,0.065,
redis-async,0,2,93,0.059,
redis-async,0,2,94,0.067,
redis-async,0,2,95,0.065,
redis-async,0,2,96,0.06,
redis-async,0,2,97,0.064,
redis-async,0,2,98,0.064,
redis-async,0,2,99,0.064,
redis-async,0,2,100,0.065,
redis-async,0,2,101,0.064,
redis-async,0,2,102,0.064,
redis-async,0,2,103,0.065,
redis-async,0,2,104,0.068,
redis-async,0,2,105,0.066,
redis-async,0,2,106,0.07,
redis-async,0,2,107,0.067,
redis-async,0,2,108,0.068,
redis-async,0,2,109,0.059,
redis-async,0,2,110,0.062,
redis-async,0,2,111,0.066,
redis-async,0,2,112,0.069,
redis-async,0,2,113,0.071,
redis-async,0,2,114,0.063,
redis-async,0,2,115,0.068,
redis-async,0,2,116,0.068,
redis-async,0,2,117,0.068,
redis-async,0,2,118,0.073,
redis-async,0,2,119,0.067,
redis-async,0,2,120,0.058,
redis-async,0,2,121,0.066,
redis-async,0,2,122,0.066,
redis-async,0,2,123,0.066,
redis-async,0,2,124,0.066,
redis-async,0,2,125,0.067,
redis-async,0,2,126,0.069,
redis-async,0,2,127,0.061,
redis-async,0,2,128,0.067,
redis-async,0,2,129,0.07,
redis-async,0,2,130,0.066,
redis-async,0,2,131,0.066,
redis-async,0,2,132,0.066,
redis-async,0,2,133,0.06,
redis-async,0,2,134,0.065,
redis-async,0,2,135,0.064,
redis-async,0,2,136,0.066,
redis-async,0,2,137,0.066,
redis-async,0,2,138,0.066,
redis-async,0,2,139,0.064,
redis-async,0,2,140,0.066,
redis-async,0,2,141,0.068,
redis-async,0,2,142,0.068,
redis-async,0,2,143,0.07,
redis-async,0,2,144,0.068,
redis-async,0,2,145,0.068,
redis-async,0,2,146,0.068,
redis-async,0,2,147,0.067,
redis-async,0,2,148,0.066,
redis-async,0,2,149,0.069,
redis-async,0,2,150,0.068,
redis-async,0,2,151,0.067,
redis-async,0,2,152,0.068,
redis-async,0,2,153,0.067,
redis-async,0,2,154,0.07,
redis-async,0,2,155,0.073,
redis-async,0,2,156,0.065,
redis-async,0,2,157,0.069,
redis-async,0,2,158,0.066,
redis-async,0,2,159,0.066,
redis-async,0,2,160,0.066,
redis-async,0,2,161,0.066,
redis-async,0,2,162,0.066,
redis-async,0,2,163,0.066,
redis-async,0,2,164,0.068,
redis-async,0,2,165,0.066,
redis-async,0,2,166,0.066,
redis-async,0,2,167,0.066,
redis-async,0,2,168,0.066,
redis-async,0,2,169,0.059,
redis-async,0,2,170,0.063,
redis-async,0,2,171,0.068,
redis-async,0,2,172,0.062,
redis-async,0,2,173,0.068,
redis-async,0,2,174,0.068,
redis-async,0,2,175,0.07,
redis-async,0,2,176,0.069,
redis-async,0,2,177,0.071,
redis-async,0,2,178,0.072,
redis-async,0,2,179,0.067,
redis-async,0,2,180,0.068,
redis-async,0,2,181,0.068,
redis-async,0,2,182,0.07,
redis-async,0,2,183,0.08,
redis-async,0,2,184,0.07,
redis-async,0,2,185,0.07,
redis-async,0,2,186,0.07,
redis-async,0,2,187,0.071,
redis-async,0,2,188,0.068,
redis-async,0,2,189,0.068,
redis-async,0,2,190,0.068,
redis-async,0,2,191,0.07,
redis-async,0,2,192,0.068,
redis-async,0,2,193,0.064,
redis-async,0,2,194,0.069,
redis-async,0,2,195,0.068,
redis-async,0,2,196,0.068,
redis-async,0,2,197,0.068,
redis-async,0,2,198,0.061,
redis-async,0,2,199,0.061,
redis-async,0,2,200,0.067,
redis-async,0,2,201,0.066,
redis-async,0,2,202,0.066,
redis-async,0,2,203,0.067,
redis-async,0,2,204,0.066,
redis-async,0,2,205,0.066,
redis-async,0,2,206,0.074,
redis-async,0,2,207,0.065,
redis-async,0,2,208,0.067,
redis-async,0,2,209,0.061,
redis-async,0,2,210,0.065,
redis-async,0,2,211,0.065,
redis-async,0,2,212,0.065,
redis-async,0,2,213,0.068,
redis-async,0,2,214,0.058,
redis-async,0,2,215,0.059,
redis-async,0,2,216,0.066,
redis-async,0,2,217,0.067,
redis-async,0,2,218,0.066,
redis-async,0,2,219,0.066,
redis-async,0,2,220,0.066,
redis-async,0,2,221,0.066,
redis-async,0,2,222,0.066,
redis-async,0,2,223,0.068,
redis-async,0,2,224,0.064,
redis-async,0,2,225,0.071,
redis-async,0,2,226,0.066,
redis-async,0,2,227,0.066,
redis-async,0,2,228,0.067,
redis-async,0,2,229,0.062,
redis-async,0,2,230,0.07,
redis-async,0,2,231,0.064,
redis-async,0,2,232,0.067,
redis-async,0,2,233,0.067,
redis-async,0,2,234,0.067,
redis-async,0,2,235,0.067,
redis-async,0,2,236,0.073,
redis-async,0,2,237,0.068,
redis-async,0,2,238,0.061,
redis-async,0,2,239,0.073,
redis-async,0,2,240,0.074,
redis-async,0,2,241,0.066,
redis-async,0,2,242,0.069,
redis-async,0,2,243,0.069,
redis-async,0,2,244,0.057,
redis-async,0,2,245,0.071,
redis-async,0,2,246,0.069,
redis-async,0,2,247,0.063,
redis-async,0,2,248,0.068,
redis-async,0,2,249,0.071,
redis-async,0,2,250,0.061,
redis-async,0,2,251,0.062,
redis-async,0,2,252,0.068,
redis-async,0,2,253,0.066,
redis-async,0,2,254,0.067,
redis-async,0,2,255,0.068,
redis-async,0,2,256,0.062,
redis-async,0,2,257,0.071,
redis-async,0,2,258,0.077,
redis-async,0,2,259,0.085,
redis-async,0,2,260,0.086,
redis-async,0,2,261,0.144,
redis-async,0,2,262,0.069,
redis-async,0,2,263,0.074,
redis-async,0,2,264,0.08,
redis-async,0,2,265,0.055,
redis-async,0,2,266,0.067,
redis-async,0,2,267,0.067,
redis-async,0,2,268,0.067,
redis-async,0,2,269,0.067,
redis-async,0,2,270,0.066,
redis-async,0,2,271,0.073,
redis-async,0,2,272,0.057,
redis-async,0,2,273,0.071,
redis-async,0,2,274,0.065,
redis-async,0,2,275,0.075,
redis-async,0,2,276,0.068,
redis-async,0,2,277,0.069,
redis-async,0,2,278,0.068,
redis-async,0,2,279,0.068,
redis-async,0,2,280,0.071,
redis-async,0,2,281,0.064,
redis-async,0,2,282,0.069,
redis-async,0,2,283,0.068,
redis-async,0,2,284,0.069,
redis-async,0,2,285,0.066,
redis-async,0,2,286,0.063,
redis-async,0,2,287,0.053,
redis-async,0,2,288,0.069,
redis-async,0,2,289,0.067,
redis-async,0,2,290,0.066,
redis-async,0,2,291,0.067,
redis-async,0,2,292,0.066,
redis-async,0,2,293,0.067,
redis-async,0,2,294,0.066,
redis-async,0,2,295,0.068,
redis-async,0,2,296,0.067,
redis-async,0,2,297,0.064,
redis-async,0,2,298,0.07,
redis-async,0,2,299,0.069,
redis-async,0,2,300,0.068,
redis-async,0,2,301,0.065,
redis-async,0,2,302,0.07,
redis-async,0,2,303,0.062,
redis-async,0,2,304,0.068,
redis-async,0,2,305,0.071,
redis-async,0,2,306,0.07,
redis-async,0,2,307,0.07,
redis-async,0,2,308,0.069,
redis-async,0,2,309,0.07,
redis-async,0,2,310,0.069,
redis-async,0,2,311,0.069,
redis-async,0,2,312,0.069,
redis-async,0,2,313,0.069,
redis-async,0,2,314,0.069,
redis-async,0,2,315,0.065,
redis-async,0,2,316,0.064,
redis-async,0,2,317,0.067,
redis-async,0,2,318,0.067,
redis-async,0,2,319,0.067,
redis-async,0,2,320,0.067,
redis-async,0,2,321,0.069,
redis-async,0,2,322,0.067,
redis-async,0,2,323,0.067,
redis-async,0,2,324,0.067,
redis-async,0,2,325,0.069,
redis-async,0,2,326,0.064,
redis-async,0,2,327,0.067,
redis-async,0,2,328,0.067,
redis-async,0,2,329,0.068,
redis-async,0,2,330,0.065,
redis-async,0,2,331,0.068,
redis-async,0,2,332,0.065,
redis-async,0,2,333,0.067,
redis-async,0,2,334,0.067,
redis-async,0,2,335,0.067,
redis-async,0,2,336,0.067,
redis-async,0,2,337,0.067,
redis-async,0,2,338,0.067,
redis-async,0,2,339,0.068,
redis-async,0,2,340,0.068,
redis-async,0,2,341,0.061,
redis-async,0,2,342,0.067,
redis-async,0,2,343,0.067,
redis-async,0,2,344,0.067,
redis-async,0,2,345,0.065,
redis-async,0,2,346,0.064,
redis-async,0,2,347,0.064,
redis-async,0,2,348,0.068,
redis-async,0,2,349,0.068,
redis-async,0,2,350,0.067,
redis-async,0,2,351,0.067,
redis-async,0,2,352,0.067,
redis-async,0,2,353,0.067,
redis-async,0,2,354,0.069,
redis-async,0,2,355,0.064,
redis-async,0,2,356,0.068,
redis-async,0,2,357,0.068,
redis-async,0,2,358,0.068,
redis-async,0,2,359,0.07,
redis-async,0,2,360,0.063,
redis-async,0,2,361,0.066,
redis-async,0,2,362,0.065,
redis-async,0,2,363,0.067,
redis-async,0,2,364,0.068,
redis-async,0,2,365,0.067,
redis-async,0,2,366,0.067,
redis-async,0,2,367,0.07,
redis-async,0,2,368,0.068,
redis-async,0,2,369,0.068,
redis-async,0,2,370,0.07,
redis-async,0,2,371,0.069,
redis-async,0,2,372,0.069,
redis-async,0,2,373,0.068,
redis-async,0,2,374,0.069,
redis-async,0,2,375,0.071,
redis-async,0,2,376,0.064,
redis-async,0,2,377,0.066,
redis-async,0,2,378,0.069,
redis-async,0,2,379,0.069,
redis-async,0,2,380,0.069,
redis-async,0,2,381,0.069,
redis-async,0,2,382,0.069,
redis-async,0,2,383,0.069,
redis-async,0,2,384,0.072,
redis-async,0,2,385,0.067,
redis-async,0,2,386,0.072,
redis-async,0,2,387,0.071,
redis-async,0,2,388,0.071,
redis-async,0,2,389,0.072,
redis-async,0,2,390,0.064,
redis-async,0,2,391,0.067,
redis-async,0,2,392,0.067,
redis-async,0,2,393,0.067,
redis-async,0,2,394,0.067,
redis-async,0,2,395,0.067,
redis-async,0,2,396,0.067,
redis-async,0,2,397,0.067,
redis-async,0,2,398,0.067,
redis-async,0,2,399,0.068,
redis-async,0,2,400,0.067,
redis-async,0,2,401,0.07,
redis-async,0,2,402,0.082,
redis-async,0,2,403,0.068,
redis-async,0,2,404,0.06,
redis-async,0,2,405,0.064,
redis-async,0,2,406,0.071,
redis-async,0,2,407,0.068,
redis-async,0,2,408,0.069,
redis-async,0,2,409,0.071,
redis-async,0,2,410,0.068,
redis-async,0,2,411,0.067,
redis-async,0,2,412,0.068,
redis-async,0,2,413,0.059,
redis-async,0,2,414,0.064,
redis-async,0,2,415,0.068,
redis-async,0,2,416,0.071,
redis-async,0,2,417,0.069,
redis-async,0,2,418,0.068,
redis-async,0,2,419,0.081,
redis-async,0,2,420,0.07,
redis-async,0,2,421,0.07,
redis-async,0,2,422,0.07,
redis-async,0,2,423,0.071,
redis-async,0,2,424,0.07,
redis-async,0,2,425,0.07,
redis-async,0,2,426,0.069,
redis-async,0,2,427,0.072,
redis-async,0,2,428,0.069,
redis-async,0,2,429,0.069,
redis-async,0,2,430,0.069,
redis-async,0,2,431,0.069,
redis-async,0,2,432,0.069,
redis-async,0,2,433,0.057,
redis-async,0,2,434,0.056,
redis-async,0,2,435,0.065,
redis-async,0,2,436,0.068,
redis-async,0,2,437,0.067,
redis-async,0,2,438,0.066,
redis-async,0,2,439,0.067,
redis-async,0,2,440,0.067,
redis-async,0,2,441,0.067,
redis-async,0,2,442,0.068,
redis-async,0,2,443,0.065,
redis-async,0,2,444,0.067,
redis-async,0,2,445,0.067,
redis-async,0,2,446,0.067,
redis-async,0,2,447,0.067,
redis-async,0,2,448,0.06,
redis-async,0,2,449,0.063,
redis-async,0,2,450,0.065,
redis-async,0,2,451,0.067,
redis-async,0,2,452,0.067,
redis-async,0,2,453,0.066,
redis-async,0,2,454,0.067,
redis-async,0,2,455,0.067,
redis-async,0,2,456,0.067,
redis-async,0,2,457,0.069,
redis-async,0,2,458,0.063,
redis-async,0,2,459,0.067,
redis-async,0,2,460,0.067,
redis-async,0,2,461,0.067,
redis-async,0,2,462,0.077,
redis-async,0,2,463,0.06,
redis-async,0,2,464,0.072,
redis-async,0,2,465,0.063,
redis-async,0,2,466,0.067,
redis-async,0,2,467,0.067,
redis-async,0,3,1,0.071,
redis-async,0,3,2,0.072,
redis-async,0,3,3,0.067,
redis-async,0,3,4,0.069,
redis-async,0,3,5,0.078,
redis-async,0,3,6,0.073,
redis-async,0,3,7,0.068,
redis-async,0,3,8,0.069,
redis-async,0,3,9,0.069,
redis-async,0,3,10,0.066,
redis-async,0,3,11,0.068,
redis-async,0,3,12,0.065,
redis-async,0,3,13,0.066,
redis-async,0,3,14,0.066,
redis-async,0,3,15,0.064,
redis-async,0,3,16,0.064,
redis-async,0,3,17,0.064,
redis-async,0,3,18,0.066,
redis-async,0,3,19,0.065,
redis-async,0,3,20,0.059,
redis-async,0,3,21,0.069,
redis-async,0,3,22,0.066,
redis-async,0,3,23,0.066,
redis-async,0,3,24,0.069,
redis-async,0,3,25,0.063,
redis-async,0,3,26,0.065,
redis-async,0,3,27,0.065,
redis-async,0,3,28,0.066,
redis-async,0,3,29,0.066,
redis-async,0,3,30,0.065,
redis-async,0,3,31,0.065,
redis-async,0,3,32,0.065,
redis-async,0,3,33,0.067,
redis-async,0,3,34,0.067,
redis-async,0,3,35,0.059,
redis-async,0,3,36,0.066,
redis-async,0,3,37,0.071,
redis-async,0,3,38,0.066,
redis-async,0,3,39,0.084,
redis-async,0,3,40,0.065,
redis-async,0,3,41,0.062,
redis-async,0,3,42,0.066,
redis-async,0,3,43,0.065,
redis-async,0,3,44,0.065,
redis-async,0,3,45,0.065,
redis-async,0,3,46,0.065,
redis-async,0,3,47,0.065,
redis-async,0,3,48,0.067,
redis-async,0,3,49,0.066,
redis-async,0,3,50,0.059,
redis-async,0,3,51,0.066,
redis-async,0,3,52,0.066,
redis-async,0,3,53,0.065,
redis-async,0,3,54,0.067,
redis-async,0,3,55,0.064,
redis-async,0,3,56,0.066,
redis-async,0,3,57,0.063,
redis-async,0,3,58,0.064,
redis-async,0,3,59,0.064,
redis-async,0,3,60,0.064,
redis-async,0,3,61,0.065,
redis-async,0,3,62,0.068,
redis-async,0,3,63,0.064,
redis-async,0,3,64,0.065,
redis-async,0,3,65,0.063,
redis-async,0,3,66,0.064,
redis-async,0,3,67,0.064,
redis-async,0,3,68,0.07,
redis-async,0,3,69,0.062,
redis-async,0,3,70,0.059,
redis-async,0,3,71,0.064,
redis-async,0,3,72,0.057,
redis-async,0,3,73,0.064,
redis-async,0,3,74,0.066,
redis-async,0,3,75,0.067,
redis-async,0,3,76,0.064,
redis-async,0,3,77,0.064,
redis-async,0,3,78,0.065,
redis-async,0,3,79,0.065,
redis-async,0,3,80,0.067,
redis-async,0,3,81,0.067,
redis-async,0,3,82,0.067,
redis-async,0,3,83,0.067,
redis-async,0,3,84,0.065,
redis-async,0,3,85,0.07,
redis-async,0,3,86,0.064,
redis-async,0,3,87,0.07,
redis-async,0,3,88,0.067,
redis-async,0,3,89,0.067,
redis-async,0,3,90,0.066,
redis-async,0,3,91,0.066,
redis-async,0,3,92,0.066,
redis-async,0,3,93,0.066,
redis-async,0,3,94,0.066,
redis-async,0,3,95,0.067,
redis-async,0,3,96,0.065,
redis-async,0,3,97,0.066,
redis-async,0,3,98,0.066,
redis-async,0,3,99,0.064,
redis-async,0,3,100,0.072,
redis-async,0,3,101,0.062,
redis-async,0,3,102,0.072,
redis-async,0,3,103,0.069,
redis-async,0,3,104,0.067,
redis-async,0,3,105,0.068,
redis-async,0,3,106,0.066,
redis-async,0,3,107,0.066,
redis-async,0,3,108,0.066,
redis-async,0,3,109,0.066,
redis-async,0,3,110,0.07,
redis-async,0,3,111,0.061,
redis-async,0,3,112,0.066,
redis-async,0,3,113,0.066,
redis-async,0,3,114,0.066,
redis-async,0,3,115,0.054,
redis-async,0,3,116,0.063,
redis-async,0,3,117,0.066,
redis-async,0,3,118,0.067,
redis-async,0,3,119,0.066,
redis-async,0,3,120,0.066,
redis-async,0,3,121,0.067,
redis-async,0,3,122,0.072,
redis-async,0,3,123,0.066,
redis-async,0,3,124,0.068,
redis-async,0,3,125,0.068,
redis-async,0,3,126,0.068,
redis-async,0,3,127,0.069,
redis-async,0,3,128,0.067,
redis-async,0,3,129,0.067,
redis-async,0,3,130,0.065,
redis-async,0,3,131,0.057,
redis-async,0,3,132,0.067,
redis-async,0,3,133,0.067,
redis-async,0,3,134,0.066,
redis-async,0,3,135,0.067,
redis-async,0,3,136,0.066,
redis-async,0,3,137,0.066,
redis-async,0,3,138,0.066,
redis-async,0,3,139,0.066,
redis-async,0,3,140,0.068,
redis-async,0,3,141,0.067,
redis-async,0,3,142,0.066,
redis-async,0,3,143,0.066,
redis-async,0,3,144,0.066,
redis-async,0,3,145,0.069,
redis-async,0,3,146,0.065,
redis-async,0,3,147,0.063,
redis-async,0,3,148,0.066,
redis-async,0,3,149,0.066,
redis-async,0,3,150,0.066,
redis-async,0,3,151,0.07,
redis-async,0,3,152,0.068,
redis-async,0,3,153,0.066,
redis-async,0,3,154,0.066,
redis-async,0,3,155,0.077,
redis-async,0,3,156,0.066,
redis-async,0,3,157,0.077,
redis-async,0,3,158,0.065,
redis-async,0,3,159,0.067,
redis-async,0,3,160,0.064,
redis-async,0,3,161,0.069,
redis-async,0,3,162,0.067,
redis-async,0,3,163,0.058,
redis-async,0,3,164,0.065,
redis-async,0,3,165,0.066,
redis-async,0,3,166,0.067,
redis-async,0,3,167,0.066,
redis-async,0,3,168,0.069,
redis-async,0,3,169,0.072,
redis-async,0,3,170,0.067,
redis-async,0,3,171,0.066,
redis-async,0,3,172,0.068,
redis-async,0,3,173,0.067,
redis-async,0,3,174,0.067,
redis-async,0,3,175,0.066,
redis-async,0,3,176,0.055,
redis-async,0,3,177,0.065,
redis-async,0,3,178,0.066,
redis-async,0,3,179,0.067,
redis-async,0,3,180,0.069,
redis-async,0,3,181,0.067,
redis-async,0,3,182,0.069,
redis-async,0,3,183,0.068,
redis-async,0,3,184,0.065,
redis-async,0,3,185,0.067,
redis-async,0,3,186,0.068,
redis-async,0,3,187,0.07,
redis-async,0,3,188,0.07,
redis-async,0,3,189,0.068,
redis-async,0,3,190,0.064,
redis-async,0,3,191,0.061,
redis-async,0,3,192,0.068,
redis-async,0,3,193,0.066,
redis-async,0,3,194,0.066,
redis-async,0,3,195,0.067,
redis-async,0,3,196,0.066,
redis-async,0,3,197,0.066,
redis-async,0,3,198,0.066,
redis-async,0,3,199,0.06,
redis-async,0,3,200,0.066,
redis-async,0,3,201,0.07,
redis-async,0,3,202,0.069,
redis-async,0,3,203,0.07,
redis-async,0,3,204,0.066,
redis-async,0,3,205,0.055,
redis-async,0,3,206,0.056,
redis-async,0,3,207,0.058,
redis-async,0,3,208,0.066,
redis-async,0,3,209,0.066,
redis-async,0,3,210,0.066,
redis-async,0,3,211,0.066,
redis-async,0,3,212,0.066,
redis-async,0,3,213,0.067,
redis-async,0,3,214,0.067,
redis-async,0,3,215,0.067,
redis-async,0,3,216,0.065,
redis-async,0,3,217,0.072,
redis-async,0,3,218,0.066,
redis-async,0,3,219,0.066,
redis-async,0,3,220,0.065,
redis-async,0,3,221,0.06,
redis-async,0,3,222,0.077,
redis-async,0,3,223,0.065,
redis-async,0,3,224,0.066,
redis-async,0,3,225,0.067,
redis-async,0,3,226,0.066,
redis-async,0,3,227,0.066,
redis-async,0,3,228,0.066,
redis-async,0,3,229,0.067,
redis-async,0,3,230,0.071,
redis-async,0,3,231,0.06,
redis-async,0,3,232,0.066,
redis-async,0,3,233,0.066,
redis-async,0,3,234,0.066,
redis-async,0,3,235,0.073,
redis-async,0,3,236,0.055,
redis-async,0,3,237,0.058,
redis-async,0,3,238,0.066,
redis-async,0,3,239,0.067,
redis-async,0,3,240,0.066,
redis-async,0,3,241,0.068,
redis-async,0,3,242,0.066,
redis-async,0,3,243,0.066,
redis-async,0,3,244,0.069,
redis-async,0,3,245,0.068,
redis-async,0,3,246,0.066,
redis-async,0,3,247,0.066,
redis-async,0,3,248,0.066,
redis-async,0,3,249,0.066,
redis-async,0,3,250,0.067,
redis-async,0,3,251,0.078,
redis-async,0,3,252,0.066,
redis-async,0,3,253,0.066,
redis-async,0,3,254,0.066,
redis-async,0,3,255,0.071,
redis-async,0,3,256,0.066,
redis-async,0,3,257,0.066,
redis-async,0,3,258,0.067,
redis-async,0,3,259,0.068,
redis-async,0,3,260,0.067,
redis-async,0,3,261,0.066,
redis-async,0,3,262,0.067,
redis-async,0,3,263,0.066,
redis-async,0,3,264,0.066,
redis-async,0,3,265,0.077,
redis-async,0,3,266,0.065,
redis-async,0,3,267,0.068,
redis-async,0,3,268,0.066,
redis-async,0,3,269,0.067,
redis-async,0,3,270,0.072,
redis-async,0,3,271,0.067,
redis-async,0,3,272,0.067,
redis-async,0,3,273,0.067,
redis-async,0,3,274,0.069,
redis-async,0,3,275,0.068,
redis-async,0,3,276,0.062,
redis-async,0,3,277,0.067,
redis-async,0,3,278,0.067,
redis-async,0,3,279,0.076,
redis-async,0,3,280,0.053,
redis-async,0,3,281,0.062,
redis-async,0,3,282,0.071,
redis-async,0,3,283,0.068,
redis-async,0,3,284,0.065,
redis-async,0,3,285,0.066,
redis-async,0,3,286,0.065,
redis-async,0,3,287,0.065,
redis-async,0,3,288,0.066,
redis-async,0,3,289,0.066,
redis-async,0,3,290,0.066,
redis-async,0,3,291,0.066,
redis-async,0,3,292,0.066,
redis-async,0,3,293,0.066,
redis-async,0,3,294,0.073,
redis-async,0,3,295,0.061,
redis-async,0,3,296,0.058,
redis-async,0,3,297,0.068,
redis-async,0,3,298,0.069,
redis-async,0,3,299,0.067,
redis-async,0,3,300,0.06,
redis-async,0,3,301,0.068,
redis-async,0,3,302,0.067,
redis-async,0,3,303,0.067,
redis-async,0,3,304,0.067,
redis-async,0,3,305,0.07,
redis-async,0,3,306,0.065,
redis-async,0,3,307,0.068,
redis-async,0,3,308,0.072,
redis-async,0,3,309,0.068,
redis-async,0,3,310,0.068,
redis-async,0,3,311,0.055,
redis-async,0,3,312,0.066,
redis-async,0,3,313,0.069,
redis-async,0,3,314,0.068,
redis-async,0,3,315,0.068,
redis-async,0,3,316,0.068,
redis-async,0,3,317,0.068,
redis-async,0,3,318,0.069,
redis-async,0,3,319,0.069,
redis-async,0,3,320,0.069,
redis-async,0,3,321,0.068,
redis-async,0,3,322,0.068,
redis-async,0,3,323,0.068,
redis-async,0,3,324,0.069,
redis-async,0,3,325,0.06,
redis-async,0,3,326,0.064,
redis-async,0,3,327,0.064,
redis-async,0,3,328,0.069,
redis-async,0,3,329,0.068,
redis-async,0,3,330,0.068,
redis-async,0,3,331,0.069,
redis-async,0,3,332,0.069,
redis-async,0,3,333,0.068,
redis-async,0,3,334,0.071,
redis-async,0,3,335,0.068,
redis-async,0,3,336,0.068,
redis-async,0,3,337,0.068,
redis-async,0,3,338,0.068,
redis-async,0,3,339,0.07,
redis-async,0,3,340,0.076,
redis-async,0,3,341,0.073,
redis-async,0,3,342,0.061,
redis-async,0,3,343,0.068,
redis-async,0,3,344,0.067,
redis-async,0,3,345,0.067,
redis-async,0,3,346,0.067,
redis-async,0,3,347,0.068,
redis-async,0,3,348,0.068,
redis-async,0,3,349,0.067,
redis-async,0,3,350,0.06,
redis-async,0,3,351,0.067,
redis-async,0,3,352,0.067,
redis-async,0,3,353,0.067,
redis-async,0,3,354,0.068,
redis-async,0,3,355,0.066,
redis-async,0,3,356,0.075,
redis-async,0,3,357,0.06,
redis-async,0,3,358,0.076,
redis-async,0,3,359,0.067,
redis-async,0,3,360,0.067,
redis-async,0,3,361,0.067,
redis-async,0,3,362,0.069,
redis-async,0,3,363,0.071,
redis-async,0,3,364,0.07,
redis-async,0,3,365,0.067,
redis-async,0,3,366,0.067,
redis-async,0,3,367,0.067,
redis-async,0,3,368,0.067,
redis-async,0,3,369,0.073,
redis-async,0,3,370,0.067,
redis-async,0,3,371,0.097,
redis-async,0,3,372,0.072,
redis-async,0,3,373,0.084,
redis-async,0,3,374,0.149,
redis-async,0,3,375,0.067,
redis-async,0,3,376,0.072,
redis-async,0,3,377,0.065,
redis-async,0,3,378,0.067,
redis-async,0,3,379,0.068,
redis-async,0,3,380,0.063,
redis-async,0,3,381,0.068,
redis-async,0,3,382,0.065,
redis-async,0,3,383,0.059,
redis-async,0,3,384,0.061,
redis-async,0,3,385,0.07,
redis-async,0,3,386,0.07,
redis-async,0,3,387,0.064,
redis-async,0,3,388,0.068,
redis-async,0,3,389,0.068,
redis-async,0,3,390,0.061,
redis-async,0,3,391,0.068,
redis-async,0,3,392,0.059,
redis-async,0,3,393,0.064,
redis-async,0,3,394,0.068,
redis-async,0,3,395,0.061,
redis-async,0,3,396,0.184,
redis-async,0,3,397,0.073,
redis-async,0,3,398,0.06,
redis-async,0,3,399,0.065,
redis-async,0,3,400,0.072,
redis-async,0,3,401,0.072,
redis-async,0,3,402,0.081,
redis-async,0,3,403,0.078,
redis-async,0,3,404,0.061,
redis-async,0,3,405,0.06,
redis-async,0,3,406,0.072,
redis-async,0,3,407,0.07,
redis-async,0,3,408,0.066,
redis-async,0,3,409,0.063,
redis-async,0,3,410,0.07,
redis-async,0,3,411,0.065,
redis-async,0,3,412,0.053,
redis-async,0,3,413,0.067,
redis-async,0,3,414,0.071,
redis-async,0,3,415,0.07,
redis-async,0,3,416,0.066,
redis-async,0,3,417,0.069,
redis-async,0,3,418,0.071,
redis-async,0,3,419,0.056,
redis-async,0,3,420,0.066,
redis-async,0,3,421,0.067,
redis-async,0,3,422,0.066,
redis-async,0,3,423,0.071,
redis-async,0,3,424,0.07,
redis-async,0,3,425,0.066,
redis-async,0,3,426,0.074,
redis-async,0,3,427,0.074,
redis-async,0,3,428,0.062,
redis-async,0,3,429,0.064,
redis-async,0,3,430,0.07,
redis-async,0,3,431,0.066,
redis-async,0,3,432,0.062,
redis-async,0,3,433,0.067,
redis-async,0,3,434,0.055,
redis-async,0,3,435,0.07,
redis-async,0,3,436,0.071,
redis-async,0,3,437,0.065,
redis-async,0,3,438,0.064,
redis-async,0,3,439,0.069,
redis-async,0,3,440,0.061,
redis-async,0,3,441,0.061,
redis-async,0,3,442,0.062,
redis-async,0,3,443,0.073,
redis-async,0,3,444,0.065,
redis-async,0,3,445,0.069,
redis-async,0,3,446,0.067,
redis-async,0,3,447,0.072,
redis-async,0,3,448,0.077,
redis-async,0,3,449,0.071,
redis-async,0,3,450,0.07,
redis-async,0,3,451,0.07,
redis-async,0,3,452,0.07,
redis-async,0,3,453,0.068,
redis-async,0,3,454,0.095,
redis-async,0,3,455,0.101,
redis-async,0,3,456,0.062,
redis-async,0,3,457,0.068,
redis-async,0,3,458,0.068,
redis-async,0,3,459,0.069,
redis-async,0,3,460,0.068,
redis-async,0,3,461,0.068,
redis-async,0,3,462,0.081,
redis-async,0,3,463,0.108,
redis-async,0,3,464,0.09,
redis-async,0,3,465,0.077,
redis-async,0,3,466,0.09,
redis-async,0,3,467,0.094,
redis-wait,0,1,1,0.211,1
redis-wait,0,1,2,0.152,1
redis-wait,0,1,3,0.16,1
redis-wait,0,1,4,0.163,1
redis-wait,0,1,5,0.145,1
redis-wait,0,1,6,0.143,1
redis-wait,0,1,7,0.141,1
redis-wait,0,1,8,0.152,1
redis-wait,0,1,9,0.147,1
redis-wait,0,1,10,0.159,1
redis-wait,0,1,11,0.147,1
redis-wait,0,1,12,0.145,1
redis-wait,0,1,13,0.147,1
redis-wait,0,1,14,0.162,1
redis-wait,0,1,15,0.147,1
redis-wait,0,1,16,0.15,1
redis-wait,0,1,17,0.167,1
redis-wait,0,1,18,0.151,1
redis-wait,0,1,19,0.15,1
redis-wait,0,1,20,0.149,1
redis-wait,0,1,21,0.155,1
redis-wait,0,1,22,0.162,1
redis-wait,0,1,23,0.157,1
redis-wait,0,1,24,0.152,1
redis-wait,0,1,25,0.155,1
redis-wait,0,1,26,0.149,1
redis-wait,0,1,27,0.162,1
redis-wait,0,1,28,0.15,1
redis-wait,0,1,29,0.178,1
redis-wait,0,1,30,0.157,1
redis-wait,0,1,31,0.143,1
redis-wait,0,1,32,0.144,1
redis-wait,0,1,33,0.153,1
redis-wait,0,1,34,0.158,1
redis-wait,0,1,35,0.148,1
redis-wait,0,1,36,0.174,1
redis-wait,0,1,37,0.158,1
redis-wait,0,1,38,0.148,1
redis-wait,0,1,39,0.146,1
redis-wait,0,1,40,0.146,1
redis-wait,0,1,41,0.148,1
redis-wait,0,1,42,0.168,1
redis-wait,0,1,43,0.148,1
redis-wait,0,1,44,0.143,1
redis-wait,0,1,45,0.145,1
redis-wait,0,1,46,0.151,1
redis-wait,0,1,47,0.151,1
redis-wait,0,1,48,0.153,1
redis-wait,0,1,49,0.176,1
redis-wait,0,1,50,0.208,1
redis-wait,0,1,51,0.143,1
redis-wait,0,1,52,0.143,1
redis-wait,0,1,53,0.142,1
redis-wait,0,1,54,0.142,1
redis-wait,0,1,55,0.17,1
redis-wait,0,1,56,0.161,1
redis-wait,0,1,57,0.152,1
redis-wait,0,1,58,0.147,1
redis-wait,0,1,59,0.146,1
redis-wait,0,1,60,0.148,1
redis-wait,0,1,61,0.147,1
redis-wait,0,1,62,0.149,1
redis-wait,0,1,63,0.143,1
redis-wait,0,1,64,0.146,1
redis-wait,0,1,65,0.148,1
redis-wait,0,1,66,0.146,1
redis-wait,0,1,67,0.152,1
redis-wait,0,1,68,0.151,1
redis-wait,0,1,69,0.175,1
redis-wait,0,1,70,0.147,1
redis-wait,0,1,71,0.147,1
redis-wait,0,1,72,0.185,1
redis-wait,0,1,73,0.154,1
redis-wait,0,1,74,0.168,1
redis-wait,0,1,75,0.148,1
redis-wait,0,1,76,0.147,1
redis-wait,0,1,77,0.149,1
redis-wait,0,1,78,0.147,1
redis-wait,0,1,79,0.159,1
redis-wait,0,1,80,0.148,1
redis-wait,0,1,81,0.161,1
redis-wait,0,1,82,0.176,1
redis-wait,0,1,83,0.153,1
redis-wait,0,1,84,0.149,1
redis-wait,0,1,85,0.15,1
redis-wait,0,1,86,0.158,1
redis-wait,0,1,87,0.149,1
redis-wait,0,1,88,0.145,1
redis-wait,0,1,89,0.156,1
redis-wait,0,1,90,0.142,1
redis-wait,0,1,91,0.141,1
redis-wait,0,1,92,0.142,1
redis-wait,0,1,93,0.154,1
redis-wait,0,1,94,0.145,1
redis-wait,0,1,95,0.158,1
redis-wait,0,1,96,0.144,1
redis-wait,0,1,97,0.145,1
redis-wait,0,1,98,0.153,1
redis-wait,0,1,99,0.158,1
redis-wait,0,1,100,0.153,1
redis-wait,0,1,101,0.159,1
redis-wait,0,1,102,0.156,1
redis-wait,0,1,103,0.146,1
redis-wait,0,1,104,0.142,1
redis-wait,0,1,105,0.143,1
redis-wait,0,1,106,0.145,1
redis-wait,0,1,107,0.141,1
redis-wait,0,1,108,0.155,1
redis-wait,0,1,109,0.158,1
redis-wait,0,1,110,0.154,1
redis-wait,0,1,111,0.142,1
redis-wait,0,1,112,0.144,1
redis-wait,0,1,113,0.142,1
redis-wait,0,1,114,0.142,1
redis-wait,0,1,115,0.136,1
redis-wait,0,1,116,0.16,1
redis-wait,0,1,117,0.152,1
redis-wait,0,1,118,0.144,1
redis-wait,0,1,119,0.142,1
redis-wait,0,1,120,0.143,1
redis-wait,0,1,121,0.149,1
redis-wait,0,1,122,0.143,1
redis-wait,0,1,123,0.147,1
redis-wait,0,1,124,0.146,1
redis-wait,0,1,125,0.148,1
redis-wait,0,1,126,0.147,1
redis-wait,0,1,127,0.147,1
redis-wait,0,1,128,0.156,1
redis-wait,0,1,129,0.148,1
redis-wait,0,1,130,0.145,1
redis-wait,0,1,131,0.152,1
redis-wait,0,1,132,0.145,1
redis-wait,0,1,133,0.144,1
redis-wait,0,1,134,0.144,1
redis-wait,0,1,135,0.168,1
redis-wait,0,1,136,0.155,1
redis-wait,0,1,137,0.147,1
redis-wait,0,1,138,0.145,1
redis-wait,0,1,139,0.152,1
redis-wait,0,1,140,0.144,1
redis-wait,0,1,141,0.144,1
redis-wait,0,1,142,0.15,1
redis-wait,0,1,143,0.15,1
redis-wait,0,1,144,0.145,1
redis-wait,0,1,145,0.146,1
redis-wait,0,1,146,0.157,1
redis-wait,0,1,147,0.149,1
redis-wait,0,1,148,0.162,1
redis-wait,0,1,149,0.156,1
redis-wait,0,1,150,0.148,1
redis-wait,0,1,151,0.145,1
redis-wait,0,1,152,0.147,1
redis-wait,0,1,153,0.147,1
redis-wait,0,1,154,0.145,1
redis-wait,0,1,155,0.144,1
redis-wait,0,1,156,0.145,1
redis-wait,0,1,157,0.149,1
redis-wait,0,1,158,0.145,1
redis-wait,0,1,159,0.145,1
redis-wait,0,1,160,0.149,1
redis-wait,0,1,161,0.144,1
redis-wait,0,1,162,0.143,1
redis-wait,0,1,163,0.147,1
redis-wait,0,1,164,0.146,1
redis-wait,0,1,165,0.144,1
redis-wait,0,1,166,0.148,1
redis-wait,0,1,167,0.146,1
redis-wait,0,1,168,0.145,1
redis-wait,0,1,169,0.146,1
redis-wait,0,1,170,0.144,1
redis-wait,0,1,171,0.15,1
redis-wait,0,1,172,0.144,1
redis-wait,0,1,173,0.144,1
redis-wait,0,1,174,0.144,1
redis-wait,0,1,175,0.146,1
redis-wait,0,1,176,0.17,1
redis-wait,0,1,177,0.144,1
redis-wait,0,1,178,0.148,1
redis-wait,0,1,179,0.146,1
redis-wait,0,1,180,0.146,1
redis-wait,0,1,181,0.145,1
redis-wait,0,1,182,0.162,1
redis-wait,0,1,183,0.147,1
redis-wait,0,1,184,0.151,1
redis-wait,0,1,185,0.154,1
redis-wait,0,1,186,0.152,1
redis-wait,0,1,187,0.147,1
redis-wait,0,1,188,0.148,1
redis-wait,0,1,189,0.152,1
redis-wait,0,1,190,0.148,1
redis-wait,0,1,191,0.147,1
redis-wait,0,1,192,0.146,1
redis-wait,0,1,193,0.145,1
redis-wait,0,1,194,0.147,1
redis-wait,0,1,195,0.145,1
redis-wait,0,1,196,0.143,1
redis-wait,0,1,197,0.147,1
redis-wait,0,1,198,0.145,1
redis-wait,0,1,199,0.153,1
redis-wait,0,1,200,0.148,1
redis-wait,0,1,201,0.145,1
redis-wait,0,1,202,0.154,1
redis-wait,0,1,203,0.171,1
redis-wait,0,1,204,0.157,1
redis-wait,0,1,205,0.149,1
redis-wait,0,1,206,0.15,1
redis-wait,0,1,207,0.149,1
redis-wait,0,1,208,0.149,1
redis-wait,0,1,209,0.173,1
redis-wait,0,1,210,0.17,1
redis-wait,0,1,211,0.149,1
redis-wait,0,1,212,0.149,1
redis-wait,0,1,213,0.149,1
redis-wait,0,1,214,0.148,1
redis-wait,0,1,215,0.163,1
redis-wait,0,1,216,0.149,1
redis-wait,0,1,217,0.146,1
redis-wait,0,1,218,0.148,1
redis-wait,0,1,219,0.15,1
redis-wait,0,1,220,0.147,1
redis-wait,0,1,221,0.146,1
redis-wait,0,1,222,0.156,1
redis-wait,0,1,223,0.153,1
redis-wait,0,1,224,0.141,1
redis-wait,0,1,225,0.144,1
redis-wait,0,1,226,0.145,1
redis-wait,0,1,227,0.144,1
redis-wait,0,1,228,0.149,1
redis-wait,0,1,229,0.144,1
redis-wait,0,1,230,0.144,1
redis-wait,0,1,231,0.145,1
redis-wait,0,1,232,0.145,1
redis-wait,0,1,233,0.147,1
redis-wait,0,1,234,0.147,1
redis-wait,0,1,235,0.286,1
redis-wait,0,1,236,0.146,1
redis-wait,0,1,237,0.15,1
redis-wait,0,1,238,0.145,1
redis-wait,0,1,239,0.15,1
redis-wait,0,1,240,0.153,1
redis-wait,0,1,241,0.175,1
redis-wait,0,1,242,0.156,1
redis-wait,0,1,243,0.144,1
redis-wait,0,1,244,0.147,1
redis-wait,0,1,245,0.146,1
redis-wait,0,1,246,0.145,1
redis-wait,0,1,247,0.145,1
redis-wait,0,1,248,0.149,1
redis-wait,0,1,249,0.148,1
redis-wait,0,1,250,0.147,1
redis-wait,0,1,251,0.146,1
redis-wait,0,1,252,0.145,1
redis-wait,0,1,253,0.147,1
redis-wait,0,1,254,0.145,1
redis-wait,0,1,255,0.155,1
redis-wait,0,1,256,0.154,1
redis-wait,0,1,257,0.151,1
redis-wait,0,1,258,0.149,1
redis-wait,0,1,259,0.15,1
redis-wait,0,1,260,0.148,1
redis-wait,0,1,261,0.165,1
redis-wait,0,1,262,0.154,1
redis-wait,0,1,263,0.144,1
redis-wait,0,1,264,0.145,1
redis-wait,0,1,265,0.145,1
redis-wait,0,1,266,0.144,1
redis-wait,0,1,267,0.145,1
redis-wait,0,1,268,0.166,1
redis-wait,0,1,269,0.147,1
redis-wait,0,1,270,0.145,1
redis-wait,0,1,271,0.149,1
redis-wait,0,1,272,0.146,1
redis-wait,0,1,273,0.147,1
redis-wait,0,1,274,0.149,1
redis-wait,0,1,275,0.163,1
redis-wait,0,1,276,0.154,1
redis-wait,0,1,277,0.157,1
redis-wait,0,1,278,0.153,1
redis-wait,0,1,279,0.153,1
redis-wait,0,1,280,0.154,1
redis-wait,0,1,281,0.153,1
redis-wait,0,1,282,0.153,1
redis-wait,0,1,283,0.153,1
redis-wait,0,1,284,0.153,1
redis-wait,0,1,285,0.153,1
redis-wait,0,1,286,0.151,1
redis-wait,0,1,287,0.153,1
redis-wait,0,1,288,0.151,1
redis-wait,0,1,289,0.15,1
redis-wait,0,1,290,0.15,1
redis-wait,0,1,291,0.149,1
redis-wait,0,1,292,0.149,1
redis-wait,0,1,293,0.148,1
redis-wait,0,1,294,0.155,1
redis-wait,0,1,295,0.162,1
redis-wait,0,1,296,0.15,1
redis-wait,0,1,297,0.149,1
redis-wait,0,1,298,0.149,1
redis-wait,0,1,299,0.147,1
redis-wait,0,1,300,0.144,1
redis-wait,0,1,301,0.161,1
redis-wait,0,1,302,0.155,1
redis-wait,0,1,303,0.147,1
redis-wait,0,1,304,0.145,1
redis-wait,0,1,305,0.144,1
redis-wait,0,1,306,0.144,1
redis-wait,0,1,307,0.144,1
redis-wait,0,1,308,0.157,1
redis-wait,0,1,309,0.149,1
redis-wait,0,1,310,0.152,1
redis-wait,0,1,311,0.149,1
redis-wait,0,1,312,0.149,1
redis-wait,0,1,313,0.148,1
redis-wait,0,1,314,0.161,1
redis-wait,0,1,315,0.16,1
redis-wait,0,1,316,0.149,1
redis-wait,0,1,317,0.149,1
redis-wait,0,1,318,0.15,1
redis-wait,0,1,319,0.149,1
redis-wait,0,1,320,0.148,1
redis-wait,0,1,321,0.161,1
redis-wait,0,1,322,0.149,1
redis-wait,0,1,323,0.149,1
redis-wait,0,1,324,0.147,1
redis-wait,0,1,325,0.147,1
redis-wait,0,1,326,0.146,1
redis-wait,0,1,327,0.147,1
redis-wait,0,1,328,0.14,1
redis-wait,0,1,329,0.146,1
redis-wait,0,1,330,0.146,1
redis-wait,0,1,331,0.146,1
redis-wait,0,1,332,0.146,1
redis-wait,0,1,333,0.146,1
redis-wait,0,1,334,0.151,1
redis-wait,0,1,335,0.133,1
redis-wait,0,1,336,0.146,1
redis-wait,0,1,337,0.146,1
redis-wait,0,1,338,0.147,1
redis-wait,0,1,339,0.147,1
redis-wait,0,1,340,0.152,1
redis-wait,0,1,341,0.162,1
redis-wait,0,1,342,0.152,1
redis-wait,0,1,343,0.149,1
redis-wait,0,1,344,0.148,1
redis-wait,0,1,345,0.147,1
redis-wait,0,1,346,0.148,1
redis-wait,0,1,347,0.148,1
redis-wait,0,1,348,0.153,1
redis-wait,0,1,349,0.146,1
redis-wait,0,1,350,0.146,1
redis-wait,0,1,351,0.146,1
redis-wait,0,1,352,0.146,1
redis-wait,0,1,353,0.146,1
redis-wait,0,1,354,0.146,1
redis-wait,0,1,355,0.147,1
redis-wait,0,1,356,0.153,1
redis-wait,0,1,357,0.145,1
redis-wait,0,1,358,0.146,1
redis-wait,0,1,359,0.146,1
redis-wait,0,1,360,0.146,1
redis-wait,0,1,361,0.157,1
redis-wait,0,1,362,0.14,1
redis-wait,0,1,363,0.162,1
redis-wait,0,1,364,0.142,1
redis-wait,0,1,365,0.142,1
redis-wait,0,1,366,0.142,1
redis-wait,0,1,367,0.137,1
redis-wait,0,1,368,0.176,1
redis-wait,0,1,369,0.157,1
redis-wait,0,1,370,0.147,1
redis-wait,0,1,371,0.146,1
redis-wait,0,1,372,0.145,1
redis-wait,0,1,373,0.145,1
redis-wait,0,1,374,0.145,1
redis-wait,0,1,375,0.265,1
redis-wait,0,1,376,0.612,1
redis-wait,0,1,377,0.194,1
redis-wait,0,1,378,0.167,1
redis-wait,0,1,379,0.131,1
redis-wait,0,1,380,0.13,1
redis-wait,0,1,381,0.129,1
redis-wait,0,1,382,0.128,1
redis-wait,0,1,383,0.135,1
redis-wait,0,1,384,0.128,1
redis-wait,0,1,385,0.135,1
redis-wait,0,1,386,0.146,1
redis-wait,0,1,387,0.139,1
redis-wait,0,1,388,0.138,1
redis-wait,0,1,389,0.139,1
redis-wait,0,1,390,0.138,1
redis-wait,0,1,391,0.138,1
redis-wait,0,1,392,0.137,1
redis-wait,0,1,393,0.143,1
redis-wait,0,1,394,0.161,1
redis-wait,0,1,395,0.143,1
redis-wait,0,1,396,0.141,1
redis-wait,0,1,397,0.141,1
redis-wait,0,1,398,0.136,1
redis-wait,0,1,399,0.142,1
redis-wait,0,1,400,0.137,1
redis-wait,0,1,401,0.134,1
redis-wait,0,1,402,0.131,1
redis-wait,0,1,403,0.129,1
redis-wait,0,1,404,0.136,1
redis-wait,0,1,405,0.133,1
redis-wait,0,1,406,0.133,1
redis-wait,0,1,407,0.152,1
redis-wait,0,1,408,0.123,1
redis-wait,0,1,409,0.133,1
redis-wait,0,1,410,0.138,1
redis-wait,0,1,411,0.136,1
redis-wait,0,1,412,0.136,1
redis-wait,0,1,413,0.141,1
redis-wait,0,1,414,0.204,1
redis-wait,0,1,415,0.189,1
redis-wait,0,1,416,0.144,1
redis-wait,0,1,417,0.141,1
redis-wait,0,1,418,0.137,1
redis-wait,0,1,419,0.144,1
redis-wait,0,1,420,0.137,1
redis-wait,0,1,421,0.139,1
redis-wait,0,1,422,0.145,1
redis-wait,0,1,423,0.133,1
redis-wait,0,1,424,0.139,1
redis-wait,0,1,425,0.133,1
redis-wait,0,1,426,0.13,1
redis-wait,0,1,427,0.128,1
redis-wait,0,1,428,0.152,1
redis-wait,0,1,429,0.14,1
redis-wait,0,1,430,0.13,1
redis-wait,0,1,431,0.13,1
redis-wait,0,1,432,0.13,1
redis-wait,0,1,433,0.132,1
redis-wait,0,1,434,0.148,1
redis-wait,0,1,435,0.159,1
redis-wait,0,1,436,0.134,1
redis-wait,0,1,437,0.134,1
redis-wait,0,1,438,0.139,1
redis-wait,0,1,439,0.149,1
redis-wait,0,1,440,0.136,1
redis-wait,0,1,441,0.148,1
redis-wait,0,1,442,0.156,1
redis-wait,0,1,443,0.131,1
redis-wait,0,1,444,0.133,1
redis-wait,0,1,445,0.132,1
redis-wait,0,1,446,0.152,1
redis-wait,0,1,447,0.145,1
redis-wait,0,1,448,0.132,1
redis-wait,0,1,449,0.134,1
redis-wait,0,1,450,0.14,1
redis-wait,0,1,451,0.142,1
redis-wait,0,1,452,0.134,1
redis-wait,0,1,453,0.132,1
redis-wait,0,1,454,0.131,1
redis-wait,0,1,455,0.132,1
redis-wait,0,1,456,0.142,1
redis-wait,0,1,457,0.145,1
redis-wait,0,1,458,0.13,1
redis-wait,0,1,459,0.133,1
redis-wait,0,1,460,0.131,1
redis-wait,0,1,461,0.132,1
redis-wait,0,1,462,0.141,1
redis-wait,0,1,463,0.143,1
redis-wait,0,1,464,0.181,1
redis-wait,0,1,465,0.144,1
redis-wait,0,1,466,0.143,1
redis-wait,0,1,467,0.143,1
redis-wait,0,2,1,0.137,1
redis-wait,0,2,2,0.142,1
redis-wait,0,2,3,0.128,1
redis-wait,0,2,4,0.158,1
redis-wait,0,2,5,0.166,1
redis-wait,0,2,6,0.133,1
redis-wait,0,2,7,0.135,1
redis-wait,0,2,8,0.174,1
redis-wait,0,2,9,0.142,1
redis-wait,0,2,10,0.14,1
redis-wait,0,2,11,0.141,1
redis-wait,0,2,12,0.126,1
redis-wait,0,2,13,0.126,1
redis-wait,0,2,14,0.127,1
redis-wait,0,2,15,0.126,1
redis-wait,0,2,16,0.133,1
redis-wait,0,2,17,0.158,1
redis-wait,0,2,18,0.178,1
redis-wait,0,2,19,0.128,1
redis-wait,0,2,20,0.127,1
redis-wait,0,2,21,0.127,1
redis-wait,0,2,22,0.127,1
redis-wait,0,2,23,0.126,1
redis-wait,0,2,24,0.131,1
redis-wait,0,2,25,0.137,1
redis-wait,0,2,26,0.129,1
redis-wait,0,2,27,0.141,1
redis-wait,0,2,28,0.126,1
redis-wait,0,2,29,0.134,1
redis-wait,0,2,30,0.133,1
redis-wait,0,2,31,0.128,1
redis-wait,0,2,32,0.128,1
redis-wait,0,2,33,0.118,1
redis-wait,0,2,34,0.129,1
redis-wait,0,2,35,0.129,1
redis-wait,0,2,36,0.127,1
redis-wait,0,2,37,0.128,1
redis-wait,0,2,38,0.129,1
redis-wait,0,2,39,0.142,1
redis-wait,0,2,40,0.128,1
redis-wait,0,2,41,0.138,1
redis-wait,0,2,42,0.135,1
redis-wait,0,2,43,0.129,1
redis-wait,0,2,44,0.131,1
redis-wait,0,2,45,0.136,1
redis-wait,0,2,46,0.129,1
redis-wait,0,2,47,0.129,1
redis-wait,0,2,48,0.169,1
redis-wait,0,2,49,0.149,1
redis-wait,0,2,50,0.132,1
redis-wait,0,2,51,0.131,1
redis-wait,0,2,52,0.131,1
redis-wait,0,2,53,0.131,1
redis-wait,0,2,54,0.129,1
redis-wait,0,2,55,0.155,1
redis-wait,0,2,56,0.141,1
redis-wait,0,2,57,0.147,1
redis-wait,0,2,58,0.13,1
redis-wait,0,2,59,0.129,1
redis-wait,0,2,60,0.136,1
redis-wait,0,2,61,0.13,1
redis-wait,0,2,62,0.13,1
redis-wait,0,2,63,0.143,1
redis-wait,0,2,64,0.14,1
redis-wait,0,2,65,0.129,1
redis-wait,0,2,66,0.131,1
redis-wait,0,2,67,0.131,1
redis-wait,0,2,68,0.129,1
redis-wait,0,2,69,0.129,1
redis-wait,0,2,70,0.141,1
redis-wait,0,2,71,0.129,1
redis-wait,0,2,72,0.136,1
redis-wait,0,2,73,0.129,1
redis-wait,0,2,74,0.156,1
redis-wait,0,2,75,0.13,1
redis-wait,0,2,76,0.129,1
redis-wait,0,2,77,0.124,1
redis-wait,0,2,78,0.148,1
redis-wait,0,2,79,0.135,1
redis-wait,0,2,80,0.13,1
redis-wait,0,2,81,0.131,1
redis-wait,0,2,82,0.129,1
redis-wait,0,2,83,0.13,1
redis-wait,0,2,84,0.129,1
redis-wait,0,2,85,0.146,1
redis-wait,0,2,86,0.139,1
redis-wait,0,2,87,0.136,1
redis-wait,0,2,88,0.13,1
redis-wait,0,2,89,0.129,1
redis-wait,0,2,90,0.13,1
redis-wait,0,2,91,0.142,1
redis-wait,0,2,92,0.125,1
redis-wait,0,2,93,0.131,1
redis-wait,0,2,94,0.133,1
redis-wait,0,2,95,0.132,1
redis-wait,0,2,96,0.132,1
redis-wait,0,2,97,0.133,1
redis-wait,0,2,98,0.131,1
redis-wait,0,2,99,0.13,1
redis-wait,0,2,100,0.142,1
redis-wait,0,2,101,0.13,1
redis-wait,0,2,102,0.13,1
redis-wait,0,2,103,0.137,1
redis-wait,0,2,104,0.131,1
redis-wait,0,2,105,0.134,1
redis-wait,0,2,106,0.132,1
redis-wait,0,2,107,0.125,1
redis-wait,0,2,108,0.143,1
redis-wait,0,2,109,0.13,1
redis-wait,0,2,110,0.129,1
redis-wait,0,2,111,0.133,1
redis-wait,0,2,112,0.13,1
redis-wait,0,2,113,0.129,1
redis-wait,0,2,114,0.13,1
redis-wait,0,2,115,0.14,1
redis-wait,0,2,116,0.143,1
redis-wait,0,2,117,0.14,1
redis-wait,0,2,118,0.128,1
redis-wait,0,2,119,0.127,1
redis-wait,0,2,120,0.127,1
redis-wait,0,2,121,0.126,1
redis-wait,0,2,122,0.126,1
redis-wait,0,2,123,0.131,1
redis-wait,0,2,124,0.141,1
redis-wait,0,2,125,0.126,1
redis-wait,0,2,126,0.129,1
redis-wait,0,2,127,0.127,1
redis-wait,0,2,128,0.126,1
redis-wait,0,2,129,0.127,1
redis-wait,0,2,130,0.137,1
redis-wait,0,2,131,0.135,1
redis-wait,0,2,132,0.126,1
redis-wait,0,2,133,0.13,1
redis-wait,0,2,134,0.127,1
redis-wait,0,2,135,0.126,1
redis-wait,0,2,136,0.127,1
redis-wait,0,2,137,0.135,1
redis-wait,0,2,138,0.141,1
redis-wait,0,2,139,0.132,1
redis-wait,0,2,140,0.13,1
redis-wait,0,2,141,0.143,1
redis-wait,0,2,142,0.133,1
redis-wait,0,2,143,0.126,1
redis-wait,0,2,144,0.128,1
redis-wait,0,2,145,0.132,1
redis-wait,0,2,146,0.16,1
redis-wait,0,2,147,0.14,1
redis-wait,0,2,148,0.129,1
redis-wait,0,2,149,0.129,1
redis-wait,0,2,150,0.13,1
redis-wait,0,2,151,0.147,1
redis-wait,0,2,152,0.13,1
redis-wait,0,2,153,0.15,1
redis-wait,0,2,154,0.133,1
redis-wait,0,2,155,0.132,1
redis-wait,0,2,156,0.132,1
redis-wait,0,2,157,0.132,1
redis-wait,0,2,158,0.132,1
redis-wait,0,2,159,0.129,1
redis-wait,0,2,160,0.13,1
redis-wait,0,2,161,0.131,1
redis-wait,0,2,162,0.129,1
redis-wait,0,2,163,0.13,1
redis-wait,0,2,164,0.137,1
redis-wait,0,2,165,0.13,1
redis-wait,0,2,166,0.13,1
redis-wait,0,2,167,0.13,1
redis-wait,0,2,168,0.253,1
redis-wait,0,2,169,0.131,1
redis-wait,0,2,170,0.131,1
redis-wait,0,2,171,0.129,1
redis-wait,0,2,172,0.129,1
redis-wait,0,2,173,0.13,1
redis-wait,0,2,174,0.12,1
redis-wait,0,2,175,0.155,1
redis-wait,0,2,176,0.176,1
redis-wait,0,2,177,0.146,1
redis-wait,0,2,178,0.127,1
redis-wait,0,2,179,0.13,1
redis-wait,0,2,180,0.127,1
redis-wait,0,2,181,0.13,1
redis-wait,0,2,182,0.153,1
redis-wait,0,2,183,0.13,1
redis-wait,0,2,184,0.135,1
redis-wait,0,2,185,0.131,1
redis-wait,0,2,186,0.13,1
redis-wait,0,2,187,0.13,1
redis-wait,0,2,188,0.13,1
redis-wait,0,2,189,0.123,1
redis-wait,0,2,190,0.136,1
redis-wait,0,2,191,0.13,1
redis-wait,0,2,192,0.136,1
redis-wait,0,2,193,0.13,1
redis-wait,0,2,194,0.13,1
redis-wait,0,2,195,0.136,1
redis-wait,0,2,196,0.134,1
redis-wait,0,2,197,0.157,1
redis-wait,0,2,198,0.13,1
redis-wait,0,2,199,0.134,1
redis-wait,0,2,200,0.13,1
redis-wait,0,2,201,0.13,1
redis-wait,0,2,202,0.13,1
redis-wait,0,2,203,0.131,1
redis-wait,0,2,204,0.123,1
redis-wait,0,2,205,0.149,1
redis-wait,0,2,206,0.138,1
redis-wait,0,2,207,0.129,1
redis-wait,0,2,208,0.13,1
redis-wait,0,2,209,0.13,1
redis-wait,0,2,210,0.136,1
redis-wait,0,2,211,0.145,1
redis-wait,0,2,212,0.144,1
redis-wait,0,2,213,0.131,1
redis-wait,0,2,214,0.135,1
redis-wait,0,2,215,0.132,1
redis-wait,0,2,216,0.13,1
redis-wait,0,2,217,0.132,1
redis-wait,0,2,218,0.131,1
redis-wait,0,2,219,0.124,1
redis-wait,0,2,220,0.13,1
redis-wait,0,2,221,0.129,1
redis-wait,0,2,222,0.129,1
redis-wait,0,2,223,0.137,1
redis-wait,0,2,224,0.131,1
redis-wait,0,2,225,0.131,1
redis-wait,0,2,226,0.128,1
redis-wait,0,2,227,0.145,1
redis-wait,0,2,228,0.131,1
redis-wait,0,2,229,0.148,1
redis-wait,0,2,230,0.131,1
redis-wait,0,2,231,0.135,1
redis-wait,0,2,232,0.131,1
redis-wait,0,2,233,0.138,1
redis-wait,0,2,234,0.125,1
redis-wait,0,2,235,0.13,1
redis-wait,0,2,236,0.131,1
redis-wait,0,2,237,0.131,1
redis-wait,0,2,238,0.13,1
redis-wait,0,2,239,0.133,1
redis-wait,0,2,240,0.13,1
redis-wait,0,2,241,0.127,1
redis-wait,0,2,242,0.149,1
redis-wait,0,2,243,0.137,1
redis-wait,0,2,244,0.132,1
redis-wait,0,2,245,0.13,1
redis-wait,0,2,246,0.129,1
redis-wait,0,2,247,0.13,1
redis-wait,0,2,248,0.13,1
redis-wait,0,2,249,0.13,1
redis-wait,0,2,250,0.133,1
redis-wait,0,2,251,0.129,1
redis-wait,0,2,252,0.13,1
redis-wait,0,2,253,0.13,1
redis-wait,0,2,254,0.13,1
redis-wait,0,2,255,0.136,1
redis-wait,0,2,256,0.13,1
redis-wait,0,2,257,0.141,1
redis-wait,0,2,258,0.132,1
redis-wait,0,2,259,0.134,1
redis-wait,0,2,260,0.13,1
redis-wait,0,2,261,0.131,1
redis-wait,0,2,262,0.134,1
redis-wait,0,2,263,0.13,1
redis-wait,0,2,264,0.123,1
redis-wait,0,2,265,0.13,1
redis-wait,0,2,266,0.131,1
redis-wait,0,2,267,0.13,1
redis-wait,0,2,268,0.137,1
redis-wait,0,2,269,0.13,1
redis-wait,0,2,270,0.13,1
redis-wait,0,2,271,0.13,1
redis-wait,0,2,272,0.135,1
redis-wait,0,2,273,0.132,1
redis-wait,0,2,274,0.135,1
redis-wait,0,2,275,0.133,1
redis-wait,0,2,276,0.134,1
redis-wait,0,2,277,0.133,1
redis-wait,0,2,278,0.133,1
redis-wait,0,2,279,0.127,1
redis-wait,0,2,280,0.14,1
redis-wait,0,2,281,0.136,1
redis-wait,0,2,282,0.13,1
redis-wait,0,2,283,0.13,1
redis-wait,0,2,284,0.141,1
redis-wait,0,2,285,0.13,1
redis-wait,0,2,286,0.131,1
redis-wait,0,2,287,0.13,1
redis-wait,0,2,288,0.133,1
redis-wait,0,2,289,0.131,1
redis-wait,0,2,290,0.13,1
redis-wait,0,2,291,0.13,1
redis-wait,0,2,292,0.131,1
redis-wait,0,2,293,0.13,1
redis-wait,0,2,294,0.137,1
redis-wait,0,2,295,0.134,1
redis-wait,0,2,296,0.13,1
redis-wait,0,2,297,0.131,1
redis-wait,0,2,298,0.131,1
redis-wait,0,2,299,0.133,1
redis-wait,0,2,300,0.134,1
redis-wait,0,2,301,0.135,1
redis-wait,0,2,302,0.154,1
redis-wait,0,2,303,0.157,1
redis-wait,0,2,304,0.14,1
redis-wait,0,2,305,0.138,1
redis-wait,0,2,306,0.159,1
redis-wait,0,2,307,0.142,1
redis-wait,0,2,308,0.142,1
redis-wait,0,2,309,0.158,1
redis-wait,0,2,310,0.147,1
redis-wait,0,2,311,0.134,1
redis-wait,0,2,312,0.134,1
redis-wait,0,2,313,0.141,1
redis-wait,0,2,314,0.134,1
redis-wait,0,2,315,0.144,1
redis-wait,0,2,316,0.129,1
redis-wait,0,2,317,0.149,1
redis-wait,0,2,318,0.137,1
redis-wait,0,2,319,0.134,1
redis-wait,0,2,320,0.134,1
redis-wait,0,2,321,0.134,1
redis-wait,0,2,322,0.137,1
redis-wait,0,2,323,0.145,1
redis-wait,0,2,324,0.134,1
redis-wait,0,2,325,0.133,1
redis-wait,0,2,326,0.133,1
redis-wait,0,2,327,0.133,1
redis-wait,0,2,328,0.142,1
redis-wait,0,2,329,0.163,1
redis-wait,0,2,330,0.14,1
redis-wait,0,2,331,0.137,1
redis-wait,0,2,332,0.133,1
redis-wait,0,2,333,0.131,1
redis-wait,0,2,334,0.131,1
redis-wait,0,2,335,0.13,1
redis-wait,0,2,336,0.132,1
redis-wait,0,2,337,0.13,1
redis-wait,0,2,338,0.14,1
redis-wait,0,2,339,0.128,1
redis-wait,0,2,340,0.128,1
redis-wait,0,2,341,0.128,1
redis-wait,0,2,342,0.134,1
redis-wait,0,2,343,0.132,1
redis-wait,0,2,344,0.128,1
redis-wait,0,2,345,0.124,1
redis-wait,0,2,346,0.131,1
redis-wait,0,2,347,0.13,1
redis-wait,0,2,348,0.128,1
redis-wait,0,2,349,0.128,1
redis-wait,0,2,350,0.128,1
redis-wait,0,2,351,0.128,1
redis-wait,0,2,352,0.128,1
redis-wait,0,2,353,0.134,1
redis-wait,0,2,354,0.133,1
redis-wait,0,2,355,0.129,1
redis-wait,0,2,356,0.129,1
redis-wait,0,2,357,0.127,1
redis-wait,0,2,358,0.128,1
redis-wait,0,2,359,0.128,1
redis-wait,0,2,360,0.128,1
redis-wait,0,2,361,0.125,1
redis-wait,0,2,362,0.132,1
redis-wait,0,2,363,0.127,1
redis-wait,0,2,364,0.128,1
redis-wait,0,2,365,0.128,1
redis-wait,0,2,366,0.128,1
redis-wait,0,2,367,0.135,1
redis-wait,0,2,368,0.126,1
redis-wait,0,2,369,0.143,1
redis-wait,0,2,370,0.127,1
redis-wait,0,2,371,0.128,1
redis-wait,0,2,372,0.129,1
redis-wait,0,2,373,0.134,1
redis-wait,0,2,374,0.128,1
redis-wait,0,2,375,0.128,1
redis-wait,0,2,376,0.116,1
redis-wait,0,2,377,0.131,1
redis-wait,0,2,378,0.132,1
redis-wait,0,2,379,0.127,1
redis-wait,0,2,380,0.128,1
redis-wait,0,2,381,0.128,1
redis-wait,0,2,382,0.128,1
redis-wait,0,2,383,0.135,1
redis-wait,0,2,384,0.136,1
redis-wait,0,2,385,0.128,1
redis-wait,0,2,386,0.127,1
redis-wait,0,2,387,0.128,1
redis-wait,0,2,388,0.127,1
redis-wait,0,2,389,0.138,1
redis-wait,0,2,390,0.128,1
redis-wait,0,2,391,0.128,1
redis-wait,0,2,392,0.144,1
redis-wait,0,2,393,0.134,1
redis-wait,0,2,394,0.133,1
redis-wait,0,2,395,0.13,1
redis-wait,0,2,396,0.131,1
redis-wait,0,2,397,0.136,1
redis-wait,0,2,398,0.132,1
redis-wait,0,2,399,0.126,1
redis-wait,0,2,400,0.13,1
redis-wait,0,2,401,0.133,1
redis-wait,0,2,402,0.131,1
redis-wait,0,2,403,0.128,1
redis-wait,0,2,404,0.139,1
redis-wait,0,2,405,0.128,1
redis-wait,0,2,406,0.128,1
redis-wait,0,2,407,0.143,1
redis-wait,0,2,408,0.128,1
redis-wait,0,2,409,0.128,1
redis-wait,0,2,410,0.128,1
redis-wait,0,2,411,0.129,1
redis-wait,0,2,412,0.128,1
redis-wait,0,2,413,0.135,1
redis-wait,0,2,414,0.12,1
redis-wait,0,2,415,0.136,1
redis-wait,0,2,416,0.128,1
redis-wait,0,2,417,0.129,1
redis-wait,0,2,418,0.128,1
redis-wait,0,2,419,0.135,1
redis-wait,0,2,420,0.128,1
redis-wait,0,2,421,0.129,1
redis-wait,0,2,422,0.133,1
redis-wait,0,2,423,0.13,1
redis-wait,0,2,424,0.132,1
redis-wait,0,2,425,0.128,1
redis-wait,0,2,426,0.131,1
redis-wait,0,2,427,0.128,1
redis-wait,0,2,428,0.131,1
redis-wait,0,2,429,0.128,1
redis-wait,0,2,430,0.125,1
redis-wait,0,2,431,0.128,1
redis-wait,0,2,432,0.136,1
redis-wait,0,2,433,0.133,1
redis-wait,0,2,434,0.133,1
redis-wait,0,2,435,0.128,1
redis-wait,0,2,436,0.128,1
redis-wait,0,2,437,0.126,1
redis-wait,0,2,438,0.15,1
redis-wait,0,2,439,0.129,1
redis-wait,0,2,440,0.129,1
redis-wait,0,2,441,0.135,1
redis-wait,0,2,442,0.129,1
redis-wait,0,2,443,0.128,1
redis-wait,0,2,444,0.128,1
redis-wait,0,2,445,0.128,1
redis-wait,0,2,446,0.134,1
redis-wait,0,2,447,0.134,1
redis-wait,0,2,448,0.129,1
redis-wait,0,2,449,0.128,1
redis-wait,0,2,450,0.132,1
redis-wait,0,2,451,0.128,1
redis-wait,0,2,452,0.131,1
redis-wait,0,2,453,0.137,1
redis-wait,0,2,454,0.14,1
redis-wait,0,2,455,0.129,1
redis-wait,0,2,456,0.13,1
redis-wait,0,2,457,0.132,1
redis-wait,0,2,458,0.131,1
redis-wait,0,2,459,0.129,1
redis-wait,0,2,460,0.125,1
redis-wait,0,2,461,0.141,1
redis-wait,0,2,462,0.139,1
redis-wait,0,2,463,0.128,1
redis-wait,0,2,464,0.128,1
redis-wait,0,2,465,0.128,1
redis-wait,0,2,466,0.128,1
redis-wait,0,2,467,0.131,1
redis-wait,0,3,1,0.148,1
redis-wait,0,3,2,0.168,1
redis-wait,0,3,3,0.128,1
redis-wait,0,3,4,0.139,1
redis-wait,0,3,5,0.126,1
redis-wait,0,3,6,0.127,1
redis-wait,0,3,7,0.128,1
redis-wait,0,3,8,0.131,1
redis-wait,0,3,9,0.196,1
redis-wait,0,3,10,0.139,1
redis-wait,0,3,11,0.126,1
redis-wait,0,3,12,0.126,1
redis-wait,0,3,13,0.132,1
redis-wait,0,3,14,0.126,1
redis-wait,0,3,15,0.125,1
redis-wait,0,3,16,0.139,1
redis-wait,0,3,17,0.126,1
redis-wait,0,3,18,0.126,1
redis-wait,0,3,19,0.133,1
redis-wait,0,3,20,0.125,1
redis-wait,0,3,21,0.126,1
redis-wait,0,3,22,0.127,1
redis-wait,0,3,23,0.141,1
redis-wait,0,3,24,0.154,1
redis-wait,0,3,25,0.143,1
redis-wait,0,3,26,0.137,1
redis-wait,0,3,27,0.133,1
redis-wait,0,3,28,0.14,1
redis-wait,0,3,29,0.132,1
redis-wait,0,3,30,0.132,1
redis-wait,0,3,31,0.144,1
redis-wait,0,3,32,0.131,1
redis-wait,0,3,33,0.132,1
redis-wait,0,3,34,0.14,1
redis-wait,0,3,35,0.137,1
redis-wait,0,3,36,0.131,1
redis-wait,0,3,37,0.137,1
redis-wait,0,3,38,0.126,1
redis-wait,0,3,39,0.132,1
redis-wait,0,3,40,0.147,1
redis-wait,0,3,41,0.132,1
redis-wait,0,3,42,0.136,1
redis-wait,0,3,43,0.139,1
redis-wait,0,3,44,0.132,1
redis-wait,0,3,45,0.13,1
redis-wait,0,3,46,0.147,1
redis-wait,0,3,47,0.131,1
redis-wait,0,3,48,0.139,1
redis-wait,0,3,49,0.132,1
redis-wait,0,3,50,0.139,1
redis-wait,0,3,51,0.132,1
redis-wait,0,3,52,0.134,1
redis-wait,0,3,53,0.139,1
redis-wait,0,3,54,0.139,1
redis-wait,0,3,55,0.137,1
redis-wait,0,3,56,0.132,1
redis-wait,0,3,57,0.132,1
redis-wait,0,3,58,0.139,1
redis-wait,0,3,59,0.135,1
redis-wait,0,3,60,0.124,1
redis-wait,0,3,61,0.146,1
redis-wait,0,3,62,0.14,1
redis-wait,0,3,63,0.131,1
redis-wait,0,3,64,0.142,1
redis-wait,0,3,65,0.132,1
redis-wait,0,3,66,0.137,1
redis-wait,0,3,67,0.132,1
redis-wait,0,3,68,0.149,1
redis-wait,0,3,69,0.151,1
redis-wait,0,3,70,0.133,1
redis-wait,0,3,71,0.139,1
redis-wait,0,3,72,0.132,1
redis-wait,0,3,73,0.132,1
redis-wait,0,3,74,0.131,1
redis-wait,0,3,75,0.158,1
redis-wait,0,3,76,0.142,1
redis-wait,0,3,77,0.131,1
redis-wait,0,3,78,0.131,1
redis-wait,0,3,79,0.127,1
redis-wait,0,3,80,0.127,1
redis-wait,0,3,81,0.128,1
redis-wait,0,3,82,0.118,1
redis-wait,0,3,83,0.136,1
redis-wait,0,3,84,0.139,1
redis-wait,0,3,85,0.126,1
redis-wait,0,3,86,0.127,1
redis-wait,0,3,87,0.14,1
redis-wait,0,3,88,0.131,1
redis-wait,0,3,89,0.126,1
redis-wait,0,3,90,0.141,1
redis-wait,0,3,91,0.132,1
redis-wait,0,3,92,0.132,1
redis-wait,0,3,93,0.139,1
redis-wait,0,3,94,0.132,1
redis-wait,0,3,95,0.132,1
redis-wait,0,3,96,0.133,1
redis-wait,0,3,97,0.129,1
redis-wait,0,3,98,0.132,1
redis-wait,0,3,99,0.144,1
redis-wait,0,3,100,0.138,1
redis-wait,0,3,101,0.134,1
redis-wait,0,3,102,0.135,1
redis-wait,0,3,103,0.135,1
redis-wait,0,3,104,0.136,1
redis-wait,0,3,105,0.149,1
redis-wait,0,3,106,0.15,1
redis-wait,0,3,107,0.136,1
redis-wait,0,3,108,0.132,1
redis-wait,0,3,109,0.137,1
redis-wait,0,3,110,0.151,1
redis-wait,0,3,111,0.133,1
redis-wait,0,3,112,0.139,1
redis-wait,0,3,113,0.15,1
redis-wait,0,3,114,0.141,1
redis-wait,0,3,115,0.14,1
redis-wait,0,3,116,0.135,1
redis-wait,0,3,117,0.135,1
redis-wait,0,3,118,0.137,1
redis-wait,0,3,119,0.149,1
redis-wait,0,3,120,0.128,1
redis-wait,0,3,121,0.138,1
redis-wait,0,3,122,0.13,1
redis-wait,0,3,123,0.132,1
redis-wait,0,3,124,0.133,1
redis-wait,0,3,125,0.129,1
redis-wait,0,3,126,0.124,1
redis-wait,0,3,127,0.15,1
redis-wait,0,3,128,0.13,1
redis-wait,0,3,129,0.132,1
redis-wait,0,3,130,0.131,1
redis-wait,0,3,131,0.134,1
redis-wait,0,3,132,0.13,1
redis-wait,0,3,133,0.13,1
redis-wait,0,3,134,0.126,1
redis-wait,0,3,135,0.131,1
redis-wait,0,3,136,0.137,1
redis-wait,0,3,137,0.13,1
redis-wait,0,3,138,0.13,1
redis-wait,0,3,139,0.133,1
redis-wait,0,3,140,0.13,1
redis-wait,0,3,141,0.128,1
redis-wait,0,3,142,0.131,1
redis-wait,0,3,143,0.13,1
redis-wait,0,3,144,0.132,1
redis-wait,0,3,145,0.134,1
redis-wait,0,3,146,0.13,1
redis-wait,0,3,147,0.136,1
redis-wait,0,3,148,0.13,1
redis-wait,0,3,149,0.125,1
redis-wait,0,3,150,0.136,1
redis-wait,0,3,151,0.135,1
redis-wait,0,3,152,0.13,1
redis-wait,0,3,153,0.13,1
redis-wait,0,3,154,0.132,1
redis-wait,0,3,155,0.129,1
redis-wait,0,3,156,0.129,1
redis-wait,0,3,157,0.14,1
redis-wait,0,3,158,0.13,1
redis-wait,0,3,159,0.129,1
redis-wait,0,3,160,0.137,1
redis-wait,0,3,161,0.129,1
redis-wait,0,3,162,0.132,1
redis-wait,0,3,163,0.131,1
redis-wait,0,3,164,0.128,1
redis-wait,0,3,165,0.133,1
redis-wait,0,3,166,0.131,1
redis-wait,0,3,167,0.135,1
redis-wait,0,3,168,0.133,1
redis-wait,0,3,169,0.134,1
redis-wait,0,3,170,0.131,1
redis-wait,0,3,171,0.131,1
redis-wait,0,3,172,0.142,1
redis-wait,0,3,173,0.131,1
redis-wait,0,3,174,0.131,1
redis-wait,0,3,175,0.132,1
redis-wait,0,3,176,0.13,1
redis-wait,0,3,177,0.13,1
redis-wait,0,3,178,0.13,1
redis-wait,0,3,179,0.126,1
redis-wait,0,3,180,0.145,1
redis-wait,0,3,181,0.13,1
redis-wait,0,3,182,0.132,1
redis-wait,0,3,183,0.133,1
redis-wait,0,3,184,0.135,1
redis-wait,0,3,185,0.137,1
redis-wait,0,3,186,0.13,1
redis-wait,0,3,187,0.124,1
redis-wait,0,3,188,0.13,1
redis-wait,0,3,189,0.14,1
redis-wait,0,3,190,0.136,1
redis-wait,0,3,191,0.129,1
redis-wait,0,3,192,0.132,1
redis-wait,0,3,193,0.131,1
redis-wait,0,3,194,0.128,1
redis-wait,0,3,195,0.129,1
redis-wait,0,3,196,0.132,1
redis-wait,0,3,197,0.13,1
redis-wait,0,3,198,0.13,1
redis-wait,0,3,199,0.145,1
redis-wait,0,3,200,0.131,1
redis-wait,0,3,201,0.13,1
redis-wait,0,3,202,0.131,1
redis-wait,0,3,203,0.141,1
redis-wait,0,3,204,0.13,1
redis-wait,0,3,205,0.131,1
redis-wait,0,3,206,0.13,1
redis-wait,0,3,207,0.126,1
redis-wait,0,3,208,0.126,1
redis-wait,0,3,209,0.126,1
redis-wait,0,3,210,0.142,1
redis-wait,0,3,211,0.13,1
redis-wait,0,3,212,0.127,1
redis-wait,0,3,213,0.128,1
redis-wait,0,3,214,0.131,1
redis-wait,0,3,215,0.129,1
redis-wait,0,3,216,0.128,1
redis-wait,0,3,217,0.121,1
redis-wait,0,3,218,0.134,1
redis-wait,0,3,219,0.151,1
redis-wait,0,3,220,0.127,1
redis-wait,0,3,221,0.138,1
redis-wait,0,3,222,0.128,1
redis-wait,0,3,223,0.129,1
redis-wait,0,3,224,0.13,1
redis-wait,0,3,225,0.144,1
redis-wait,0,3,226,0.144,1
redis-wait,0,3,227,0.128,1
redis-wait,0,3,228,0.13,1
redis-wait,0,3,229,0.135,1
redis-wait,0,3,230,0.129,1
redis-wait,0,3,231,0.13,1
redis-wait,0,3,232,0.124,1
redis-wait,0,3,233,0.152,1
redis-wait,0,3,234,0.131,1
redis-wait,0,3,235,0.133,1
redis-wait,0,3,236,0.131,1
redis-wait,0,3,237,0.13,1
redis-wait,0,3,238,0.13,1
redis-wait,0,3,239,0.131,1
redis-wait,0,3,240,0.142,1
redis-wait,0,3,241,0.13,1
redis-wait,0,3,242,0.134,1
redis-wait,0,3,243,0.13,1
redis-wait,0,3,244,0.134,1
redis-wait,0,3,245,0.13,1
redis-wait,0,3,246,0.13,1
redis-wait,0,3,247,0.125,1
redis-wait,0,3,248,0.128,1
redis-wait,0,3,249,0.136,1
redis-wait,0,3,250,0.131,1
redis-wait,0,3,251,0.13,1
redis-wait,0,3,252,0.13,1
redis-wait,0,3,253,0.131,1
redis-wait,0,3,254,0.138,1
redis-wait,0,3,255,0.147,1
redis-wait,0,3,256,0.132,1
redis-wait,0,3,257,0.134,1
redis-wait,0,3,258,0.154,1
redis-wait,0,3,259,0.136,1
redis-wait,0,3,260,0.137,1
redis-wait,0,3,261,0.13,1
redis-wait,0,3,262,0.117,1
redis-wait,0,3,263,0.128,1
redis-wait,0,3,264,0.138,1
redis-wait,0,3,265,0.131,1
redis-wait,0,3,266,0.133,1
redis-wait,0,3,267,0.131,1
redis-wait,0,3,268,0.132,1
redis-wait,0,3,269,0.134,1
redis-wait,0,3,270,0.141,1
redis-wait,0,3,271,0.133,1
redis-wait,0,3,272,0.131,1
redis-wait,0,3,273,0.131,1
redis-wait,0,3,274,0.132,1
redis-wait,0,3,275,0.131,1
redis-wait,0,3,276,0.131,1
redis-wait,0,3,277,0.125,1
redis-wait,0,3,278,0.13,1
redis-wait,0,3,279,0.15,1
redis-wait,0,3,280,0.131,1
redis-wait,0,3,281,0.139,1
redis-wait,0,3,282,0.133,1
redis-wait,0,3,283,0.133,1
redis-wait,0,3,284,0.134,1
redis-wait,0,3,285,0.138,1
redis-wait,0,3,286,0.136,1
redis-wait,0,3,287,0.132,1
redis-wait,0,3,288,0.139,1
redis-wait,0,3,289,0.133,1
redis-wait,0,3,290,0.134,1
redis-wait,0,3,291,0.133,1
redis-wait,0,3,292,0.12,1
redis-wait,0,3,293,0.145,1
redis-wait,0,3,294,0.161,1
redis-wait,0,3,295,0.13,1
redis-wait,0,3,296,0.13,1
redis-wait,0,3,297,0.13,1
redis-wait,0,3,298,0.13,1
redis-wait,0,3,299,0.131,1
redis-wait,0,3,300,0.143,1
redis-wait,0,3,301,0.143,1
redis-wait,0,3,302,0.135,1
redis-wait,0,3,303,0.145,1
redis-wait,0,3,304,0.128,1
redis-wait,0,3,305,0.127,1
redis-wait,0,3,306,0.127,1
redis-wait,0,3,307,0.143,1
redis-wait,0,3,308,0.134,1
redis-wait,0,3,309,0.147,1
redis-wait,0,3,310,0.131,1
redis-wait,0,3,311,0.13,1
redis-wait,0,3,312,0.131,1
redis-wait,0,3,313,0.134,1
redis-wait,0,3,314,0.128,1
redis-wait,0,3,315,0.15,1
redis-wait,0,3,316,0.126,1
redis-wait,0,3,317,0.13,1
redis-wait,0,3,318,0.15,1
redis-wait,0,3,319,0.146,1
redis-wait,0,3,320,0.128,1
redis-wait,0,3,321,0.128,1
redis-wait,0,3,322,0.13,1
redis-wait,0,3,323,0.151,1
redis-wait,0,3,324,0.128,1
redis-wait,0,3,325,0.128,1
redis-wait,0,3,326,0.132,1
redis-wait,0,3,327,0.129,1
redis-wait,0,3,328,0.132,1
redis-wait,0,3,329,0.123,1
redis-wait,0,3,330,0.132,1
redis-wait,0,3,331,0.131,1
redis-wait,0,3,332,0.131,1
redis-wait,0,3,333,0.128,1
redis-wait,0,3,334,0.131,1
redis-wait,0,3,335,0.131,1
redis-wait,0,3,336,0.129,1
redis-wait,0,3,337,0.125,1
redis-wait,0,3,338,0.128,1
redis-wait,0,3,339,0.128,1
redis-wait,0,3,340,0.128,1
redis-wait,0,3,341,0.128,1
redis-wait,0,3,342,0.129,1
redis-wait,0,3,343,0.13,1
redis-wait,0,3,344,0.13,1
redis-wait,0,3,345,0.126,1
redis-wait,0,3,346,0.131,1
redis-wait,0,3,347,0.13,1
redis-wait,0,3,348,0.131,1
redis-wait,0,3,349,0.13,1
redis-wait,0,3,350,0.129,1
redis-wait,0,3,351,0.129,1
redis-wait,0,3,352,0.13,1
redis-wait,0,3,353,0.153,1
redis-wait,0,3,354,0.131,1
redis-wait,0,3,355,0.132,1
redis-wait,0,3,356,0.141,1
redis-wait,0,3,357,0.132,1
redis-wait,0,3,358,0.131,1
redis-wait,0,3,359,0.131,1
redis-wait,0,3,360,0.135,1
redis-wait,0,3,361,0.144,1
redis-wait,0,3,362,0.133,1
redis-wait,0,3,363,0.132,1
redis-wait,0,3,364,0.131,1
redis-wait,0,3,365,0.131,1
redis-wait,0,3,366,0.131,1
redis-wait,0,3,367,0.127,1
redis-wait,0,3,368,0.131,1
redis-wait,0,3,369,0.142,1
redis-wait,0,3,370,0.129,1
redis-wait,0,3,371,0.129,1
redis-wait,0,3,372,0.129,1
redis-wait,0,3,373,0.129,1
redis-wait,0,3,374,0.128,1
redis-wait,0,3,375,0.137,1
redis-wait,0,3,376,0.144,1
redis-wait,0,3,377,0.133,1
redis-wait,0,3,378,0.134,1
redis-wait,0,3,379,0.131,1
redis-wait,0,3,380,0.133,1
redis-wait,0,3,381,0.133,1
redis-wait,0,3,382,0.132,1
redis-wait,0,3,383,0.133,1
redis-wait,0,3,384,0.142,1
redis-wait,0,3,385,0.132,1
redis-wait,0,3,386,0.128,1
redis-wait,0,3,387,0.13,1
redis-wait,0,3,388,0.134,1
redis-wait,0,3,389,0.128,1
redis-wait,0,3,390,0.144,1
redis-wait,0,3,391,0.139,1
redis-wait,0,3,392,0.15,1
redis-wait,0,3,393,0.139,1
redis-wait,0,3,394,0.135,1
redis-wait,0,3,395,0.135,1
redis-wait,0,3,396,0.135,1
redis-wait,0,3,397,0.134,1
redis-wait,0,3,398,0.136,1
redis-wait,0,3,399,0.146,1
redis-wait,0,3,400,0.134,1
redis-wait,0,3,401,0.135,1
redis-wait,0,3,402,0.147,1
redis-wait,0,3,403,0.137,1
redis-wait,0,3,404,0.14,1
redis-wait,0,3,405,0.146,1
redis-wait,0,3,406,0.143,1
redis-wait,0,3,407,0.139,1
redis-wait,0,3,408,0.135,1
redis-wait,0,3,409,0.136,1
redis-wait,0,3,410,0.136,1
redis-wait,0,3,411,0.13,1
redis-wait,0,3,412,0.134,1
redis-wait,0,3,413,0.135,1
redis-wait,0,3,414,0.137,1
redis-wait,0,3,415,0.134,1
redis-wait,0,3,416,0.134,1
redis-wait,0,3,417,0.134,1
redis-wait,0,3,418,0.134,1
redis-wait,0,3,419,0.161,1
redis-wait,0,3,420,0.135,1
redis-wait,0,3,421,0.141,1
redis-wait,0,3,422,0.135,1
redis-wait,0,3,423,0.134,1
redis-wait,0,3,424,0.135,1
redis-wait,0,3,425,0.134,1
redis-wait,0,3,426,0.136,1
redis-wait,0,3,427,0.135,1
redis-wait,0,3,428,0.133,1
redis-wait,0,3,429,0.136,1
redis-wait,0,3,430,0.14,1
redis-wait,0,3,431,0.142,1
redis-wait,0,3,432,0.134,1
redis-wait,0,3,433,0.129,1
redis-wait,0,3,434,0.155,1
redis-wait,0,3,435,0.136,1
redis-wait,0,3,436,0.135,1
redis-wait,0,3,437,0.135,1
redis-wait,0,3,438,0.134,1
redis-wait,0,3,439,0.134,1
redis-wait,0,3,440,0.142,1
redis-wait,0,3,441,0.129,1
redis-wait,0,3,442,0.24,1
redis-wait,0,3,443,0.14,1
redis-wait,0,3,444,0.134,1
redis-wait,0,3,445,0.134,1
redis-wait,0,3,446,0.134,1
redis-wait,0,3,447,0.131,1
redis-wait,0,3,448,0.136,1
redis-wait,0,3,449,0.14,1
redis-wait,0,3,450,0.136,1
redis-wait,0,3,451,0.136,1
redis-wait,0,3,452,0.138,1
redis-wait,0,3,453,0.139,1
redis-wait,0,3,454,0.137,1
redis-wait,0,3,455,0.142,1
redis-wait,0,3,456,0.135,1
redis-wait,0,3,457,0.152,1
redis-wait,0,3,458,0.14,1
redis-wait,0,3,459,0.129,1
redis-wait,0,3,460,0.138,1
redis-wait,0,3,461,0.13,1
redis-wait,0,3,462,0.14,1
redis-wait,0,3,463,0.132,1
redis-wait,0,3,464,0.131,1
redis-wait,0,3,465,0.134,1
redis-wait,0,3,466,0.13,1
redis-wait,0,3,467,0.129,1
mongo-w1,2,1,1,10.74,
mongo-w1,2,1,2,0.735,
mongo-w1,2,1,3,0.927,
mongo-w1,2,1,4,0.791,
mongo-w1,2,1,5,0.503,
mongo-w1,2,1,6,0.454,
mongo-w1,2,1,7,0.313,
mongo-w1,2,1,8,0.395,
mongo-w1,2,1,9,0.427,
mongo-w1,2,1,10,0.322,
mongo-w1,2,1,11,0.437,
mongo-w1,2,1,12,0.494,
mongo-w1,2,1,13,0.29,
mongo-w1,2,1,14,0.425,
mongo-w1,2,1,15,0.532,
mongo-w1,2,1,16,0.614,
mongo-w1,2,1,17,0.459,
mongo-w1,2,1,18,0.434,
mongo-w1,2,1,19,0.369,
mongo-w1,2,1,20,0.415,
mongo-w1,2,1,21,0.373,
mongo-w1,2,1,22,0.396,
mongo-w1,2,1,23,0.395,
mongo-w1,2,1,24,0.583,
mongo-w1,2,1,25,0.386,
mongo-w1,2,1,26,0.605,
mongo-w1,2,1,27,0.535,
mongo-w1,2,1,28,0.614,
mongo-w1,2,1,29,0.706,
mongo-w1,2,1,30,0.412,
mongo-w1,2,1,31,0.698,
mongo-w1,2,1,32,0.263,
mongo-w1,2,1,33,0.425,
mongo-w1,2,1,34,0.287,
mongo-w1,2,1,35,0.369,
mongo-w1,2,1,36,0.418,
mongo-w1,2,1,37,0.405,
mongo-w1,2,1,38,0.331,
mongo-w1,2,1,39,0.377,
mongo-w1,2,1,40,0.384,
mongo-w1,2,1,41,0.49,
mongo-w1,2,1,42,0.291,
mongo-w1,2,1,43,0.251,
mongo-w1,2,1,44,0.369,
mongo-w1,2,1,45,0.428,
mongo-w1,2,1,46,0.32,
mongo-w1,2,1,47,0.245,
mongo-w1,2,1,48,0.332,
mongo-w1,2,1,49,0.223,
mongo-w1,2,1,50,0.319,
mongo-w1,2,1,51,0.364,
mongo-w1,2,1,52,0.414,
mongo-w1,2,1,53,0.76,
mongo-w1,2,1,54,0.348,
mongo-w1,2,1,55,0.395,
mongo-w1,2,1,56,0.292,
mongo-w1,2,1,57,0.249,
mongo-w1,2,1,58,0.227,
mongo-w1,2,1,59,0.304,
mongo-w1,2,1,60,0.356,
mongo-w1,2,1,61,0.395,
mongo-w1,2,1,62,0.304,
mongo-w1,2,1,63,0.285,
mongo-w1,2,1,64,0.215,
mongo-w1,2,1,65,0.302,
mongo-w1,2,1,66,0.3,
mongo-w1,2,1,67,0.379,
mongo-w1,2,1,68,0.355,
mongo-w1,2,1,69,0.299,
mongo-w1,2,1,70,0.264,
mongo-w1,2,1,71,0.247,
mongo-w1,2,1,72,0.31,
mongo-w1,2,1,73,0.387,
mongo-w1,2,1,74,0.239,
mongo-w1,2,1,75,0.569,
mongo-w1,2,1,76,0.552,
mongo-w1,2,1,77,0.337,
mongo-w1,2,1,78,0.256,
mongo-w1,2,1,79,0.303,
mongo-w1,2,1,80,0.313,
mongo-w1,2,1,81,0.418,
mongo-w1,2,1,82,0.358,
mongo-w1,2,1,83,0.349,
mongo-w1,2,1,84,0.349,
mongo-w1,2,1,85,0.25,
mongo-w1,2,1,86,0.318,
mongo-w1,2,1,87,0.241,
mongo-w1,2,1,88,0.31,
mongo-w1,2,1,89,0.385,
mongo-w1,2,1,90,0.363,
mongo-w1,2,1,91,0.447,
mongo-w1,2,1,92,0.388,
mongo-w1,2,1,93,0.197,
mongo-w1,2,1,94,0.551,
mongo-w1,2,1,95,0.267,
mongo-w1,2,1,96,0.288,
mongo-w1,2,1,97,0.263,
mongo-w1,2,1,98,0.304,
mongo-w1,2,1,99,0.557,
mongo-w1,2,1,100,0.251,
mongo-w1,2,1,101,0.851,
mongo-w1,2,1,102,0.534,
mongo-w1,2,1,103,0.412,
mongo-w1,2,1,104,0.256,
mongo-w1,2,1,105,0.277,
mongo-w1,2,1,106,0.364,
mongo-w1,2,1,107,0.232,
mongo-w1,2,1,108,0.447,
mongo-w1,2,1,109,0.284,
mongo-w1,2,1,110,0.207,
mongo-w1,2,1,111,0.212,
mongo-w1,2,1,112,0.227,
mongo-w1,2,1,113,0.173,
mongo-w1,2,1,114,0.2,
mongo-w1,2,1,115,0.15,
mongo-w1,2,1,116,0.25,
mongo-w1,2,1,117,0.191,
mongo-w1,2,1,118,0.204,
mongo-w1,2,1,119,0.211,
mongo-w1,2,1,120,0.189,
mongo-w1,2,1,121,0.372,
mongo-w1,2,1,122,0.185,
mongo-w1,2,1,123,0.135,
mongo-w1,2,1,124,0.502,
mongo-w1,2,1,125,0.236,
mongo-w1,2,1,126,0.299,
mongo-w1,2,1,127,0.247,
mongo-w1,2,1,128,0.399,
mongo-w1,2,1,129,0.773,
mongo-w1,2,1,130,0.297,
mongo-w1,2,1,131,0.274,
mongo-w1,2,1,132,0.431,
mongo-w1,2,1,133,0.27,
mongo-w1,2,1,134,0.544,
mongo-w1,2,1,135,0.278,
mongo-w1,2,1,136,0.176,
mongo-w1,2,1,137,0.338,
mongo-w1,2,1,138,0.344,
mongo-w1,2,1,139,0.242,
mongo-w1,2,1,140,0.23,
mongo-w1,2,1,141,0.303,
mongo-w1,2,1,142,0.241,
mongo-w1,2,1,143,0.173,
mongo-w1,2,1,144,0.169,
mongo-w1,2,1,145,0.344,
mongo-w1,2,1,146,0.245,
mongo-w1,2,1,147,0.181,
mongo-w1,2,1,148,0.291,
mongo-w1,2,1,149,0.183,
mongo-w1,2,1,150,0.243,
mongo-w1,2,1,151,0.134,
mongo-w1,2,1,152,0.209,
mongo-w1,2,1,153,0.269,
mongo-w1,2,1,154,0.242,
mongo-w1,2,1,155,0.276,
mongo-w1,2,1,156,0.301,
mongo-w1,2,1,157,0.259,
mongo-w1,2,1,158,0.357,
mongo-w1,2,1,159,0.713,
mongo-w1,2,1,160,0.202,
mongo-w1,2,1,161,0.586,
mongo-w1,2,1,162,0.583,
mongo-w1,2,1,163,0.366,
mongo-w1,2,1,164,0.344,
mongo-w1,2,1,165,0.501,
mongo-w1,2,1,166,0.212,
mongo-w1,2,1,167,0.26,
mongo-w1,2,1,168,0.154,
mongo-w1,2,1,169,0.459,
mongo-w1,2,1,170,0.394,
mongo-w1,2,1,171,0.192,
mongo-w1,2,1,172,0.287,
mongo-w1,2,1,173,0.319,
mongo-w1,2,1,174,0.34,
mongo-w1,2,1,175,0.267,
mongo-w1,2,1,176,0.197,
mongo-w1,2,1,177,0.204,
mongo-w1,2,1,178,0.287,
mongo-w1,2,1,179,0.308,
mongo-w1,2,1,180,0.277,
mongo-w1,2,1,181,0.188,
mongo-w1,2,1,182,0.316,
mongo-w1,2,1,183,0.25,
mongo-w1,2,1,184,0.184,
mongo-w1,2,1,185,0.319,
mongo-w1,2,1,186,0.255,
mongo-w1,2,1,187,0.158,
mongo-w1,2,1,188,0.558,
mongo-w1,2,1,189,0.465,
mongo-w1,2,1,190,0.213,
mongo-w1,2,1,191,0.179,
mongo-w1,2,1,192,0.303,
mongo-w1,2,1,193,0.176,
mongo-w1,2,1,194,0.295,
mongo-w1,2,1,195,0.23,
mongo-w1,2,1,196,0.198,
mongo-w1,2,1,197,0.416,
mongo-w1,2,1,198,0.183,
mongo-w1,2,1,199,0.168,
mongo-w1,2,1,200,0.299,
mongo-w1,2,1,201,0.144,
mongo-w1,2,1,202,0.268,
mongo-w1,2,1,203,0.273,
mongo-w1,2,1,204,0.183,
mongo-w1,2,1,205,0.334,
mongo-w1,2,1,206,0.214,
mongo-w1,2,1,207,0.208,
mongo-w1,2,1,208,0.254,
mongo-w1,2,1,209,0.21,
mongo-w1,2,1,210,0.156,
mongo-w1,2,1,211,0.242,
mongo-w1,2,1,212,0.349,
mongo-w1,2,1,213,0.235,
mongo-w1,2,1,214,0.219,
mongo-w1,2,1,215,0.344,
mongo-w1,2,1,216,0.2,
mongo-w1,2,1,217,0.436,
mongo-w1,2,1,218,0.183,
mongo-w1,2,1,219,0.177,
mongo-w1,2,1,220,0.131,
mongo-w1,2,1,221,0.222,
mongo-w1,2,1,222,0.196,
mongo-w1,2,1,223,0.196,
mongo-w1,2,1,224,0.146,
mongo-w1,2,1,225,0.2,
mongo-w1,2,1,226,0.122,
mongo-w1,2,1,227,0.111,
mongo-w1,2,1,228,0.14,
mongo-w1,2,1,229,0.124,
mongo-w1,2,1,230,0.126,
mongo-w1,2,1,231,0.212,
mongo-w1,2,1,232,0.222,
mongo-w1,2,1,233,0.228,
mongo-w1,2,1,234,0.172,
mongo-w1,2,1,235,0.313,
mongo-w1,2,1,236,0.202,
mongo-w1,2,1,237,0.182,
mongo-w1,2,1,238,0.169,
mongo-w1,2,1,239,0.282,
mongo-w1,2,1,240,0.241,
mongo-w1,2,1,241,0.152,
mongo-w1,2,1,242,0.208,
mongo-w1,2,1,243,0.167,
mongo-w1,2,1,244,0.371,
mongo-w1,2,1,245,0.389,
mongo-w1,2,1,246,0.165,
mongo-w1,2,1,247,0.281,
mongo-w1,2,1,248,0.269,
mongo-w1,2,1,249,0.141,
mongo-w1,2,1,250,0.128,
mongo-w1,2,1,251,0.156,
mongo-w1,2,1,252,0.129,
mongo-w1,2,1,253,0.114,
mongo-w1,2,1,254,0.214,
mongo-w1,2,1,255,0.762,
mongo-w1,2,1,256,1.233,
mongo-w1,2,1,257,0.341,
mongo-w1,2,1,258,0.211,
mongo-w1,2,1,259,0.181,
mongo-w1,2,1,260,0.23,
mongo-w1,2,1,261,0.139,
mongo-w1,2,1,262,0.246,
mongo-w1,2,1,263,0.492,
mongo-w1,2,1,264,0.393,
mongo-w1,2,1,265,0.311,
mongo-w1,2,1,266,0.199,
mongo-w1,2,1,267,0.366,
mongo-w1,2,1,268,0.268,
mongo-w1,2,1,269,0.346,
mongo-w1,2,1,270,0.21,
mongo-w1,2,1,271,0.337,
mongo-w1,2,1,272,0.181,
mongo-w1,2,1,273,0.226,
mongo-w1,2,1,274,0.311,
mongo-w1,2,1,275,0.171,
mongo-w1,2,1,276,0.215,
mongo-w1,2,1,277,0.222,
mongo-w1,2,1,278,0.226,
mongo-w1,2,1,279,0.251,
mongo-w1,2,1,280,0.191,
mongo-w1,2,1,281,0.202,
mongo-w1,2,1,282,0.316,
mongo-w1,2,1,283,0.62,
mongo-w1,2,1,284,0.202,
mongo-w1,2,1,285,0.332,
mongo-w1,2,1,286,0.198,
mongo-w1,2,1,287,0.121,
mongo-w1,2,1,288,0.275,
mongo-w1,2,1,289,0.206,
mongo-w1,2,1,290,0.263,
mongo-w1,2,1,291,0.134,
mongo-w1,2,1,292,0.203,
mongo-w1,2,1,293,0.131,
mongo-w1,2,1,294,0.143,
mongo-w1,2,1,295,0.121,
mongo-w1,2,1,296,0.127,
mongo-w1,2,1,297,0.163,
mongo-w1,2,1,298,0.269,
mongo-w1,2,1,299,0.158,
mongo-w1,2,1,300,0.161,
mongo-w1,2,1,301,0.334,
mongo-w1,2,1,302,0.151,
mongo-w1,2,1,303,0.122,
mongo-w1,2,1,304,0.44,
mongo-w1,2,1,305,0.297,
mongo-w1,2,1,306,0.172,
mongo-w1,2,1,307,0.213,
mongo-w1,2,1,308,0.277,
mongo-w1,2,1,309,0.25,
mongo-w1,2,1,310,0.259,
mongo-w1,2,1,311,0.127,
mongo-w1,2,1,312,0.124,
mongo-w1,2,1,313,0.111,
mongo-w1,2,1,314,0.59,
mongo-w1,2,1,315,0.266,
mongo-w1,2,1,316,0.227,
mongo-w1,2,1,317,0.183,
mongo-w1,2,1,318,0.161,
mongo-w1,2,1,319,0.225,
mongo-w1,2,1,320,0.316,
mongo-w1,2,1,321,0.363,
mongo-w1,2,1,322,0.182,
mongo-w1,2,1,323,0.26,
mongo-w1,2,1,324,0.283,
mongo-w1,2,1,325,0.36,
mongo-w1,2,1,326,0.208,
mongo-w1,2,1,327,0.305,
mongo-w1,2,1,328,0.392,
mongo-w1,2,1,329,0.395,
mongo-w1,2,1,330,0.194,
mongo-w1,2,1,331,0.816,
mongo-w1,2,1,332,0.211,
mongo-w1,2,1,333,0.177,
mongo-w1,2,1,334,0.425,
mongo-w1,2,1,335,0.249,
mongo-w1,2,1,336,0.219,
mongo-w1,2,1,337,0.364,
mongo-w1,2,1,338,0.254,
mongo-w1,2,1,339,0.197,
mongo-w1,2,1,340,0.47,
mongo-w1,2,1,341,0.586,
mongo-w1,2,1,342,0.26,
mongo-w1,2,1,343,0.187,
mongo-w1,2,1,344,0.438,
mongo-w1,2,1,345,0.396,
mongo-w1,2,1,346,0.56,
mongo-w1,2,1,347,0.26,
mongo-w1,2,1,348,0.213,
mongo-w1,2,1,349,0.211,
mongo-w1,2,1,350,0.176,
mongo-w1,2,1,351,0.19,
mongo-w1,2,1,352,0.31,
mongo-w1,2,1,353,0.328,
mongo-w1,2,1,354,0.156,
mongo-w1,2,1,355,0.216,
mongo-w1,2,1,356,0.19,
mongo-w1,2,1,357,0.155,
mongo-w1,2,1,358,0.24,
mongo-w1,2,1,359,0.297,
mongo-w1,2,1,360,0.183,
mongo-w1,2,1,361,0.205,
mongo-w1,2,1,362,0.194,
mongo-w1,2,1,363,0.307,
mongo-w1,2,1,364,0.326,
mongo-w1,2,1,365,0.219,
mongo-w1,2,1,366,0.281,
mongo-w1,2,1,367,0.278,
mongo-w1,2,1,368,0.212,
mongo-w1,2,1,369,0.152,
mongo-w1,2,1,370,0.175,
mongo-w1,2,1,371,0.39,
mongo-w1,2,1,372,0.239,
mongo-w1,2,1,373,0.185,
mongo-w1,2,1,374,0.254,
mongo-w1,2,1,375,0.267,
mongo-w1,2,1,376,0.175,
mongo-w1,2,1,377,0.357,
mongo-w1,2,1,378,0.241,
mongo-w1,2,1,379,0.183,
mongo-w1,2,1,380,0.202,
mongo-w1,2,1,381,0.266,
mongo-w1,2,1,382,0.247,
mongo-w1,2,1,383,0.233,
mongo-w1,2,1,384,0.235,
mongo-w1,2,1,385,0.147,
mongo-w1,2,1,386,0.137,
mongo-w1,2,1,387,0.104,
mongo-w1,2,1,388,0.12,
mongo-w1,2,1,389,0.142,
mongo-w1,2,1,390,0.109,
mongo-w1,2,1,391,0.124,
mongo-w1,2,1,392,0.123,
mongo-w1,2,1,393,0.385,
mongo-w1,2,1,394,0.221,
mongo-w1,2,1,395,0.205,
mongo-w1,2,1,396,0.208,
mongo-w1,2,1,397,0.376,
mongo-w1,2,1,398,0.348,
mongo-w1,2,1,399,0.168,
mongo-w1,2,1,400,0.178,
mongo-w1,2,1,401,0.265,
mongo-w1,2,1,402,0.222,
mongo-w1,2,1,403,0.283,
mongo-w1,2,1,404,0.27,
mongo-w1,2,1,405,0.186,
mongo-w1,2,1,406,0.186,
mongo-w1,2,1,407,0.242,
mongo-w1,2,1,408,0.427,
mongo-w1,2,1,409,0.165,
mongo-w1,2,1,410,0.175,
mongo-w1,2,1,411,0.29,
mongo-w1,2,1,412,0.575,
mongo-w1,2,1,413,0.653,
mongo-w1,2,1,414,0.242,
mongo-w1,2,1,415,0.242,
mongo-w1,2,1,416,0.456,
mongo-w1,2,1,417,0.215,
mongo-w1,2,1,418,0.176,
mongo-w1,2,1,419,0.146,
mongo-w1,2,1,420,0.271,
mongo-w1,2,1,421,0.259,
mongo-w1,2,1,422,0.29,
mongo-w1,2,1,423,0.174,
mongo-w1,2,1,424,0.148,
mongo-w1,2,1,425,0.113,
mongo-w1,2,1,426,0.165,
mongo-w1,2,1,427,0.117,
mongo-w1,2,1,428,0.116,
mongo-w1,2,1,429,0.243,
mongo-w1,2,1,430,0.152,
mongo-w1,2,1,431,0.181,
mongo-w1,2,1,432,0.121,
mongo-w1,2,1,433,0.422,
mongo-w1,2,1,434,0.361,
mongo-w1,2,1,435,0.352,
mongo-w1,2,1,436,0.181,
mongo-w1,2,1,437,0.163,
mongo-w1,2,1,438,0.232,
mongo-w1,2,1,439,0.276,
mongo-w1,2,1,440,0.155,
mongo-w1,2,1,441,0.177,
mongo-w1,2,1,442,0.223,
mongo-w1,2,1,443,0.261,
mongo-w1,2,1,444,0.148,
mongo-w1,2,1,445,0.212,
mongo-w1,2,1,446,0.164,
mongo-w1,2,1,447,0.293,
mongo-w1,2,1,448,0.141,
mongo-w1,2,1,449,0.188,
mongo-w1,2,1,450,0.256,
mongo-w1,2,1,451,0.144,
mongo-w1,2,1,452,0.141,
mongo-w1,2,1,453,0.117,
mongo-w1,2,1,454,0.098,
mongo-w1,2,1,455,0.162,
mongo-w1,2,1,456,0.17,
mongo-w1,2,1,457,0.167,
mongo-w1,2,1,458,0.574,
mongo-w1,2,1,459,0.127,
mongo-w1,2,1,460,0.271,
mongo-w1,2,1,461,0.374,
mongo-w1,2,1,462,0.266,
mongo-w1,2,1,463,0.18,
mongo-w1,2,1,464,0.228,
mongo-w1,2,1,465,0.237,
mongo-w1,2,1,466,0.135,
mongo-w1,2,1,467,0.198,
mongo-w1,2,2,1,4.574,
mongo-w1,2,2,2,0.251,
mongo-w1,2,2,3,0.198,
mongo-w1,2,2,4,0.253,
mongo-w1,2,2,5,0.187,
mongo-w1,2,2,6,0.163,
mongo-w1,2,2,7,0.166,
mongo-w1,2,2,8,0.151,
mongo-w1,2,2,9,0.251,
mongo-w1,2,2,10,0.219,
mongo-w1,2,2,11,0.147,
mongo-w1,2,2,12,0.153,
mongo-w1,2,2,13,0.148,
mongo-w1,2,2,14,0.145,
mongo-w1,2,2,15,0.128,
mongo-w1,2,2,16,0.17,
mongo-w1,2,2,17,0.142,
mongo-w1,2,2,18,0.129,
mongo-w1,2,2,19,0.162,
mongo-w1,2,2,20,0.131,
mongo-w1,2,2,21,0.251,
mongo-w1,2,2,22,0.189,
mongo-w1,2,2,23,0.137,
mongo-w1,2,2,24,0.14,
mongo-w1,2,2,25,0.146,
mongo-w1,2,2,26,0.172,
mongo-w1,2,2,27,0.173,
mongo-w1,2,2,28,0.163,
mongo-w1,2,2,29,0.132,
mongo-w1,2,2,30,0.148,
mongo-w1,2,2,31,0.135,
mongo-w1,2,2,32,0.114,
mongo-w1,2,2,33,0.148,
mongo-w1,2,2,34,0.127,
mongo-w1,2,2,35,0.12,
mongo-w1,2,2,36,0.149,
mongo-w1,2,2,37,0.259,
mongo-w1,2,2,38,0.172,
mongo-w1,2,2,39,0.287,
mongo-w1,2,2,40,0.3,
mongo-w1,2,2,41,0.259,
mongo-w1,2,2,42,0.273,
mongo-w1,2,2,43,0.228,
mongo-w1,2,2,44,0.258,
mongo-w1,2,2,45,0.26,
mongo-w1,2,2,46,0.384,
mongo-w1,2,2,47,0.181,
mongo-w1,2,2,48,0.172,
mongo-w1,2,2,49,0.238,
mongo-w1,2,2,50,0.173,
mongo-w1,2,2,51,0.308,
mongo-w1,2,2,52,0.249,
mongo-w1,2,2,53,0.173,
mongo-w1,2,2,54,0.209,
mongo-w1,2,2,55,0.342,
mongo-w1,2,2,56,0.175,
mongo-w1,2,2,57,0.269,
mongo-w1,2,2,58,0.173,
mongo-w1,2,2,59,0.201,
mongo-w1,2,2,60,0.211,
mongo-w1,2,2,61,0.273,
mongo-w1,2,2,62,0.219,
mongo-w1,2,2,63,0.174,
mongo-w1,2,2,64,0.19,
mongo-w1,2,2,65,1.844,
mongo-w1,2,2,66,0.587,
mongo-w1,2,2,67,0.383,
mongo-w1,2,2,68,0.314,
mongo-w1,2,2,69,0.319,
mongo-w1,2,2,70,0.157,
mongo-w1,2,2,71,0.209,
mongo-w1,2,2,72,0.156,
mongo-w1,2,2,73,0.18,
mongo-w1,2,2,74,0.192,
mongo-w1,2,2,75,0.144,
mongo-w1,2,2,76,0.119,
mongo-w1,2,2,77,0.153,
mongo-w1,2,2,78,0.149,
mongo-w1,2,2,79,0.146,
mongo-w1,2,2,80,0.2,
mongo-w1,2,2,81,0.181,
mongo-w1,2,2,82,0.242,
mongo-w1,2,2,83,0.195,
mongo-w1,2,2,84,0.239,
mongo-w1,2,2,85,0.225,
mongo-w1,2,2,86,0.146,
mongo-w1,2,2,87,0.179,
mongo-w1,2,2,88,0.174,
mongo-w1,2,2,89,0.16,
mongo-w1,2,2,90,0.156,
mongo-w1,2,2,91,0.17,
mongo-w1,2,2,92,0.299,
mongo-w1,2,2,93,0.263,
mongo-w1,2,2,94,0.148,
mongo-w1,2,2,95,0.326,
mongo-w1,2,2,96,0.223,
mongo-w1,2,2,97,0.172,
mongo-w1,2,2,98,0.281,
mongo-w1,2,2,99,0.162,
mongo-w1,2,2,100,0.185,
mongo-w1,2,2,101,0.223,
mongo-w1,2,2,102,0.257,
mongo-w1,2,2,103,0.206,
mongo-w1,2,2,104,0.249,
mongo-w1,2,2,105,0.218,
mongo-w1,2,2,106,0.223,
mongo-w1,2,2,107,0.177,
mongo-w1,2,2,108,0.254,
mongo-w1,2,2,109,0.26,
mongo-w1,2,2,110,0.264,
mongo-w1,2,2,111,0.221,
mongo-w1,2,2,112,0.178,
mongo-w1,2,2,113,0.233,
mongo-w1,2,2,114,0.509,
mongo-w1,2,2,115,0.387,
mongo-w1,2,2,116,0.243,
mongo-w1,2,2,117,0.217,
mongo-w1,2,2,118,0.188,
mongo-w1,2,2,119,0.26,
mongo-w1,2,2,120,0.341,
mongo-w1,2,2,121,0.154,
mongo-w1,2,2,122,0.284,
mongo-w1,2,2,123,0.29,
mongo-w1,2,2,124,0.176,
mongo-w1,2,2,125,0.162,
mongo-w1,2,2,126,0.214,
mongo-w1,2,2,127,0.283,
mongo-w1,2,2,128,0.224,
mongo-w1,2,2,129,0.214,
mongo-w1,2,2,130,0.306,
mongo-w1,2,2,131,0.223,
mongo-w1,2,2,132,0.304,
mongo-w1,2,2,133,0.137,
mongo-w1,2,2,134,0.165,
mongo-w1,2,2,135,0.116,
mongo-w1,2,2,136,0.194,
mongo-w1,2,2,137,0.274,
mongo-w1,2,2,138,0.343,
mongo-w1,2,2,139,0.348,
mongo-w1,2,2,140,0.39,
mongo-w1,2,2,141,0.268,
mongo-w1,2,2,142,0.173,
mongo-w1,2,2,143,0.32,
mongo-w1,2,2,144,0.224,
mongo-w1,2,2,145,0.166,
mongo-w1,2,2,146,0.168,
mongo-w1,2,2,147,0.125,
mongo-w1,2,2,148,0.19,
mongo-w1,2,2,149,0.293,
mongo-w1,2,2,150,0.226,
mongo-w1,2,2,151,0.428,
mongo-w1,2,2,152,0.346,
mongo-w1,2,2,153,0.188,
mongo-w1,2,2,154,0.184,
mongo-w1,2,2,155,0.361,
mongo-w1,2,2,156,0.337,
mongo-w1,2,2,157,0.351,
mongo-w1,2,2,158,0.285,
mongo-w1,2,2,159,0.205,
mongo-w1,2,2,160,0.353,
mongo-w1,2,2,161,0.21,
mongo-w1,2,2,162,0.226,
mongo-w1,2,2,163,0.174,
mongo-w1,2,2,164,0.245,
mongo-w1,2,2,165,0.193,
mongo-w1,2,2,166,0.167,
mongo-w1,2,2,167,0.218,
mongo-w1,2,2,168,0.179,
mongo-w1,2,2,169,0.209,
mongo-w1,2,2,170,0.325,
mongo-w1,2,2,171,0.221,
mongo-w1,2,2,172,0.203,
mongo-w1,2,2,173,0.364,
mongo-w1,2,2,174,0.206,
mongo-w1,2,2,175,0.261,
mongo-w1,2,2,176,0.201,
mongo-w1,2,2,177,0.248,
mongo-w1,2,2,178,0.24,
mongo-w1,2,2,179,0.213,
mongo-w1,2,2,180,0.45,
mongo-w1,2,2,181,0.192,
mongo-w1,2,2,182,0.221,
mongo-w1,2,2,183,0.185,
mongo-w1,2,2,184,0.275,
mongo-w1,2,2,185,0.26,
mongo-w1,2,2,186,0.444,
mongo-w1,2,2,187,0.193,
mongo-w1,2,2,188,0.221,
mongo-w1,2,2,189,0.281,
mongo-w1,2,2,190,0.191,
mongo-w1,2,2,191,0.212,
mongo-w1,2,2,192,0.188,
mongo-w1,2,2,193,0.242,
mongo-w1,2,2,194,0.317,
mongo-w1,2,2,195,0.378,
mongo-w1,2,2,196,0.373,
mongo-w1,2,2,197,0.151,
mongo-w1,2,2,198,0.12,
mongo-w1,2,2,199,0.16,
mongo-w1,2,2,200,0.16,
mongo-w1,2,2,201,0.105,
mongo-w1,2,2,202,0.331,
mongo-w1,2,2,203,0.188,
mongo-w1,2,2,204,0.21,
mongo-w1,2,2,205,0.228,
mongo-w1,2,2,206,0.564,
mongo-w1,2,2,207,0.39,
mongo-w1,2,2,208,0.277,
mongo-w1,2,2,209,0.279,
mongo-w1,2,2,210,0.263,
mongo-w1,2,2,211,0.284,
mongo-w1,2,2,212,0.155,
mongo-w1,2,2,213,0.115,
mongo-w1,2,2,214,0.14,
mongo-w1,2,2,215,0.131,
mongo-w1,2,2,216,0.258,
mongo-w1,2,2,217,0.189,
mongo-w1,2,2,218,0.251,
mongo-w1,2,2,219,0.144,
mongo-w1,2,2,220,0.108,
mongo-w1,2,2,221,0.122,
mongo-w1,2,2,222,0.105,
mongo-w1,2,2,223,0.147,
mongo-w1,2,2,224,0.194,
mongo-w1,2,2,225,0.142,
mongo-w1,2,2,226,0.379,
mongo-w1,2,2,227,0.195,
mongo-w1,2,2,228,0.138,
mongo-w1,2,2,229,0.168,
mongo-w1,2,2,230,0.282,
mongo-w1,2,2,231,0.174,
mongo-w1,2,2,232,0.261,
mongo-w1,2,2,233,0.194,
mongo-w1,2,2,234,0.186,
mongo-w1,2,2,235,0.445,
mongo-w1,2,2,236,0.177,
mongo-w1,2,2,237,0.325,
mongo-w1,2,2,238,0.243,
mongo-w1,2,2,239,0.324,
mongo-w1,2,2,240,0.25,
mongo-w1,2,2,241,0.392,
mongo-w1,2,2,242,0.238,
mongo-w1,2,2,243,0.436,
mongo-w1,2,2,244,0.398,
mongo-w1,2,2,245,0.16,
mongo-w1,2,2,246,0.242,
mongo-w1,2,2,247,0.262,
mongo-w1,2,2,248,0.209,
mongo-w1,2,2,249,0.516,
mongo-w1,2,2,250,0.361,
mongo-w1,2,2,251,0.285,
mongo-w1,2,2,252,0.631,
mongo-w1,2,2,253,0.214,
mongo-w1,2,2,254,0.276,
mongo-w1,2,2,255,0.215,
mongo-w1,2,2,256,0.182,
mongo-w1,2,2,257,0.279,
mongo-w1,2,2,258,0.227,
mongo-w1,2,2,259,0.345,
mongo-w1,2,2,260,0.231,
mongo-w1,2,2,261,0.311,
mongo-w1,2,2,262,0.152,
mongo-w1,2,2,263,0.218,
mongo-w1,2,2,264,0.169,
mongo-w1,2,2,265,0.197,
mongo-w1,2,2,266,0.138,
mongo-w1,2,2,267,0.184,
mongo-w1,2,2,268,0.297,
mongo-w1,2,2,269,0.316,
mongo-w1,2,2,270,0.247,
mongo-w1,2,2,271,0.247,
mongo-w1,2,2,272,0.308,
mongo-w1,2,2,273,0.411,
mongo-w1,2,2,274,0.382,
mongo-w1,2,2,275,0.264,
mongo-w1,2,2,276,0.167,
mongo-w1,2,2,277,0.112,
mongo-w1,2,2,278,0.142,
mongo-w1,2,2,279,0.174,
mongo-w1,2,2,280,0.242,
mongo-w1,2,2,281,0.209,
mongo-w1,2,2,282,0.305,
mongo-w1,2,2,283,0.272,
mongo-w1,2,2,284,0.187,
mongo-w1,2,2,285,0.262,
mongo-w1,2,2,286,0.315,
mongo-w1,2,2,287,0.214,
mongo-w1,2,2,288,0.248,
mongo-w1,2,2,289,0.172,
mongo-w1,2,2,290,0.246,
mongo-w1,2,2,291,0.175,
mongo-w1,2,2,292,0.282,
mongo-w1,2,2,293,0.264,
mongo-w1,2,2,294,0.259,
mongo-w1,2,2,295,0.225,
mongo-w1,2,2,296,0.191,
mongo-w1,2,2,297,0.224,
mongo-w1,2,2,298,0.205,
mongo-w1,2,2,299,0.222,
mongo-w1,2,2,300,0.162,
mongo-w1,2,2,301,0.184,
mongo-w1,2,2,302,0.171,
mongo-w1,2,2,303,0.147,
mongo-w1,2,2,304,0.12,
mongo-w1,2,2,305,0.106,
mongo-w1,2,2,306,0.228,
mongo-w1,2,2,307,0.258,
mongo-w1,2,2,308,0.159,
mongo-w1,2,2,309,0.137,
mongo-w1,2,2,310,0.118,
mongo-w1,2,2,311,0.162,
mongo-w1,2,2,312,0.118,
mongo-w1,2,2,313,0.128,
mongo-w1,2,2,314,0.165,
mongo-w1,2,2,315,0.148,
mongo-w1,2,2,316,0.13,
mongo-w1,2,2,317,0.169,
mongo-w1,2,2,318,0.146,
mongo-w1,2,2,319,0.131,
mongo-w1,2,2,320,0.242,
mongo-w1,2,2,321,0.195,
mongo-w1,2,2,322,0.128,
mongo-w1,2,2,323,0.623,
mongo-w1,2,2,324,0.121,
mongo-w1,2,2,325,0.137,
mongo-w1,2,2,326,0.115,
mongo-w1,2,2,327,0.178,
mongo-w1,2,2,328,0.182,
mongo-w1,2,2,329,0.196,
mongo-w1,2,2,330,0.241,
mongo-w1,2,2,331,0.191,
mongo-w1,2,2,332,0.649,
mongo-w1,2,2,333,0.177,
mongo-w1,2,2,334,0.14,
mongo-w1,2,2,335,0.172,
mongo-w1,2,2,336,0.166,
mongo-w1,2,2,337,0.137,
mongo-w1,2,2,338,0.1,
mongo-w1,2,2,339,0.091,
mongo-w1,2,2,340,0.096,
mongo-w1,2,2,341,0.174,
mongo-w1,2,2,342,0.185,
mongo-w1,2,2,343,0.182,
mongo-w1,2,2,344,0.161,
mongo-w1,2,2,345,0.333,
mongo-w1,2,2,346,0.33,
mongo-w1,2,2,347,0.33,
mongo-w1,2,2,348,0.165,
mongo-w1,2,2,349,0.422,
mongo-w1,2,2,350,0.345,
mongo-w1,2,2,351,0.331,
mongo-w1,2,2,352,0.353,
mongo-w1,2,2,353,0.349,
mongo-w1,2,2,354,0.284,
mongo-w1,2,2,355,0.224,
mongo-w1,2,2,356,0.176,
mongo-w1,2,2,357,0.218,
mongo-w1,2,2,358,0.215,
mongo-w1,2,2,359,0.308,
mongo-w1,2,2,360,0.301,
mongo-w1,2,2,361,0.228,
mongo-w1,2,2,362,0.201,
mongo-w1,2,2,363,0.282,
mongo-w1,2,2,364,0.162,
mongo-w1,2,2,365,0.139,
mongo-w1,2,2,366,0.216,
mongo-w1,2,2,367,0.228,
mongo-w1,2,2,368,0.174,
mongo-w1,2,2,369,0.201,
mongo-w1,2,2,370,0.293,
mongo-w1,2,2,371,0.145,
mongo-w1,2,2,372,0.256,
mongo-w1,2,2,373,0.251,
mongo-w1,2,2,374,0.209,
mongo-w1,2,2,375,0.17,
mongo-w1,2,2,376,0.305,
mongo-w1,2,2,377,0.249,
mongo-w1,2,2,378,0.244,
mongo-w1,2,2,379,0.229,
mongo-w1,2,2,380,0.24,
mongo-w1,2,2,381,0.185,
mongo-w1,2,2,382,0.128,
mongo-w1,2,2,383,0.183,
mongo-w1,2,2,384,0.183,
mongo-w1,2,2,385,0.104,
mongo-w1,2,2,386,0.173,
mongo-w1,2,2,387,0.266,
mongo-w1,2,2,388,0.235,
mongo-w1,2,2,389,0.159,
mongo-w1,2,2,390,0.147,
mongo-w1,2,2,391,0.152,
mongo-w1,2,2,392,0.186,
mongo-w1,2,2,393,0.301,
mongo-w1,2,2,394,0.198,
mongo-w1,2,2,395,0.255,
mongo-w1,2,2,396,0.215,
mongo-w1,2,2,397,0.198,
mongo-w1,2,2,398,0.144,
mongo-w1,2,2,399,0.284,
mongo-w1,2,2,400,0.17,
mongo-w1,2,2,401,0.164,
mongo-w1,2,2,402,0.22,
mongo-w1,2,2,403,0.168,
mongo-w1,2,2,404,0.13,
mongo-w1,2,2,405,0.134,
mongo-w1,2,2,406,0.302,
mongo-w1,2,2,407,0.289,
mongo-w1,2,2,408,0.343,
mongo-w1,2,2,409,0.193,
mongo-w1,2,2,410,0.416,
mongo-w1,2,2,411,0.284,
mongo-w1,2,2,412,0.206,
mongo-w1,2,2,413,0.215,
mongo-w1,2,2,414,0.392,
mongo-w1,2,2,415,0.199,
mongo-w1,2,2,416,0.276,
mongo-w1,2,2,417,0.195,
mongo-w1,2,2,418,0.308,
mongo-w1,2,2,419,0.215,
mongo-w1,2,2,420,0.361,
mongo-w1,2,2,421,0.187,
mongo-w1,2,2,422,0.173,
mongo-w1,2,2,423,0.345,
mongo-w1,2,2,424,0.672,
mongo-w1,2,2,425,0.255,
mongo-w1,2,2,426,0.132,
mongo-w1,2,2,427,0.163,
mongo-w1,2,2,428,0.353,
mongo-w1,2,2,429,0.191,
mongo-w1,2,2,430,0.167,
mongo-w1,2,2,431,0.206,
mongo-w1,2,2,432,0.236,
mongo-w1,2,2,433,0.218,
mongo-w1,2,2,434,0.149,
mongo-w1,2,2,435,0.285,
mongo-w1,2,2,436,0.204,
mongo-w1,2,2,437,0.265,
mongo-w1,2,2,438,0.155,
mongo-w1,2,2,439,0.162,
mongo-w1,2,2,440,0.168,
mongo-w1,2,2,441,0.159,
mongo-w1,2,2,442,0.113,
mongo-w1,2,2,443,0.173,
mongo-w1,2,2,444,0.128,
mongo-w1,2,2,445,0.135,
mongo-w1,2,2,446,0.196,
mongo-w1,2,2,447,0.382,
mongo-w1,2,2,448,0.429,
mongo-w1,2,2,449,0.595,
mongo-w1,2,2,450,0.406,
mongo-w1,2,2,451,0.156,
mongo-w1,2,2,452,0.163,
mongo-w1,2,2,453,0.256,
mongo-w1,2,2,454,0.132,
mongo-w1,2,2,455,0.164,
mongo-w1,2,2,456,0.133,
mongo-w1,2,2,457,0.139,
mongo-w1,2,2,458,0.277,
mongo-w1,2,2,459,0.369,
mongo-w1,2,2,460,0.552,
mongo-w1,2,2,461,0.596,
mongo-w1,2,2,462,0.622,
mongo-w1,2,2,463,0.648,
mongo-w1,2,2,464,0.815,
mongo-w1,2,2,465,0.655,
mongo-w1,2,2,466,0.562,
mongo-w1,2,2,467,0.829,
mongo-w1,2,3,1,10.658,
mongo-w1,2,3,2,0.536,
mongo-w1,2,3,3,0.499,
mongo-w1,2,3,4,0.541,
mongo-w1,2,3,5,0.588,
mongo-w1,2,3,6,0.301,
mongo-w1,2,3,7,0.454,
mongo-w1,2,3,8,0.458,
mongo-w1,2,3,9,0.582,
mongo-w1,2,3,10,0.285,
mongo-w1,2,3,11,0.307,
mongo-w1,2,3,12,0.329,
mongo-w1,2,3,13,0.326,
mongo-w1,2,3,14,0.282,
mongo-w1,2,3,15,0.525,
mongo-w1,2,3,16,0.167,
mongo-w1,2,3,17,0.158,
mongo-w1,2,3,18,0.458,
mongo-w1,2,3,19,0.514,
mongo-w1,2,3,20,1.054,
mongo-w1,2,3,21,0.63,
mongo-w1,2,3,22,0.377,
mongo-w1,2,3,23,0.325,
mongo-w1,2,3,24,0.315,
mongo-w1,2,3,25,0.533,
mongo-w1,2,3,26,0.37,
mongo-w1,2,3,27,0.406,
mongo-w1,2,3,28,1.122,
mongo-w1,2,3,29,0.543,
mongo-w1,2,3,30,0.417,
mongo-w1,2,3,31,0.292,
mongo-w1,2,3,32,0.235,
mongo-w1,2,3,33,0.299,
mongo-w1,2,3,34,0.272,
mongo-w1,2,3,35,0.88,
mongo-w1,2,3,36,0.455,
mongo-w1,2,3,37,1.035,
mongo-w1,2,3,38,0.251,
mongo-w1,2,3,39,0.287,
mongo-w1,2,3,40,0.679,
mongo-w1,2,3,41,0.506,
mongo-w1,2,3,42,0.772,
mongo-w1,2,3,43,0.302,
mongo-w1,2,3,44,0.595,
mongo-w1,2,3,45,0.342,
mongo-w1,2,3,46,0.211,
mongo-w1,2,3,47,0.467,
mongo-w1,2,3,48,0.458,
mongo-w1,2,3,49,0.567,
mongo-w1,2,3,50,0.265,
mongo-w1,2,3,51,0.829,
mongo-w1,2,3,52,0.615,
mongo-w1,2,3,53,0.427,
mongo-w1,2,3,54,0.228,
mongo-w1,2,3,55,0.484,
mongo-w1,2,3,56,0.229,
mongo-w1,2,3,57,0.268,
mongo-w1,2,3,58,0.399,
mongo-w1,2,3,59,0.326,
mongo-w1,2,3,60,0.378,
mongo-w1,2,3,61,0.341,
mongo-w1,2,3,62,0.274,
mongo-w1,2,3,63,0.395,
mongo-w1,2,3,64,0.323,
mongo-w1,2,3,65,0.249,
mongo-w1,2,3,66,0.213,
mongo-w1,2,3,67,0.276,
mongo-w1,2,3,68,0.932,
mongo-w1,2,3,69,0.667,
mongo-w1,2,3,70,0.63,
mongo-w1,2,3,71,0.43,
mongo-w1,2,3,72,0.64,
mongo-w1,2,3,73,2.133,
mongo-w1,2,3,74,1.5,
mongo-w1,2,3,75,0.837,
mongo-w1,2,3,76,0.302,
mongo-w1,2,3,77,0.32,
mongo-w1,2,3,78,0.248,
mongo-w1,2,3,79,0.816,
mongo-w1,2,3,80,0.398,
mongo-w1,2,3,81,0.299,
mongo-w1,2,3,82,0.169,
mongo-w1,2,3,83,0.182,
mongo-w1,2,3,84,0.289,
mongo-w1,2,3,85,0.46,
mongo-w1,2,3,86,0.57,
mongo-w1,2,3,87,1.14,
mongo-w1,2,3,88,0.393,
mongo-w1,2,3,89,0.22,
mongo-w1,2,3,90,0.324,
mongo-w1,2,3,91,0.237,
mongo-w1,2,3,92,0.246,
mongo-w1,2,3,93,0.337,
mongo-w1,2,3,94,0.256,
mongo-w1,2,3,95,0.299,
mongo-w1,2,3,96,0.245,
mongo-w1,2,3,97,0.159,
mongo-w1,2,3,98,0.191,
mongo-w1,2,3,99,0.267,
mongo-w1,2,3,100,0.246,
mongo-w1,2,3,101,0.159,
mongo-w1,2,3,102,0.35,
mongo-w1,2,3,103,0.166,
mongo-w1,2,3,104,0.189,
mongo-w1,2,3,105,0.241,
mongo-w1,2,3,106,0.182,
mongo-w1,2,3,107,0.314,
mongo-w1,2,3,108,0.313,
mongo-w1,2,3,109,0.218,
mongo-w1,2,3,110,0.224,
mongo-w1,2,3,111,0.187,
mongo-w1,2,3,112,0.154,
mongo-w1,2,3,113,0.217,
mongo-w1,2,3,114,0.154,
mongo-w1,2,3,115,0.188,
mongo-w1,2,3,116,0.252,
mongo-w1,2,3,117,0.259,
mongo-w1,2,3,118,0.251,
mongo-w1,2,3,119,0.287,
mongo-w1,2,3,120,0.256,
mongo-w1,2,3,121,0.267,
mongo-w1,2,3,122,0.392,
mongo-w1,2,3,123,0.22,
mongo-w1,2,3,124,0.158,
mongo-w1,2,3,125,0.188,
mongo-w1,2,3,126,0.214,
mongo-w1,2,3,127,0.189,
mongo-w1,2,3,128,0.237,
mongo-w1,2,3,129,0.307,
mongo-w1,2,3,130,0.195,
mongo-w1,2,3,131,0.241,
mongo-w1,2,3,132,0.319,
mongo-w1,2,3,133,0.192,
mongo-w1,2,3,134,0.25,
mongo-w1,2,3,135,0.295,
mongo-w1,2,3,136,0.25,
mongo-w1,2,3,137,0.356,
mongo-w1,2,3,138,0.208,
mongo-w1,2,3,139,0.237,
mongo-w1,2,3,140,0.179,
mongo-w1,2,3,141,0.211,
mongo-w1,2,3,142,0.174,
mongo-w1,2,3,143,0.286,
mongo-w1,2,3,144,0.167,
mongo-w1,2,3,145,0.24,
mongo-w1,2,3,146,0.217,
mongo-w1,2,3,147,0.181,
mongo-w1,2,3,148,0.256,
mongo-w1,2,3,149,0.288,
mongo-w1,2,3,150,0.388,
mongo-w1,2,3,151,0.302,
mongo-w1,2,3,152,0.326,
mongo-w1,2,3,153,0.152,
mongo-w1,2,3,154,0.168,
mongo-w1,2,3,155,0.204,
mongo-w1,2,3,156,0.161,
mongo-w1,2,3,157,0.181,
mongo-w1,2,3,158,0.183,
mongo-w1,2,3,159,0.151,
mongo-w1,2,3,160,0.117,
mongo-w1,2,3,161,0.132,
mongo-w1,2,3,162,0.155,
mongo-w1,2,3,163,0.287,
mongo-w1,2,3,164,0.147,
mongo-w1,2,3,165,0.19,
mongo-w1,2,3,166,0.388,
mongo-w1,2,3,167,0.287,
mongo-w1,2,3,168,0.314,
mongo-w1,2,3,169,0.253,
mongo-w1,2,3,170,0.261,
mongo-w1,2,3,171,0.259,
mongo-w1,2,3,172,0.232,
mongo-w1,2,3,173,0.207,
mongo-w1,2,3,174,0.156,
mongo-w1,2,3,175,0.331,
mongo-w1,2,3,176,0.153,
mongo-w1,2,3,177,0.153,
mongo-w1,2,3,178,0.228,
mongo-w1,2,3,179,0.181,
mongo-w1,2,3,180,0.155,
mongo-w1,2,3,181,0.24,
mongo-w1,2,3,182,0.159,
mongo-w1,2,3,183,0.277,
mongo-w1,2,3,184,0.153,
mongo-w1,2,3,185,0.144,
mongo-w1,2,3,186,0.176,
mongo-w1,2,3,187,0.196,
mongo-w1,2,3,188,0.167,
mongo-w1,2,3,189,0.251,
mongo-w1,2,3,190,0.151,
mongo-w1,2,3,191,0.221,
mongo-w1,2,3,192,0.193,
mongo-w1,2,3,193,0.171,
mongo-w1,2,3,194,0.201,
mongo-w1,2,3,195,0.449,
mongo-w1,2,3,196,0.229,
mongo-w1,2,3,197,0.17,
mongo-w1,2,3,198,0.179,
mongo-w1,2,3,199,0.278,
mongo-w1,2,3,200,0.286,
mongo-w1,2,3,201,0.187,
mongo-w1,2,3,202,0.323,
mongo-w1,2,3,203,0.172,
mongo-w1,2,3,204,0.371,
mongo-w1,2,3,205,0.259,
mongo-w1,2,3,206,0.335,
mongo-w1,2,3,207,0.261,
mongo-w1,2,3,208,0.192,
mongo-w1,2,3,209,0.181,
mongo-w1,2,3,210,0.209,
mongo-w1,2,3,211,0.2,
mongo-w1,2,3,212,0.302,
mongo-w1,2,3,213,0.292,
mongo-w1,2,3,214,0.203,
mongo-w1,2,3,215,0.194,
mongo-w1,2,3,216,0.282,
mongo-w1,2,3,217,0.193,
mongo-w1,2,3,218,0.202,
mongo-w1,2,3,219,0.198,
mongo-w1,2,3,220,0.217,
mongo-w1,2,3,221,0.428,
mongo-w1,2,3,222,0.309,
mongo-w1,2,3,223,0.154,
mongo-w1,2,3,224,0.185,
mongo-w1,2,3,225,0.277,
mongo-w1,2,3,226,0.303,
mongo-w1,2,3,227,0.23,
mongo-w1,2,3,228,0.375,
mongo-w1,2,3,229,0.166,
mongo-w1,2,3,230,0.123,
mongo-w1,2,3,231,0.17,
mongo-w1,2,3,232,0.123,
mongo-w1,2,3,233,0.113,
mongo-w1,2,3,234,0.161,
mongo-w1,2,3,235,0.122,
mongo-w1,2,3,236,0.175,
mongo-w1,2,3,237,0.141,
mongo-w1,2,3,238,0.174,
mongo-w1,2,3,239,0.223,
mongo-w1,2,3,240,0.135,
mongo-w1,2,3,241,0.118,
mongo-w1,2,3,242,0.138,
mongo-w1,2,3,243,0.215,
mongo-w1,2,3,244,0.119,
mongo-w1,2,3,245,0.198,
mongo-w1,2,3,246,0.147,
mongo-w1,2,3,247,0.109,
mongo-w1,2,3,248,0.251,
mongo-w1,2,3,249,0.307,
mongo-w1,2,3,250,0.232,
mongo-w1,2,3,251,0.295,
mongo-w1,2,3,252,0.164,
mongo-w1,2,3,253,0.145,
mongo-w1,2,3,254,0.201,
mongo-w1,2,3,255,0.202,
mongo-w1,2,3,256,0.276,
mongo-w1,2,3,257,0.135,
mongo-w1,2,3,258,0.098,
mongo-w1,2,3,259,0.303,
mongo-w1,2,3,260,0.168,
mongo-w1,2,3,261,0.181,
mongo-w1,2,3,262,0.121,
mongo-w1,2,3,263,0.357,
mongo-w1,2,3,264,0.156,
mongo-w1,2,3,265,0.263,
mongo-w1,2,3,266,0.229,
mongo-w1,2,3,267,0.278,
mongo-w1,2,3,268,0.268,
mongo-w1,2,3,269,0.182,
mongo-w1,2,3,270,0.194,
mongo-w1,2,3,271,0.185,
mongo-w1,2,3,272,0.236,
mongo-w1,2,3,273,0.208,
mongo-w1,2,3,274,0.223,
mongo-w1,2,3,275,0.139,
mongo-w1,2,3,276,0.19,
mongo-w1,2,3,277,0.128,
mongo-w1,2,3,278,0.21,
mongo-w1,2,3,279,0.446,
mongo-w1,2,3,280,0.168,
mongo-w1,2,3,281,0.188,
mongo-w1,2,3,282,0.282,
mongo-w1,2,3,283,0.24,
mongo-w1,2,3,284,0.172,
mongo-w1,2,3,285,0.126,
mongo-w1,2,3,286,0.14,
mongo-w1,2,3,287,0.134,
mongo-w1,2,3,288,0.121,
mongo-w1,2,3,289,0.162,
mongo-w1,2,3,290,0.198,
mongo-w1,2,3,291,0.267,
mongo-w1,2,3,292,0.272,
mongo-w1,2,3,293,0.16,
mongo-w1,2,3,294,0.217,
mongo-w1,2,3,295,0.175,
mongo-w1,2,3,296,0.158,
mongo-w1,2,3,297,0.145,
mongo-w1,2,3,298,0.204,
mongo-w1,2,3,299,0.402,
mongo-w1,2,3,300,0.165,
mongo-w1,2,3,301,0.338,
mongo-w1,2,3,302,0.145,
mongo-w1,2,3,303,0.168,
mongo-w1,2,3,304,0.181,
mongo-w1,2,3,305,0.319,
mongo-w1,2,3,306,0.119,
mongo-w1,2,3,307,0.124,
mongo-w1,2,3,308,0.149,
mongo-w1,2,3,309,0.129,
mongo-w1,2,3,310,0.126,
mongo-w1,2,3,311,0.159,
mongo-w1,2,3,312,0.225,
mongo-w1,2,3,313,0.186,
mongo-w1,2,3,314,0.174,
mongo-w1,2,3,315,0.239,
mongo-w1,2,3,316,0.149,
mongo-w1,2,3,317,0.175,
mongo-w1,2,3,318,0.211,
mongo-w1,2,3,319,0.244,
mongo-w1,2,3,320,0.307,
mongo-w1,2,3,321,0.164,
mongo-w1,2,3,322,0.161,
mongo-w1,2,3,323,0.358,
mongo-w1,2,3,324,0.857,
mongo-w1,2,3,325,0.195,
mongo-w1,2,3,326,0.197,
mongo-w1,2,3,327,0.182,
mongo-w1,2,3,328,0.258,
mongo-w1,2,3,329,0.134,
mongo-w1,2,3,330,0.185,
mongo-w1,2,3,331,0.3,
mongo-w1,2,3,332,0.266,
mongo-w1,2,3,333,0.252,
mongo-w1,2,3,334,0.19,
mongo-w1,2,3,335,0.403,
mongo-w1,2,3,336,0.21,
mongo-w1,2,3,337,0.159,
mongo-w1,2,3,338,0.204,
mongo-w1,2,3,339,0.181,
mongo-w1,2,3,340,0.356,
mongo-w1,2,3,341,0.214,
mongo-w1,2,3,342,0.2,
mongo-w1,2,3,343,0.182,
mongo-w1,2,3,344,0.201,
mongo-w1,2,3,345,0.316,
mongo-w1,2,3,346,0.206,
mongo-w1,2,3,347,0.181,
mongo-w1,2,3,348,0.317,
mongo-w1,2,3,349,0.153,
mongo-w1,2,3,350,0.116,
mongo-w1,2,3,351,0.12,
mongo-w1,2,3,352,0.127,
mongo-w1,2,3,353,0.146,
mongo-w1,2,3,354,0.132,
mongo-w1,2,3,355,0.165,
mongo-w1,2,3,356,0.194,
mongo-w1,2,3,357,0.143,
mongo-w1,2,3,358,0.278,
mongo-w1,2,3,359,0.197,
mongo-w1,2,3,360,0.245,
mongo-w1,2,3,361,0.192,
mongo-w1,2,3,362,0.255,
mongo-w1,2,3,363,0.32,
mongo-w1,2,3,364,0.258,
mongo-w1,2,3,365,0.193,
mongo-w1,2,3,366,0.231,
mongo-w1,2,3,367,0.285,
mongo-w1,2,3,368,0.197,
mongo-w1,2,3,369,0.237,
mongo-w1,2,3,370,0.176,
mongo-w1,2,3,371,0.254,
mongo-w1,2,3,372,0.14,
mongo-w1,2,3,373,0.212,
mongo-w1,2,3,374,0.108,
mongo-w1,2,3,375,0.143,
mongo-w1,2,3,376,0.167,
mongo-w1,2,3,377,0.132,
mongo-w1,2,3,378,0.215,
mongo-w1,2,3,379,0.317,
mongo-w1,2,3,380,0.145,
mongo-w1,2,3,381,0.151,
mongo-w1,2,3,382,0.343,
mongo-w1,2,3,383,0.146,
mongo-w1,2,3,384,0.221,
mongo-w1,2,3,385,0.149,
mongo-w1,2,3,386,0.186,
mongo-w1,2,3,387,0.114,
mongo-w1,2,3,388,0.104,
mongo-w1,2,3,389,0.117,
mongo-w1,2,3,390,0.134,
mongo-w1,2,3,391,0.168,
mongo-w1,2,3,392,0.148,
mongo-w1,2,3,393,0.178,
mongo-w1,2,3,394,0.167,
mongo-w1,2,3,395,0.124,
mongo-w1,2,3,396,0.11,
mongo-w1,2,3,397,0.129,
mongo-w1,2,3,398,0.183,
mongo-w1,2,3,399,0.307,
mongo-w1,2,3,400,0.252,
mongo-w1,2,3,401,0.224,
mongo-w1,2,3,402,0.225,
mongo-w1,2,3,403,0.148,
mongo-w1,2,3,404,0.125,
mongo-w1,2,3,405,0.123,
mongo-w1,2,3,406,0.202,
mongo-w1,2,3,407,0.113,
mongo-w1,2,3,408,0.193,
mongo-w1,2,3,409,0.185,
mongo-w1,2,3,410,0.269,
mongo-w1,2,3,411,0.321,
mongo-w1,2,3,412,0.136,
mongo-w1,2,3,413,0.117,
mongo-w1,2,3,414,0.142,
mongo-w1,2,3,415,0.106,
mongo-w1,2,3,416,0.116,
mongo-w1,2,3,417,0.151,
mongo-w1,2,3,418,0.115,
mongo-w1,2,3,419,0.199,
mongo-w1,2,3,420,0.192,
mongo-w1,2,3,421,0.133,
mongo-w1,2,3,422,0.131,
mongo-w1,2,3,423,0.128,
mongo-w1,2,3,424,0.11,
mongo-w1,2,3,425,0.109,
mongo-w1,2,3,426,0.237,
mongo-w1,2,3,427,0.222,
mongo-w1,2,3,428,0.26,
mongo-w1,2,3,429,0.202,
mongo-w1,2,3,430,0.194,
mongo-w1,2,3,431,0.302,
mongo-w1,2,3,432,0.219,
mongo-w1,2,3,433,0.209,
mongo-w1,2,3,434,0.13,
mongo-w1,2,3,435,0.349,
mongo-w1,2,3,436,0.225,
mongo-w1,2,3,437,0.375,
mongo-w1,2,3,438,0.229,
mongo-w1,2,3,439,0.141,
mongo-w1,2,3,440,0.144,
mongo-w1,2,3,441,0.149,
mongo-w1,2,3,442,0.124,
mongo-w1,2,3,443,0.106,
mongo-w1,2,3,444,0.109,
mongo-w1,2,3,445,0.108,
mongo-w1,2,3,446,0.129,
mongo-w1,2,3,447,0.185,
mongo-w1,2,3,448,0.135,
mongo-w1,2,3,449,0.141,
mongo-w1,2,3,450,0.11,
mongo-w1,2,3,451,0.12,
mongo-w1,2,3,452,0.114,
mongo-w1,2,3,453,0.118,
mongo-w1,2,3,454,0.244,
mongo-w1,2,3,455,0.195,
mongo-w1,2,3,456,0.117,
mongo-w1,2,3,457,0.105,
mongo-w1,2,3,458,0.124,
mongo-w1,2,3,459,0.108,
mongo-w1,2,3,460,0.255,
mongo-w1,2,3,461,0.185,
mongo-w1,2,3,462,0.156,
mongo-w1,2,3,463,0.14,
mongo-w1,2,3,464,0.121,
mongo-w1,2,3,465,0.126,
mongo-w1,2,3,466,0.123,
mongo-w1,2,3,467,0.114,
mongo-majority,2,1,1,14.021,
mongo-majority,2,1,2,5.532,
mongo-majority,2,1,3,5.274,
mongo-majority,2,1,4,4.837,
mongo-majority,2,1,5,4.847,
mongo-majority,2,1,6,4.917,
mongo-majority,2,1,7,4.733,
mongo-majority,2,1,8,5.259,
mongo-majority,2,1,9,5.714,
mongo-majority,2,1,10,5.261,
mongo-majority,2,1,11,5.037,
mongo-majority,2,1,12,4.84,
mongo-majority,2,1,13,5.259,
mongo-majority,2,1,14,4.895,
mongo-majority,2,1,15,4.926,
mongo-majority,2,1,16,4.777,
mongo-majority,2,1,17,4.753,
mongo-majority,2,1,18,5.145,
mongo-majority,2,1,19,4.904,
mongo-majority,2,1,20,5.246,
mongo-majority,2,1,21,4.842,
mongo-majority,2,1,22,4.976,
mongo-majority,2,1,23,5.024,
mongo-majority,2,1,24,4.927,
mongo-majority,2,1,25,4.95,
mongo-majority,2,1,26,5.104,
mongo-majority,2,1,27,5.085,
mongo-majority,2,1,28,4.946,
mongo-majority,2,1,29,5.551,
mongo-majority,2,1,30,5.569,
mongo-majority,2,1,31,6.106,
mongo-majority,2,1,32,5.801,
mongo-majority,2,1,33,6.227,
mongo-majority,2,1,34,5.752,
mongo-majority,2,1,35,5.696,
mongo-majority,2,1,36,5.804,
mongo-majority,2,1,37,6.044,
mongo-majority,2,1,38,6.264,
mongo-majority,2,1,39,5.859,
mongo-majority,2,1,40,5.458,
mongo-majority,2,1,41,5.758,
mongo-majority,2,1,42,5.482,
mongo-majority,2,1,43,5.593,
mongo-majority,2,1,44,5.612,
mongo-majority,2,1,45,4.927,
mongo-majority,2,1,46,5.147,
mongo-majority,2,1,47,5.724,
mongo-majority,2,1,48,5.419,
mongo-majority,2,1,49,5.303,
mongo-majority,2,1,50,5.216,
mongo-majority,2,1,51,5.227,
mongo-majority,2,1,52,5.192,
mongo-majority,2,1,53,5.244,
mongo-majority,2,1,54,5.299,
mongo-majority,2,1,55,5.117,
mongo-majority,2,1,56,5.426,
mongo-majority,2,1,57,7.355,
mongo-majority,2,1,58,5.228,
mongo-majority,2,1,59,5.826,
mongo-majority,2,1,60,5.029,
mongo-majority,2,1,61,4.803,
mongo-majority,2,1,62,5.203,
mongo-majority,2,1,63,5.087,
mongo-majority,2,1,64,4.917,
mongo-majority,2,1,65,5.128,
mongo-majority,2,1,66,5.114,
mongo-majority,2,1,67,5.397,
mongo-majority,2,1,68,5.287,
mongo-majority,2,1,69,5.754,
mongo-majority,2,1,70,5.311,
mongo-majority,2,1,71,5.099,
mongo-majority,2,1,72,5.38,
mongo-majority,2,1,73,5.349,
mongo-majority,2,1,74,5.307,
mongo-majority,2,1,75,4.982,
mongo-majority,2,1,76,5.046,
mongo-majority,2,1,77,4.958,
mongo-majority,2,1,78,5.004,
mongo-majority,2,1,79,4.97,
mongo-majority,2,1,80,5.095,
mongo-majority,2,1,81,4.999,
mongo-majority,2,1,82,5.212,
mongo-majority,2,1,83,5.299,
mongo-majority,2,1,84,5.008,
mongo-majority,2,1,85,5.369,
mongo-majority,2,1,86,5.299,
mongo-majority,2,1,87,5.221,
mongo-majority,2,1,88,5.58,
mongo-majority,2,1,89,5.561,
mongo-majority,2,1,90,5.434,
mongo-majority,2,1,91,5.408,
mongo-majority,2,1,92,5.577,
mongo-majority,2,1,93,5.107,
mongo-majority,2,1,94,5.131,
mongo-majority,2,1,95,5.126,
mongo-majority,2,1,96,5.225,
mongo-majority,2,1,97,5.359,
mongo-majority,2,1,98,5.369,
mongo-majority,2,1,99,5.306,
mongo-majority,2,1,100,5.002,
mongo-majority,2,1,101,5.382,
mongo-majority,2,1,102,5.21,
mongo-majority,2,1,103,4.978,
mongo-majority,2,1,104,5.231,
mongo-majority,2,1,105,5.594,
mongo-majority,2,1,106,5.434,
mongo-majority,2,1,107,6.891,
mongo-majority,2,1,108,8.112,
mongo-majority,2,1,109,7.711,
mongo-majority,2,1,110,6.313,
mongo-majority,2,1,111,5.612,
mongo-majority,2,1,112,5.488,
mongo-majority,2,1,113,5.062,
mongo-majority,2,1,114,4.989,
mongo-majority,2,1,115,5.204,
mongo-majority,2,1,116,5.101,
mongo-majority,2,1,117,4.965,
mongo-majority,2,1,118,5.012,
mongo-majority,2,1,119,5.067,
mongo-majority,2,1,120,5.042,
mongo-majority,2,1,121,5.061,
mongo-majority,2,1,122,4.953,
mongo-majority,2,1,123,5.155,
mongo-majority,2,1,124,5.149,
mongo-majority,2,1,125,5.124,
mongo-majority,2,1,126,5.176,
mongo-majority,2,1,127,5.293,
mongo-majority,2,1,128,5.021,
mongo-majority,2,1,129,5.334,
mongo-majority,2,1,130,5.139,
mongo-majority,2,1,131,5.336,
mongo-majority,2,1,132,5.149,
mongo-majority,2,1,133,5.117,
mongo-majority,2,1,134,5.084,
mongo-majority,2,1,135,5.31,
mongo-majority,2,1,136,5.439,
mongo-majority,2,1,137,5.1,
mongo-majority,2,1,138,4.986,
mongo-majority,2,1,139,5.301,
mongo-majority,2,1,140,5.098,
mongo-majority,2,1,141,5.087,
mongo-majority,2,1,142,4.997,
mongo-majority,2,1,143,5.421,
mongo-majority,2,1,144,5.059,
mongo-majority,2,1,145,5.006,
mongo-majority,2,1,146,4.995,
mongo-majority,2,1,147,5.058,
mongo-majority,2,1,148,4.967,
mongo-majority,2,1,149,5.221,
mongo-majority,2,1,150,4.935,
mongo-majority,2,1,151,5.25,
mongo-majority,2,1,152,5.095,
mongo-majority,2,1,153,5.355,
mongo-majority,2,1,154,5.915,
mongo-majority,2,1,155,5.767,
mongo-majority,2,1,156,5.483,
mongo-majority,2,1,157,5.565,
mongo-majority,2,1,158,5.482,
mongo-majority,2,1,159,5.542,
mongo-majority,2,1,160,5.513,
mongo-majority,2,1,161,5.474,
mongo-majority,2,1,162,5.19,
mongo-majority,2,1,163,5.48,
mongo-majority,2,1,164,5.222,
mongo-majority,2,1,165,5.471,
mongo-majority,2,1,166,5.112,
mongo-majority,2,1,167,5.376,
mongo-majority,2,1,168,5.638,
mongo-majority,2,1,169,5.18,
mongo-majority,2,1,170,5.607,
mongo-majority,2,1,171,5.697,
mongo-majority,2,1,172,5.387,
mongo-majority,2,1,173,5.483,
mongo-majority,2,1,174,5.472,
mongo-majority,2,1,175,5.147,
mongo-majority,2,1,176,5.606,
mongo-majority,2,1,177,5.607,
mongo-majority,2,1,178,5.473,
mongo-majority,2,1,179,5.208,
mongo-majority,2,1,180,5.02,
mongo-majority,2,1,181,5.296,
mongo-majority,2,1,182,5.115,
mongo-majority,2,1,183,5.281,
mongo-majority,2,1,184,5.183,
mongo-majority,2,1,185,5.099,
mongo-majority,2,1,186,5.077,
mongo-majority,2,1,187,5.03,
mongo-majority,2,1,188,5.029,
mongo-majority,2,1,189,4.961,
mongo-majority,2,1,190,5.323,
mongo-majority,2,1,191,5.518,
mongo-majority,2,1,192,4.999,
mongo-majority,2,1,193,5.199,
mongo-majority,2,1,194,5.071,
mongo-majority,2,1,195,5.28,
mongo-majority,2,1,196,5.028,
mongo-majority,2,1,197,4.996,
mongo-majority,2,1,198,5.177,
mongo-majority,2,1,199,5.09,
mongo-majority,2,1,200,5.122,
mongo-majority,2,1,201,5.111,
mongo-majority,2,1,202,5.104,
mongo-majority,2,1,203,5.016,
mongo-majority,2,1,204,4.988,
mongo-majority,2,1,205,5.274,
mongo-majority,2,1,206,5.268,
mongo-majority,2,1,207,5.563,
mongo-majority,2,1,208,5.344,
mongo-majority,2,1,209,5.572,
mongo-majority,2,1,210,5.293,
mongo-majority,2,1,211,5.542,
mongo-majority,2,1,212,5.095,
mongo-majority,2,1,213,5.46,
mongo-majority,2,1,214,5.467,
mongo-majority,2,1,215,5.096,
mongo-majority,2,1,216,5.193,
mongo-majority,2,1,217,6.649,
mongo-majority,2,1,218,6.743,
mongo-majority,2,1,219,5.762,
mongo-majority,2,1,220,6.973,
mongo-majority,2,1,221,6.107,
mongo-majority,2,1,222,6.063,
mongo-majority,2,1,223,6.074,
mongo-majority,2,1,224,5.72,
mongo-majority,2,1,225,5.852,
mongo-majority,2,1,226,6.171,
mongo-majority,2,1,227,5.64,
mongo-majority,2,1,228,5.533,
mongo-majority,2,1,229,5.492,
mongo-majority,2,1,230,5.547,
mongo-majority,2,1,231,5.829,
mongo-majority,2,1,232,5.452,
mongo-majority,2,1,233,5.571,
mongo-majority,2,1,234,5.689,
mongo-majority,2,1,235,5.621,
mongo-majority,2,1,236,5.196,
mongo-majority,2,1,237,5.058,
mongo-majority,2,1,238,5.259,
mongo-majority,2,1,239,5.234,
mongo-majority,2,1,240,5.133,
mongo-majority,2,1,241,5.268,
mongo-majority,2,1,242,5.057,
mongo-majority,2,1,243,5.527,
mongo-majority,2,1,244,5.556,
mongo-majority,2,1,245,5.544,
mongo-majority,2,1,246,5.38,
mongo-majority,2,1,247,5.466,
mongo-majority,2,1,248,5.232,
mongo-majority,2,1,249,5.701,
mongo-majority,2,1,250,5.575,
mongo-majority,2,1,251,5.182,
mongo-majority,2,1,252,5.236,
mongo-majority,2,1,253,5.467,
mongo-majority,2,1,254,5.444,
mongo-majority,2,1,255,5.309,
mongo-majority,2,1,256,5.374,
mongo-majority,2,1,257,5.176,
mongo-majority,2,1,258,5.329,
mongo-majority,2,1,259,5.434,
mongo-majority,2,1,260,5.237,
mongo-majority,2,1,261,5.366,
mongo-majority,2,1,262,5.494,
mongo-majority,2,1,263,5.327,
mongo-majority,2,1,264,5.64,
mongo-majority,2,1,265,5.093,
mongo-majority,2,1,266,5.46,
mongo-majority,2,1,267,5.277,
mongo-majority,2,1,268,5.326,
mongo-majority,2,1,269,5.446,
mongo-majority,2,1,270,5.309,
mongo-majority,2,1,271,5.481,
mongo-majority,2,1,272,5.533,
mongo-majority,2,1,273,5.398,
mongo-majority,2,1,274,5.252,
mongo-majority,2,1,275,5.4,
mongo-majority,2,1,276,5.326,
mongo-majority,2,1,277,5.28,
mongo-majority,2,1,278,5.455,
mongo-majority,2,1,279,5.186,
mongo-majority,2,1,280,5.239,
mongo-majority,2,1,281,5.594,
mongo-majority,2,1,282,5.221,
mongo-majority,2,1,283,5.233,
mongo-majority,2,1,284,5.442,
mongo-majority,2,1,285,5.374,
mongo-majority,2,1,286,5.282,
mongo-majority,2,1,287,5.342,
mongo-majority,2,1,288,5.178,
mongo-majority,2,1,289,5.277,
mongo-majority,2,1,290,5.533,
mongo-majority,2,1,291,5.08,
mongo-majority,2,1,292,5.266,
mongo-majority,2,1,293,5.033,
mongo-majority,2,1,294,5.417,
mongo-majority,2,1,295,5.537,
mongo-majority,2,1,296,5.226,
mongo-majority,2,1,297,6.717,
mongo-majority,2,1,298,5.851,
mongo-majority,2,1,299,5.381,
mongo-majority,2,1,300,5.524,
mongo-majority,2,1,301,5.36,
mongo-majority,2,1,302,5.448,
mongo-majority,2,1,303,5.338,
mongo-majority,2,1,304,5.16,
mongo-majority,2,1,305,5.253,
mongo-majority,2,1,306,5.225,
mongo-majority,2,1,307,5.242,
mongo-majority,2,1,308,5.139,
mongo-majority,2,1,309,5.181,
mongo-majority,2,1,310,5.274,
mongo-majority,2,1,311,5.468,
mongo-majority,2,1,312,5.357,
mongo-majority,2,1,313,5.225,
mongo-majority,2,1,314,5.028,
mongo-majority,2,1,315,5.313,
mongo-majority,2,1,316,5.13,
mongo-majority,2,1,317,5.376,
mongo-majority,2,1,318,5.351,
mongo-majority,2,1,319,5.565,
mongo-majority,2,1,320,5.532,
mongo-majority,2,1,321,5.172,
mongo-majority,2,1,322,5.276,
mongo-majority,2,1,323,5.293,
mongo-majority,2,1,324,5.206,
mongo-majority,2,1,325,5.296,
mongo-majority,2,1,326,5.014,
mongo-majority,2,1,327,5.193,
mongo-majority,2,1,328,5.182,
mongo-majority,2,1,329,5.179,
mongo-majority,2,1,330,5.201,
mongo-majority,2,1,331,5.11,
mongo-majority,2,1,332,5.31,
mongo-majority,2,1,333,5.331,
mongo-majority,2,1,334,5.156,
mongo-majority,2,1,335,5.254,
mongo-majority,2,1,336,5.41,
mongo-majority,2,1,337,5.138,
mongo-majority,2,1,338,5.201,
mongo-majority,2,1,339,5.164,
mongo-majority,2,1,340,5.445,
mongo-majority,2,1,341,5.551,
mongo-majority,2,1,342,5.463,
mongo-majority,2,1,343,5.182,
mongo-majority,2,1,344,5.16,
mongo-majority,2,1,345,5.156,
mongo-majority,2,1,346,5.521,
mongo-majority,2,1,347,5.325,
mongo-majority,2,1,348,5.144,
mongo-majority,2,1,349,5.228,
mongo-majority,2,1,350,5.308,
mongo-majority,2,1,351,5.48,
mongo-majority,2,1,352,5.147,
mongo-majority,2,1,353,5.319,
mongo-majority,2,1,354,5.4,
mongo-majority,2,1,355,5.485,
mongo-majority,2,1,356,7.226,
mongo-majority,2,1,357,10.014,
mongo-majority,2,1,358,10.715,
mongo-majority,2,1,359,10.581,
mongo-majority,2,1,360,6.073,
mongo-majority,2,1,361,6.678,
mongo-majority,2,1,362,6.684,
mongo-majority,2,1,363,6.385,
mongo-majority,2,1,364,6.093,
mongo-majority,2,1,365,11.813,
mongo-majority,2,1,366,8.719,
mongo-majority,2,1,367,7.067,
mongo-majority,2,1,368,5.69,
mongo-majority,2,1,369,5.463,
mongo-majority,2,1,370,5.47,
mongo-majority,2,1,371,5.467,
mongo-majority,2,1,372,5.649,
mongo-majority,2,1,373,6.217,
mongo-majority,2,1,374,11.407,
mongo-majority,2,1,375,7.282,
mongo-majority,2,1,376,6.479,
mongo-majority,2,1,377,6.784,
mongo-majority,2,1,378,5.533,
mongo-majority,2,1,379,5.779,
mongo-majority,2,1,380,5.644,
mongo-majority,2,1,381,5.254,
mongo-majority,2,1,382,5.466,
mongo-majority,2,1,383,4.941,
mongo-majority,2,1,384,5.091,
mongo-majority,2,1,385,5.988,
mongo-majority,2,1,386,5.025,
mongo-majority,2,1,387,5.145,
mongo-majority,2,1,388,5.411,
mongo-majority,2,1,389,5.332,
mongo-majority,2,1,390,4.918,
mongo-majority,2,1,391,5.07,
mongo-majority,2,1,392,4.871,
mongo-majority,2,1,393,5.116,
mongo-majority,2,1,394,4.976,
mongo-majority,2,1,395,5.289,
mongo-majority,2,1,396,4.813,
mongo-majority,2,1,397,5.01,
mongo-majority,2,1,398,5.069,
mongo-majority,2,1,399,5.053,
mongo-majority,2,1,400,4.842,
mongo-majority,2,1,401,4.965,
mongo-majority,2,1,402,4.91,
mongo-majority,2,1,403,5.18,
mongo-majority,2,1,404,5.036,
mongo-majority,2,1,405,5.197,
mongo-majority,2,1,406,4.901,
mongo-majority,2,1,407,5.153,
mongo-majority,2,1,408,5.41,
mongo-majority,2,1,409,5.532,
mongo-majority,2,1,410,5.026,
mongo-majority,2,1,411,5.232,
mongo-majority,2,1,412,4.977,
mongo-majority,2,1,413,5.05,
mongo-majority,2,1,414,5.086,
mongo-majority,2,1,415,5.178,
mongo-majority,2,1,416,5.191,
mongo-majority,2,1,417,4.922,
mongo-majority,2,1,418,4.936,
mongo-majority,2,1,419,5.345,
mongo-majority,2,1,420,4.916,
mongo-majority,2,1,421,5.444,
mongo-majority,2,1,422,5.016,
mongo-majority,2,1,423,5.312,
mongo-majority,2,1,424,5.052,
mongo-majority,2,1,425,4.948,
mongo-majority,2,1,426,4.945,
mongo-majority,2,1,427,5.37,
mongo-majority,2,1,428,5.27,
mongo-majority,2,1,429,5.322,
mongo-majority,2,1,430,5.5,
mongo-majority,2,1,431,5.537,
mongo-majority,2,1,432,5.755,
mongo-majority,2,1,433,6.647,
mongo-majority,2,1,434,6.02,
mongo-majority,2,1,435,5.862,
mongo-majority,2,1,436,5.887,
mongo-majority,2,1,437,6.054,
mongo-majority,2,1,438,5.396,
mongo-majority,2,1,439,5.519,
mongo-majority,2,1,440,6.395,
mongo-majority,2,1,441,5.619,
mongo-majority,2,1,442,5.426,
mongo-majority,2,1,443,5.33,
mongo-majority,2,1,444,5.442,
mongo-majority,2,1,445,7.099,
mongo-majority,2,1,446,5.664,
mongo-majority,2,1,447,5.399,
mongo-majority,2,1,448,5.137,
mongo-majority,2,1,449,5.51,
mongo-majority,2,1,450,5.435,
mongo-majority,2,1,451,5.152,
mongo-majority,2,1,452,5.377,
mongo-majority,2,1,453,5.052,
mongo-majority,2,1,454,5.092,
mongo-majority,2,1,455,5.157,
mongo-majority,2,1,456,5.284,
mongo-majority,2,1,457,5.339,
mongo-majority,2,1,458,5.285,
mongo-majority,2,1,459,5.245,
mongo-majority,2,1,460,5.425,
mongo-majority,2,1,461,5.101,
mongo-majority,2,1,462,5.616,
mongo-majority,2,1,463,5.16,
mongo-majority,2,1,464,5.228,
mongo-majority,2,1,465,5.47,
mongo-majority,2,1,466,5.203,
mongo-majority,2,1,467,5.299,
mongo-majority,2,2,1,16.272,
mongo-majority,2,2,2,5.236,
mongo-majority,2,2,3,5.239,
mongo-majority,2,2,4,5.02,
mongo-majority,2,2,5,5.258,
mongo-majority,2,2,6,5.021,
mongo-majority,2,2,7,5.347,
mongo-majority,2,2,8,5.072,
mongo-majority,2,2,9,5.167,
mongo-majority,2,2,10,4.979,
mongo-majority,2,2,11,5.228,
mongo-majority,2,2,12,5.049,
mongo-majority,2,2,13,5.283,
mongo-majority,2,2,14,4.972,
mongo-majority,2,2,15,5.322,
mongo-majority,2,2,16,5.07,
mongo-majority,2,2,17,5.213,
mongo-majority,2,2,18,4.98,
mongo-majority,2,2,19,5.305,
mongo-majority,2,2,20,5.03,
mongo-majority,2,2,21,5.178,
mongo-majority,2,2,22,4.99,
mongo-majority,2,2,23,5.238,
mongo-majority,2,2,24,5.315,
mongo-majority,2,2,25,5.184,
mongo-majority,2,2,26,5.539,
mongo-majority,2,2,27,6.117,
mongo-majority,2,2,28,5.917,
mongo-majority,2,2,29,5.497,
mongo-majority,2,2,30,5.453,
mongo-majority,2,2,31,5.498,
mongo-majority,2,2,32,5.641,
mongo-majority,2,2,33,6.259,
mongo-majority,2,2,34,5.719,
mongo-majority,2,2,35,5.308,
mongo-majority,2,2,36,5.522,
mongo-majority,2,2,37,5.248,
mongo-majority,2,2,38,5.276,
mongo-majority,2,2,39,6.375,
mongo-majority,2,2,40,5.726,
mongo-majority,2,2,41,5.883,
mongo-majority,2,2,42,7.23,
mongo-majority,2,2,43,6.053,
mongo-majority,2,2,44,6.448,
mongo-majority,2,2,45,6.382,
mongo-majority,2,2,46,5.699,
mongo-majority,2,2,47,5.586,
mongo-majority,2,2,48,5.623,
mongo-majority,2,2,49,5.599,
mongo-majority,2,2,50,7.131,
mongo-majority,2,2,51,5.535,
mongo-majority,2,2,52,5.575,
mongo-majority,2,2,53,5.309,
mongo-majority,2,2,54,6.056,
mongo-majority,2,2,55,5.939,
mongo-majority,2,2,56,5.399,
mongo-majority,2,2,57,5.638,
mongo-majority,2,2,58,5.379,
mongo-majority,2,2,59,5.508,
mongo-majority,2,2,60,5.406,
mongo-majority,2,2,61,5.18,
mongo-majority,2,2,62,6.19,
mongo-majority,2,2,63,5.484,
mongo-majority,2,2,64,5.245,
mongo-majority,2,2,65,5.409,
mongo-majority,2,2,66,5.365,
mongo-majority,2,2,67,5.587,
mongo-majority,2,2,68,5.286,
mongo-majority,2,2,69,5.237,
mongo-majority,2,2,70,5.224,
mongo-majority,2,2,71,5.399,
mongo-majority,2,2,72,5.251,
mongo-majority,2,2,73,5.165,
mongo-majority,2,2,74,5.085,
mongo-majority,2,2,75,5.27,
mongo-majority,2,2,76,5.107,
mongo-majority,2,2,77,5.589,
mongo-majority,2,2,78,5.431,
mongo-majority,2,2,79,5.634,
mongo-majority,2,2,80,5.394,
mongo-majority,2,2,81,7.243,
mongo-majority,2,2,82,6.824,
mongo-majority,2,2,83,6.507,
mongo-majority,2,2,84,6.727,
mongo-majority,2,2,85,6.314,
mongo-majority,2,2,86,6.511,
mongo-majority,2,2,87,5.525,
mongo-majority,2,2,88,5.252,
mongo-majority,2,2,89,5.075,
mongo-majority,2,2,90,5.155,
mongo-majority,2,2,91,5.265,
mongo-majority,2,2,92,5.002,
mongo-majority,2,2,93,5.292,
mongo-majority,2,2,94,5.165,
mongo-majority,2,2,95,5.11,
mongo-majority,2,2,96,3.204,
mongo-majority,2,2,97,4.582,
mongo-majority,2,2,98,5.316,
mongo-majority,2,2,99,5.365,
mongo-majority,2,2,100,5.388,
mongo-majority,2,2,101,5.651,
mongo-majority,2,2,102,5.274,
mongo-majority,2,2,103,5.313,
mongo-majority,2,2,104,5.048,
mongo-majority,2,2,105,5.343,
mongo-majority,2,2,106,5.063,
mongo-majority,2,2,107,5.038,
mongo-majority,2,2,108,5.044,
mongo-majority,2,2,109,5.464,
mongo-majority,2,2,110,5.321,
mongo-majority,2,2,111,5.217,
mongo-majority,2,2,112,5.221,
mongo-majority,2,2,113,5.086,
mongo-majority,2,2,114,5.421,
mongo-majority,2,2,115,5.09,
mongo-majority,2,2,116,5.092,
mongo-majority,2,2,117,5.318,
mongo-majority,2,2,118,5.1,
mongo-majority,2,2,119,5.301,
mongo-majority,2,2,120,5.195,
mongo-majority,2,2,121,4.977,
mongo-majority,2,2,122,5.052,
mongo-majority,2,2,123,5.019,
mongo-majority,2,2,124,4.993,
mongo-majority,2,2,125,5.363,
mongo-majority,2,2,126,5.091,
mongo-majority,2,2,127,5.248,
mongo-majority,2,2,128,5.174,
mongo-majority,2,2,129,5.02,
mongo-majority,2,2,130,5.204,
mongo-majority,2,2,131,5.035,
mongo-majority,2,2,132,5.298,
mongo-majority,2,2,133,5.505,
mongo-majority,2,2,134,5.065,
mongo-majority,2,2,135,5.33,
mongo-majority,2,2,136,5.137,
mongo-majority,2,2,137,5.009,
mongo-majority,2,2,138,5.438,
mongo-majority,2,2,139,5.239,
mongo-majority,2,2,140,5.231,
mongo-majority,2,2,141,5.137,
mongo-majority,2,2,142,5.411,
mongo-majority,2,2,143,5.024,
mongo-majority,2,2,144,5.221,
mongo-majority,2,2,145,5.27,
mongo-majority,2,2,146,5.058,
mongo-majority,2,2,147,5.438,
mongo-majority,2,2,148,5.41,
mongo-majority,2,2,149,5.226,
mongo-majority,2,2,150,5.144,
mongo-majority,2,2,151,5.205,
mongo-majority,2,2,152,5.226,
mongo-majority,2,2,153,5.284,
mongo-majority,2,2,154,5.473,
mongo-majority,2,2,155,5.164,
mongo-majority,2,2,156,5.114,
mongo-majority,2,2,157,5.312,
mongo-majority,2,2,158,5.484,
mongo-majority,2,2,159,5.365,
mongo-majority,2,2,160,5.557,
mongo-majority,2,2,161,5.416,
mongo-majority,2,2,162,5.708,
mongo-majority,2,2,163,5.451,
mongo-majority,2,2,164,5.507,
mongo-majority,2,2,165,5.917,
mongo-majority,2,2,166,5.735,
mongo-majority,2,2,167,5.964,
mongo-majority,2,2,168,6.482,
mongo-majority,2,2,169,6.062,
mongo-majority,2,2,170,6.136,
mongo-majority,2,2,171,6.281,
mongo-majority,2,2,172,5.878,
mongo-majority,2,2,173,5.605,
mongo-majority,2,2,174,5.791,
mongo-majority,2,2,175,5.418,
mongo-majority,2,2,176,7.139,
mongo-majority,2,2,177,6.055,
mongo-majority,2,2,178,6.442,
mongo-majority,2,2,179,7.759,
mongo-majority,2,2,180,5.91,
mongo-majority,2,2,181,6.546,
mongo-majority,2,2,182,5.979,
mongo-majority,2,2,183,5.916,
mongo-majority,2,2,184,6.7,
mongo-majority,2,2,185,6.173,
mongo-majority,2,2,186,6.432,
mongo-majority,2,2,187,5.892,
mongo-majority,2,2,188,5.539,
mongo-majority,2,2,189,6.379,
mongo-majority,2,2,190,6.024,
mongo-majority,2,2,191,6.372,
mongo-majority,2,2,192,6.303,
mongo-majority,2,2,193,7.053,
mongo-majority,2,2,194,5.976,
mongo-majority,2,2,195,6.097,
mongo-majority,2,2,196,5.485,
mongo-majority,2,2,197,6.131,
mongo-majority,2,2,198,6.917,
mongo-majority,2,2,199,7.338,
mongo-majority,2,2,200,8.021,
mongo-majority,2,2,201,7.001,
mongo-majority,2,2,202,6.655,
mongo-majority,2,2,203,7.535,
mongo-majority,2,2,204,5.801,
mongo-majority,2,2,205,5.138,
mongo-majority,2,2,206,5.089,
mongo-majority,2,2,207,5.25,
mongo-majority,2,2,208,5.68,
mongo-majority,2,2,209,5.127,
mongo-majority,2,2,210,5.311,
mongo-majority,2,2,211,5.424,
mongo-majority,2,2,212,5.354,
mongo-majority,2,2,213,5.508,
mongo-majority,2,2,214,5.34,
mongo-majority,2,2,215,5.358,
mongo-majority,2,2,216,5.171,
mongo-majority,2,2,217,5.28,
mongo-majority,2,2,218,5.279,
mongo-majority,2,2,219,5.589,
mongo-majority,2,2,220,5.421,
mongo-majority,2,2,221,5.332,
mongo-majority,2,2,222,5.795,
mongo-majority,2,2,223,5.319,
mongo-majority,2,2,224,5.237,
mongo-majority,2,2,225,5.346,
mongo-majority,2,2,226,5.154,
mongo-majority,2,2,227,5.544,
mongo-majority,2,2,228,5.175,
mongo-majority,2,2,229,5.332,
mongo-majority,2,2,230,5.582,
mongo-majority,2,2,231,5.352,
mongo-majority,2,2,232,5.584,
mongo-majority,2,2,233,5.516,
mongo-majority,2,2,234,5.22,
mongo-majority,2,2,235,5.439,
mongo-majority,2,2,236,5.182,
mongo-majority,2,2,237,5.173,
mongo-majority,2,2,238,5.456,
mongo-majority,2,2,239,5.45,
mongo-majority,2,2,240,5.569,
mongo-majority,2,2,241,5.468,
mongo-majority,2,2,242,5.477,
mongo-majority,2,2,243,5.471,
mongo-majority,2,2,244,5.562,
mongo-majority,2,2,245,5.397,
mongo-majority,2,2,246,5.29,
mongo-majority,2,2,247,5.244,
mongo-majority,2,2,248,5.432,
mongo-majority,2,2,249,5.308,
mongo-majority,2,2,250,5.357,
mongo-majority,2,2,251,5.503,
mongo-majority,2,2,252,5.274,
mongo-majority,2,2,253,5.412,
mongo-majority,2,2,254,5.719,
mongo-majority,2,2,255,5.507,
mongo-majority,2,2,256,5.174,
mongo-majority,2,2,257,5.485,
mongo-majority,2,2,258,5.443,
mongo-majority,2,2,259,5.369,
mongo-majority,2,2,260,5.39,
mongo-majority,2,2,261,5.616,
mongo-majority,2,2,262,5.172,
mongo-majority,2,2,263,5.737,
mongo-majority,2,2,264,5.564,
mongo-majority,2,2,265,5.615,
mongo-majority,2,2,266,5.291,
mongo-majority,2,2,267,5.39,
mongo-majority,2,2,268,5.334,
mongo-majority,2,2,269,5.185,
mongo-majority,2,2,270,5.34,
mongo-majority,2,2,271,5.372,
mongo-majority,2,2,272,5.546,
mongo-majority,2,2,273,5.425,
mongo-majority,2,2,274,5.379,
mongo-majority,2,2,275,5.228,
mongo-majority,2,2,276,5.26,
mongo-majority,2,2,277,5.137,
mongo-majority,2,2,278,5.547,
mongo-majority,2,2,279,5.602,
mongo-majority,2,2,280,5.407,
mongo-majority,2,2,281,5.916,
mongo-majority,2,2,282,5.269,
mongo-majority,2,2,283,5.493,
mongo-majority,2,2,284,5.388,
mongo-majority,2,2,285,5.309,
mongo-majority,2,2,286,5.465,
mongo-majority,2,2,287,5.543,
mongo-majority,2,2,288,5.612,
mongo-majority,2,2,289,5.511,
mongo-majority,2,2,290,5.482,
mongo-majority,2,2,291,5.558,
mongo-majority,2,2,292,5.447,
mongo-majority,2,2,293,5.347,
mongo-majority,2,2,294,5.498,
mongo-majority,2,2,295,5.305,
mongo-majority,2,2,296,5.371,
mongo-majority,2,2,297,5.393,
mongo-majority,2,2,298,5.637,
mongo-majority,2,2,299,5.51,
mongo-majority,2,2,300,5.219,
mongo-majority,2,2,301,5.457,
mongo-majority,2,2,302,5.618,
mongo-majority,2,2,303,5.331,
mongo-majority,2,2,304,5.424,
mongo-majority,2,2,305,5.362,
mongo-majority,2,2,306,5.294,
mongo-majority,2,2,307,5.238,
mongo-majority,2,2,308,5.403,
mongo-majority,2,2,309,5.522,
mongo-majority,2,2,310,5.597,
mongo-majority,2,2,311,5.48,
mongo-majority,2,2,312,5.498,
mongo-majority,2,2,313,5.241,
mongo-majority,2,2,314,5.256,
mongo-majority,2,2,315,5.234,
mongo-majority,2,2,316,5.328,
mongo-majority,2,2,317,5.666,
mongo-majority,2,2,318,5.318,
mongo-majority,2,2,319,5.485,
mongo-majority,2,2,320,5.328,
mongo-majority,2,2,321,5.584,
mongo-majority,2,2,322,5.459,
mongo-majority,2,2,323,5.269,
mongo-majority,2,2,324,5.666,
mongo-majority,2,2,325,5.568,
mongo-majority,2,2,326,5.419,
mongo-majority,2,2,327,5.506,
mongo-majority,2,2,328,5.619,
mongo-majority,2,2,329,5.507,
mongo-majority,2,2,330,5.371,
mongo-majority,2,2,331,5.576,
mongo-majority,2,2,332,5.696,
mongo-majority,2,2,333,5.689,
mongo-majority,2,2,334,5.465,
mongo-majority,2,2,335,5.725,
mongo-majority,2,2,336,5.574,
mongo-majority,2,2,337,5.298,
mongo-majority,2,2,338,5.477,
mongo-majority,2,2,339,5.347,
mongo-majority,2,2,340,5.308,
mongo-majority,2,2,341,5.433,
mongo-majority,2,2,342,5.53,
mongo-majority,2,2,343,5.565,
mongo-majority,2,2,344,5.54,
mongo-majority,2,2,345,5.427,
mongo-majority,2,2,346,5.671,
mongo-majority,2,2,347,5.329,
mongo-majority,2,2,348,5.082,
mongo-majority,2,2,349,5.464,
mongo-majority,2,2,350,5.431,
mongo-majority,2,2,351,5.108,
mongo-majority,2,2,352,5.107,
mongo-majority,2,2,353,5.263,
mongo-majority,2,2,354,5.548,
mongo-majority,2,2,355,5.227,
mongo-majority,2,2,356,5.279,
mongo-majority,2,2,357,5.358,
mongo-majority,2,2,358,5.523,
mongo-majority,2,2,359,5.163,
mongo-majority,2,2,360,5.165,
mongo-majority,2,2,361,5.272,
mongo-majority,2,2,362,5.661,
mongo-majority,2,2,363,5.431,
mongo-majority,2,2,364,5.351,
mongo-majority,2,2,365,4.886,
mongo-majority,2,2,366,4.722,
mongo-majority,2,2,367,4.863,
mongo-majority,2,2,368,4.984,
mongo-majority,2,2,369,4.982,
mongo-majority,2,2,370,5.226,
mongo-majority,2,2,371,4.787,
mongo-majority,2,2,372,4.971,
mongo-majority,2,2,373,5.069,
mongo-majority,2,2,374,5.085,
mongo-majority,2,2,375,5.33,
mongo-majority,2,2,376,5.574,
mongo-majority,2,2,377,5.536,
mongo-majority,2,2,378,5.468,
mongo-majority,2,2,379,5.336,
mongo-majority,2,2,380,5.411,
mongo-majority,2,2,381,5.302,
mongo-majority,2,2,382,5.689,
mongo-majority,2,2,383,5.444,
mongo-majority,2,2,384,5.703,
mongo-majority,2,2,385,5.631,
mongo-majority,2,2,386,5.335,
mongo-majority,2,2,387,5.607,
mongo-majority,2,2,388,5.303,
mongo-majority,2,2,389,5.639,
mongo-majority,2,2,390,5.21,
mongo-majority,2,2,391,5.572,
mongo-majority,2,2,392,5.484,
mongo-majority,2,2,393,5.48,
mongo-majority,2,2,394,5.42,
mongo-majority,2,2,395,5.221,
mongo-majority,2,2,396,5.22,
mongo-majority,2,2,397,5.43,
mongo-majority,2,2,398,5.541,
mongo-majority,2,2,399,5.472,
mongo-majority,2,2,400,5.575,
mongo-majority,2,2,401,5.576,
mongo-majority,2,2,402,5.466,
mongo-majority,2,2,403,5.516,
mongo-majority,2,2,404,5.208,
mongo-majority,2,2,405,5.161,
mongo-majority,2,2,406,5.627,
mongo-majority,2,2,407,5.433,
mongo-majority,2,2,408,5.371,
mongo-majority,2,2,409,5.149,
mongo-majority,2,2,410,6.2,
mongo-majority,2,2,411,5.355,
mongo-majority,2,2,412,5.329,
mongo-majority,2,2,413,5.098,
mongo-majority,2,2,414,5.366,
mongo-majority,2,2,415,5.187,
mongo-majority,2,2,416,5.646,
mongo-majority,2,2,417,5.311,
mongo-majority,2,2,418,5.525,
mongo-majority,2,2,419,5.242,
mongo-majority,2,2,420,5.931,
mongo-majority,2,2,421,6.181,
mongo-majority,2,2,422,6.021,
mongo-majority,2,2,423,5.697,
mongo-majority,2,2,424,5.874,
mongo-majority,2,2,425,5.444,
mongo-majority,2,2,426,6.582,
mongo-majority,2,2,427,6.359,
mongo-majority,2,2,428,6.118,
mongo-majority,2,2,429,6.361,
mongo-majority,2,2,430,5.801,
mongo-majority,2,2,431,6.387,
mongo-majority,2,2,432,6.084,
mongo-majority,2,2,433,6.186,
mongo-majority,2,2,434,5.924,
mongo-majority,2,2,435,6.431,
mongo-majority,2,2,436,6.034,
mongo-majority,2,2,437,6.453,
mongo-majority,2,2,438,6.273,
mongo-majority,2,2,439,6.418,
mongo-majority,2,2,440,5.562,
mongo-majority,2,2,441,5.551,
mongo-majority,2,2,442,6.308,
mongo-majority,2,2,443,6.905,
mongo-majority,2,2,444,6.188,
mongo-majority,2,2,445,7.056,
mongo-majority,2,2,446,6.378,
mongo-majority,2,2,447,5.72,
mongo-majority,2,2,448,5.505,
mongo-majority,2,2,449,5.541,
mongo-majority,2,2,450,5.292,
mongo-majority,2,2,451,5.163,
mongo-majority,2,2,452,5.522,
mongo-majority,2,2,453,5.55,
mongo-majority,2,2,454,5.093,
mongo-majority,2,2,455,5.217,
mongo-majority,2,2,456,5.185,
mongo-majority,2,2,457,5.22,
mongo-majority,2,2,458,5.305,
mongo-majority,2,2,459,5.47,
mongo-majority,2,2,460,5.1,
mongo-majority,2,2,461,5.525,
mongo-majority,2,2,462,5.807,
mongo-majority,2,2,463,5.157,
mongo-majority,2,2,464,5.051,
mongo-majority,2,2,465,5.149,
mongo-majority,2,2,466,5.136,
mongo-majority,2,2,467,5.245,
mongo-majority,2,3,1,15.304,
mongo-majority,2,3,2,5.253,
mongo-majority,2,3,3,5.243,
mongo-majority,2,3,4,5.375,
mongo-majority,2,3,5,5.035,
mongo-majority,2,3,6,5.007,
mongo-majority,2,3,7,5.051,
mongo-majority,2,3,8,4.953,
mongo-majority,2,3,9,5.155,
mongo-majority,2,3,10,4.965,
mongo-majority,2,3,11,5.136,
mongo-majority,2,3,12,5.137,
mongo-majority,2,3,13,5.091,
mongo-majority,2,3,14,5.033,
mongo-majority,2,3,15,5.331,
mongo-majority,2,3,16,5.184,
mongo-majority,2,3,17,4.99,
mongo-majority,2,3,18,5.167,
mongo-majority,2,3,19,4.928,
mongo-majority,2,3,20,4.921,
mongo-majority,2,3,21,4.972,
mongo-majority,2,3,22,4.982,
mongo-majority,2,3,23,5.194,
mongo-majority,2,3,24,5.379,
mongo-majority,2,3,25,5.035,
mongo-majority,2,3,26,4.952,
mongo-majority,2,3,27,5.298,
mongo-majority,2,3,28,5.139,
mongo-majority,2,3,29,5.193,
mongo-majority,2,3,30,4.914,
mongo-majority,2,3,31,4.897,
mongo-majority,2,3,32,5.066,
mongo-majority,2,3,33,4.986,
mongo-majority,2,3,34,5.087,
mongo-majority,2,3,35,5.278,
mongo-majority,2,3,36,5.128,
mongo-majority,2,3,37,5.421,
mongo-majority,2,3,38,5.099,
mongo-majority,2,3,39,5.413,
mongo-majority,2,3,40,5.151,
mongo-majority,2,3,41,5.444,
mongo-majority,2,3,42,5.215,
mongo-majority,2,3,43,5.235,
mongo-majority,2,3,44,5.367,
mongo-majority,2,3,45,5.444,
mongo-majority,2,3,46,5.273,
mongo-majority,2,3,47,5.388,
mongo-majority,2,3,48,5.163,
mongo-majority,2,3,49,5.471,
mongo-majority,2,3,50,5.92,
mongo-majority,2,3,51,6.084,
mongo-majority,2,3,52,5.386,
mongo-majority,2,3,53,5.223,
mongo-majority,2,3,54,5.185,
mongo-majority,2,3,55,5.591,
mongo-majority,2,3,56,5.733,
mongo-majority,2,3,57,6.096,
mongo-majority,2,3,58,5.717,
mongo-majority,2,3,59,5.779,
mongo-majority,2,3,60,5.618,
mongo-majority,2,3,61,5.612,
mongo-majority,2,3,62,5.614,
mongo-majority,2,3,63,5.639,
mongo-majority,2,3,64,5.324,
mongo-majority,2,3,65,5.449,
mongo-majority,2,3,66,5.45,
mongo-majority,2,3,67,4.93,
mongo-majority,2,3,68,5.234,
mongo-majority,2,3,69,5.391,
mongo-majority,2,3,70,5.275,
mongo-majority,2,3,71,5.347,
mongo-majority,2,3,72,6.059,
mongo-majority,2,3,73,5.762,
mongo-majority,2,3,74,5.491,
mongo-majority,2,3,75,5.939,
mongo-majority,2,3,76,5.394,
mongo-majority,2,3,77,5.573,
mongo-majority,2,3,78,5.619,
mongo-majority,2,3,79,5.232,
mongo-majority,2,3,80,5.533,
mongo-majority,2,3,81,5.724,
mongo-majority,2,3,82,5.406,
mongo-majority,2,3,83,5.327,
mongo-majority,2,3,84,5.301,
mongo-majority,2,3,85,5.841,
mongo-majority,2,3,86,6.47,
mongo-majority,2,3,87,6.921,
mongo-majority,2,3,88,7.172,
mongo-majority,2,3,89,7.617,
mongo-majority,2,3,90,6.692,
mongo-majority,2,3,91,6.752,
mongo-majority,2,3,92,6.267,
mongo-majority,2,3,93,6.17,
mongo-majority,2,3,94,7.017,
mongo-majority,2,3,95,6.799,
mongo-majority,2,3,96,8.061,
mongo-majority,2,3,97,6.288,
mongo-majority,2,3,98,5.592,
mongo-majority,2,3,99,6.054,
mongo-majority,2,3,100,5.594,
mongo-majority,2,3,101,5.595,
mongo-majority,2,3,102,5.227,
mongo-majority,2,3,103,5.384,
mongo-majority,2,3,104,5.315,
mongo-majority,2,3,105,5.278,
mongo-majority,2,3,106,5.351,
mongo-majority,2,3,107,5.307,
mongo-majority,2,3,108,5.461,
mongo-majority,2,3,109,5.373,
mongo-majority,2,3,110,5.528,
mongo-majority,2,3,111,5.248,
mongo-majority,2,3,112,5.472,
mongo-majority,2,3,113,5.625,
mongo-majority,2,3,114,5.54,
mongo-majority,2,3,115,5.194,
mongo-majority,2,3,116,5.312,
mongo-majority,2,3,117,5.451,
mongo-majority,2,3,118,5.207,
mongo-majority,2,3,119,5.171,
mongo-majority,2,3,120,5.336,
mongo-majority,2,3,121,5.408,
mongo-majority,2,3,122,5.353,
mongo-majority,2,3,123,5.459,
mongo-majority,2,3,124,5.577,
mongo-majority,2,3,125,5.391,
mongo-majority,2,3,126,5.583,
mongo-majority,2,3,127,5.398,
mongo-majority,2,3,128,5.335,
mongo-majority,2,3,129,5.404,
mongo-majority,2,3,130,5.432,
mongo-majority,2,3,131,5.377,
mongo-majority,2,3,132,5.193,
mongo-majority,2,3,133,5.288,
mongo-majority,2,3,134,5.234,
mongo-majority,2,3,135,5.585,
mongo-majority,2,3,136,5.239,
mongo-majority,2,3,137,5.106,
mongo-majority,2,3,138,5.285,
mongo-majority,2,3,139,6.071,
mongo-majority,2,3,140,8.817,
mongo-majority,2,3,141,6.926,
mongo-majority,2,3,142,5.614,
mongo-majority,2,3,143,5.604,
mongo-majority,2,3,144,5.157,
mongo-majority,2,3,145,5.452,
mongo-majority,2,3,146,5.317,
mongo-majority,2,3,147,5.267,
mongo-majority,2,3,148,5.453,
mongo-majority,2,3,149,5.339,
mongo-majority,2,3,150,5.469,
mongo-majority,2,3,151,5.517,
mongo-majority,2,3,152,5.276,
mongo-majority,2,3,153,5.121,
mongo-majority,2,3,154,5.117,
mongo-majority,2,3,155,5.068,
mongo-majority,2,3,156,5.449,
mongo-majority,2,3,157,5.245,
mongo-majority,2,3,158,5.401,
mongo-majority,2,3,159,5.196,
mongo-majority,2,3,160,5.276,
mongo-majority,2,3,161,5.173,
mongo-majority,2,3,162,5.207,
mongo-majority,2,3,163,5.268,
mongo-majority,2,3,164,5.212,
mongo-majority,2,3,165,5.603,
mongo-majority,2,3,166,5.174,
mongo-majority,2,3,167,5.209,
mongo-majority,2,3,168,5.133,
mongo-majority,2,3,169,5.504,
mongo-majority,2,3,170,5.398,
mongo-majority,2,3,171,5.12,
mongo-majority,2,3,172,5.495,
mongo-majority,2,3,173,5.215,
mongo-majority,2,3,174,5.523,
mongo-majority,2,3,175,5.593,
mongo-majority,2,3,176,5.234,
mongo-majority,2,3,177,5.213,
mongo-majority,2,3,178,5.195,
mongo-majority,2,3,179,5.335,
mongo-majority,2,3,180,5.36,
mongo-majority,2,3,181,5.151,
mongo-majority,2,3,182,5.353,
mongo-majority,2,3,183,5.337,
mongo-majority,2,3,184,5.334,
mongo-majority,2,3,185,5.248,
mongo-majority,2,3,186,5.25,
mongo-majority,2,3,187,5.138,
mongo-majority,2,3,188,5.387,
mongo-majority,2,3,189,5.319,
mongo-majority,2,3,190,5.146,
mongo-majority,2,3,191,5.299,
mongo-majority,2,3,192,5.262,
mongo-majority,2,3,193,5.544,
mongo-majority,2,3,194,5.353,
mongo-majority,2,3,195,5.409,
mongo-majority,2,3,196,5.363,
mongo-majority,2,3,197,5.289,
mongo-majority,2,3,198,5.542,
mongo-majority,2,3,199,5.494,
mongo-majority,2,3,200,5.072,
mongo-majority,2,3,201,5.433,
mongo-majority,2,3,202,5.055,
mongo-majority,2,3,203,5.163,
mongo-majority,2,3,204,5.371,
mongo-majority,2,3,205,5.879,
mongo-majority,2,3,206,6.082,
mongo-majority,2,3,207,6.381,
mongo-majority,2,3,208,5.686,
mongo-majority,2,3,209,5.543,
mongo-majority,2,3,210,5.844,
mongo-majority,2,3,211,5.51,
mongo-majority,2,3,212,5.499,
mongo-majority,2,3,213,5.391,
mongo-majority,2,3,214,5.589,
mongo-majority,2,3,215,5.497,
mongo-majority,2,3,216,5.364,
mongo-majority,2,3,217,5.224,
mongo-majority,2,3,218,5.67,
mongo-majority,2,3,219,5.583,
mongo-majority,2,3,220,5.278,
mongo-majority,2,3,221,5.316,
mongo-majority,2,3,222,5.192,
mongo-majority,2,3,223,5.465,
mongo-majority,2,3,224,5.4,
mongo-majority,2,3,225,5.218,
mongo-majority,2,3,226,5.683,
mongo-majority,2,3,227,5.428,
mongo-majority,2,3,228,5.189,
mongo-majority,2,3,229,5.511,
mongo-majority,2,3,230,5.432,
mongo-majority,2,3,231,5.534,
mongo-majority,2,3,232,5.429,
mongo-majority,2,3,233,5.293,
mongo-majority,2,3,234,5.306,
mongo-majority,2,3,235,5.257,
mongo-majority,2,3,236,5.357,
mongo-majority,2,3,237,5.383,
mongo-majority,2,3,238,5.123,
mongo-majority,2,3,239,5.312,
mongo-majority,2,3,240,5.573,
mongo-majority,2,3,241,5.461,
mongo-majority,2,3,242,5.678,
mongo-majority,2,3,243,5.521,
mongo-majority,2,3,244,5.551,
mongo-majority,2,3,245,5.628,
mongo-majority,2,3,246,5.18,
mongo-majority,2,3,247,5.414,
mongo-majority,2,3,248,5.552,
mongo-majority,2,3,249,5.699,
mongo-majority,2,3,250,5.841,
mongo-majority,2,3,251,5.573,
mongo-majority,2,3,252,5.852,
mongo-majority,2,3,253,5.596,
mongo-majority,2,3,254,5.397,
mongo-majority,2,3,255,5.229,
mongo-majority,2,3,256,5.287,
mongo-majority,2,3,257,5.199,
mongo-majority,2,3,258,5.263,
mongo-majority,2,3,259,5.165,
mongo-majority,2,3,260,5.543,
mongo-majority,2,3,261,5.285,
mongo-majority,2,3,262,5.467,
mongo-majority,2,3,263,5.293,
mongo-majority,2,3,264,5.234,
mongo-majority,2,3,265,5.247,
mongo-majority,2,3,266,5.272,
mongo-majority,2,3,267,5.483,
mongo-majority,2,3,268,5.134,
mongo-majority,2,3,269,5.346,
mongo-majority,2,3,270,5.135,
mongo-majority,2,3,271,5.473,
mongo-majority,2,3,272,5.422,
mongo-majority,2,3,273,5.386,
mongo-majority,2,3,274,5.145,
mongo-majority,2,3,275,5.159,
mongo-majority,2,3,276,5.434,
mongo-majority,2,3,277,5.407,
mongo-majority,2,3,278,5.166,
mongo-majority,2,3,279,5.33,
mongo-majority,2,3,280,5.363,
mongo-majority,2,3,281,5.421,
mongo-majority,2,3,282,5.34,
mongo-majority,2,3,283,5.423,
mongo-majority,2,3,284,5.372,
mongo-majority,2,3,285,5.338,
mongo-majority,2,3,286,5.285,
mongo-majority,2,3,287,5.419,
mongo-majority,2,3,288,5.52,
mongo-majority,2,3,289,5.137,
mongo-majority,2,3,290,5.403,
mongo-majority,2,3,291,5.391,
mongo-majority,2,3,292,5.335,
mongo-majority,2,3,293,5.248,
mongo-majority,2,3,294,5.334,
mongo-majority,2,3,295,5.399,
mongo-majority,2,3,296,5.281,
mongo-majority,2,3,297,5.523,
mongo-majority,2,3,298,5.463,
mongo-majority,2,3,299,5.523,
mongo-majority,2,3,300,5.437,
mongo-majority,2,3,301,5.367,
mongo-majority,2,3,302,5.336,
mongo-majority,2,3,303,5.424,
mongo-majority,2,3,304,5.166,
mongo-majority,2,3,305,5.146,
mongo-majority,2,3,306,5.358,
mongo-majority,2,3,307,5.497,
mongo-majority,2,3,308,5.583,
mongo-majority,2,3,309,5.646,
mongo-majority,2,3,310,5.338,
mongo-majority,2,3,311,5.242,
mongo-majority,2,3,312,5.119,
mongo-majority,2,3,313,5.218,
mongo-majority,2,3,314,5.575,
mongo-majority,2,3,315,5.486,
mongo-majority,2,3,316,5.179,
mongo-majority,2,3,317,5.45,
mongo-majority,2,3,318,5.499,
mongo-majority,2,3,319,5.407,
mongo-majority,2,3,320,5.484,
mongo-majority,2,3,321,5.523,
mongo-majority,2,3,322,5.621,
mongo-majority,2,3,323,5.344,
mongo-majority,2,3,324,5.283,
mongo-majority,2,3,325,5.357,
mongo-majority,2,3,326,5.277,
mongo-majority,2,3,327,5.501,
mongo-majority,2,3,328,5.452,
mongo-majority,2,3,329,5.617,
mongo-majority,2,3,330,5.498,
mongo-majority,2,3,331,5.5,
mongo-majority,2,3,332,5.349,
mongo-majority,2,3,333,5.508,
mongo-majority,2,3,334,5.242,
mongo-majority,2,3,335,5.458,
mongo-majority,2,3,336,5.532,
mongo-majority,2,3,337,5.845,
mongo-majority,2,3,338,5.648,
mongo-majority,2,3,339,5.407,
mongo-majority,2,3,340,5.512,
mongo-majority,2,3,341,5.299,
mongo-majority,2,3,342,5.284,
mongo-majority,2,3,343,5.448,
mongo-majority,2,3,344,5.415,
mongo-majority,2,3,345,5.246,
mongo-majority,2,3,346,5.469,
mongo-majority,2,3,347,5.284,
mongo-majority,2,3,348,5.034,
mongo-majority,2,3,349,5.367,
mongo-majority,2,3,350,5.204,
mongo-majority,2,3,351,5.503,
mongo-majority,2,3,352,5.156,
mongo-majority,2,3,353,5.38,
mongo-majority,2,3,354,5.475,
mongo-majority,2,3,355,5.322,
mongo-majority,2,3,356,5.578,
mongo-majority,2,3,357,5.38,
mongo-majority,2,3,358,5.691,
mongo-majority,2,3,359,5.75,
mongo-majority,2,3,360,5.72,
mongo-majority,2,3,361,5.429,
mongo-majority,2,3,362,5.232,
mongo-majority,2,3,363,5.304,
mongo-majority,2,3,364,5.449,
mongo-majority,2,3,365,5.082,
mongo-majority,2,3,366,5.153,
mongo-majority,2,3,367,5.368,
mongo-majority,2,3,368,5.395,
mongo-majority,2,3,369,5.299,
mongo-majority,2,3,370,5.25,
mongo-majority,2,3,371,5.338,
mongo-majority,2,3,372,5.08,
mongo-majority,2,3,373,5.076,
mongo-majority,2,3,374,5.166,
mongo-majority,2,3,375,5.306,
mongo-majority,2,3,376,5.212,
mongo-majority,2,3,377,5.263,
mongo-majority,2,3,378,5.169,
mongo-majority,2,3,379,5.613,
mongo-majority,2,3,380,5.777,
mongo-majority,2,3,381,5.902,
mongo-majority,2,3,382,5.644,
mongo-majority,2,3,383,5.601,
mongo-majority,2,3,384,5.449,
mongo-majority,2,3,385,5.259,
mongo-majority,2,3,386,5.255,
mongo-majority,2,3,387,5.477,
mongo-majority,2,3,388,5.431,
mongo-majority,2,3,389,5.629,
mongo-majority,2,3,390,5.467,
mongo-majority,2,3,391,5.327,
mongo-majority,2,3,392,5.397,
mongo-majority,2,3,393,5.345,
mongo-majority,2,3,394,5.375,
mongo-majority,2,3,395,5.137,
mongo-majority,2,3,396,5.225,
mongo-majority,2,3,397,5.294,
mongo-majority,2,3,398,5.353,
mongo-majority,2,3,399,5.446,
mongo-majority,2,3,400,5.138,
mongo-majority,2,3,401,5.221,
mongo-majority,2,3,402,5.181,
mongo-majority,2,3,403,5.4,
mongo-majority,2,3,404,5.293,
mongo-majority,2,3,405,5.524,
mongo-majority,2,3,406,5.241,
mongo-majority,2,3,407,5.592,
mongo-majority,2,3,408,5.1,
mongo-majority,2,3,409,5.306,
mongo-majority,2,3,410,5.378,
mongo-majority,2,3,411,5.402,
mongo-majority,2,3,412,5.217,
mongo-majority,2,3,413,5.168,
mongo-majority,2,3,414,5.507,
mongo-majority,2,3,415,5.283,
mongo-majority,2,3,416,5.156,
mongo-majority,2,3,417,5.299,
mongo-majority,2,3,418,5.281,
mongo-majority,2,3,419,5.324,
mongo-majority,2,3,420,5.472,
mongo-majority,2,3,421,5.277,
mongo-majority,2,3,422,5.296,
mongo-majority,2,3,423,5.405,
mongo-majority,2,3,424,5.133,
mongo-majority,2,3,425,5.479,
mongo-majority,2,3,426,5.399,
mongo-majority,2,3,427,5.476,
mongo-majority,2,3,428,5.517,
mongo-majority,2,3,429,5.469,
mongo-majority,2,3,430,5.198,
mongo-majority,2,3,431,5.492,
mongo-majority,2,3,432,5.096,
mongo-majority,2,3,433,5.499,
mongo-majority,2,3,434,5.33,
mongo-majority,2,3,435,5.337,
mongo-majority,2,3,436,5.475,
mongo-majority,2,3,437,5.189,
mongo-majority,2,3,438,5.382,
mongo-majority,2,3,439,5.403,
mongo-majority,2,3,440,5.296,
mongo-majority,2,3,441,5.535,
mongo-majority,2,3,442,5.287,
mongo-majority,2,3,443,5.279,
mongo-majority,2,3,444,5.333,
mongo-majority,2,3,445,5.46,
mongo-majority,2,3,446,5.285,
mongo-majority,2,3,447,5.159,
mongo-majority,2,3,448,4.981,
mongo-majority,2,3,449,5.004,
mongo-majority,2,3,450,5.432,
mongo-majority,2,3,451,5.205,
mongo-majority,2,3,452,5.602,
mongo-majority,2,3,453,5.891,
mongo-majority,2,3,454,5.965,
mongo-majority,2,3,455,5.775,
mongo-majority,2,3,456,5.162,
mongo-majority,2,3,457,5.398,
mongo-majority,2,3,458,4.954,
mongo-majority,2,3,459,5.085,
mongo-majority,2,3,460,5.012,
mongo-majority,2,3,461,4.978,
mongo-majority,2,3,462,4.871,
mongo-majority,2,3,463,5.147,
mongo-majority,2,3,464,5.033,
mongo-majority,2,3,465,5.187,
mongo-majority,2,3,466,5.739,
mongo-majority,2,3,467,5.207,
redis-async,2,1,1,0.101,
redis-async,2,1,2,0.087,
redis-async,2,1,3,0.074,
redis-async,2,1,4,0.056,
redis-async,2,1,5,0.054,
redis-async,2,1,6,0.053,
redis-async,2,1,7,0.053,
redis-async,2,1,8,0.053,
redis-async,2,1,9,0.051,
redis-async,2,1,10,0.046,
redis-async,2,1,11,0.046,
redis-async,2,1,12,0.044,
redis-async,2,1,13,0.06,
redis-async,2,1,14,0.052,
redis-async,2,1,15,0.045,
redis-async,2,1,16,0.045,
redis-async,2,1,17,0.045,
redis-async,2,1,18,0.046,
redis-async,2,1,19,0.045,
redis-async,2,1,20,0.068,
redis-async,2,1,21,0.052,
redis-async,2,1,22,0.044,
redis-async,2,1,23,0.044,
redis-async,2,1,24,0.044,
redis-async,2,1,25,0.044,
redis-async,2,1,26,0.044,
redis-async,2,1,27,0.044,
redis-async,2,1,28,0.044,
redis-async,2,1,29,0.044,
redis-async,2,1,30,0.043,
redis-async,2,1,31,0.044,
redis-async,2,1,32,0.044,
redis-async,2,1,33,0.044,
redis-async,2,1,34,0.061,
redis-async,2,1,35,0.047,
redis-async,2,1,36,0.046,
redis-async,2,1,37,0.045,
redis-async,2,1,38,0.045,
redis-async,2,1,39,0.055,
redis-async,2,1,40,0.059,
redis-async,2,1,41,0.08,
redis-async,2,1,42,0.06,
redis-async,2,1,43,0.06,
redis-async,2,1,44,0.061,
redis-async,2,1,45,0.06,
redis-async,2,1,46,0.061,
redis-async,2,1,47,0.055,
redis-async,2,1,48,0.052,
redis-async,2,1,49,0.051,
redis-async,2,1,50,0.05,
redis-async,2,1,51,0.051,
redis-async,2,1,52,0.051,
redis-async,2,1,53,0.051,
redis-async,2,1,54,0.051,
redis-async,2,1,55,0.045,
redis-async,2,1,56,0.045,
redis-async,2,1,57,0.044,
redis-async,2,1,58,0.045,
redis-async,2,1,59,0.052,
redis-async,2,1,60,0.045,
redis-async,2,1,61,0.081,
redis-async,2,1,62,0.084,
redis-async,2,1,63,0.066,
redis-async,2,1,64,0.05,
redis-async,2,1,65,0.048,
redis-async,2,1,66,0.045,
redis-async,2,1,67,0.045,
redis-async,2,1,68,0.044,
redis-async,2,1,69,0.045,
redis-async,2,1,70,0.044,
redis-async,2,1,71,0.065,
redis-async,2,1,72,0.055,
redis-async,2,1,73,0.047,
redis-async,2,1,74,0.046,
redis-async,2,1,75,0.047,
redis-async,2,1,76,0.096,
redis-async,2,1,77,0.094,
redis-async,2,1,78,0.062,
redis-async,2,1,79,0.055,
redis-async,2,1,80,0.052,
redis-async,2,1,81,0.053,
redis-async,2,1,82,0.052,
redis-async,2,1,83,0.052,
redis-async,2,1,84,0.046,
redis-async,2,1,85,0.045,
redis-async,2,1,86,0.045,
redis-async,2,1,87,0.053,
redis-async,2,1,88,0.045,
redis-async,2,1,89,0.046,
redis-async,2,1,90,0.044,
redis-async,2,1,91,0.044,
redis-async,2,1,92,0.05,
redis-async,2,1,93,0.044,
redis-async,2,1,94,0.043,
redis-async,2,1,95,0.044,
redis-async,2,1,96,0.043,
redis-async,2,1,97,0.054,
redis-async,2,1,98,0.043,
redis-async,2,1,99,0.044,
redis-async,2,1,100,0.043,
redis-async,2,1,101,0.043,
redis-async,2,1,102,0.043,
redis-async,2,1,103,0.044,
redis-async,2,1,104,0.043,
redis-async,2,1,105,0.044,
redis-async,2,1,106,0.043,
redis-async,2,1,107,0.045,
redis-async,2,1,108,0.044,
redis-async,2,1,109,0.043,
redis-async,2,1,110,0.046,
redis-async,2,1,111,0.058,
redis-async,2,1,112,0.054,
redis-async,2,1,113,0.047,
redis-async,2,1,114,0.046,
redis-async,2,1,115,0.045,
redis-async,2,1,116,0.045,
redis-async,2,1,117,0.047,
redis-async,2,1,118,0.056,
redis-async,2,1,119,0.046,
redis-async,2,1,120,0.054,
redis-async,2,1,121,0.057,
redis-async,2,1,122,0.051,
redis-async,2,1,123,0.055,
redis-async,2,1,124,0.051,
redis-async,2,1,125,0.049,
redis-async,2,1,126,0.05,
redis-async,2,1,127,0.094,
redis-async,2,1,128,0.083,
redis-async,2,1,129,0.083,
redis-async,2,1,130,0.06,
redis-async,2,1,131,0.053,
redis-async,2,1,132,0.053,
redis-async,2,1,133,0.052,
redis-async,2,1,134,0.052,
redis-async,2,1,135,0.063,
redis-async,2,1,136,0.047,
redis-async,2,1,137,0.075,
redis-async,2,1,138,0.062,
redis-async,2,1,139,0.048,
redis-async,2,1,140,0.045,
redis-async,2,1,141,0.045,
redis-async,2,1,142,0.045,
redis-async,2,1,143,0.045,
redis-async,2,1,144,0.045,
redis-async,2,1,145,0.045,
redis-async,2,1,146,0.048,
redis-async,2,1,147,0.045,
redis-async,2,1,148,0.057,
redis-async,2,1,149,0.046,
redis-async,2,1,150,0.046,
redis-async,2,1,151,0.044,
redis-async,2,1,152,0.043,
redis-async,2,1,153,0.054,
redis-async,2,1,154,0.066,
redis-async,2,1,155,0.067,
redis-async,2,1,156,0.067,
redis-async,2,1,157,0.076,
redis-async,2,1,158,0.076,
redis-async,2,1,159,0.075,
redis-async,2,1,160,0.074,
redis-async,2,1,161,0.074,
redis-async,2,1,162,0.079,
redis-async,2,1,163,0.082,
redis-async,2,1,164,0.077,
redis-async,2,1,165,0.076,
redis-async,2,1,166,0.074,
redis-async,2,1,167,0.075,
redis-async,2,1,168,0.074,
redis-async,2,1,169,0.067,
redis-async,2,1,170,0.073,
redis-async,2,1,171,0.077,
redis-async,2,1,172,0.074,
redis-async,2,1,173,0.073,
redis-async,2,1,174,0.068,
redis-async,2,1,175,0.068,
redis-async,2,1,176,0.065,
redis-async,2,1,177,0.066,
redis-async,2,1,178,0.067,
redis-async,2,1,179,0.067,
redis-async,2,1,180,0.066,
redis-async,2,1,181,0.067,
redis-async,2,1,182,0.065,
redis-async,2,1,183,0.079,
redis-async,2,1,184,0.064,
redis-async,2,1,185,0.078,
redis-async,2,1,186,0.077,
redis-async,2,1,187,0.075,
redis-async,2,1,188,0.077,
redis-async,2,1,189,0.074,
redis-async,2,1,190,0.077,
redis-async,2,1,191,0.076,
redis-async,2,1,192,0.075,
redis-async,2,1,193,0.075,
redis-async,2,1,194,0.075,
redis-async,2,1,195,0.075,
redis-async,2,1,196,0.083,
redis-async,2,1,197,0.076,
redis-async,2,1,198,0.073,
redis-async,2,1,199,0.071,
redis-async,2,1,200,0.071,
redis-async,2,1,201,0.072,
redis-async,2,1,202,0.071,
redis-async,2,1,203,0.072,
redis-async,2,1,204,0.065,
redis-async,2,1,205,0.068,
redis-async,2,1,206,0.069,
redis-async,2,1,207,0.067,
redis-async,2,1,208,0.067,
redis-async,2,1,209,0.067,
redis-async,2,1,210,0.064,
redis-async,2,1,211,0.064,
redis-async,2,1,212,0.066,
redis-async,2,1,213,0.062,
redis-async,2,1,214,0.078,
redis-async,2,1,215,0.077,
redis-async,2,1,216,0.077,
redis-async,2,1,217,0.076,
redis-async,2,1,218,0.079,
redis-async,2,1,219,0.081,
redis-async,2,1,220,0.075,
redis-async,2,1,221,0.075,
redis-async,2,1,222,0.073,
redis-async,2,1,223,0.072,
redis-async,2,1,224,0.099,
redis-async,2,1,225,0.079,
redis-async,2,1,226,0.076,
redis-async,2,1,227,0.078,
redis-async,2,1,228,0.078,
redis-async,2,1,229,0.072,
redis-async,2,1,230,0.076,
redis-async,2,1,231,0.078,
redis-async,2,1,232,0.076,
redis-async,2,1,233,0.071,
redis-async,2,1,234,0.064,
redis-async,2,1,235,0.063,
redis-async,2,1,236,0.071,
redis-async,2,1,237,0.066,
redis-async,2,1,238,0.069,
redis-async,2,1,239,0.065,
redis-async,2,1,240,0.066,
redis-async,2,1,241,0.068,
redis-async,2,1,242,0.069,
redis-async,2,1,243,0.066,
redis-async,2,1,244,0.065,
redis-async,2,1,245,0.065,
redis-async,2,1,246,0.062,
redis-async,2,1,247,0.073,
redis-async,2,1,248,0.072,
redis-async,2,1,249,0.074,
redis-async,2,1,250,0.072,
redis-async,2,1,251,0.076,
redis-async,2,1,252,0.078,
redis-async,2,1,253,0.074,
redis-async,2,1,254,0.073,
redis-async,2,1,255,0.073,
redis-async,2,1,256,0.073,
redis-async,2,1,257,0.071,
redis-async,2,1,258,0.079,
redis-async,2,1,259,0.071,
redis-async,2,1,260,0.061,
redis-async,2,1,261,0.065,
redis-async,2,1,262,0.066,
redis-async,2,1,263,0.064,
redis-async,2,1,264,0.065,
redis-async,2,1,265,0.063,
redis-async,2,1,266,0.073,
redis-async,2,1,267,0.064,
redis-async,2,1,268,0.064,
redis-async,2,1,269,0.065,
redis-async,2,1,270,0.065,
redis-async,2,1,271,0.069,
redis-async,2,1,272,0.064,
redis-async,2,1,273,0.065,
redis-async,2,1,274,0.071,
redis-async,2,1,275,0.071,
redis-async,2,1,276,0.07,
redis-async,2,1,277,0.071,
redis-async,2,1,278,0.071,
redis-async,2,1,279,0.073,
redis-async,2,1,280,0.067,
redis-async,2,1,281,0.068,
redis-async,2,1,282,0.071,
redis-async,2,1,283,0.07,
redis-async,2,1,284,0.07,
redis-async,2,1,285,0.071,
redis-async,2,1,286,0.071,
redis-async,2,1,287,0.069,
redis-async,2,1,288,0.067,
redis-async,2,1,289,0.064,
redis-async,2,1,290,0.066,
redis-async,2,1,291,0.064,
redis-async,2,1,292,0.068,
redis-async,2,1,293,0.069,
redis-async,2,1,294,0.067,
redis-async,2,1,295,0.072,
redis-async,2,1,296,0.065,
redis-async,2,1,297,0.066,
redis-async,2,1,298,0.069,
redis-async,2,1,299,0.065,
redis-async,2,1,300,0.065,
redis-async,2,1,301,0.064,
redis-async,2,1,302,0.072,
redis-async,2,1,303,0.07,
redis-async,2,1,304,0.075,
redis-async,2,1,305,0.068,
redis-async,2,1,306,0.071,
redis-async,2,1,307,0.07,
redis-async,2,1,308,0.073,
redis-async,2,1,309,0.063,
redis-async,2,1,310,0.099,
redis-async,2,1,311,0.071,
redis-async,2,1,312,0.07,
redis-async,2,1,313,0.071,
redis-async,2,1,314,0.07,
redis-async,2,1,315,0.071,
redis-async,2,1,316,0.07,
redis-async,2,1,317,0.072,
redis-async,2,1,318,0.072,
redis-async,2,1,319,0.068,
redis-async,2,1,320,0.067,
redis-async,2,1,321,0.07,
redis-async,2,1,322,0.066,
redis-async,2,1,323,0.057,
redis-async,2,1,324,0.075,
redis-async,2,1,325,0.07,
redis-async,2,1,326,0.063,
redis-async,2,1,327,0.063,
redis-async,2,1,328,0.062,
redis-async,2,1,329,0.062,
redis-async,2,1,330,0.063,
redis-async,2,1,331,0.064,
redis-async,2,1,332,0.07,
redis-async,2,1,333,0.061,
redis-async,2,1,334,0.068,
redis-async,2,1,335,0.07,
redis-async,2,1,336,0.068,
redis-async,2,1,337,0.067,
redis-async,2,1,338,0.065,
redis-async,2,1,339,0.083,
redis-async,2,1,340,0.065,
redis-async,2,1,341,0.064,
redis-async,2,1,342,0.064,
redis-async,2,1,343,0.066,
redis-async,2,1,344,0.064,
redis-async,2,1,345,0.063,
redis-async,2,1,346,0.063,
redis-async,2,1,347,0.079,
redis-async,2,1,348,0.066,
redis-async,2,1,349,0.064,
redis-async,2,1,350,0.07,
redis-async,2,1,351,0.066,
redis-async,2,1,352,0.067,
redis-async,2,1,353,0.073,
redis-async,2,1,354,0.08,
redis-async,2,1,355,0.067,
redis-async,2,1,356,0.067,
redis-async,2,1,357,0.066,
redis-async,2,1,358,0.062,
redis-async,2,1,359,0.061,
redis-async,2,1,360,0.061,
redis-async,2,1,361,0.061,
redis-async,2,1,362,0.064,
redis-async,2,1,363,0.067,
redis-async,2,1,364,0.067,
redis-async,2,1,365,0.068,
redis-async,2,1,366,0.068,
redis-async,2,1,367,0.068,
redis-async,2,1,368,0.06,
redis-async,2,1,369,0.075,
redis-async,2,1,370,0.07,
redis-async,2,1,371,0.07,
redis-async,2,1,372,0.067,
redis-async,2,1,373,0.068,
redis-async,2,1,374,0.067,
redis-async,2,1,375,0.068,
redis-async,2,1,376,0.068,
redis-async,2,1,377,0.067,
redis-async,2,1,378,0.058,
redis-async,2,1,379,0.068,
redis-async,2,1,380,0.068,
redis-async,2,1,381,0.067,
redis-async,2,1,382,0.067,
redis-async,2,1,383,0.067,
redis-async,2,1,384,0.064,
redis-async,2,1,385,0.09,
redis-async,2,1,386,0.071,
redis-async,2,1,387,0.069,
redis-async,2,1,388,0.069,
redis-async,2,1,389,0.063,
redis-async,2,1,390,0.063,
redis-async,2,1,391,0.062,
redis-async,2,1,392,0.061,
redis-async,2,1,393,0.065,
redis-async,2,1,394,0.07,
redis-async,2,1,395,0.069,
redis-async,2,1,396,0.073,
redis-async,2,1,397,0.07,
redis-async,2,1,398,0.069,
redis-async,2,1,399,0.071,
redis-async,2,1,400,0.072,
redis-async,2,1,401,0.07,
redis-async,2,1,402,0.084,
redis-async,2,1,403,0.071,
redis-async,2,1,404,0.067,
redis-async,2,1,405,0.069,
redis-async,2,1,406,0.065,
redis-async,2,1,407,0.068,
redis-async,2,1,408,0.067,
redis-async,2,1,409,0.066,
redis-async,2,1,410,0.066,
redis-async,2,1,411,0.064,
redis-async,2,1,412,0.064,
redis-async,2,1,413,0.062,
redis-async,2,1,414,0.065,
redis-async,2,1,415,0.065,
redis-async,2,1,416,0.065,
redis-async,2,1,417,0.065,
redis-async,2,1,418,0.065,
redis-async,2,1,419,0.076,
redis-async,2,1,420,0.059,
redis-async,2,1,421,0.06,
redis-async,2,1,422,0.058,
redis-async,2,1,423,0.06,
redis-async,2,1,424,0.056,
redis-async,2,1,425,0.063,
redis-async,2,1,426,0.063,
redis-async,2,1,427,0.062,
redis-async,2,1,428,0.07,
redis-async,2,1,429,0.068,
redis-async,2,1,430,0.063,
redis-async,2,1,431,0.066,
redis-async,2,1,432,0.067,
redis-async,2,1,433,0.065,
redis-async,2,1,434,0.065,
redis-async,2,1,435,0.066,
redis-async,2,1,436,0.063,
redis-async,2,1,437,0.065,
redis-async,2,1,438,0.065,
redis-async,2,1,439,0.065,
redis-async,2,1,440,0.064,
redis-async,2,1,441,0.065,
redis-async,2,1,442,0.065,
redis-async,2,1,443,0.067,
redis-async,2,1,444,0.062,
redis-async,2,1,445,0.066,
redis-async,2,1,446,0.065,
redis-async,2,1,447,0.065,
redis-async,2,1,448,0.066,
redis-async,2,1,449,0.065,
redis-async,2,1,450,0.065,
redis-async,2,1,451,0.065,
redis-async,2,1,452,0.067,
redis-async,2,1,453,0.067,
redis-async,2,1,454,0.06,
redis-async,2,1,455,0.059,
redis-async,2,1,456,0.061,
redis-async,2,1,457,0.061,
redis-async,2,1,458,0.062,
redis-async,2,1,459,0.069,
redis-async,2,1,460,0.06,
redis-async,2,1,461,0.059,
redis-async,2,1,462,0.067,
redis-async,2,1,463,0.061,
redis-async,2,1,464,0.062,
redis-async,2,1,465,0.06,
redis-async,2,1,466,0.06,
redis-async,2,1,467,0.062,
redis-async,2,2,1,0.069,
redis-async,2,2,2,0.072,
redis-async,2,2,3,0.067,
redis-async,2,2,4,0.067,
redis-async,2,2,5,0.067,
redis-async,2,2,6,0.067,
redis-async,2,2,7,0.064,
redis-async,2,2,8,0.061,
redis-async,2,2,9,0.062,
redis-async,2,2,10,0.067,
redis-async,2,2,11,0.066,
redis-async,2,2,12,0.064,
redis-async,2,2,13,0.065,
redis-async,2,2,14,0.064,
redis-async,2,2,15,0.067,
redis-async,2,2,16,0.06,
redis-async,2,2,17,0.063,
redis-async,2,2,18,0.063,
redis-async,2,2,19,0.063,
redis-async,2,2,20,0.062,
redis-async,2,2,21,0.063,
redis-async,2,2,22,0.062,
redis-async,2,2,23,0.063,
redis-async,2,2,24,0.062,
redis-async,2,2,25,0.062,
redis-async,2,2,26,0.063,
redis-async,2,2,27,0.062,
redis-async,2,2,28,0.062,
redis-async,2,2,29,0.063,
redis-async,2,2,30,0.062,
redis-async,2,2,31,0.059,
redis-async,2,2,32,0.059,
redis-async,2,2,33,0.066,
redis-async,2,2,34,0.068,
redis-async,2,2,35,0.055,
redis-async,2,2,36,0.057,
redis-async,2,2,37,0.057,
redis-async,2,2,38,0.059,
redis-async,2,2,39,0.057,
redis-async,2,2,40,0.056,
redis-async,2,2,41,0.055,
redis-async,2,2,42,0.064,
redis-async,2,2,43,0.063,
redis-async,2,2,44,0.063,
redis-async,2,2,45,0.061,
redis-async,2,2,46,0.063,
redis-async,2,2,47,0.062,
redis-async,2,2,48,0.064,
redis-async,2,2,49,0.07,
redis-async,2,2,50,0.065,
redis-async,2,2,51,0.063,
redis-async,2,2,52,0.062,
redis-async,2,2,53,0.062,
redis-async,2,2,54,0.062,
redis-async,2,2,55,0.061,
redis-async,2,2,56,0.061,
redis-async,2,2,57,0.054,
redis-async,2,2,58,0.056,
redis-async,2,2,59,0.056,
redis-async,2,2,60,0.056,
redis-async,2,2,61,0.056,
redis-async,2,2,62,0.055,
redis-async,2,2,63,0.061,
redis-async,2,2,64,0.068,
redis-async,2,2,65,0.056,
redis-async,2,2,66,0.059,
redis-async,2,2,67,0.061,
redis-async,2,2,68,0.062,
redis-async,2,2,69,0.061,
redis-async,2,2,70,0.061,
redis-async,2,2,71,0.063,
redis-async,2,2,72,0.065,
redis-async,2,2,73,0.062,
redis-async,2,2,74,0.058,
redis-async,2,2,75,0.062,
redis-async,2,2,76,0.06,
redis-async,2,2,77,0.062,
redis-async,2,2,78,0.061,
redis-async,2,2,79,0.06,
redis-async,2,2,80,0.06,
redis-async,2,2,81,0.067,
redis-async,2,2,82,0.061,
redis-async,2,2,83,0.06,
redis-async,2,2,84,0.062,
redis-async,2,2,85,0.062,
redis-async,2,2,86,0.064,
redis-async,2,2,87,0.064,
redis-async,2,2,88,0.063,
redis-async,2,2,89,0.063,
redis-async,2,2,90,0.064,
redis-async,2,2,91,0.064,
redis-async,2,2,92,0.063,
redis-async,2,2,93,0.064,
redis-async,2,2,94,0.06,
redis-async,2,2,95,0.06,
redis-async,2,2,96,0.057,
redis-async,2,2,97,0.078,
redis-async,2,2,98,0.063,
redis-async,2,2,99,0.063,
redis-async,2,2,100,0.061,
redis-async,2,2,101,0.061,
redis-async,2,2,102,0.062,
redis-async,2,2,103,0.063,
redis-async,2,2,104,0.059,
redis-async,2,2,105,0.06,
redis-async,2,2,106,0.062,
redis-async,2,2,107,0.061,
redis-async,2,2,108,0.061,
redis-async,2,2,109,0.061,
redis-async,2,2,110,0.06,
redis-async,2,2,111,0.061,
redis-async,2,2,112,0.062,
redis-async,2,2,113,0.077,
redis-async,2,2,114,0.056,
redis-async,2,2,115,0.063,
redis-async,2,2,116,0.062,
redis-async,2,2,117,0.062,
redis-async,2,2,118,0.063,
redis-async,2,2,119,0.063,
redis-async,2,2,120,0.063,
redis-async,2,2,121,0.064,
redis-async,2,2,122,0.063,
redis-async,2,2,123,0.075,
redis-async,2,2,124,0.068,
redis-async,2,2,125,0.06,
redis-async,2,2,126,0.059,
redis-async,2,2,127,0.059,
redis-async,2,2,128,0.057,
redis-async,2,2,129,0.068,
redis-async,2,2,130,0.068,
redis-async,2,2,131,0.062,
redis-async,2,2,132,0.061,
redis-async,2,2,133,0.063,
redis-async,2,2,134,0.059,
redis-async,2,2,135,0.064,
redis-async,2,2,136,0.061,
redis-async,2,2,137,0.06,
redis-async,2,2,138,0.051,
redis-async,2,2,139,0.056,
redis-async,2,2,140,0.06,
redis-async,2,2,141,0.06,
redis-async,2,2,142,0.058,
redis-async,2,2,143,0.061,
redis-async,2,2,144,0.064,
redis-async,2,2,145,0.071,
redis-async,2,2,146,0.061,
redis-async,2,2,147,0.058,
redis-async,2,2,148,0.057,
redis-async,2,2,149,0.065,
redis-async,2,2,150,0.061,
redis-async,2,2,151,0.066,
redis-async,2,2,152,0.061,
redis-async,2,2,153,0.059,
redis-async,2,2,154,0.061,
redis-async,2,2,155,0.05,
redis-async,2,2,156,0.054,
redis-async,2,2,157,0.056,
redis-async,2,2,158,0.056,
redis-async,2,2,159,0.063,
redis-async,2,2,160,0.059,
redis-async,2,2,161,0.062,
redis-async,2,2,162,0.057,
redis-async,2,2,163,0.069,
redis-async,2,2,164,0.064,
redis-async,2,2,165,0.062,
redis-async,2,2,166,0.061,
redis-async,2,2,167,0.061,
redis-async,2,2,168,0.061,
redis-async,2,2,169,0.061,
redis-async,2,2,170,0.061,
redis-async,2,2,171,0.053,
redis-async,2,2,172,0.057,
redis-async,2,2,173,0.059,
redis-async,2,2,174,0.058,
redis-async,2,2,175,0.059,
redis-async,2,2,176,0.058,
redis-async,2,2,177,0.068,
redis-async,2,2,178,0.098,
redis-async,2,2,179,0.064,
redis-async,2,2,180,0.058,
redis-async,2,2,181,0.062,
redis-async,2,2,182,0.058,
redis-async,2,2,183,0.061,
redis-async,2,2,184,0.059,
redis-async,2,2,185,0.059,
redis-async,2,2,186,0.059,
redis-async,2,2,187,0.059,
redis-async,2,2,188,0.059,
redis-async,2,2,189,0.059,
redis-async,2,2,190,0.066,
redis-async,2,2,191,0.06,
redis-async,2,2,192,0.061,
redis-async,2,2,193,0.058,
redis-async,2,2,194,0.061,
redis-async,2,2,195,0.06,
redis-async,2,2,196,0.059,
redis-async,2,2,197,0.059,
redis-async,2,2,198,0.058,
redis-async,2,2,199,0.064,
redis-async,2,2,200,0.067,
redis-async,2,2,201,0.073,
redis-async,2,2,202,0.065,
redis-async,2,2,203,0.062,
redis-async,2,2,204,0.061,
redis-async,2,2,205,0.065,
redis-async,2,2,206,0.064,
redis-async,2,2,207,0.064,
redis-async,2,2,208,0.065,
redis-async,2,2,209,0.051,
redis-async,2,2,210,0.056,
redis-async,2,2,211,0.059,
redis-async,2,2,212,0.07,
redis-async,2,2,213,0.065,
redis-async,2,2,214,0.065,
redis-async,2,2,215,0.064,
redis-async,2,2,216,0.071,
redis-async,2,2,217,0.066,
redis-async,2,2,218,0.065,
redis-async,2,2,219,0.061,
redis-async,2,2,220,0.068,
redis-async,2,2,221,0.071,
redis-async,2,2,222,0.071,
redis-async,2,2,223,0.068,
redis-async,2,2,224,0.063,
redis-async,2,2,225,0.071,
redis-async,2,2,226,0.066,
redis-async,2,2,227,0.066,
redis-async,2,2,228,0.065,
redis-async,2,2,229,0.065,
redis-async,2,2,230,0.066,
redis-async,2,2,231,0.065,
redis-async,2,2,232,0.065,
redis-async,2,2,233,0.065,
redis-async,2,2,234,0.058,
redis-async,2,2,235,0.063,
redis-async,2,2,236,0.066,
redis-async,2,2,237,0.065,
redis-async,2,2,238,0.065,
redis-async,2,2,239,0.066,
redis-async,2,2,240,0.057,
redis-async,2,2,241,0.052,
redis-async,2,2,242,0.068,
redis-async,2,2,243,0.063,
redis-async,2,2,244,0.056,
redis-async,2,2,245,0.069,
redis-async,2,2,246,0.066,
redis-async,2,2,247,0.068,
redis-async,2,2,248,0.069,
redis-async,2,2,249,0.069,
redis-async,2,2,250,0.054,
redis-async,2,2,251,0.065,
redis-async,2,2,252,0.069,
redis-async,2,2,253,0.07,
redis-async,2,2,254,0.069,
redis-async,2,2,255,0.064,
redis-async,2,2,256,0.084,
redis-async,2,2,257,0.068,
redis-async,2,2,258,0.069,
redis-async,2,2,259,0.069,
redis-async,2,2,260,0.07,
redis-async,2,2,261,0.068,
redis-async,2,2,262,0.068,
redis-async,2,2,263,0.069,
redis-async,2,2,264,0.072,
redis-async,2,2,265,0.07,
redis-async,2,2,266,0.065,
redis-async,2,2,267,0.07,
redis-async,2,2,268,0.07,
redis-async,2,2,269,0.071,
redis-async,2,2,270,0.075,
redis-async,2,2,271,0.065,
redis-async,2,2,272,0.07,
redis-async,2,2,273,0.066,
redis-async,2,2,274,0.064,
redis-async,2,2,275,0.069,
redis-async,2,2,276,0.065,
redis-async,2,2,277,0.068,
redis-async,2,2,278,0.067,
redis-async,2,2,279,0.065,
redis-async,2,2,280,0.069,
redis-async,2,2,281,0.068,
redis-async,2,2,282,0.064,
redis-async,2,2,283,0.068,
redis-async,2,2,284,0.062,
redis-async,2,2,285,0.064,
redis-async,2,2,286,0.064,
redis-async,2,2,287,0.064,
redis-async,2,2,288,0.071,
redis-async,2,2,289,0.071,
redis-async,2,2,290,0.069,
redis-async,2,2,291,0.069,
redis-async,2,2,292,0.07,
redis-async,2,2,293,0.069,
redis-async,2,2,294,0.065,
redis-async,2,2,295,0.069,
redis-async,2,2,296,0.069,
redis-async,2,2,297,0.069,
redis-async,2,2,298,0.07,
redis-async,2,2,299,0.06,
redis-async,2,2,300,0.07,
redis-async,2,2,301,0.057,
redis-async,2,2,302,0.066,
redis-async,2,2,303,0.069,
redis-async,2,2,304,0.067,
redis-async,2,2,305,0.07,
redis-async,2,2,306,0.066,
redis-async,2,2,307,0.067,
redis-async,2,2,308,0.067,
redis-async,2,2,309,0.064,
redis-async,2,2,310,0.074,
redis-async,2,2,311,0.072,
redis-async,2,2,312,0.072,
redis-async,2,2,313,0.07,
redis-async,2,2,314,0.066,
redis-async,2,2,315,0.068,
redis-async,2,2,316,0.065,
redis-async,2,2,317,0.072,
redis-async,2,2,318,0.071,
redis-async,2,2,319,0.067,
redis-async,2,2,320,0.07,
redis-async,2,2,321,0.068,
redis-async,2,2,322,0.07,
redis-async,2,2,323,0.065,
redis-async,2,2,324,0.07,
redis-async,2,2,325,0.073,
redis-async,2,2,326,0.068,
redis-async,2,2,327,0.07,
redis-async,2,2,328,0.067,
redis-async,2,2,329,0.06,
redis-async,2,2,330,0.067,
redis-async,2,2,331,0.07,
redis-async,2,2,332,0.071,
redis-async,2,2,333,0.072,
redis-async,2,2,334,0.068,
redis-async,2,2,335,0.07,
redis-async,2,2,336,0.071,
redis-async,2,2,337,0.072,
redis-async,2,2,338,0.056,
redis-async,2,2,339,0.064,
redis-async,2,2,340,0.071,
redis-async,2,2,341,0.07,
redis-async,2,2,342,0.067,
redis-async,2,2,343,0.064,
redis-async,2,2,344,0.078,
redis-async,2,2,345,0.062,
redis-async,2,2,346,0.069,
redis-async,2,2,347,0.069,
redis-async,2,2,348,0.07,
redis-async,2,2,349,0.068,
redis-async,2,2,350,0.068,
redis-async,2,2,351,0.068,
redis-async,2,2,352,0.072,
redis-async,2,2,353,0.069,
redis-async,2,2,354,0.066,
redis-async,2,2,355,0.068,
redis-async,2,2,356,0.072,
redis-async,2,2,357,0.069,
redis-async,2,2,358,0.071,
redis-async,2,2,359,0.066,
redis-async,2,2,360,0.065,
redis-async,2,2,361,0.066,
redis-async,2,2,362,0.067,
redis-async,2,2,363,0.067,
redis-async,2,2,364,0.071,
redis-async,2,2,365,0.071,
redis-async,2,2,366,0.074,
redis-async,2,2,367,0.056,
redis-async,2,2,368,0.064,
redis-async,2,2,369,0.066,
redis-async,2,2,370,0.067,
redis-async,2,2,371,0.068,
redis-async,2,2,372,0.066,
redis-async,2,2,373,0.068,
redis-async,2,2,374,0.065,
redis-async,2,2,375,0.068,
redis-async,2,2,376,0.069,
redis-async,2,2,377,0.067,
redis-async,2,2,378,0.069,
redis-async,2,2,379,0.068,
redis-async,2,2,380,0.068,
redis-async,2,2,381,0.069,
redis-async,2,2,382,0.066,
redis-async,2,2,383,0.068,
redis-async,2,2,384,0.066,
redis-async,2,2,385,0.066,
redis-async,2,2,386,0.068,
redis-async,2,2,387,0.062,
redis-async,2,2,388,0.058,
redis-async,2,2,389,0.07,
redis-async,2,2,390,0.067,
redis-async,2,2,391,0.069,
redis-async,2,2,392,0.067,
redis-async,2,2,393,0.068,
redis-async,2,2,394,0.071,
redis-async,2,2,395,0.07,
redis-async,2,2,396,0.072,
redis-async,2,2,397,0.063,
redis-async,2,2,398,0.077,
redis-async,2,2,399,0.071,
redis-async,2,2,400,0.07,
redis-async,2,2,401,0.08,
redis-async,2,2,402,0.059,
redis-async,2,2,403,0.061,
redis-async,2,2,404,0.07,
redis-async,2,2,405,0.072,
redis-async,2,2,406,0.072,
redis-async,2,2,407,0.068,
redis-async,2,2,408,0.069,
redis-async,2,2,409,0.07,
redis-async,2,2,410,0.068,
redis-async,2,2,411,0.065,
redis-async,2,2,412,0.069,
redis-async,2,2,413,0.07,
redis-async,2,2,414,0.068,
redis-async,2,2,415,0.065,
redis-async,2,2,416,0.065,
redis-async,2,2,417,0.047,
redis-async,2,2,418,0.066,
redis-async,2,2,419,0.069,
redis-async,2,2,420,0.064,
redis-async,2,2,421,0.07,
redis-async,2,2,422,0.069,
redis-async,2,2,423,0.069,
redis-async,2,2,424,0.076,
redis-async,2,2,425,0.069,
redis-async,2,2,426,0.063,
redis-async,2,2,427,0.064,
redis-async,2,2,428,0.068,
redis-async,2,2,429,0.068,
redis-async,2,2,430,0.069,
redis-async,2,2,431,0.069,
redis-async,2,2,432,0.063,
redis-async,2,2,433,0.061,
redis-async,2,2,434,0.069,
redis-async,2,2,435,0.068,
redis-async,2,2,436,0.067,
redis-async,2,2,437,0.067,
redis-async,2,2,438,0.067,
redis-async,2,2,439,0.067,
redis-async,2,2,440,0.067,
redis-async,2,2,441,0.07,
redis-async,2,2,442,0.066,
redis-async,2,2,443,0.069,
redis-async,2,2,444,0.067,
redis-async,2,2,445,0.067,
redis-async,2,2,446,0.067,
redis-async,2,2,447,0.066,
redis-async,2,2,448,0.066,
redis-async,2,2,449,0.07,
redis-async,2,2,450,0.068,
redis-async,2,2,451,0.068,
redis-async,2,2,452,0.069,
redis-async,2,2,453,0.067,
redis-async,2,2,454,0.068,
redis-async,2,2,455,0.078,
redis-async,2,2,456,0.068,
redis-async,2,2,457,0.069,
redis-async,2,2,458,0.068,
redis-async,2,2,459,0.068,
redis-async,2,2,460,0.068,
redis-async,2,2,461,0.055,
redis-async,2,2,462,0.081,
redis-async,2,2,463,0.071,
redis-async,2,2,464,0.069,
redis-async,2,2,465,0.07,
redis-async,2,2,466,0.071,
redis-async,2,2,467,0.068,
redis-async,2,3,1,0.08,
redis-async,2,3,2,0.068,
redis-async,2,3,3,0.074,
redis-async,2,3,4,0.072,
redis-async,2,3,5,0.072,
redis-async,2,3,6,0.069,
redis-async,2,3,7,0.067,
redis-async,2,3,8,0.06,
redis-async,2,3,9,0.064,
redis-async,2,3,10,0.067,
redis-async,2,3,11,0.068,
redis-async,2,3,12,0.071,
redis-async,2,3,13,0.068,
redis-async,2,3,14,0.066,
redis-async,2,3,15,0.059,
redis-async,2,3,16,0.066,
redis-async,2,3,17,0.068,
redis-async,2,3,18,0.067,
redis-async,2,3,19,0.059,
redis-async,2,3,20,0.066,
redis-async,2,3,21,0.066,
redis-async,2,3,22,0.069,
redis-async,2,3,23,0.066,
redis-async,2,3,24,0.064,
redis-async,2,3,25,0.067,
redis-async,2,3,26,0.059,
redis-async,2,3,27,0.066,
redis-async,2,3,28,0.066,
redis-async,2,3,29,0.066,
redis-async,2,3,30,0.066,
redis-async,2,3,31,0.066,
redis-async,2,3,32,0.067,
redis-async,2,3,33,0.071,
redis-async,2,3,34,0.062,
redis-async,2,3,35,0.068,
redis-async,2,3,36,0.069,
redis-async,2,3,37,0.08,
redis-async,2,3,38,0.076,
redis-async,2,3,39,0.065,
redis-async,2,3,40,0.069,
redis-async,2,3,41,0.067,
redis-async,2,3,42,0.066,
redis-async,2,3,43,0.067,
redis-async,2,3,44,0.067,
redis-async,2,3,45,0.065,
redis-async,2,3,46,0.066,
redis-async,2,3,47,0.067,
redis-async,2,3,48,0.066,
redis-async,2,3,49,0.066,
redis-async,2,3,50,0.066,
redis-async,2,3,51,0.066,
redis-async,2,3,52,0.066,
redis-async,2,3,53,0.056,
redis-async,2,3,54,0.064,
redis-async,2,3,55,0.066,
redis-async,2,3,56,0.069,
redis-async,2,3,57,0.072,
redis-async,2,3,58,0.074,
redis-async,2,3,59,0.065,
redis-async,2,3,60,0.071,
redis-async,2,3,61,0.073,
redis-async,2,3,62,0.072,
redis-async,2,3,63,0.068,
redis-async,2,3,64,0.067,
redis-async,2,3,65,0.066,
redis-async,2,3,66,0.067,
redis-async,2,3,67,0.067,
redis-async,2,3,68,0.065,
redis-async,2,3,69,0.063,
redis-async,2,3,70,0.065,
redis-async,2,3,71,0.067,
redis-async,2,3,72,0.067,
redis-async,2,3,73,0.067,
redis-async,2,3,74,0.066,
redis-async,2,3,75,0.067,
redis-async,2,3,76,0.067,
redis-async,2,3,77,0.068,
redis-async,2,3,78,0.069,
redis-async,2,3,79,0.069,
redis-async,2,3,80,0.066,
redis-async,2,3,81,0.067,
redis-async,2,3,82,0.066,
redis-async,2,3,83,0.066,
redis-async,2,3,84,0.067,
redis-async,2,3,85,0.065,
redis-async,2,3,86,0.066,
redis-async,2,3,87,0.067,
redis-async,2,3,88,0.066,
redis-async,2,3,89,0.066,
redis-async,2,3,90,0.065,
redis-async,2,3,91,0.066,
redis-async,2,3,92,0.053,
redis-async,2,3,93,0.063,
redis-async,2,3,94,0.065,
redis-async,2,3,95,0.066,
redis-async,2,3,96,0.069,
redis-async,2,3,97,0.068,
redis-async,2,3,98,0.057,
redis-async,2,3,99,0.06,
redis-async,2,3,100,0.069,
redis-async,2,3,101,0.069,
redis-async,2,3,102,0.07,
redis-async,2,3,103,0.069,
redis-async,2,3,104,0.067,
redis-async,2,3,105,0.067,
redis-async,2,3,106,0.067,
redis-async,2,3,107,0.07,
redis-async,2,3,108,0.066,
redis-async,2,3,109,0.067,
redis-async,2,3,110,0.066,
redis-async,2,3,111,0.067,
redis-async,2,3,112,0.067,
redis-async,2,3,113,0.067,
redis-async,2,3,114,0.068,
redis-async,2,3,115,0.063,
redis-async,2,3,116,0.066,
redis-async,2,3,117,0.069,
redis-async,2,3,118,0.071,
redis-async,2,3,119,0.062,
redis-async,2,3,120,0.067,
redis-async,2,3,121,0.07,
redis-async,2,3,122,0.055,
redis-async,2,3,123,0.067,
redis-async,2,3,124,0.063,
redis-async,2,3,125,0.07,
redis-async,2,3,126,0.072,
redis-async,2,3,127,0.071,
redis-async,2,3,128,0.076,
redis-async,2,3,129,0.064,
redis-async,2,3,130,0.066,
redis-async,2,3,131,0.068,
redis-async,2,3,132,0.066,
redis-async,2,3,133,0.067,
redis-async,2,3,134,0.066,
redis-async,2,3,135,0.068,
redis-async,2,3,136,0.066,
redis-async,2,3,137,0.063,
redis-async,2,3,138,0.065,
redis-async,2,3,139,0.068,
redis-async,2,3,140,0.066,
redis-async,2,3,141,0.066,
redis-async,2,3,142,0.067,
redis-async,2,3,143,0.073,
redis-async,2,3,144,0.062,
redis-async,2,3,145,0.075,
redis-async,2,3,146,0.07,
redis-async,2,3,147,0.069,
redis-async,2,3,148,0.069,
redis-async,2,3,149,0.069,
redis-async,2,3,150,0.069,
redis-async,2,3,151,0.07,
redis-async,2,3,152,0.071,
redis-async,2,3,153,0.067,
redis-async,2,3,154,0.061,
redis-async,2,3,155,0.067,
redis-async,2,3,156,0.072,
redis-async,2,3,157,0.069,
redis-async,2,3,158,0.066,
redis-async,2,3,159,0.069,
redis-async,2,3,160,0.071,
redis-async,2,3,161,0.071,
redis-async,2,3,162,0.069,
redis-async,2,3,163,0.069,
redis-async,2,3,164,0.067,
redis-async,2,3,165,0.067,
redis-async,2,3,166,0.063,
redis-async,2,3,167,0.061,
redis-async,2,3,168,0.068,
redis-async,2,3,169,0.068,
redis-async,2,3,170,0.068,
redis-async,2,3,171,0.067,
redis-async,2,3,172,0.061,
redis-async,2,3,173,0.065,
redis-async,2,3,174,0.068,
redis-async,2,3,175,0.073,
redis-async,2,3,176,0.07,
redis-async,2,3,177,0.068,
redis-async,2,3,178,0.068,
redis-async,2,3,179,0.066,
redis-async,2,3,180,0.058,
redis-async,2,3,181,0.062,
redis-async,2,3,182,0.05,
redis-async,2,3,183,0.05,
redis-async,2,3,184,0.067,
redis-async,2,3,185,0.071,
redis-async,2,3,186,0.068,
redis-async,2,3,187,0.064,
redis-async,2,3,188,0.06,
redis-async,2,3,189,0.067,
redis-async,2,3,190,0.068,
redis-async,2,3,191,0.07,
redis-async,2,3,192,0.069,
redis-async,2,3,193,0.069,
redis-async,2,3,194,0.069,
redis-async,2,3,195,0.069,
redis-async,2,3,196,0.07,
redis-async,2,3,197,0.067,
redis-async,2,3,198,0.067,
redis-async,2,3,199,0.073,
redis-async,2,3,200,0.069,
redis-async,2,3,201,0.068,
redis-async,2,3,202,0.068,
redis-async,2,3,203,0.062,
redis-async,2,3,204,0.067,
redis-async,2,3,205,0.068,
redis-async,2,3,206,0.068,
redis-async,2,3,207,0.069,
redis-async,2,3,208,0.069,
redis-async,2,3,209,0.068,
redis-async,2,3,210,0.068,
redis-async,2,3,211,0.066,
redis-async,2,3,212,0.06,
redis-async,2,3,213,0.066,
redis-async,2,3,214,0.069,
redis-async,2,3,215,0.063,
redis-async,2,3,216,0.058,
redis-async,2,3,217,0.053,
redis-async,2,3,218,0.069,
redis-async,2,3,219,0.072,
redis-async,2,3,220,0.061,
redis-async,2,3,221,0.069,
redis-async,2,3,222,0.07,
redis-async,2,3,223,0.07,
redis-async,2,3,224,0.07,
redis-async,2,3,225,0.07,
redis-async,2,3,226,0.062,
redis-async,2,3,227,0.063,
redis-async,2,3,228,0.067,
redis-async,2,3,229,0.068,
redis-async,2,3,230,0.068,
redis-async,2,3,231,0.069,
redis-async,2,3,232,0.072,
redis-async,2,3,233,0.068,
redis-async,2,3,234,0.073,
redis-async,2,3,235,0.06,
redis-async,2,3,236,0.063,
redis-async,2,3,237,0.066,
redis-async,2,3,238,0.066,
redis-async,2,3,239,0.066,
redis-async,2,3,240,0.066,
redis-async,2,3,241,0.068,
redis-async,2,3,242,0.069,
redis-async,2,3,243,0.066,
redis-async,2,3,244,0.073,
redis-async,2,3,245,0.07,
redis-async,2,3,246,0.07,
redis-async,2,3,247,0.061,
redis-async,2,3,248,0.058,
redis-async,2,3,249,0.069,
redis-async,2,3,250,0.061,
redis-async,2,3,251,0.067,
redis-async,2,3,252,0.071,
redis-async,2,3,253,0.065,
redis-async,2,3,254,0.067,
redis-async,2,3,255,0.066,
redis-async,2,3,256,0.068,
redis-async,2,3,257,0.068,
redis-async,2,3,258,0.065,
redis-async,2,3,259,0.068,
redis-async,2,3,260,0.069,
redis-async,2,3,261,0.068,
redis-async,2,3,262,0.067,
redis-async,2,3,263,0.057,
redis-async,2,3,264,0.065,
redis-async,2,3,265,0.059,
redis-async,2,3,266,0.065,
redis-async,2,3,267,0.064,
redis-async,2,3,268,0.07,
redis-async,2,3,269,0.07,
redis-async,2,3,270,0.068,
redis-async,2,3,271,0.069,
redis-async,2,3,272,0.059,
redis-async,2,3,273,0.07,
redis-async,2,3,274,0.068,
redis-async,2,3,275,0.07,
redis-async,2,3,276,0.063,
redis-async,2,3,277,0.055,
redis-async,2,3,278,0.075,
redis-async,2,3,279,0.066,
redis-async,2,3,280,0.07,
redis-async,2,3,281,0.07,
redis-async,2,3,282,0.068,
redis-async,2,3,283,0.067,
redis-async,2,3,284,0.069,
redis-async,2,3,285,0.068,
redis-async,2,3,286,0.076,
redis-async,2,3,287,0.068,
redis-async,2,3,288,0.069,
redis-async,2,3,289,0.068,
redis-async,2,3,290,0.066,
redis-async,2,3,291,0.067,
redis-async,2,3,292,0.057,
redis-async,2,3,293,0.058,
redis-async,2,3,294,0.065,
redis-async,2,3,295,0.059,
redis-async,2,3,296,0.066,
redis-async,2,3,297,0.07,
redis-async,2,3,298,0.069,
redis-async,2,3,299,0.069,
redis-async,2,3,300,0.07,
redis-async,2,3,301,0.07,
redis-async,2,3,302,0.052,
redis-async,2,3,303,0.068,
redis-async,2,3,304,0.068,
redis-async,2,3,305,0.068,
redis-async,2,3,306,0.065,
redis-async,2,3,307,0.061,
redis-async,2,3,308,0.065,
redis-async,2,3,309,0.067,
redis-async,2,3,310,0.067,
redis-async,2,3,311,0.067,
redis-async,2,3,312,0.067,
redis-async,2,3,313,0.067,
redis-async,2,3,314,0.067,
redis-async,2,3,315,0.069,
redis-async,2,3,316,0.067,
redis-async,2,3,317,0.066,
redis-async,2,3,318,0.069,
redis-async,2,3,319,0.072,
redis-async,2,3,320,0.067,
redis-async,2,3,321,0.065,
redis-async,2,3,322,0.071,
redis-async,2,3,323,0.063,
redis-async,2,3,324,0.074,
redis-async,2,3,325,0.061,
redis-async,2,3,326,0.067,
redis-async,2,3,327,0.069,
redis-async,2,3,328,0.064,
redis-async,2,3,329,0.068,
redis-async,2,3,330,0.067,
redis-async,2,3,331,0.067,
redis-async,2,3,332,0.052,
redis-async,2,3,333,0.066,
redis-async,2,3,334,0.068,
redis-async,2,3,335,0.067,
redis-async,2,3,336,0.067,
redis-async,2,3,337,0.073,
redis-async,2,3,338,0.062,
redis-async,2,3,339,0.07,
redis-async,2,3,340,0.06,
redis-async,2,3,341,0.067,
redis-async,2,3,342,0.069,
redis-async,2,3,343,0.073,
redis-async,2,3,344,0.06,
redis-async,2,3,345,0.067,
redis-async,2,3,346,0.071,
redis-async,2,3,347,0.064,
redis-async,2,3,348,0.069,
redis-async,2,3,349,0.068,
redis-async,2,3,350,0.067,
redis-async,2,3,351,0.069,
redis-async,2,3,352,0.068,
redis-async,2,3,353,0.068,
redis-async,2,3,354,0.068,
redis-async,2,3,355,0.071,
redis-async,2,3,356,0.069,
redis-async,2,3,357,0.068,
redis-async,2,3,358,0.069,
redis-async,2,3,359,0.062,
redis-async,2,3,360,0.07,
redis-async,2,3,361,0.061,
redis-async,2,3,362,0.053,
redis-async,2,3,363,0.06,
redis-async,2,3,364,0.067,
redis-async,2,3,365,0.069,
redis-async,2,3,366,0.068,
redis-async,2,3,367,0.069,
redis-async,2,3,368,0.067,
redis-async,2,3,369,0.066,
redis-async,2,3,370,0.059,
redis-async,2,3,371,0.066,
redis-async,2,3,372,0.068,
redis-async,2,3,373,0.067,
redis-async,2,3,374,0.069,
redis-async,2,3,375,0.067,
redis-async,2,3,376,0.068,
redis-async,2,3,377,0.058,
redis-async,2,3,378,0.068,
redis-async,2,3,379,0.068,
redis-async,2,3,380,0.086,
redis-async,2,3,381,0.067,
redis-async,2,3,382,0.058,
redis-async,2,3,383,0.055,
redis-async,2,3,384,0.068,
redis-async,2,3,385,0.07,
redis-async,2,3,386,0.067,
redis-async,2,3,387,0.067,
redis-async,2,3,388,0.07,
redis-async,2,3,389,0.064,
redis-async,2,3,390,0.067,
redis-async,2,3,391,0.066,
redis-async,2,3,392,0.057,
redis-async,2,3,393,0.064,
redis-async,2,3,394,0.06,
redis-async,2,3,395,0.068,
redis-async,2,3,396,0.07,
redis-async,2,3,397,0.068,
redis-async,2,3,398,0.074,
redis-async,2,3,399,0.066,
redis-async,2,3,400,0.066,
redis-async,2,3,401,0.066,
redis-async,2,3,402,0.069,
redis-async,2,3,403,0.071,
redis-async,2,3,404,0.072,
redis-async,2,3,405,0.069,
redis-async,2,3,406,0.069,
redis-async,2,3,407,0.064,
redis-async,2,3,408,0.071,
redis-async,2,3,409,0.072,
redis-async,2,3,410,0.071,
redis-async,2,3,411,0.066,
redis-async,2,3,412,0.091,
redis-async,2,3,413,0.072,
redis-async,2,3,414,0.07,
redis-async,2,3,415,0.068,
redis-async,2,3,416,0.07,
redis-async,2,3,417,0.061,
redis-async,2,3,418,0.071,
redis-async,2,3,419,0.061,
redis-async,2,3,420,0.069,
redis-async,2,3,421,0.069,
redis-async,2,3,422,0.068,
redis-async,2,3,423,0.069,
redis-async,2,3,424,0.069,
redis-async,2,3,425,0.208,
redis-async,2,3,426,0.062,
redis-async,2,3,427,0.069,
redis-async,2,3,428,0.066,
redis-async,2,3,429,0.061,
redis-async,2,3,430,0.061,
redis-async,2,3,431,0.068,
redis-async,2,3,432,0.065,
redis-async,2,3,433,0.071,
redis-async,2,3,434,0.067,
redis-async,2,3,435,0.069,
redis-async,2,3,436,0.069,
redis-async,2,3,437,0.069,
redis-async,2,3,438,0.067,
redis-async,2,3,439,0.068,
redis-async,2,3,440,0.059,
redis-async,2,3,441,0.07,
redis-async,2,3,442,0.068,
redis-async,2,3,443,0.068,
redis-async,2,3,444,0.068,
redis-async,2,3,445,0.069,
redis-async,2,3,446,0.068,
redis-async,2,3,447,0.064,
redis-async,2,3,448,0.068,
redis-async,2,3,449,0.07,
redis-async,2,3,450,0.07,
redis-async,2,3,451,0.07,
redis-async,2,3,452,0.071,
redis-async,2,3,453,0.061,
redis-async,2,3,454,0.068,
redis-async,2,3,455,0.066,
redis-async,2,3,456,0.06,
redis-async,2,3,457,0.068,
redis-async,2,3,458,0.068,
redis-async,2,3,459,0.068,
redis-async,2,3,460,0.068,
redis-async,2,3,461,0.068,
redis-async,2,3,462,0.072,
redis-async,2,3,463,0.068,
redis-async,2,3,464,0.068,
redis-async,2,3,465,0.068,
redis-async,2,3,466,0.068,
redis-async,2,3,467,0.067,
redis-wait,2,1,1,2.503,1
redis-wait,2,1,2,2.447,1
redis-wait,2,1,3,2.668,1
redis-wait,2,1,4,2.229,1
redis-wait,2,1,5,2.55,1
redis-wait,2,1,6,2.416,1
redis-wait,2,1,7,2.611,1
redis-wait,2,1,8,2.495,1
redis-wait,2,1,9,2.655,1
redis-wait,2,1,10,2.533,1
redis-wait,2,1,11,2.696,1
redis-wait,2,1,12,2.598,1
redis-wait,2,1,13,2.401,1
redis-wait,2,1,14,2.603,1
redis-wait,2,1,15,2.463,1
redis-wait,2,1,16,2.551,1
redis-wait,2,1,17,2.184,1
redis-wait,2,1,18,2.528,1
redis-wait,2,1,19,2.701,1
redis-wait,2,1,20,2.606,1
redis-wait,2,1,21,2.425,1
redis-wait,2,1,22,2.622,1
redis-wait,2,1,23,2.488,1
redis-wait,2,1,24,2.592,1
redis-wait,2,1,25,2.474,1
redis-wait,2,1,26,2.638,1
redis-wait,2,1,27,2.565,1
redis-wait,2,1,28,2.445,1
redis-wait,2,1,29,2.579,1
redis-wait,2,1,30,2.439,1
redis-wait,2,1,31,2.575,1
redis-wait,2,1,32,2.459,1
redis-wait,2,1,33,2.593,1
redis-wait,2,1,34,2.425,1
redis-wait,2,1,35,2.595,1
redis-wait,2,1,36,2.428,1
redis-wait,2,1,37,2.5,1
redis-wait,2,1,38,2.622,1
redis-wait,2,1,39,2.668,1
redis-wait,2,1,40,2.559,1
redis-wait,2,1,41,2.414,1
redis-wait,2,1,42,2.56,1
redis-wait,2,1,43,2.737,1
redis-wait,2,1,44,2.658,1
redis-wait,2,1,45,2.539,1
redis-wait,2,1,46,2.714,1
redis-wait,2,1,47,2.624,1
redis-wait,2,1,48,2.52,1
redis-wait,2,1,49,2.688,1
redis-wait,2,1,50,2.57,1
redis-wait,2,1,51,2.774,1
redis-wait,2,1,52,2.697,1
redis-wait,2,1,53,2.593,1
redis-wait,2,1,54,2.519,1
redis-wait,2,1,55,2.619,1
redis-wait,2,1,56,2.548,1
redis-wait,2,1,57,2.683,1
redis-wait,2,1,58,2.619,1
redis-wait,2,1,59,2.526,1
redis-wait,2,1,60,2.682,1
redis-wait,2,1,61,2.618,1
redis-wait,2,1,62,2.764,1
redis-wait,2,1,63,2.733,1
redis-wait,2,1,64,2.626,1
redis-wait,2,1,65,2.525,1
redis-wait,2,1,66,2.644,1
redis-wait,2,1,67,2.602,1
redis-wait,2,1,68,2.748,1
redis-wait,2,1,69,2.671,1
redis-wait,2,1,70,2.551,1
redis-wait,2,1,71,2.815,1
redis-wait,2,1,72,2.738,1
redis-wait,2,1,73,2.643,1
redis-wait,2,1,74,2.572,1
redis-wait,2,1,75,2.438,1
redis-wait,2,1,76,2.534,1
redis-wait,2,1,77,2.706,1
redis-wait,2,1,78,2.612,1
redis-wait,2,1,79,2.842,1
redis-wait,2,1,80,2.834,1
redis-wait,2,1,81,2.777,1
redis-wait,2,1,82,2.703,1
redis-wait,2,1,83,2.66,1
redis-wait,2,1,84,2.832,1
redis-wait,2,1,85,3.075,1
redis-wait,2,1,86,3.144,1
redis-wait,2,1,87,3.01,1
redis-wait,2,1,88,2.854,1
redis-wait,2,1,89,2.785,1
redis-wait,2,1,90,2.696,1
redis-wait,2,1,91,2.662,1
redis-wait,2,1,92,3.12,1
redis-wait,2,1,93,2.851,1
redis-wait,2,1,94,2.862,1
redis-wait,2,1,95,2.807,1
redis-wait,2,1,96,2.75,1
redis-wait,2,1,97,2.699,1
redis-wait,2,1,98,2.758,1
redis-wait,2,1,99,2.943,1
redis-wait,2,1,100,2.879,1
redis-wait,2,1,101,2.674,1
redis-wait,2,1,102,2.676,1
redis-wait,2,1,103,2.897,1
redis-wait,2,1,104,3.035,1
redis-wait,2,1,105,2.93,1
redis-wait,2,1,106,2.753,1
redis-wait,2,1,107,2.828,1
redis-wait,2,1,108,2.991,1
redis-wait,2,1,109,2.703,1
redis-wait,2,1,110,2.82,1
redis-wait,2,1,111,2.902,1
redis-wait,2,1,112,3.317,1
redis-wait,2,1,113,2.824,1
redis-wait,2,1,114,2.925,1
redis-wait,2,1,115,3.055,1
redis-wait,2,1,116,3.129,1
redis-wait,2,1,117,2.858,1
redis-wait,2,1,118,3.009,1
redis-wait,2,1,119,3.173,1
redis-wait,2,1,120,3.648,1
redis-wait,2,1,121,3.127,1
redis-wait,2,1,122,2.796,1
redis-wait,2,1,123,2.903,1
redis-wait,2,1,124,2.807,1
redis-wait,2,1,125,2.691,1
redis-wait,2,1,126,2.716,1
redis-wait,2,1,127,2.868,1
redis-wait,2,1,128,2.603,1
redis-wait,2,1,129,2.869,1
redis-wait,2,1,130,2.866,1
redis-wait,2,1,131,2.959,1
redis-wait,2,1,132,2.814,1
redis-wait,2,1,133,3.295,1
redis-wait,2,1,134,3.707,1
redis-wait,2,1,135,3.105,1
redis-wait,2,1,136,2.775,1
redis-wait,2,1,137,3.116,1
redis-wait,2,1,138,3.22,1
redis-wait,2,1,139,2.831,1
redis-wait,2,1,140,2.796,1
redis-wait,2,1,141,2.993,1
redis-wait,2,1,142,2.737,1
redis-wait,2,1,143,3.137,1
redis-wait,2,1,144,3.192,1
redis-wait,2,1,145,3.09,1
redis-wait,2,1,146,3.073,1
redis-wait,2,1,147,3.073,1
redis-wait,2,1,148,2.806,1
redis-wait,2,1,149,3.066,1
redis-wait,2,1,150,3.125,1
redis-wait,2,1,151,2.976,1
redis-wait,2,1,152,3.062,1
redis-wait,2,1,153,2.981,1
redis-wait,2,1,154,3.07,1
redis-wait,2,1,155,2.936,1
redis-wait,2,1,156,2.878,1
redis-wait,2,1,157,3.099,1
redis-wait,2,1,158,3.284,1
redis-wait,2,1,159,3.399,1
redis-wait,2,1,160,3.276,1
redis-wait,2,1,161,3.164,1
redis-wait,2,1,162,3.051,1
redis-wait,2,1,163,3.067,1
redis-wait,2,1,164,3.02,1
redis-wait,2,1,165,3.314,1
redis-wait,2,1,166,3.147,1
redis-wait,2,1,167,2.976,1
redis-wait,2,1,168,3.238,1
redis-wait,2,1,169,2.989,1
redis-wait,2,1,170,3.533,1
redis-wait,2,1,171,3.321,1
redis-wait,2,1,172,3.017,1
redis-wait,2,1,173,3.313,1
redis-wait,2,1,174,2.907,1
redis-wait,2,1,175,2.829,1
redis-wait,2,1,176,3.092,1
redis-wait,2,1,177,3.205,1
redis-wait,2,1,178,2.845,1
redis-wait,2,1,179,2.771,1
redis-wait,2,1,180,2.774,1
redis-wait,2,1,181,2.909,1
redis-wait,2,1,182,3.227,1
redis-wait,2,1,183,3.127,1
redis-wait,2,1,184,3.039,1
redis-wait,2,1,185,2.86,1
redis-wait,2,1,186,2.801,1
redis-wait,2,1,187,3.109,1
redis-wait,2,1,188,3.222,1
redis-wait,2,1,189,2.615,1
redis-wait,2,1,190,2.987,1
redis-wait,2,1,191,2.856,1
redis-wait,2,1,192,3.116,1
redis-wait,2,1,193,3.132,1
redis-wait,2,1,194,3.0,1
redis-wait,2,1,195,3.122,1
redis-wait,2,1,196,2.983,1
redis-wait,2,1,197,2.746,1
redis-wait,2,1,198,2.644,1
redis-wait,2,1,199,2.605,1
redis-wait,2,1,200,2.726,1
redis-wait,2,1,201,2.349,1
redis-wait,2,1,202,2.382,1
redis-wait,2,1,203,2.287,1
redis-wait,2,1,204,2.262,1
redis-wait,2,1,205,2.288,1
redis-wait,2,1,206,2.427,1
redis-wait,2,1,207,2.529,1
redis-wait,2,1,208,2.52,1
redis-wait,2,1,209,2.574,1
redis-wait,2,1,210,2.42,1
redis-wait,2,1,211,2.536,1
redis-wait,2,1,212,2.442,1
redis-wait,2,1,213,2.398,1
redis-wait,2,1,214,2.36,1
redis-wait,2,1,215,2.715,1
redis-wait,2,1,216,2.627,1
redis-wait,2,1,217,2.445,1
redis-wait,2,1,218,2.499,1
redis-wait,2,1,219,2.494,1
redis-wait,2,1,220,2.7,1
redis-wait,2,1,221,2.625,1
redis-wait,2,1,222,2.514,1
redis-wait,2,1,223,2.674,1
redis-wait,2,1,224,2.54,1
redis-wait,2,1,225,2.725,1
redis-wait,2,1,226,2.617,1
redis-wait,2,1,227,2.505,1
redis-wait,2,1,228,2.702,1
redis-wait,2,1,229,2.549,1
redis-wait,2,1,230,2.763,1
redis-wait,2,1,231,2.682,1
redis-wait,2,1,232,2.563,1
redis-wait,2,1,233,2.774,1
redis-wait,2,1,234,2.901,1
redis-wait,2,1,235,2.651,1
redis-wait,2,1,236,2.556,1
redis-wait,2,1,237,2.74,1
redis-wait,2,1,238,2.661,1
redis-wait,2,1,239,2.531,1
redis-wait,2,1,240,2.726,1
redis-wait,2,1,241,2.662,1
redis-wait,2,1,242,2.538,1
redis-wait,2,1,243,2.724,1
redis-wait,2,1,244,2.586,1
redis-wait,2,1,245,2.483,1
redis-wait,2,1,246,2.663,1
redis-wait,2,1,247,2.656,1
redis-wait,2,1,248,2.807,1
redis-wait,2,1,249,2.751,1
redis-wait,2,1,250,2.674,1
redis-wait,2,1,251,2.604,1
redis-wait,2,1,252,2.778,1
redis-wait,2,1,253,2.674,1
redis-wait,2,1,254,2.73,1
redis-wait,2,1,255,2.849,1
redis-wait,2,1,256,2.766,1
redis-wait,2,1,257,2.753,1
redis-wait,2,1,258,2.679,1
redis-wait,2,1,259,2.56,1
redis-wait,2,1,260,2.758,1
redis-wait,2,1,261,2.648,1
redis-wait,2,1,262,2.833,1
redis-wait,2,1,263,2.803,1
redis-wait,2,1,264,2.874,1
redis-wait,2,1,265,3.146,1
redis-wait,2,1,266,2.889,1
redis-wait,2,1,267,2.834,1
redis-wait,2,1,268,2.712,1
redis-wait,2,1,269,2.717,1
redis-wait,2,1,270,3.178,1
redis-wait,2,1,271,3.138,1
redis-wait,2,1,272,2.721,1
redis-wait,2,1,273,3.044,1
redis-wait,2,1,274,2.892,1
redis-wait,2,1,275,2.847,1
redis-wait,2,1,276,3.041,1
redis-wait,2,1,277,3.007,1
redis-wait,2,1,278,2.855,1
redis-wait,2,1,279,3.092,1
redis-wait,2,1,280,2.982,1
redis-wait,2,1,281,3.561,1
redis-wait,2,1,282,2.763,1
redis-wait,2,1,283,2.907,1
redis-wait,2,1,284,2.623,1
redis-wait,2,1,285,2.889,1
redis-wait,2,1,286,3.025,1
redis-wait,2,1,287,3.326,1
redis-wait,2,1,288,3.455,1
redis-wait,2,1,289,2.867,1
redis-wait,2,1,290,2.882,1
redis-wait,2,1,291,2.916,1
redis-wait,2,1,292,3.007,1
redis-wait,2,1,293,3.163,1
redis-wait,2,1,294,3.054,1
redis-wait,2,1,295,2.773,1
redis-wait,2,1,296,2.923,1
redis-wait,2,1,297,2.876,1
redis-wait,2,1,298,3.812,1
redis-wait,2,1,299,3.512,1
redis-wait,2,1,300,3.177,1
redis-wait,2,1,301,3.428,1
redis-wait,2,1,302,3.275,1
redis-wait,2,1,303,3.014,1
redis-wait,2,1,304,3.419,1
redis-wait,2,1,305,46.489,1
redis-wait,2,1,306,2.937,1
redis-wait,2,1,307,3.067,1
redis-wait,2,1,308,2.925,1
redis-wait,2,1,309,2.925,1
redis-wait,2,1,310,2.945,1
redis-wait,2,1,311,2.959,1
redis-wait,2,1,312,2.737,1
redis-wait,2,1,313,2.789,1
redis-wait,2,1,314,2.839,1
redis-wait,2,1,315,2.703,1
redis-wait,2,1,316,2.995,1
redis-wait,2,1,317,2.519,1
redis-wait,2,1,318,2.915,1
redis-wait,2,1,319,2.909,1
redis-wait,2,1,320,2.839,1
redis-wait,2,1,321,3.059,1
redis-wait,2,1,322,3.143,1
redis-wait,2,1,323,3.198,1
redis-wait,2,1,324,2.871,1
redis-wait,2,1,325,2.709,1
redis-wait,2,1,326,3.163,1
redis-wait,2,1,327,2.953,1
redis-wait,2,1,328,2.913,1
redis-wait,2,1,329,3.481,1
redis-wait,2,1,330,2.769,1
redis-wait,2,1,331,3.018,1
redis-wait,2,1,332,2.773,1
redis-wait,2,1,333,3.009,1
redis-wait,2,1,334,2.971,1
redis-wait,2,1,335,2.92,1
redis-wait,2,1,336,3.087,1
redis-wait,2,1,337,2.599,1
redis-wait,2,1,338,2.766,1
redis-wait,2,1,339,3.169,1
redis-wait,2,1,340,3.063,1
redis-wait,2,1,341,3.201,1
redis-wait,2,1,342,3.068,1
redis-wait,2,1,343,3.248,1
redis-wait,2,1,344,2.888,1
redis-wait,2,1,345,6.036,1
redis-wait,2,1,346,3.416,1
redis-wait,2,1,347,3.421,1
redis-wait,2,1,348,2.974,1
redis-wait,2,1,349,2.867,1
redis-wait,2,1,350,2.831,1
redis-wait,2,1,351,2.929,1
redis-wait,2,1,352,2.742,1
redis-wait,2,1,353,2.71,1
redis-wait,2,1,354,3.359,1
redis-wait,2,1,355,3.187,1
redis-wait,2,1,356,2.72,1
redis-wait,2,1,357,2.647,1
redis-wait,2,1,358,3.055,1
redis-wait,2,1,359,2.996,1
redis-wait,2,1,360,2.924,1
redis-wait,2,1,361,2.669,1
redis-wait,2,1,362,3.125,1
redis-wait,2,1,363,2.817,1
redis-wait,2,1,364,2.773,1
redis-wait,2,1,365,2.642,1
redis-wait,2,1,366,2.84,1
redis-wait,2,1,367,2.972,1
redis-wait,2,1,368,3.105,1
redis-wait,2,1,369,2.589,1
redis-wait,2,1,370,2.856,1
redis-wait,2,1,371,3.035,1
redis-wait,2,1,372,2.921,1
redis-wait,2,1,373,3.196,1
redis-wait,2,1,374,3.198,1
redis-wait,2,1,375,2.833,1
redis-wait,2,1,376,2.522,1
redis-wait,2,1,377,2.941,1
redis-wait,2,1,378,2.77,1
redis-wait,2,1,379,3.182,1
redis-wait,2,1,380,2.942,1
redis-wait,2,1,381,2.875,1
redis-wait,2,1,382,3.099,1
redis-wait,2,1,383,2.939,1
redis-wait,2,1,384,2.96,1
redis-wait,2,1,385,2.873,1
redis-wait,2,1,386,2.884,1
redis-wait,2,1,387,2.951,1
redis-wait,2,1,388,2.886,1
redis-wait,2,1,389,2.899,1
redis-wait,2,1,390,3.056,1
redis-wait,2,1,391,2.55,1
redis-wait,2,1,392,2.996,1
redis-wait,2,1,393,2.987,1
redis-wait,2,1,394,2.993,1
redis-wait,2,1,395,3.163,1
redis-wait,2,1,396,3.091,1
redis-wait,2,1,397,2.727,1
redis-wait,2,1,398,2.706,1
redis-wait,2,1,399,2.875,1
redis-wait,2,1,400,2.855,1
redis-wait,2,1,401,2.867,1
redis-wait,2,1,402,3.189,1
redis-wait,2,1,403,2.803,1
redis-wait,2,1,404,2.878,1
redis-wait,2,1,405,3.029,1
redis-wait,2,1,406,2.993,1
redis-wait,2,1,407,3.07,1
redis-wait,2,1,408,2.982,1
redis-wait,2,1,409,2.991,1
redis-wait,2,1,410,2.997,1
redis-wait,2,1,411,2.861,1
redis-wait,2,1,412,3.069,1
redis-wait,2,1,413,2.899,1
redis-wait,2,1,414,3.033,1
redis-wait,2,1,415,3.146,1
redis-wait,2,1,416,3.162,1
redis-wait,2,1,417,3.239,1
redis-wait,2,1,418,3.157,1
redis-wait,2,1,419,3.272,1
redis-wait,2,1,420,3.127,1
redis-wait,2,1,421,2.923,1
redis-wait,2,1,422,2.99,1
redis-wait,2,1,423,3.053,1
redis-wait,2,1,424,3.019,1
redis-wait,2,1,425,3.492,1
redis-wait,2,1,426,3.077,1
redis-wait,2,1,427,3.164,1
redis-wait,2,1,428,2.981,1
redis-wait,2,1,429,3.233,1
redis-wait,2,1,430,2.984,1
redis-wait,2,1,431,3.044,1
redis-wait,2,1,432,3.144,1
redis-wait,2,1,433,3.027,1
redis-wait,2,1,434,2.89,1
redis-wait,2,1,435,4.099,1
redis-wait,2,1,436,3.436,1
redis-wait,2,1,437,3.201,1
redis-wait,2,1,438,2.994,1
redis-wait,2,1,439,3.292,1
redis-wait,2,1,440,3.109,1
redis-wait,2,1,441,3.644,1
redis-wait,2,1,442,3.137,1
redis-wait,2,1,443,3.106,1
redis-wait,2,1,444,3.052,1
redis-wait,2,1,445,3.172,1
redis-wait,2,1,446,3.405,1
redis-wait,2,1,447,2.575,1
redis-wait,2,1,448,2.832,1
redis-wait,2,1,449,2.775,1
redis-wait,2,1,450,2.698,1
redis-wait,2,1,451,3.092,1
redis-wait,2,1,452,3.334,1
redis-wait,2,1,453,3.105,1
redis-wait,2,1,454,3.167,1
redis-wait,2,1,455,3.124,1
redis-wait,2,1,456,3.08,1
redis-wait,2,1,457,3.488,1
redis-wait,2,1,458,2.966,1
redis-wait,2,1,459,3.051,1
redis-wait,2,1,460,3.013,1
redis-wait,2,1,461,3.1,1
redis-wait,2,1,462,3.294,1
redis-wait,2,1,463,3.139,1
redis-wait,2,1,464,3.175,1
redis-wait,2,1,465,3.052,1
redis-wait,2,1,466,3.37,1
redis-wait,2,1,467,3.101,1
redis-wait,2,2,1,2.623,1
redis-wait,2,2,2,2.728,1
redis-wait,2,2,3,3.384,1
redis-wait,2,2,4,3.289,1
redis-wait,2,2,5,2.944,1
redis-wait,2,2,6,3.184,1
redis-wait,2,2,7,2.874,1
redis-wait,2,2,8,2.747,1
redis-wait,2,2,9,2.995,1
redis-wait,2,2,10,3.329,1
redis-wait,2,2,11,3.352,1
redis-wait,2,2,12,2.877,1
redis-wait,2,2,13,3.031,1
redis-wait,2,2,14,3.021,1
redis-wait,2,2,15,3.223,1
redis-wait,2,2,16,2.841,1
redis-wait,2,2,17,2.708,1
redis-wait,2,2,18,2.948,1
redis-wait,2,2,19,2.966,1
redis-wait,2,2,20,3.029,1
redis-wait,2,2,21,3.143,1
redis-wait,2,2,22,2.768,1
redis-wait,2,2,23,3.159,1
redis-wait,2,2,24,3.219,1
redis-wait,2,2,25,2.998,1
redis-wait,2,2,26,2.968,1
redis-wait,2,2,27,3.215,1
redis-wait,2,2,28,2.839,1
redis-wait,2,2,29,3.064,1
redis-wait,2,2,30,2.832,1
redis-wait,2,2,31,2.879,1
redis-wait,2,2,32,2.937,1
redis-wait,2,2,33,3.268,1
redis-wait,2,2,34,2.964,1
redis-wait,2,2,35,3.069,1
redis-wait,2,2,36,2.842,1
redis-wait,2,2,37,2.88,1
redis-wait,2,2,38,2.768,1
redis-wait,2,2,39,3.666,1
redis-wait,2,2,40,3.12,1
redis-wait,2,2,41,2.986,1
redis-wait,2,2,42,2.64,1
redis-wait,2,2,43,2.912,1
redis-wait,2,2,44,2.921,1
redis-wait,2,2,45,3.178,1
redis-wait,2,2,46,2.896,1
redis-wait,2,2,47,3.189,1
redis-wait,2,2,48,3.102,1
redis-wait,2,2,49,2.821,1
redis-wait,2,2,50,3.041,1
redis-wait,2,2,51,2.897,1
redis-wait,2,2,52,3.013,1
redis-wait,2,2,53,2.848,1
redis-wait,2,2,54,2.872,1
redis-wait,2,2,55,2.93,1
redis-wait,2,2,56,3.17,1
redis-wait,2,2,57,2.853,1
redis-wait,2,2,58,3.038,1
redis-wait,2,2,59,2.578,1
redis-wait,2,2,60,2.72,1
redis-wait,2,2,61,2.717,1
redis-wait,2,2,62,2.803,1
redis-wait,2,2,63,3.001,1
redis-wait,2,2,64,2.975,1
redis-wait,2,2,65,2.651,1
redis-wait,2,2,66,2.62,1
redis-wait,2,2,67,2.68,1
redis-wait,2,2,68,2.781,1
redis-wait,2,2,69,2.8,1
redis-wait,2,2,70,2.971,1
redis-wait,2,2,71,2.883,1
redis-wait,2,2,72,2.89,1
redis-wait,2,2,73,3.187,1
redis-wait,2,2,74,2.98,1
redis-wait,2,2,75,3.0,1
redis-wait,2,2,76,2.876,1
redis-wait,2,2,77,2.851,1
redis-wait,2,2,78,2.936,1
redis-wait,2,2,79,3.075,1
redis-wait,2,2,80,2.97,1
redis-wait,2,2,81,3.183,1
redis-wait,2,2,82,2.946,1
redis-wait,2,2,83,2.996,1
redis-wait,2,2,84,2.935,1
redis-wait,2,2,85,2.993,1
redis-wait,2,2,86,3.331,1
redis-wait,2,2,87,3.003,1
redis-wait,2,2,88,2.772,1
redis-wait,2,2,89,2.695,1
redis-wait,2,2,90,3.153,1
redis-wait,2,2,91,3.138,1
redis-wait,2,2,92,3.027,1
redis-wait,2,2,93,3.189,1
redis-wait,2,2,94,2.946,1
redis-wait,2,2,95,3.032,1
redis-wait,2,2,96,3.498,1
redis-wait,2,2,97,3.116,1
redis-wait,2,2,98,3.24,1
redis-wait,2,2,99,2.738,1
redis-wait,2,2,100,2.615,1
redis-wait,2,2,101,2.834,1
redis-wait,2,2,102,3.02,1
redis-wait,2,2,103,2.832,1
redis-wait,2,2,104,2.943,1
redis-wait,2,2,105,2.866,1
redis-wait,2,2,106,3.106,1
redis-wait,2,2,107,2.909,1
redis-wait,2,2,108,3.131,1
redis-wait,2,2,109,2.999,1
redis-wait,2,2,110,3.066,1
redis-wait,2,2,111,3.158,1
redis-wait,2,2,112,2.874,1
redis-wait,2,2,113,2.767,1
redis-wait,2,2,114,2.824,1
redis-wait,2,2,115,2.804,1
redis-wait,2,2,116,3.17,1
redis-wait,2,2,117,3.43,1
redis-wait,2,2,118,2.917,1
redis-wait,2,2,119,2.904,1
redis-wait,2,2,120,2.993,1
redis-wait,2,2,121,3.064,1
redis-wait,2,2,122,3.124,1
redis-wait,2,2,123,4.309,1
redis-wait,2,2,124,3.218,1
redis-wait,2,2,125,2.949,1
redis-wait,2,2,126,2.806,1
redis-wait,2,2,127,2.956,1
redis-wait,2,2,128,3.108,1
redis-wait,2,2,129,2.761,1
redis-wait,2,2,130,2.993,1
redis-wait,2,2,131,2.789,1
redis-wait,2,2,132,2.755,1
redis-wait,2,2,133,3.203,1
redis-wait,2,2,134,2.938,1
redis-wait,2,2,135,3.425,1
redis-wait,2,2,136,2.93,1
redis-wait,2,2,137,3.498,1
redis-wait,2,2,138,3.463,1
redis-wait,2,2,139,2.932,1
redis-wait,2,2,140,4.506,1
redis-wait,2,2,141,2.887,1
redis-wait,2,2,142,2.878,1
redis-wait,2,2,143,3.001,1
redis-wait,2,2,144,3.164,1
redis-wait,2,2,145,3.697,1
redis-wait,2,2,146,3.049,1
redis-wait,2,2,147,3.006,1
redis-wait,2,2,148,3.326,1
redis-wait,2,2,149,3.289,1
redis-wait,2,2,150,3.285,1
redis-wait,2,2,151,2.911,1
redis-wait,2,2,152,3.845,1
redis-wait,2,2,153,3.203,1
redis-wait,2,2,154,2.908,1
redis-wait,2,2,155,46.187,1
redis-wait,2,2,156,2.859,1
redis-wait,2,2,157,3.019,1
redis-wait,2,2,158,3.032,1
redis-wait,2,2,159,3.018,1
redis-wait,2,2,160,3.293,1
redis-wait,2,2,161,3.241,1
redis-wait,2,2,162,3.29,1
redis-wait,2,2,163,3.184,1
redis-wait,2,2,164,3.032,1
redis-wait,2,2,165,3.044,1
redis-wait,2,2,166,3.127,1
redis-wait,2,2,167,2.968,1
redis-wait,2,2,168,2.761,1
redis-wait,2,2,169,2.97,1
redis-wait,2,2,170,2.814,1
redis-wait,2,2,171,2.82,1
redis-wait,2,2,172,2.779,1
redis-wait,2,2,173,3.125,1
redis-wait,2,2,174,3.422,1
redis-wait,2,2,175,2.91,1
redis-wait,2,2,176,2.848,1
redis-wait,2,2,177,2.732,1
redis-wait,2,2,178,2.885,1
redis-wait,2,2,179,3.057,1
redis-wait,2,2,180,2.66,1
redis-wait,2,2,181,2.649,1
redis-wait,2,2,182,2.889,1
redis-wait,2,2,183,2.845,1
redis-wait,2,2,184,2.81,1
redis-wait,2,2,185,2.798,1
redis-wait,2,2,186,2.759,1
redis-wait,2,2,187,2.763,1
redis-wait,2,2,188,2.677,1
redis-wait,2,2,189,2.742,1
redis-wait,2,2,190,3.025,1
redis-wait,2,2,191,2.768,1
redis-wait,2,2,192,3.066,1
redis-wait,2,2,193,2.901,1
redis-wait,2,2,194,3.026,1
redis-wait,2,2,195,3.091,1
redis-wait,2,2,196,3.003,1
redis-wait,2,2,197,2.96,1
redis-wait,2,2,198,2.951,1
redis-wait,2,2,199,2.908,1
redis-wait,2,2,200,2.799,1
redis-wait,2,2,201,3.013,1
redis-wait,2,2,202,2.865,1
redis-wait,2,2,203,3.06,1
redis-wait,2,2,204,2.993,1
redis-wait,2,2,205,2.84,1
redis-wait,2,2,206,2.882,1
redis-wait,2,2,207,3.008,1
redis-wait,2,2,208,3.25,1
redis-wait,2,2,209,3.547,1
redis-wait,2,2,210,2.826,1
redis-wait,2,2,211,2.819,1
redis-wait,2,2,212,2.84,1
redis-wait,2,2,213,3.101,1
redis-wait,2,2,214,2.743,1
redis-wait,2,2,215,2.916,1
redis-wait,2,2,216,2.801,1
redis-wait,2,2,217,2.761,1
redis-wait,2,2,218,2.486,1
redis-wait,2,2,219,2.376,1
redis-wait,2,2,220,2.46,1
redis-wait,2,2,221,2.387,1
redis-wait,2,2,222,2.526,1
redis-wait,2,2,223,2.364,1
redis-wait,2,2,224,2.268,1
redis-wait,2,2,225,2.771,1
redis-wait,2,2,226,4.319,1
redis-wait,2,2,227,2.942,1
redis-wait,2,2,228,2.602,1
redis-wait,2,2,229,2.526,1
redis-wait,2,2,230,2.3,1
redis-wait,2,2,231,2.758,1
redis-wait,2,2,232,2.299,1
redis-wait,2,2,233,2.367,1
redis-wait,2,2,234,2.495,1
redis-wait,2,2,235,2.697,1
redis-wait,2,2,236,2.618,1
redis-wait,2,2,237,2.437,1
redis-wait,2,2,238,2.575,1
redis-wait,2,2,239,2.493,1
redis-wait,2,2,240,2.651,1
redis-wait,2,2,241,2.495,1
redis-wait,2,2,242,2.688,1
redis-wait,2,2,243,2.62,1
redis-wait,2,2,244,2.516,1
redis-wait,2,2,245,2.664,1
redis-wait,2,2,246,2.266,1
redis-wait,2,2,247,2.578,1
redis-wait,2,2,248,2.496,1
redis-wait,2,2,249,2.395,1
redis-wait,2,2,250,2.435,1
redis-wait,2,2,251,2.639,1
redis-wait,2,2,252,2.536,1
redis-wait,2,2,253,2.693,1
redis-wait,2,2,254,2.578,1
redis-wait,2,2,255,2.771,1
redis-wait,2,2,256,2.643,1
redis-wait,2,2,257,2.587,1
redis-wait,2,2,258,2.461,1
redis-wait,2,2,259,2.616,1
redis-wait,2,2,260,2.505,1
redis-wait,2,2,261,2.648,1
redis-wait,2,2,262,2.551,1
redis-wait,2,2,263,2.745,1
redis-wait,2,2,264,2.656,1
redis-wait,2,2,265,2.54,1
redis-wait,2,2,266,2.77,1
redis-wait,2,2,267,2.881,1
redis-wait,2,2,268,2.564,1
redis-wait,2,2,269,2.79,1
redis-wait,2,2,270,2.733,1
redis-wait,2,2,271,2.641,1
redis-wait,2,2,272,2.555,1
redis-wait,2,2,273,2.692,1
redis-wait,2,2,274,2.595,1
redis-wait,2,2,275,2.784,1
redis-wait,2,2,276,2.706,1
redis-wait,2,2,277,2.597,1
redis-wait,2,2,278,2.469,1
redis-wait,2,2,279,2.677,1
redis-wait,2,2,280,2.552,1
redis-wait,2,2,281,2.813,1
redis-wait,2,2,282,2.738,1
redis-wait,2,2,283,2.651,1
redis-wait,2,2,284,2.545,1
redis-wait,2,2,285,2.723,1
redis-wait,2,2,286,2.623,1
redis-wait,2,2,287,2.527,1
redis-wait,2,2,288,2.711,1
redis-wait,2,2,289,2.648,1
redis-wait,2,2,290,2.874,1
redis-wait,2,2,291,3.359,1
redis-wait,2,2,292,3.291,1
redis-wait,2,2,293,2.907,1
redis-wait,2,2,294,2.805,1
redis-wait,2,2,295,2.75,1
redis-wait,2,2,296,3.169,1
redis-wait,2,2,297,2.9,1
redis-wait,2,2,298,2.823,1
redis-wait,2,2,299,3.183,1
redis-wait,2,2,300,3.04,1
redis-wait,2,2,301,2.98,1
redis-wait,2,2,302,2.841,1
redis-wait,2,2,303,2.91,1
redis-wait,2,2,304,3.478,1
redis-wait,2,2,305,3.393,1
redis-wait,2,2,306,3.592,1
redis-wait,2,2,307,3.329,1
redis-wait,2,2,308,2.824,1
redis-wait,2,2,309,2.718,1
redis-wait,2,2,310,2.565,1
redis-wait,2,2,311,3.065,1
redis-wait,2,2,312,2.922,1
redis-wait,2,2,313,3.032,1
redis-wait,2,2,314,2.809,1
redis-wait,2,2,315,2.636,1
redis-wait,2,2,316,2.649,1
redis-wait,2,2,317,3.762,1
redis-wait,2,2,318,3.128,1
redis-wait,2,2,319,3.146,1
redis-wait,2,2,320,2.752,1
redis-wait,2,2,321,3.179,1
redis-wait,2,2,322,3.139,1
redis-wait,2,2,323,3.05,1
redis-wait,2,2,324,2.837,1
redis-wait,2,2,325,3.227,1
redis-wait,2,2,326,3.031,1
redis-wait,2,2,327,3.108,1
redis-wait,2,2,328,2.742,1
redis-wait,2,2,329,3.055,1
redis-wait,2,2,330,3.141,1
redis-wait,2,2,331,4.703,1
redis-wait,2,2,332,3.488,1
redis-wait,2,2,333,3.64,1
redis-wait,2,2,334,3.022,1
redis-wait,2,2,335,3.6,1
redis-wait,2,2,336,4.247,1
redis-wait,2,2,337,4.039,1
redis-wait,2,2,338,3.24,1
redis-wait,2,2,339,2.881,1
redis-wait,2,2,340,2.923,1
redis-wait,2,2,341,3.219,1
redis-wait,2,2,342,3.026,1
redis-wait,2,2,343,2.723,1
redis-wait,2,2,344,2.926,1
redis-wait,2,2,345,2.859,1
redis-wait,2,2,346,2.833,1
redis-wait,2,2,347,2.877,1
redis-wait,2,2,348,2.719,1
redis-wait,2,2,349,2.636,1
redis-wait,2,2,350,2.955,1
redis-wait,2,2,351,3.145,1
redis-wait,2,2,352,2.863,1
redis-wait,2,2,353,2.906,1
redis-wait,2,2,354,3.161,1
redis-wait,2,2,355,3.651,1
redis-wait,2,2,356,3.118,1
redis-wait,2,2,357,2.999,1
redis-wait,2,2,358,2.849,1
redis-wait,2,2,359,2.78,1
redis-wait,2,2,360,2.667,1
redis-wait,2,2,361,3.071,1
redis-wait,2,2,362,3.061,1
redis-wait,2,2,363,2.927,1
redis-wait,2,2,364,3.048,1
redis-wait,2,2,365,2.916,1
redis-wait,2,2,366,2.962,1
redis-wait,2,2,367,3.663,1
redis-wait,2,2,368,3.183,1
redis-wait,2,2,369,2.752,1
redis-wait,2,2,370,2.941,1
redis-wait,2,2,371,2.789,1
redis-wait,2,2,372,4.473,1
redis-wait,2,2,373,3.367,1
redis-wait,2,2,374,3.386,1
redis-wait,2,2,375,2.962,1
redis-wait,2,2,376,3.122,1
redis-wait,2,2,377,2.969,1
redis-wait,2,2,378,3.083,1
redis-wait,2,2,379,2.886,1
redis-wait,2,2,380,3.309,1
redis-wait,2,2,381,2.95,1
redis-wait,2,2,382,2.821,1
redis-wait,2,2,383,3.121,1
redis-wait,2,2,384,3.077,1
redis-wait,2,2,385,2.812,1
redis-wait,2,2,386,2.95,1
redis-wait,2,2,387,3.027,1
redis-wait,2,2,388,2.858,1
redis-wait,2,2,389,2.684,1
redis-wait,2,2,390,2.63,1
redis-wait,2,2,391,2.935,1
redis-wait,2,2,392,3.125,1
redis-wait,2,2,393,2.77,1
redis-wait,2,2,394,2.763,1
redis-wait,2,2,395,2.793,1
redis-wait,2,2,396,2.693,1
redis-wait,2,2,397,2.908,1
redis-wait,2,2,398,2.819,1
redis-wait,2,2,399,2.842,1
redis-wait,2,2,400,3.099,1
redis-wait,2,2,401,3.036,1
redis-wait,2,2,402,3.097,1
redis-wait,2,2,403,3.172,1
redis-wait,2,2,404,3.03,1
redis-wait,2,2,405,2.671,1
redis-wait,2,2,406,3.021,1
redis-wait,2,2,407,2.962,1
redis-wait,2,2,408,3.161,1
redis-wait,2,2,409,3.04,1
redis-wait,2,2,410,2.751,1
redis-wait,2,2,411,2.693,1
redis-wait,2,2,412,2.662,1
redis-wait,2,2,413,2.819,1
redis-wait,2,2,414,2.845,1
redis-wait,2,2,415,2.786,1
redis-wait,2,2,416,2.63,1
redis-wait,2,2,417,2.933,1
redis-wait,2,2,418,3.223,1
redis-wait,2,2,419,2.723,1
redis-wait,2,2,420,3.04,1
redis-wait,2,2,421,2.817,1
redis-wait,2,2,422,3.145,1
redis-wait,2,2,423,3.302,1
redis-wait,2,2,424,2.639,1
redis-wait,2,2,425,2.539,1
redis-wait,2,2,426,2.775,1
redis-wait,2,2,427,3.06,1
redis-wait,2,2,428,3.085,1
redis-wait,2,2,429,2.867,1
redis-wait,2,2,430,3.158,1
redis-wait,2,2,431,3.081,1
redis-wait,2,2,432,3.006,1
redis-wait,2,2,433,2.61,1
redis-wait,2,2,434,2.692,1
redis-wait,2,2,435,3.491,1
redis-wait,2,2,436,3.038,1
redis-wait,2,2,437,2.902,1
redis-wait,2,2,438,3.012,1
redis-wait,2,2,439,2.632,1
redis-wait,2,2,440,2.717,1
redis-wait,2,2,441,2.995,1
redis-wait,2,2,442,3.138,1
redis-wait,2,2,443,3.133,1
redis-wait,2,2,444,3.115,1
redis-wait,2,2,445,3.245,1
redis-wait,2,2,446,2.774,1
redis-wait,2,2,447,2.976,1
redis-wait,2,2,448,3.195,1
redis-wait,2,2,449,2.719,1
redis-wait,2,2,450,3.18,1
redis-wait,2,2,451,2.927,1
redis-wait,2,2,452,3.218,1
redis-wait,2,2,453,3.02,1
redis-wait,2,2,454,3.028,1
redis-wait,2,2,455,3.022,1
redis-wait,2,2,456,2.93,1
redis-wait,2,2,457,2.908,1
redis-wait,2,2,458,3.04,1
redis-wait,2,2,459,2.853,1
redis-wait,2,2,460,2.987,1
redis-wait,2,2,461,2.948,1
redis-wait,2,2,462,3.06,1
redis-wait,2,2,463,2.901,1
redis-wait,2,2,464,3.227,1
redis-wait,2,2,465,3.061,1
redis-wait,2,2,466,3.031,1
redis-wait,2,2,467,3.119,1
redis-wait,2,3,1,2.439,1
redis-wait,2,3,2,2.901,1
redis-wait,2,3,3,2.632,1
redis-wait,2,3,4,2.514,1
redis-wait,2,3,5,2.636,1
redis-wait,2,3,6,2.916,1
redis-wait,2,3,7,3.158,1
redis-wait,2,3,8,3.012,1
redis-wait,2,3,9,3.22,1
redis-wait,2,3,10,2.995,1
redis-wait,2,3,11,3.028,1
redis-wait,2,3,12,3.135,1
redis-wait,2,3,13,3.04,1
redis-wait,2,3,14,3.041,1
redis-wait,2,3,15,3.017,1
redis-wait,2,3,16,3.047,1
redis-wait,2,3,17,3.163,1
redis-wait,2,3,18,45.821,1
redis-wait,2,3,19,2.791,1
redis-wait,2,3,20,2.66,1
redis-wait,2,3,21,2.892,1
redis-wait,2,3,22,2.816,1
redis-wait,2,3,23,2.73,1
redis-wait,2,3,24,3.038,1
redis-wait,2,3,25,2.762,1
redis-wait,2,3,26,3.012,1
redis-wait,2,3,27,3.043,1
redis-wait,2,3,28,3.115,1
redis-wait,2,3,29,2.586,1
redis-wait,2,3,30,2.896,1
redis-wait,2,3,31,3.231,1
redis-wait,2,3,32,2.848,1
redis-wait,2,3,33,2.835,1
redis-wait,2,3,34,3.114,1
redis-wait,2,3,35,3.153,1
redis-wait,2,3,36,2.906,1
redis-wait,2,3,37,3.207,1
redis-wait,2,3,38,3.006,1
redis-wait,2,3,39,2.989,1
redis-wait,2,3,40,2.951,1
redis-wait,2,3,41,2.923,1
redis-wait,2,3,42,2.905,1
redis-wait,2,3,43,3.15,1
redis-wait,2,3,44,2.801,1
redis-wait,2,3,45,2.768,1
redis-wait,2,3,46,3.162,1
redis-wait,2,3,47,3.14,1
redis-wait,2,3,48,3.031,1
redis-wait,2,3,49,2.791,1
redis-wait,2,3,50,3.095,1
redis-wait,2,3,51,2.993,1
redis-wait,2,3,52,2.857,1
redis-wait,2,3,53,3.186,1
redis-wait,2,3,54,3.316,1
redis-wait,2,3,55,3.017,1
redis-wait,2,3,56,2.986,1
redis-wait,2,3,57,2.957,1
redis-wait,2,3,58,3.099,1
redis-wait,2,3,59,3.673,1
redis-wait,2,3,60,3.08,1
redis-wait,2,3,61,2.803,1
redis-wait,2,3,62,3.398,1
redis-wait,2,3,63,3.129,1
redis-wait,2,3,64,3.315,1
redis-wait,2,3,65,3.007,1
redis-wait,2,3,66,3.968,1
redis-wait,2,3,67,3.447,1
redis-wait,2,3,68,3.003,1
redis-wait,2,3,69,3.176,1
redis-wait,2,3,70,2.751,1
redis-wait,2,3,71,3.025,1
redis-wait,2,3,72,3.504,1
redis-wait,2,3,73,3.036,1
redis-wait,2,3,74,3.144,1
redis-wait,2,3,75,2.937,1
redis-wait,2,3,76,3.11,1
redis-wait,2,3,77,2.974,1
redis-wait,2,3,78,3.259,1
redis-wait,2,3,79,2.916,1
redis-wait,2,3,80,2.855,1
redis-wait,2,3,81,3.243,1
redis-wait,2,3,82,3.019,1
redis-wait,2,3,83,2.826,1
redis-wait,2,3,84,2.623,1
redis-wait,2,3,85,3.468,1
redis-wait,2,3,86,3.924,1
redis-wait,2,3,87,2.782,1
redis-wait,2,3,88,2.81,1
redis-wait,2,3,89,3.084,1
redis-wait,2,3,90,2.931,1
redis-wait,2,3,91,2.875,1
redis-wait,2,3,92,2.767,1
redis-wait,2,3,93,3.188,1
redis-wait,2,3,94,2.689,1
redis-wait,2,3,95,2.837,1
redis-wait,2,3,96,2.973,1
redis-wait,2,3,97,2.819,1
redis-wait,2,3,98,2.775,1
redis-wait,2,3,99,2.726,1
redis-wait,2,3,100,2.843,1
redis-wait,2,3,101,2.626,1
redis-wait,2,3,102,2.676,1
redis-wait,2,3,103,2.659,1
redis-wait,2,3,104,2.6,1
redis-wait,2,3,105,2.871,1
redis-wait,2,3,106,2.699,1
redis-wait,2,3,107,2.527,1
redis-wait,2,3,108,2.701,1
redis-wait,2,3,109,2.642,1
redis-wait,2,3,110,2.749,1
redis-wait,2,3,111,2.675,1
redis-wait,2,3,112,2.467,1
redis-wait,2,3,113,2.858,1
redis-wait,2,3,114,2.951,1
redis-wait,2,3,115,3.084,1
redis-wait,2,3,116,2.874,1
redis-wait,2,3,117,2.824,1
redis-wait,2,3,118,2.805,1
redis-wait,2,3,119,2.705,1
redis-wait,2,3,120,2.94,1
redis-wait,2,3,121,2.851,1
redis-wait,2,3,122,2.933,1
redis-wait,2,3,123,2.911,1
redis-wait,2,3,124,2.84,1
redis-wait,2,3,125,2.836,1
redis-wait,2,3,126,2.76,1
redis-wait,2,3,127,3.238,1
redis-wait,2,3,128,2.932,1
redis-wait,2,3,129,2.894,1
redis-wait,2,3,130,2.816,1
redis-wait,2,3,131,3.036,1
redis-wait,2,3,132,2.887,1
redis-wait,2,3,133,2.987,1
redis-wait,2,3,134,3.11,1
redis-wait,2,3,135,3.102,1
redis-wait,2,3,136,3.13,1
redis-wait,2,3,137,3.1,1
redis-wait,2,3,138,2.945,1
redis-wait,2,3,139,2.988,1
redis-wait,2,3,140,2.908,1
redis-wait,2,3,141,2.842,1
redis-wait,2,3,142,2.848,1
redis-wait,2,3,143,3.066,1
redis-wait,2,3,144,3.202,1
redis-wait,2,3,145,3.103,1
redis-wait,2,3,146,3.029,1
redis-wait,2,3,147,2.947,1
redis-wait,2,3,148,3.056,1
redis-wait,2,3,149,3.008,1
redis-wait,2,3,150,3.068,1
redis-wait,2,3,151,3.181,1
redis-wait,2,3,152,3.592,1
redis-wait,2,3,153,3.188,1
redis-wait,2,3,154,3.621,1
redis-wait,2,3,155,3.326,1
redis-wait,2,3,156,3.059,1
redis-wait,2,3,157,2.924,1
redis-wait,2,3,158,2.85,1
redis-wait,2,3,159,3.085,1
redis-wait,2,3,160,2.972,1
redis-wait,2,3,161,3.05,1
redis-wait,2,3,162,4.811,1
redis-wait,2,3,163,2.742,1
redis-wait,2,3,164,3.008,1
redis-wait,2,3,165,3.161,1
redis-wait,2,3,166,2.925,1
redis-wait,2,3,167,4.437,1
redis-wait,2,3,168,2.869,1
redis-wait,2,3,169,3.066,1
redis-wait,2,3,170,2.803,1
redis-wait,2,3,171,2.919,1
redis-wait,2,3,172,3.269,1
redis-wait,2,3,173,2.88,1
redis-wait,2,3,174,2.693,1
redis-wait,2,3,175,3.04,1
redis-wait,2,3,176,3.29,1
redis-wait,2,3,177,3.066,1
redis-wait,2,3,178,2.909,1
redis-wait,2,3,179,2.621,1
redis-wait,2,3,180,2.924,1
redis-wait,2,3,181,3.044,1
redis-wait,2,3,182,2.919,1
redis-wait,2,3,183,2.912,1
redis-wait,2,3,184,3.088,1
redis-wait,2,3,185,2.797,1
redis-wait,2,3,186,2.998,1
redis-wait,2,3,187,2.908,1
redis-wait,2,3,188,4.533,1
redis-wait,2,3,189,2.975,1
redis-wait,2,3,190,3.085,1
redis-wait,2,3,191,3.122,1
redis-wait,2,3,192,2.977,1
redis-wait,2,3,193,2.847,1
redis-wait,2,3,194,2.818,1
redis-wait,2,3,195,3.081,1
redis-wait,2,3,196,2.972,1
redis-wait,2,3,197,3.26,1
redis-wait,2,3,198,3.161,1
redis-wait,2,3,199,3.057,1
redis-wait,2,3,200,3.1,1
redis-wait,2,3,201,3.006,1
redis-wait,2,3,202,3.175,1
redis-wait,2,3,203,3.192,1
redis-wait,2,3,204,3.298,1
redis-wait,2,3,205,3.564,1
redis-wait,2,3,206,3.697,1
redis-wait,2,3,207,3.296,1
redis-wait,2,3,208,3.444,1
redis-wait,2,3,209,3.366,1
redis-wait,2,3,210,3.205,1
redis-wait,2,3,211,3.251,1
redis-wait,2,3,212,4.361,1
redis-wait,2,3,213,3.792,1
redis-wait,2,3,214,3.049,1
redis-wait,2,3,215,2.85,1
redis-wait,2,3,216,2.747,1
redis-wait,2,3,217,2.889,1
redis-wait,2,3,218,2.76,1
redis-wait,2,3,219,2.978,1
redis-wait,2,3,220,2.948,1
redis-wait,2,3,221,2.8,1
redis-wait,2,3,222,3.005,1
redis-wait,2,3,223,2.932,1
redis-wait,2,3,224,2.891,1
redis-wait,2,3,225,2.43,1
redis-wait,2,3,226,2.854,1
redis-wait,2,3,227,6.736,1
redis-wait,2,3,228,3.312,1
redis-wait,2,3,229,2.962,1
redis-wait,2,3,230,2.824,1
redis-wait,2,3,231,3.156,1
redis-wait,2,3,232,3.104,1
redis-wait,2,3,233,3.263,1
redis-wait,2,3,234,3.335,1
redis-wait,2,3,235,3.291,1
redis-wait,2,3,236,3.397,1
redis-wait,2,3,237,3.079,1
redis-wait,2,3,238,2.969,1
redis-wait,2,3,239,3.136,1
redis-wait,2,3,240,3.19,1
redis-wait,2,3,241,2.887,1
redis-wait,2,3,242,2.759,1
redis-wait,2,3,243,3.096,1
redis-wait,2,3,244,3.138,1
redis-wait,2,3,245,3.15,1
redis-wait,2,3,246,3.121,1
redis-wait,2,3,247,3.092,1
redis-wait,2,3,248,3.039,1
redis-wait,2,3,249,3.082,1
redis-wait,2,3,250,2.894,1
redis-wait,2,3,251,3.262,1
redis-wait,2,3,252,3.007,1
redis-wait,2,3,253,2.984,1
redis-wait,2,3,254,3.008,1
redis-wait,2,3,255,2.918,1
redis-wait,2,3,256,3.023,1
redis-wait,2,3,257,2.646,1
redis-wait,2,3,258,2.875,1
redis-wait,2,3,259,2.815,1
redis-wait,2,3,260,2.839,1
redis-wait,2,3,261,3.115,1
redis-wait,2,3,262,3.18,1
redis-wait,2,3,263,3.231,1
redis-wait,2,3,264,2.972,1
redis-wait,2,3,265,2.985,1
redis-wait,2,3,266,2.821,1
redis-wait,2,3,267,2.824,1
redis-wait,2,3,268,2.824,1
redis-wait,2,3,269,2.768,1
redis-wait,2,3,270,3.08,1
redis-wait,2,3,271,2.891,1
redis-wait,2,3,272,3.125,1
redis-wait,2,3,273,3.269,1
redis-wait,2,3,274,3.246,1
redis-wait,2,3,275,2.777,1
redis-wait,2,3,276,2.774,1
redis-wait,2,3,277,3.064,1
redis-wait,2,3,278,3.012,1
redis-wait,2,3,279,2.845,1
redis-wait,2,3,280,2.711,1
redis-wait,2,3,281,2.94,1
redis-wait,2,3,282,3.127,1
redis-wait,2,3,283,3.19,1
redis-wait,2,3,284,3.158,1
redis-wait,2,3,285,2.841,1
redis-wait,2,3,286,3.264,1
redis-wait,2,3,287,3.057,1
redis-wait,2,3,288,3.257,1
redis-wait,2,3,289,3.05,1
redis-wait,2,3,290,2.813,1
redis-wait,2,3,291,3.089,1
redis-wait,2,3,292,3.137,1
redis-wait,2,3,293,3.083,1
redis-wait,2,3,294,3.56,1
redis-wait,2,3,295,3.017,1
redis-wait,2,3,296,3.023,1
redis-wait,2,3,297,3.051,1
redis-wait,2,3,298,2.908,1
redis-wait,2,3,299,2.84,1
redis-wait,2,3,300,2.872,1
redis-wait,2,3,301,2.828,1
redis-wait,2,3,302,2.839,1
redis-wait,2,3,303,2.857,1
redis-wait,2,3,304,2.94,1
redis-wait,2,3,305,3.067,1
redis-wait,2,3,306,3.013,1
redis-wait,2,3,307,2.996,1
redis-wait,2,3,308,2.792,1
redis-wait,2,3,309,3.034,1
redis-wait,2,3,310,2.747,1
redis-wait,2,3,311,3.331,1
redis-wait,2,3,312,3.089,1
redis-wait,2,3,313,3.177,1
redis-wait,2,3,314,3.101,1
redis-wait,2,3,315,3.108,1
redis-wait,2,3,316,3.269,1
redis-wait,2,3,317,3.1,1
redis-wait,2,3,318,2.949,1
redis-wait,2,3,319,3.675,1
redis-wait,2,3,320,3.141,1
redis-wait,2,3,321,3.132,1
redis-wait,2,3,322,3.433,1
redis-wait,2,3,323,3.117,1
redis-wait,2,3,324,2.79,1
redis-wait,2,3,325,2.989,1
redis-wait,2,3,326,3.057,1
redis-wait,2,3,327,3.004,1
redis-wait,2,3,328,3.903,1
redis-wait,2,3,329,3.396,1
redis-wait,2,3,330,2.856,1
redis-wait,2,3,331,3.019,1
redis-wait,2,3,332,3.02,1
redis-wait,2,3,333,3.118,1
redis-wait,2,3,334,3.275,1
redis-wait,2,3,335,2.668,1
redis-wait,2,3,336,46.572,1
redis-wait,2,3,337,3.136,1
redis-wait,2,3,338,3.231,1
redis-wait,2,3,339,3.188,1
redis-wait,2,3,340,3.243,1
redis-wait,2,3,341,3.151,1
redis-wait,2,3,342,3.24,1
redis-wait,2,3,343,3.048,1
redis-wait,2,3,344,3.199,1
redis-wait,2,3,345,3.153,1
redis-wait,2,3,346,3.106,1
redis-wait,2,3,347,3.131,1
redis-wait,2,3,348,3.276,1
redis-wait,2,3,349,3.064,1
redis-wait,2,3,350,3.035,1
redis-wait,2,3,351,3.134,1
redis-wait,2,3,352,3.067,1
redis-wait,2,3,353,3.179,1
redis-wait,2,3,354,3.111,1
redis-wait,2,3,355,3.207,1
redis-wait,2,3,356,3.008,1
redis-wait,2,3,357,3.212,1
redis-wait,2,3,358,3.078,1
redis-wait,2,3,359,3.095,1
redis-wait,2,3,360,3.07,1
redis-wait,2,3,361,2.811,1
redis-wait,2,3,362,3.015,1
redis-wait,2,3,363,3.038,1
redis-wait,2,3,364,3.06,1
redis-wait,2,3,365,3.272,1
redis-wait,2,3,366,3.319,1
redis-wait,2,3,367,3.917,1
redis-wait,2,3,368,3.15,1
redis-wait,2,3,369,3.028,1
redis-wait,2,3,370,3.277,1
redis-wait,2,3,371,3.32,1
redis-wait,2,3,372,3.43,1
redis-wait,2,3,373,3.39,1
redis-wait,2,3,374,2.99,1
redis-wait,2,3,375,3.193,1
redis-wait,2,3,376,3.065,1
redis-wait,2,3,377,3.073,1
redis-wait,2,3,378,4.778,1
redis-wait,2,3,379,3.067,1
redis-wait,2,3,380,3.208,1
redis-wait,2,3,381,3.208,1
redis-wait,2,3,382,3.147,1
redis-wait,2,3,383,3.132,1
redis-wait,2,3,384,2.928,1
redis-wait,2,3,385,2.856,1
redis-wait,2,3,386,3.13,1
redis-wait,2,3,387,2.843,1
redis-wait,2,3,388,2.823,1
redis-wait,2,3,389,3.652,1
redis-wait,2,3,390,3.231,1
redis-wait,2,3,391,3.324,1
redis-wait,2,3,392,2.895,1
redis-wait,2,3,393,3.099,1
redis-wait,2,3,394,4.039,1
redis-wait,2,3,395,3.058,1
redis-wait,2,3,396,2.99,1
redis-wait,2,3,397,3.056,1
redis-wait,2,3,398,3.224,1
redis-wait,2,3,399,3.448,1
redis-wait,2,3,400,3.089,1
redis-wait,2,3,401,2.875,1
redis-wait,2,3,402,3.316,1
redis-wait,2,3,403,4.167,1
redis-wait,2,3,404,3.796,1
redis-wait,2,3,405,3.623,1
redis-wait,2,3,406,3.084,1
redis-wait,2,3,407,2.653,1
redis-wait,2,3,408,2.717,1
redis-wait,2,3,409,2.814,1
redis-wait,2,3,410,2.451,1
redis-wait,2,3,411,2.559,1
redis-wait,2,3,412,3.037,1
redis-wait,2,3,413,2.839,1
redis-wait,2,3,414,2.855,1
redis-wait,2,3,415,3.375,1
redis-wait,2,3,416,2.807,1
redis-wait,2,3,417,2.738,1
redis-wait,2,3,418,2.807,1
redis-wait,2,3,419,2.545,1
redis-wait,2,3,420,2.667,1
redis-wait,2,3,421,2.559,1
redis-wait,2,3,422,2.423,1
redis-wait,2,3,423,2.527,1
redis-wait,2,3,424,2.694,1
redis-wait,2,3,425,2.606,1
redis-wait,2,3,426,2.299,1
redis-wait,2,3,427,2.637,1
redis-wait,2,3,428,9.51,1
redis-wait,2,3,429,3.888,1
redis-wait,2,3,430,2.682,1
redis-wait,2,3,431,2.571,1
redis-wait,2,3,432,2.712,1
redis-wait,2,3,433,2.585,1
redis-wait,2,3,434,2.446,1
redis-wait,2,3,435,2.348,1
redis-wait,2,3,436,2.804,1
redis-wait,2,3,437,2.691,1
redis-wait,2,3,438,2.569,1
redis-wait,2,3,439,2.743,1
redis-wait,2,3,440,2.688,1
redis-wait,2,3,441,2.505,1
redis-wait,2,3,442,2.723,1
redis-wait,2,3,443,2.677,1
redis-wait,2,3,444,2.568,1
redis-wait,2,3,445,2.739,1
redis-wait,2,3,446,2.646,1
redis-wait,2,3,447,2.495,1
redis-wait,2,3,448,2.696,1
redis-wait,2,3,449,2.589,1
redis-wait,2,3,450,2.502,1
redis-wait,2,3,451,2.643,1
redis-wait,2,3,452,2.468,1
redis-wait,2,3,453,2.401,1
redis-wait,2,3,454,2.456,1
redis-wait,2,3,455,2.649,1
redis-wait,2,3,456,2.531,1
redis-wait,2,3,457,2.69,1
redis-wait,2,3,458,2.562,1
redis-wait,2,3,459,2.78,1
redis-wait,2,3,460,2.699,1
redis-wait,2,3,461,2.56,1
redis-wait,2,3,462,2.575,1
redis-wait,2,3,463,2.667,1
redis-wait,2,3,464,2.531,1
redis-wait,2,3,465,2.746,1
redis-wait,2,3,466,2.285,1
redis-wait,2,3,467,2.818,1
mongo-w1,10,1,1,12.333,
mongo-w1,10,1,2,0.75,
mongo-w1,10,1,3,0.635,
mongo-w1,10,1,4,0.472,
mongo-w1,10,1,5,0.52,
mongo-w1,10,1,6,0.397,
mongo-w1,10,1,7,1.298,
mongo-w1,10,1,8,0.754,
mongo-w1,10,1,9,0.511,
mongo-w1,10,1,10,0.55,
mongo-w1,10,1,11,0.466,
mongo-w1,10,1,12,0.353,
mongo-w1,10,1,13,0.38,
mongo-w1,10,1,14,0.422,
mongo-w1,10,1,15,0.336,
mongo-w1,10,1,16,0.298,
mongo-w1,10,1,17,0.266,
mongo-w1,10,1,18,0.257,
mongo-w1,10,1,19,0.251,
mongo-w1,10,1,20,0.311,
mongo-w1,10,1,21,0.346,
mongo-w1,10,1,22,0.375,
mongo-w1,10,1,23,0.415,
mongo-w1,10,1,24,0.434,
mongo-w1,10,1,25,0.545,
mongo-w1,10,1,26,0.348,
mongo-w1,10,1,27,0.584,
mongo-w1,10,1,28,0.448,
mongo-w1,10,1,29,0.543,
mongo-w1,10,1,30,0.275,
mongo-w1,10,1,31,0.341,
mongo-w1,10,1,32,0.463,
mongo-w1,10,1,33,0.395,
mongo-w1,10,1,34,0.629,
mongo-w1,10,1,35,0.543,
mongo-w1,10,1,36,0.331,
mongo-w1,10,1,37,0.346,
mongo-w1,10,1,38,0.255,
mongo-w1,10,1,39,0.232,
mongo-w1,10,1,40,0.209,
mongo-w1,10,1,41,0.226,
mongo-w1,10,1,42,0.186,
mongo-w1,10,1,43,0.161,
mongo-w1,10,1,44,0.175,
mongo-w1,10,1,45,0.228,
mongo-w1,10,1,46,0.199,
mongo-w1,10,1,47,0.17,
mongo-w1,10,1,48,0.208,
mongo-w1,10,1,49,0.174,
mongo-w1,10,1,50,0.204,
mongo-w1,10,1,51,0.191,
mongo-w1,10,1,52,0.19,
mongo-w1,10,1,53,0.171,
mongo-w1,10,1,54,0.275,
mongo-w1,10,1,55,0.242,
mongo-w1,10,1,56,0.196,
mongo-w1,10,1,57,0.279,
mongo-w1,10,1,58,0.358,
mongo-w1,10,1,59,0.219,
mongo-w1,10,1,60,0.307,
mongo-w1,10,1,61,0.268,
mongo-w1,10,1,62,0.216,
mongo-w1,10,1,63,0.357,
mongo-w1,10,1,64,0.25,
mongo-w1,10,1,65,0.184,
mongo-w1,10,1,66,0.217,
mongo-w1,10,1,67,0.222,
mongo-w1,10,1,68,0.238,
mongo-w1,10,1,69,0.173,
mongo-w1,10,1,70,0.307,
mongo-w1,10,1,71,0.18,
mongo-w1,10,1,72,0.213,
mongo-w1,10,1,73,0.271,
mongo-w1,10,1,74,0.192,
mongo-w1,10,1,75,0.203,
mongo-w1,10,1,76,0.233,
mongo-w1,10,1,77,0.203,
mongo-w1,10,1,78,0.192,
mongo-w1,10,1,79,0.28,
mongo-w1,10,1,80,0.238,
mongo-w1,10,1,81,0.239,
mongo-w1,10,1,82,0.181,
mongo-w1,10,1,83,0.191,
mongo-w1,10,1,84,0.214,
mongo-w1,10,1,85,0.184,
mongo-w1,10,1,86,0.174,
mongo-w1,10,1,87,0.155,
mongo-w1,10,1,88,0.159,
mongo-w1,10,1,89,0.131,
mongo-w1,10,1,90,0.173,
mongo-w1,10,1,91,0.163,
mongo-w1,10,1,92,0.174,
mongo-w1,10,1,93,0.146,
mongo-w1,10,1,94,0.135,
mongo-w1,10,1,95,0.18,
mongo-w1,10,1,96,0.178,
mongo-w1,10,1,97,0.143,
mongo-w1,10,1,98,0.135,
mongo-w1,10,1,99,0.153,
mongo-w1,10,1,100,0.141,
mongo-w1,10,1,101,0.14,
mongo-w1,10,1,102,0.171,
mongo-w1,10,1,103,0.188,
mongo-w1,10,1,104,0.265,
mongo-w1,10,1,105,0.172,
mongo-w1,10,1,106,0.224,
mongo-w1,10,1,107,0.226,
mongo-w1,10,1,108,0.211,
mongo-w1,10,1,109,0.245,
mongo-w1,10,1,110,0.197,
mongo-w1,10,1,111,0.336,
mongo-w1,10,1,112,0.29,
mongo-w1,10,1,113,0.267,
mongo-w1,10,1,114,0.247,
mongo-w1,10,1,115,0.238,
mongo-w1,10,1,116,0.178,
mongo-w1,10,1,117,0.202,
mongo-w1,10,1,118,0.246,
mongo-w1,10,1,119,0.207,
mongo-w1,10,1,120,0.26,
mongo-w1,10,1,121,0.165,
mongo-w1,10,1,122,0.196,
mongo-w1,10,1,123,0.192,
mongo-w1,10,1,124,0.173,
mongo-w1,10,1,125,0.171,
mongo-w1,10,1,126,0.172,
mongo-w1,10,1,127,0.176,
mongo-w1,10,1,128,0.195,
mongo-w1,10,1,129,0.187,
mongo-w1,10,1,130,0.216,
mongo-w1,10,1,131,0.211,
mongo-w1,10,1,132,0.226,
mongo-w1,10,1,133,0.194,
mongo-w1,10,1,134,0.24,
mongo-w1,10,1,135,0.176,
mongo-w1,10,1,136,0.158,
mongo-w1,10,1,137,0.166,
mongo-w1,10,1,138,0.146,
mongo-w1,10,1,139,0.131,
mongo-w1,10,1,140,0.116,
mongo-w1,10,1,141,0.111,
mongo-w1,10,1,142,0.135,
mongo-w1,10,1,143,0.152,
mongo-w1,10,1,144,0.122,
mongo-w1,10,1,145,0.154,
mongo-w1,10,1,146,0.127,
mongo-w1,10,1,147,0.114,
mongo-w1,10,1,148,0.113,
mongo-w1,10,1,149,0.11,
mongo-w1,10,1,150,0.123,
mongo-w1,10,1,151,0.112,
mongo-w1,10,1,152,0.1,
mongo-w1,10,1,153,0.109,
mongo-w1,10,1,154,0.105,
mongo-w1,10,1,155,0.096,
mongo-w1,10,1,156,0.097,
mongo-w1,10,1,157,0.099,
mongo-w1,10,1,158,0.097,
mongo-w1,10,1,159,0.114,
mongo-w1,10,1,160,0.158,
mongo-w1,10,1,161,0.167,
mongo-w1,10,1,162,0.163,
mongo-w1,10,1,163,0.173,
mongo-w1,10,1,164,0.112,
mongo-w1,10,1,165,0.138,
mongo-w1,10,1,166,0.145,
mongo-w1,10,1,167,0.155,
mongo-w1,10,1,168,0.127,
mongo-w1,10,1,169,0.223,
mongo-w1,10,1,170,0.179,
mongo-w1,10,1,171,0.16,
mongo-w1,10,1,172,0.207,
mongo-w1,10,1,173,0.208,
mongo-w1,10,1,174,0.225,
mongo-w1,10,1,175,0.162,
mongo-w1,10,1,176,0.19,
mongo-w1,10,1,177,0.162,
mongo-w1,10,1,178,0.114,
mongo-w1,10,1,179,0.103,
mongo-w1,10,1,180,0.156,
mongo-w1,10,1,181,0.144,
mongo-w1,10,1,182,0.163,
mongo-w1,10,1,183,0.217,
mongo-w1,10,1,184,0.18,
mongo-w1,10,1,185,0.14,
mongo-w1,10,1,186,0.162,
mongo-w1,10,1,187,0.146,
mongo-w1,10,1,188,0.192,
mongo-w1,10,1,189,0.155,
mongo-w1,10,1,190,0.127,
mongo-w1,10,1,191,0.105,
mongo-w1,10,1,192,0.095,
mongo-w1,10,1,193,0.093,
mongo-w1,10,1,194,0.102,
mongo-w1,10,1,195,0.201,
mongo-w1,10,1,196,0.17,
mongo-w1,10,1,197,0.175,
mongo-w1,10,1,198,0.147,
mongo-w1,10,1,199,0.115,
mongo-w1,10,1,200,0.096,
mongo-w1,10,1,201,0.096,
mongo-w1,10,1,202,0.109,
mongo-w1,10,1,203,0.106,
mongo-w1,10,1,204,0.107,
mongo-w1,10,1,205,0.094,
mongo-w1,10,1,206,0.157,
mongo-w1,10,1,207,0.123,
mongo-w1,10,1,208,0.097,
mongo-w1,10,1,209,0.133,
mongo-w1,10,1,210,0.127,
mongo-w1,10,1,211,0.106,
mongo-w1,10,1,212,0.095,
mongo-w1,10,1,213,0.103,
mongo-w1,10,1,214,0.113,
mongo-w1,10,1,215,0.109,
mongo-w1,10,1,216,0.092,
mongo-w1,10,1,217,0.09,
mongo-w1,10,1,218,0.091,
mongo-w1,10,1,219,0.088,
mongo-w1,10,1,220,0.089,
mongo-w1,10,1,221,0.088,
mongo-w1,10,1,222,0.096,
mongo-w1,10,1,223,0.11,
mongo-w1,10,1,224,0.093,
mongo-w1,10,1,225,0.096,
mongo-w1,10,1,226,0.145,
mongo-w1,10,1,227,0.144,
mongo-w1,10,1,228,0.146,
mongo-w1,10,1,229,0.119,
mongo-w1,10,1,230,0.13,
mongo-w1,10,1,231,0.116,
mongo-w1,10,1,232,0.094,
mongo-w1,10,1,233,0.091,
mongo-w1,10,1,234,0.136,
mongo-w1,10,1,235,0.145,
mongo-w1,10,1,236,0.168,
mongo-w1,10,1,237,0.151,
mongo-w1,10,1,238,0.12,
mongo-w1,10,1,239,0.097,
mongo-w1,10,1,240,0.093,
mongo-w1,10,1,241,0.103,
mongo-w1,10,1,242,0.131,
mongo-w1,10,1,243,0.166,
mongo-w1,10,1,244,0.208,
mongo-w1,10,1,245,0.132,
mongo-w1,10,1,246,0.224,
mongo-w1,10,1,247,0.241,
mongo-w1,10,1,248,0.191,
mongo-w1,10,1,249,0.51,
mongo-w1,10,1,250,0.166,
mongo-w1,10,1,251,0.169,
mongo-w1,10,1,252,0.117,
mongo-w1,10,1,253,0.143,
mongo-w1,10,1,254,0.167,
mongo-w1,10,1,255,0.22,
mongo-w1,10,1,256,0.171,
mongo-w1,10,1,257,0.215,
mongo-w1,10,1,258,0.163,
mongo-w1,10,1,259,0.138,
mongo-w1,10,1,260,0.13,
mongo-w1,10,1,261,0.159,
mongo-w1,10,1,262,0.13,
mongo-w1,10,1,263,0.124,
mongo-w1,10,1,264,0.122,
mongo-w1,10,1,265,0.098,
mongo-w1,10,1,266,0.134,
mongo-w1,10,1,267,0.121,
mongo-w1,10,1,268,0.171,
mongo-w1,10,1,269,0.201,
mongo-w1,10,1,270,0.163,
mongo-w1,10,1,271,0.182,
mongo-w1,10,1,272,0.182,
mongo-w1,10,1,273,0.128,
mongo-w1,10,1,274,0.115,
mongo-w1,10,1,275,0.113,
mongo-w1,10,1,276,0.101,
mongo-w1,10,1,277,0.135,
mongo-w1,10,1,278,0.147,
mongo-w1,10,1,279,0.118,
mongo-w1,10,1,280,0.124,
mongo-w1,10,1,281,0.108,
mongo-w1,10,1,282,0.096,
mongo-w1,10,1,283,0.107,
mongo-w1,10,1,284,0.145,
mongo-w1,10,1,285,0.185,
mongo-w1,10,1,286,0.127,
mongo-w1,10,1,287,0.104,
mongo-w1,10,1,288,0.109,
mongo-w1,10,1,289,0.145,
mongo-w1,10,1,290,0.122,
mongo-w1,10,1,291,0.124,
mongo-w1,10,1,292,0.167,
mongo-w1,10,1,293,0.122,
mongo-w1,10,1,294,0.127,
mongo-w1,10,1,295,0.124,
mongo-w1,10,1,296,0.111,
mongo-w1,10,1,297,0.108,
mongo-w1,10,1,298,0.108,
mongo-w1,10,1,299,0.111,
mongo-w1,10,1,300,0.092,
mongo-w1,10,1,301,0.085,
mongo-w1,10,1,302,0.098,
mongo-w1,10,1,303,0.109,
mongo-w1,10,1,304,0.1,
mongo-w1,10,1,305,0.129,
mongo-w1,10,1,306,0.146,
mongo-w1,10,1,307,0.127,
mongo-w1,10,1,308,0.103,
mongo-w1,10,1,309,0.085,
mongo-w1,10,1,310,0.083,
mongo-w1,10,1,311,0.09,
mongo-w1,10,1,312,0.127,
mongo-w1,10,1,313,0.121,
mongo-w1,10,1,314,0.128,
mongo-w1,10,1,315,0.199,
mongo-w1,10,1,316,0.25,
mongo-w1,10,1,317,0.153,
mongo-w1,10,1,318,0.131,
mongo-w1,10,1,319,0.136,
mongo-w1,10,1,320,0.185,
mongo-w1,10,1,321,0.123,
mongo-w1,10,1,322,0.105,
mongo-w1,10,1,323,0.112,
mongo-w1,10,1,324,0.088,
mongo-w1,10,1,325,0.09,
mongo-w1,10,1,326,0.114,
mongo-w1,10,1,327,0.098,
mongo-w1,10,1,328,0.103,
mongo-w1,10,1,329,0.095,
mongo-w1,10,1,330,0.118,
mongo-w1,10,1,331,0.09,
mongo-w1,10,1,332,0.13,
mongo-w1,10,1,333,0.144,
mongo-w1,10,1,334,0.32,
mongo-w1,10,1,335,0.213,
mongo-w1,10,1,336,0.415,
mongo-w1,10,1,337,0.1,
mongo-w1,10,1,338,0.132,
mongo-w1,10,1,339,0.182,
mongo-w1,10,1,340,0.138,
mongo-w1,10,1,341,0.144,
mongo-w1,10,1,342,0.538,
mongo-w1,10,1,343,0.158,
mongo-w1,10,1,344,0.142,
mongo-w1,10,1,345,0.153,
mongo-w1,10,1,346,0.135,
mongo-w1,10,1,347,0.13,
mongo-w1,10,1,348,0.105,
mongo-w1,10,1,349,0.091,
mongo-w1,10,1,350,0.091,
mongo-w1,10,1,351,0.099,
mongo-w1,10,1,352,0.095,
mongo-w1,10,1,353,0.083,
mongo-w1,10,1,354,0.095,
mongo-w1,10,1,355,0.118,
mongo-w1,10,1,356,0.091,
mongo-w1,10,1,357,0.088,
mongo-w1,10,1,358,0.086,
mongo-w1,10,1,359,0.09,
mongo-w1,10,1,360,0.087,
mongo-w1,10,1,361,0.101,
mongo-w1,10,1,362,0.088,
mongo-w1,10,1,363,0.081,
mongo-w1,10,1,364,0.081,
mongo-w1,10,1,365,0.092,
mongo-w1,10,1,366,0.097,
mongo-w1,10,1,367,0.083,
mongo-w1,10,1,368,0.081,
mongo-w1,10,1,369,0.083,
mongo-w1,10,1,370,0.08,
mongo-w1,10,1,371,0.079,
mongo-w1,10,1,372,0.079,
mongo-w1,10,1,373,0.156,
mongo-w1,10,1,374,0.104,
mongo-w1,10,1,375,0.092,
mongo-w1,10,1,376,0.088,
mongo-w1,10,1,377,0.099,
mongo-w1,10,1,378,0.12,
mongo-w1,10,1,379,0.086,
mongo-w1,10,1,380,0.086,
mongo-w1,10,1,381,0.083,
mongo-w1,10,1,382,0.082,
mongo-w1,10,1,383,0.089,
mongo-w1,10,1,384,0.082,
mongo-w1,10,1,385,0.089,
mongo-w1,10,1,386,0.126,
mongo-w1,10,1,387,0.133,
mongo-w1,10,1,388,0.166,
mongo-w1,10,1,389,0.114,
mongo-w1,10,1,390,0.091,
mongo-w1,10,1,391,0.088,
mongo-w1,10,1,392,0.105,
mongo-w1,10,1,393,0.093,
mongo-w1,10,1,394,0.09,
mongo-w1,10,1,395,0.088,
mongo-w1,10,1,396,0.095,
mongo-w1,10,1,397,0.133,
mongo-w1,10,1,398,0.137,
mongo-w1,10,1,399,0.445,
mongo-w1,10,1,400,0.239,
mongo-w1,10,1,401,0.145,
mongo-w1,10,1,402,0.215,
mongo-w1,10,1,403,0.173,
mongo-w1,10,1,404,0.154,
mongo-w1,10,1,405,0.154,
mongo-w1,10,1,406,0.156,
mongo-w1,10,1,407,0.163,
mongo-w1,10,1,408,0.182,
mongo-w1,10,1,409,0.236,
mongo-w1,10,1,410,0.257,
mongo-w1,10,1,411,0.147,
mongo-w1,10,1,412,0.185,
mongo-w1,10,1,413,0.154,
mongo-w1,10,1,414,0.138,
mongo-w1,10,1,415,0.169,
mongo-w1,10,1,416,0.131,
mongo-w1,10,1,417,0.163,
mongo-w1,10,1,418,0.133,
mongo-w1,10,1,419,0.14,
mongo-w1,10,1,420,0.155,
mongo-w1,10,1,421,0.237,
mongo-w1,10,1,422,0.149,
mongo-w1,10,1,423,0.133,
mongo-w1,10,1,424,0.148,
mongo-w1,10,1,425,0.13,
mongo-w1,10,1,426,0.128,
mongo-w1,10,1,427,0.106,
mongo-w1,10,1,428,0.124,
mongo-w1,10,1,429,0.13,
mongo-w1,10,1,430,0.126,
mongo-w1,10,1,431,0.102,
mongo-w1,10,1,432,0.116,
mongo-w1,10,1,433,0.125,
mongo-w1,10,1,434,0.106,
mongo-w1,10,1,435,0.105,
mongo-w1,10,1,436,0.108,
mongo-w1,10,1,437,0.092,
mongo-w1,10,1,438,0.124,
mongo-w1,10,1,439,0.131,
mongo-w1,10,1,440,0.117,
mongo-w1,10,1,441,0.094,
mongo-w1,10,1,442,0.114,
mongo-w1,10,1,443,0.097,
mongo-w1,10,1,444,0.113,
mongo-w1,10,1,445,0.109,
mongo-w1,10,1,446,0.113,
mongo-w1,10,1,447,0.1,
mongo-w1,10,1,448,0.107,
mongo-w1,10,1,449,0.108,
mongo-w1,10,1,450,0.104,
mongo-w1,10,1,451,0.086,
mongo-w1,10,1,452,0.113,
mongo-w1,10,1,453,0.1,
mongo-w1,10,1,454,0.088,
mongo-w1,10,1,455,0.085,
mongo-w1,10,1,456,0.082,
mongo-w1,10,1,457,0.089,
mongo-w1,10,1,458,0.111,
mongo-w1,10,1,459,0.085,
mongo-w1,10,1,460,0.081,
mongo-w1,10,1,461,0.086,
mongo-w1,10,1,462,0.101,
mongo-w1,10,1,463,0.091,
mongo-w1,10,1,464,0.172,
mongo-w1,10,1,465,0.146,
mongo-w1,10,1,466,0.177,
mongo-w1,10,1,467,0.161,
mongo-w1,10,2,1,5.04,
mongo-w1,10,2,2,0.161,
mongo-w1,10,2,3,0.101,
mongo-w1,10,2,4,0.09,
mongo-w1,10,2,5,0.088,
mongo-w1,10,2,6,0.086,
mongo-w1,10,2,7,0.092,
mongo-w1,10,2,8,0.137,
mongo-w1,10,2,9,0.103,
mongo-w1,10,2,10,0.09,
mongo-w1,10,2,11,0.1,
mongo-w1,10,2,12,0.103,
mongo-w1,10,2,13,0.087,
mongo-w1,10,2,14,0.085,
mongo-w1,10,2,15,0.085,
mongo-w1,10,2,16,0.085,
mongo-w1,10,2,17,0.138,
mongo-w1,10,2,18,0.215,
mongo-w1,10,2,19,0.154,
mongo-w1,10,2,20,0.158,
mongo-w1,10,2,21,0.104,
mongo-w1,10,2,22,0.092,
mongo-w1,10,2,23,0.116,
mongo-w1,10,2,24,0.093,
mongo-w1,10,2,25,0.085,
mongo-w1,10,2,26,0.104,
mongo-w1,10,2,27,0.16,
mongo-w1,10,2,28,0.223,
mongo-w1,10,2,29,0.249,
mongo-w1,10,2,30,0.245,
mongo-w1,10,2,31,0.267,
mongo-w1,10,2,32,0.234,
mongo-w1,10,2,33,0.132,
mongo-w1,10,2,34,0.307,
mongo-w1,10,2,35,0.201,
mongo-w1,10,2,36,0.155,
mongo-w1,10,2,37,0.168,
mongo-w1,10,2,38,0.201,
mongo-w1,10,2,39,0.171,
mongo-w1,10,2,40,0.16,
mongo-w1,10,2,41,0.125,
mongo-w1,10,2,42,0.146,
mongo-w1,10,2,43,0.145,
mongo-w1,10,2,44,0.142,
mongo-w1,10,2,45,0.13,
mongo-w1,10,2,46,0.13,
mongo-w1,10,2,47,0.11,
mongo-w1,10,2,48,0.125,
mongo-w1,10,2,49,0.137,
mongo-w1,10,2,50,0.123,
mongo-w1,10,2,51,0.178,
mongo-w1,10,2,52,0.166,
mongo-w1,10,2,53,0.131,
mongo-w1,10,2,54,0.11,
mongo-w1,10,2,55,0.093,
mongo-w1,10,2,56,0.088,
mongo-w1,10,2,57,0.085,
mongo-w1,10,2,58,0.087,
mongo-w1,10,2,59,0.112,
mongo-w1,10,2,60,0.15,
mongo-w1,10,2,61,0.115,
mongo-w1,10,2,62,0.092,
mongo-w1,10,2,63,0.105,
mongo-w1,10,2,64,0.088,
mongo-w1,10,2,65,0.087,
mongo-w1,10,2,66,0.086,
mongo-w1,10,2,67,0.085,
mongo-w1,10,2,68,0.085,
mongo-w1,10,2,69,0.127,
mongo-w1,10,2,70,0.131,
mongo-w1,10,2,71,0.088,
mongo-w1,10,2,72,0.085,
mongo-w1,10,2,73,0.094,
mongo-w1,10,2,74,0.092,
mongo-w1,10,2,75,0.085,
mongo-w1,10,2,76,0.085,
mongo-w1,10,2,77,0.082,
mongo-w1,10,2,78,0.083,
mongo-w1,10,2,79,0.085,
mongo-w1,10,2,80,0.082,
mongo-w1,10,2,81,0.089,
mongo-w1,10,2,82,0.081,
mongo-w1,10,2,83,0.087,
mongo-w1,10,2,84,0.087,
mongo-w1,10,2,85,0.084,
mongo-w1,10,2,86,0.095,
mongo-w1,10,2,87,0.082,
mongo-w1,10,2,88,0.083,
mongo-w1,10,2,89,0.083,
mongo-w1,10,2,90,0.082,
mongo-w1,10,2,91,0.081,
mongo-w1,10,2,92,0.079,
mongo-w1,10,2,93,0.126,
mongo-w1,10,2,94,0.089,
mongo-w1,10,2,95,0.086,
mongo-w1,10,2,96,0.084,
mongo-w1,10,2,97,0.083,
mongo-w1,10,2,98,0.083,
mongo-w1,10,2,99,0.081,
mongo-w1,10,2,100,0.082,
mongo-w1,10,2,101,0.085,
mongo-w1,10,2,102,0.091,
mongo-w1,10,2,103,0.087,
mongo-w1,10,2,104,0.095,
mongo-w1,10,2,105,0.09,
mongo-w1,10,2,106,0.085,
mongo-w1,10,2,107,0.081,
mongo-w1,10,2,108,0.106,
mongo-w1,10,2,109,0.087,
mongo-w1,10,2,110,0.081,
mongo-w1,10,2,111,0.081,
mongo-w1,10,2,112,0.115,
mongo-w1,10,2,113,0.122,
mongo-w1,10,2,114,0.304,
mongo-w1,10,2,115,0.16,
mongo-w1,10,2,116,0.134,
mongo-w1,10,2,117,0.172,
mongo-w1,10,2,118,0.255,
mongo-w1,10,2,119,0.477,
mongo-w1,10,2,120,0.143,
mongo-w1,10,2,121,0.21,
mongo-w1,10,2,122,0.18,
mongo-w1,10,2,123,0.18,
mongo-w1,10,2,124,0.146,
mongo-w1,10,2,125,0.143,
mongo-w1,10,2,126,0.111,
mongo-w1,10,2,127,0.099,
mongo-w1,10,2,128,0.117,
mongo-w1,10,2,129,0.162,
mongo-w1,10,2,130,0.169,
mongo-w1,10,2,131,0.138,
mongo-w1,10,2,132,0.095,
mongo-w1,10,2,133,0.179,
mongo-w1,10,2,134,0.113,
mongo-w1,10,2,135,0.145,
mongo-w1,10,2,136,0.116,
mongo-w1,10,2,137,0.166,
mongo-w1,10,2,138,0.134,
mongo-w1,10,2,139,0.123,
mongo-w1,10,2,140,0.098,
mongo-w1,10,2,141,0.145,
mongo-w1,10,2,142,0.1,
mongo-w1,10,2,143,0.103,
mongo-w1,10,2,144,0.099,
mongo-w1,10,2,145,0.172,
mongo-w1,10,2,146,0.111,
mongo-w1,10,2,147,0.12,
mongo-w1,10,2,148,0.126,
mongo-w1,10,2,149,0.127,
mongo-w1,10,2,150,0.184,
mongo-w1,10,2,151,0.118,
mongo-w1,10,2,152,0.148,
mongo-w1,10,2,153,0.16,
mongo-w1,10,2,154,0.443,
mongo-w1,10,2,155,0.227,
mongo-w1,10,2,156,0.178,
mongo-w1,10,2,157,0.182,
mongo-w1,10,2,158,0.108,
mongo-w1,10,2,159,0.145,
mongo-w1,10,2,160,0.131,
mongo-w1,10,2,161,0.105,
mongo-w1,10,2,162,0.113,
mongo-w1,10,2,163,0.161,
mongo-w1,10,2,164,0.133,
mongo-w1,10,2,165,0.114,
mongo-w1,10,2,166,0.09,
mongo-w1,10,2,167,0.088,
mongo-w1,10,2,168,0.101,
mongo-w1,10,2,169,0.087,
mongo-w1,10,2,170,0.087,
mongo-w1,10,2,171,0.107,
mongo-w1,10,2,172,0.143,
mongo-w1,10,2,173,0.158,
mongo-w1,10,2,174,0.138,
mongo-w1,10,2,175,0.114,
mongo-w1,10,2,176,0.101,
mongo-w1,10,2,177,0.088,
mongo-w1,10,2,178,0.087,
mongo-w1,10,2,179,0.086,
mongo-w1,10,2,180,0.085,
mongo-w1,10,2,181,0.118,
mongo-w1,10,2,182,0.114,
mongo-w1,10,2,183,0.17,
mongo-w1,10,2,184,0.226,
mongo-w1,10,2,185,0.207,
mongo-w1,10,2,186,0.292,
mongo-w1,10,2,187,0.134,
mongo-w1,10,2,188,0.174,
mongo-w1,10,2,189,0.143,
mongo-w1,10,2,190,0.119,
mongo-w1,10,2,191,0.144,
mongo-w1,10,2,192,0.265,
mongo-w1,10,2,193,0.114,
mongo-w1,10,2,194,0.239,
mongo-w1,10,2,195,0.246,
mongo-w1,10,2,196,0.166,
mongo-w1,10,2,197,0.192,
mongo-w1,10,2,198,0.177,
mongo-w1,10,2,199,0.172,
mongo-w1,10,2,200,0.124,
mongo-w1,10,2,201,0.165,
mongo-w1,10,2,202,0.136,
mongo-w1,10,2,203,0.122,
mongo-w1,10,2,204,0.111,
mongo-w1,10,2,205,0.157,
mongo-w1,10,2,206,0.152,
mongo-w1,10,2,207,0.129,
mongo-w1,10,2,208,0.134,
mongo-w1,10,2,209,0.121,
mongo-w1,10,2,210,0.251,
mongo-w1,10,2,211,0.124,
mongo-w1,10,2,212,0.122,
mongo-w1,10,2,213,0.169,
mongo-w1,10,2,214,0.142,
mongo-w1,10,2,215,0.136,
mongo-w1,10,2,216,0.147,
mongo-w1,10,2,217,0.13,
mongo-w1,10,2,218,0.112,
mongo-w1,10,2,219,0.132,
mongo-w1,10,2,220,0.14,
mongo-w1,10,2,221,0.121,
mongo-w1,10,2,222,0.127,
mongo-w1,10,2,223,0.123,
mongo-w1,10,2,224,0.101,
mongo-w1,10,2,225,0.116,
mongo-w1,10,2,226,0.111,
mongo-w1,10,2,227,0.119,
mongo-w1,10,2,228,0.127,
mongo-w1,10,2,229,0.115,
mongo-w1,10,2,230,0.091,
mongo-w1,10,2,231,0.109,
mongo-w1,10,2,232,0.089,
mongo-w1,10,2,233,0.113,
mongo-w1,10,2,234,0.396,
mongo-w1,10,2,235,0.153,
mongo-w1,10,2,236,0.152,
mongo-w1,10,2,237,0.121,
mongo-w1,10,2,238,0.119,
mongo-w1,10,2,239,0.109,
mongo-w1,10,2,240,0.097,
mongo-w1,10,2,241,0.121,
mongo-w1,10,2,242,0.112,
mongo-w1,10,2,243,0.12,
mongo-w1,10,2,244,0.128,
mongo-w1,10,2,245,0.178,
mongo-w1,10,2,246,0.156,
mongo-w1,10,2,247,0.118,
mongo-w1,10,2,248,0.093,
mongo-w1,10,2,249,0.114,
mongo-w1,10,2,250,0.151,
mongo-w1,10,2,251,0.191,
mongo-w1,10,2,252,0.116,
mongo-w1,10,2,253,0.1,
mongo-w1,10,2,254,0.093,
mongo-w1,10,2,255,0.088,
mongo-w1,10,2,256,0.091,
mongo-w1,10,2,257,0.358,
mongo-w1,10,2,258,0.12,
mongo-w1,10,2,259,0.131,
mongo-w1,10,2,260,0.163,
mongo-w1,10,2,261,0.274,
mongo-w1,10,2,262,0.187,
mongo-w1,10,2,263,0.163,
mongo-w1,10,2,264,0.206,
mongo-w1,10,2,265,0.2,
mongo-w1,10,2,266,0.213,
mongo-w1,10,2,267,0.16,
mongo-w1,10,2,268,0.202,
mongo-w1,10,2,269,0.175,
mongo-w1,10,2,270,0.233,
mongo-w1,10,2,271,0.161,
mongo-w1,10,2,272,0.144,
mongo-w1,10,2,273,0.144,
mongo-w1,10,2,274,0.161,
mongo-w1,10,2,275,0.128,
mongo-w1,10,2,276,0.114,
mongo-w1,10,2,277,0.178,
mongo-w1,10,2,278,0.157,
mongo-w1,10,2,279,0.185,
mongo-w1,10,2,280,0.131,
mongo-w1,10,2,281,0.179,
mongo-w1,10,2,282,0.136,
mongo-w1,10,2,283,0.17,
mongo-w1,10,2,284,0.147,
mongo-w1,10,2,285,0.132,
mongo-w1,10,2,286,0.147,
mongo-w1,10,2,287,0.134,
mongo-w1,10,2,288,0.119,
mongo-w1,10,2,289,0.096,
mongo-w1,10,2,290,0.108,
mongo-w1,10,2,291,0.12,
mongo-w1,10,2,292,0.095,
mongo-w1,10,2,293,0.104,
mongo-w1,10,2,294,0.091,
mongo-w1,10,2,295,0.101,
mongo-w1,10,2,296,0.106,
mongo-w1,10,2,297,0.135,
mongo-w1,10,2,298,0.104,
mongo-w1,10,2,299,0.088,
mongo-w1,10,2,300,0.087,
mongo-w1,10,2,301,0.086,
mongo-w1,10,2,302,0.085,
mongo-w1,10,2,303,0.083,
mongo-w1,10,2,304,0.082,
mongo-w1,10,2,305,0.082,
mongo-w1,10,2,306,0.085,
mongo-w1,10,2,307,0.082,
mongo-w1,10,2,308,0.115,
mongo-w1,10,2,309,0.098,
mongo-w1,10,2,310,0.093,
mongo-w1,10,2,311,0.083,
mongo-w1,10,2,312,0.097,
mongo-w1,10,2,313,0.082,
mongo-w1,10,2,314,0.079,
mongo-w1,10,2,315,0.08,
mongo-w1,10,2,316,0.079,
mongo-w1,10,2,317,0.091,
mongo-w1,10,2,318,0.15,
mongo-w1,10,2,319,0.131,
mongo-w1,10,2,320,0.125,
mongo-w1,10,2,321,0.129,
mongo-w1,10,2,322,0.138,
mongo-w1,10,2,323,0.086,
mongo-w1,10,2,324,0.088,
mongo-w1,10,2,325,0.082,
mongo-w1,10,2,326,0.087,
mongo-w1,10,2,327,0.099,
mongo-w1,10,2,328,0.227,
mongo-w1,10,2,329,0.184,
mongo-w1,10,2,330,0.191,
mongo-w1,10,2,331,0.206,
mongo-w1,10,2,332,0.102,
mongo-w1,10,2,333,0.158,
mongo-w1,10,2,334,0.148,
mongo-w1,10,2,335,0.215,
mongo-w1,10,2,336,0.154,
mongo-w1,10,2,337,0.12,
mongo-w1,10,2,338,0.126,
mongo-w1,10,2,339,0.129,
mongo-w1,10,2,340,0.131,
mongo-w1,10,2,341,0.17,
mongo-w1,10,2,342,0.131,
mongo-w1,10,2,343,0.192,
mongo-w1,10,2,344,0.113,
mongo-w1,10,2,345,0.147,
mongo-w1,10,2,346,0.211,
mongo-w1,10,2,347,0.135,
mongo-w1,10,2,348,0.121,
mongo-w1,10,2,349,0.138,
mongo-w1,10,2,350,0.111,
mongo-w1,10,2,351,0.089,
mongo-w1,10,2,352,0.085,
mongo-w1,10,2,353,0.085,
mongo-w1,10,2,354,0.083,
mongo-w1,10,2,355,0.082,
mongo-w1,10,2,356,0.118,
mongo-w1,10,2,357,0.113,
mongo-w1,10,2,358,0.153,
mongo-w1,10,2,359,0.13,
mongo-w1,10,2,360,0.133,
mongo-w1,10,2,361,0.169,
mongo-w1,10,2,362,0.144,
mongo-w1,10,2,363,0.144,
mongo-w1,10,2,364,0.15,
mongo-w1,10,2,365,0.154,
mongo-w1,10,2,366,0.096,
mongo-w1,10,2,367,0.087,
mongo-w1,10,2,368,0.085,
mongo-w1,10,2,369,0.082,
mongo-w1,10,2,370,0.084,
mongo-w1,10,2,371,0.084,
mongo-w1,10,2,372,0.081,
mongo-w1,10,2,373,0.119,
mongo-w1,10,2,374,0.085,
mongo-w1,10,2,375,0.081,
mongo-w1,10,2,376,0.081,
mongo-w1,10,2,377,0.098,
mongo-w1,10,2,378,0.098,
mongo-w1,10,2,379,0.086,
mongo-w1,10,2,380,0.084,
mongo-w1,10,2,381,0.084,
mongo-w1,10,2,382,0.083,
mongo-w1,10,2,383,0.082,
mongo-w1,10,2,384,0.099,
mongo-w1,10,2,385,0.093,
mongo-w1,10,2,386,0.083,
mongo-w1,10,2,387,0.08,
mongo-w1,10,2,388,0.091,
mongo-w1,10,2,389,0.088,
mongo-w1,10,2,390,0.083,
mongo-w1,10,2,391,0.111,
mongo-w1,10,2,392,0.085,
mongo-w1,10,2,393,0.083,
mongo-w1,10,2,394,0.082,
mongo-w1,10,2,395,0.099,
mongo-w1,10,2,396,0.098,
mongo-w1,10,2,397,0.089,
mongo-w1,10,2,398,0.085,
mongo-w1,10,2,399,0.082,
mongo-w1,10,2,400,0.082,
mongo-w1,10,2,401,0.081,
mongo-w1,10,2,402,0.083,
mongo-w1,10,2,403,0.08,
mongo-w1,10,2,404,0.08,
mongo-w1,10,2,405,0.087,
mongo-w1,10,2,406,0.17,
mongo-w1,10,2,407,0.157,
mongo-w1,10,2,408,0.17,
mongo-w1,10,2,409,0.121,
mongo-w1,10,2,410,0.085,
mongo-w1,10,2,411,0.087,
mongo-w1,10,2,412,0.081,
mongo-w1,10,2,413,0.081,
mongo-w1,10,2,414,0.08,
mongo-w1,10,2,415,0.087,
mongo-w1,10,2,416,0.115,
mongo-w1,10,2,417,0.295,
mongo-w1,10,2,418,0.256,
mongo-w1,10,2,419,0.185,
mongo-w1,10,2,420,0.332,
mongo-w1,10,2,421,0.175,
mongo-w1,10,2,422,0.244,
mongo-w1,10,2,423,0.17,
mongo-w1,10,2,424,0.157,
mongo-w1,10,2,425,0.172,
mongo-w1,10,2,426,0.15,
mongo-w1,10,2,427,0.147,
mongo-w1,10,2,428,0.162,
mongo-w1,10,2,429,0.154,
mongo-w1,10,2,430,0.133,
mongo-w1,10,2,431,0.201,
mongo-w1,10,2,432,0.169,
mongo-w1,10,2,433,0.113,
mongo-w1,10,2,434,0.12,
mongo-w1,10,2,435,0.107,
mongo-w1,10,2,436,0.125,
mongo-w1,10,2,437,0.136,
mongo-w1,10,2,438,0.178,
mongo-w1,10,2,439,0.172,
mongo-w1,10,2,440,0.2,
mongo-w1,10,2,441,0.168,
mongo-w1,10,2,442,0.207,
mongo-w1,10,2,443,0.132,
mongo-w1,10,2,444,0.35,
mongo-w1,10,2,445,0.144,
mongo-w1,10,2,446,0.159,
mongo-w1,10,2,447,0.196,
mongo-w1,10,2,448,0.139,
mongo-w1,10,2,449,0.153,
mongo-w1,10,2,450,0.137,
mongo-w1,10,2,451,0.182,
mongo-w1,10,2,452,0.141,
mongo-w1,10,2,453,0.128,
mongo-w1,10,2,454,0.113,
mongo-w1,10,2,455,0.123,
mongo-w1,10,2,456,0.122,
mongo-w1,10,2,457,0.138,
mongo-w1,10,2,458,0.106,
mongo-w1,10,2,459,0.12,
mongo-w1,10,2,460,0.109,
mongo-w1,10,2,461,0.119,
mongo-w1,10,2,462,0.119,
mongo-w1,10,2,463,0.131,
mongo-w1,10,2,464,0.092,
mongo-w1,10,2,465,0.127,
mongo-w1,10,2,466,0.108,
mongo-w1,10,2,467,0.096,
mongo-w1,10,3,1,5.676,
mongo-w1,10,3,2,0.274,
mongo-w1,10,3,3,0.167,
mongo-w1,10,3,4,0.146,
mongo-w1,10,3,5,0.124,
mongo-w1,10,3,6,0.121,
mongo-w1,10,3,7,0.171,
mongo-w1,10,3,8,0.166,
mongo-w1,10,3,9,0.229,
mongo-w1,10,3,10,0.161,
mongo-w1,10,3,11,0.171,
mongo-w1,10,3,12,0.178,
mongo-w1,10,3,13,0.147,
mongo-w1,10,3,14,0.18,
mongo-w1,10,3,15,0.147,
mongo-w1,10,3,16,0.172,
mongo-w1,10,3,17,0.134,
mongo-w1,10,3,18,0.167,
mongo-w1,10,3,19,0.26,
mongo-w1,10,3,20,0.279,
mongo-w1,10,3,21,0.281,
mongo-w1,10,3,22,0.162,
mongo-w1,10,3,23,0.151,
mongo-w1,10,3,24,0.175,
mongo-w1,10,3,25,0.199,
mongo-w1,10,3,26,0.179,
mongo-w1,10,3,27,0.2,
mongo-w1,10,3,28,0.424,
mongo-w1,10,3,29,0.15,
mongo-w1,10,3,30,0.147,
mongo-w1,10,3,31,0.345,
mongo-w1,10,3,32,0.241,
mongo-w1,10,3,33,0.227,
mongo-w1,10,3,34,0.307,
mongo-w1,10,3,35,0.2,
mongo-w1,10,3,36,0.177,
mongo-w1,10,3,37,0.222,
mongo-w1,10,3,38,0.162,
mongo-w1,10,3,39,0.278,
mongo-w1,10,3,40,0.179,
mongo-w1,10,3,41,0.19,
mongo-w1,10,3,42,0.25,
mongo-w1,10,3,43,0.199,
mongo-w1,10,3,44,0.164,
mongo-w1,10,3,45,0.137,
mongo-w1,10,3,46,0.143,
mongo-w1,10,3,47,0.134,
mongo-w1,10,3,48,0.104,
mongo-w1,10,3,49,0.103,
mongo-w1,10,3,50,0.109,
mongo-w1,10,3,51,0.094,
mongo-w1,10,3,52,0.093,
mongo-w1,10,3,53,0.105,
mongo-w1,10,3,54,0.121,
mongo-w1,10,3,55,0.109,
mongo-w1,10,3,56,0.132,
mongo-w1,10,3,57,0.146,
mongo-w1,10,3,58,0.146,
mongo-w1,10,3,59,0.151,
mongo-w1,10,3,60,0.127,
mongo-w1,10,3,61,0.172,
mongo-w1,10,3,62,0.142,
mongo-w1,10,3,63,0.105,
mongo-w1,10,3,64,0.103,
mongo-w1,10,3,65,0.114,
mongo-w1,10,3,66,0.174,
mongo-w1,10,3,67,0.137,
mongo-w1,10,3,68,0.128,
mongo-w1,10,3,69,0.1,
mongo-w1,10,3,70,0.115,
mongo-w1,10,3,71,0.157,
mongo-w1,10,3,72,0.112,
mongo-w1,10,3,73,0.092,
mongo-w1,10,3,74,0.165,
mongo-w1,10,3,75,0.182,
mongo-w1,10,3,76,0.138,
mongo-w1,10,3,77,0.154,
mongo-w1,10,3,78,0.169,
mongo-w1,10,3,79,0.168,
mongo-w1,10,3,80,0.379,
mongo-w1,10,3,81,0.407,
mongo-w1,10,3,82,0.343,
mongo-w1,10,3,83,0.165,
mongo-w1,10,3,84,0.226,
mongo-w1,10,3,85,0.208,
mongo-w1,10,3,86,0.157,
mongo-w1,10,3,87,0.208,
mongo-w1,10,3,88,0.226,
mongo-w1,10,3,89,0.285,
mongo-w1,10,3,90,0.186,
mongo-w1,10,3,91,0.163,
mongo-w1,10,3,92,0.23,
mongo-w1,10,3,93,0.242,
mongo-w1,10,3,94,0.223,
mongo-w1,10,3,95,0.186,
mongo-w1,10,3,96,0.131,
mongo-w1,10,3,97,0.259,
mongo-w1,10,3,98,0.179,
mongo-w1,10,3,99,0.152,
mongo-w1,10,3,100,0.143,
mongo-w1,10,3,101,0.292,
mongo-w1,10,3,102,0.197,
mongo-w1,10,3,103,0.173,
mongo-w1,10,3,104,0.157,
mongo-w1,10,3,105,0.139,
mongo-w1,10,3,106,0.13,
mongo-w1,10,3,107,0.133,
mongo-w1,10,3,108,0.16,
mongo-w1,10,3,109,0.207,
mongo-w1,10,3,110,0.158,
mongo-w1,10,3,111,0.155,
mongo-w1,10,3,112,0.116,
mongo-w1,10,3,113,0.123,
mongo-w1,10,3,114,0.104,
mongo-w1,10,3,115,0.142,
mongo-w1,10,3,116,0.132,
mongo-w1,10,3,117,0.123,
mongo-w1,10,3,118,0.15,
mongo-w1,10,3,119,0.174,
mongo-w1,10,3,120,0.143,
mongo-w1,10,3,121,0.114,
mongo-w1,10,3,122,0.12,
mongo-w1,10,3,123,0.139,
mongo-w1,10,3,124,0.129,
mongo-w1,10,3,125,0.102,
mongo-w1,10,3,126,0.091,
mongo-w1,10,3,127,0.113,
mongo-w1,10,3,128,0.108,
mongo-w1,10,3,129,0.119,
mongo-w1,10,3,130,0.105,
mongo-w1,10,3,131,0.137,
mongo-w1,10,3,132,0.123,
mongo-w1,10,3,133,0.146,
mongo-w1,10,3,134,0.114,
mongo-w1,10,3,135,0.148,
mongo-w1,10,3,136,0.141,
mongo-w1,10,3,137,0.154,
mongo-w1,10,3,138,0.207,
mongo-w1,10,3,139,0.169,
mongo-w1,10,3,140,0.212,
mongo-w1,10,3,141,0.287,
mongo-w1,10,3,142,0.354,
mongo-w1,10,3,143,0.196,
mongo-w1,10,3,144,0.227,
mongo-w1,10,3,145,0.161,
mongo-w1,10,3,146,0.193,
mongo-w1,10,3,147,0.189,
mongo-w1,10,3,148,0.183,
mongo-w1,10,3,149,0.197,
mongo-w1,10,3,150,0.221,
mongo-w1,10,3,151,0.193,
mongo-w1,10,3,152,0.187,
mongo-w1,10,3,153,0.209,
mongo-w1,10,3,154,0.16,
mongo-w1,10,3,155,0.15,
mongo-w1,10,3,156,0.209,
mongo-w1,10,3,157,0.183,
mongo-w1,10,3,158,0.184,
mongo-w1,10,3,159,0.282,
mongo-w1,10,3,160,0.183,
mongo-w1,10,3,161,0.147,
mongo-w1,10,3,162,0.134,
mongo-w1,10,3,163,0.133,
mongo-w1,10,3,164,0.142,
mongo-w1,10,3,165,0.144,
mongo-w1,10,3,166,0.117,
mongo-w1,10,3,167,0.179,
mongo-w1,10,3,168,0.144,
mongo-w1,10,3,169,0.127,
mongo-w1,10,3,170,0.195,
mongo-w1,10,3,171,0.151,
mongo-w1,10,3,172,0.12,
mongo-w1,10,3,173,0.117,
mongo-w1,10,3,174,0.107,
mongo-w1,10,3,175,0.117,
mongo-w1,10,3,176,0.113,
mongo-w1,10,3,177,0.131,
mongo-w1,10,3,178,0.129,
mongo-w1,10,3,179,0.103,
mongo-w1,10,3,180,0.12,
mongo-w1,10,3,181,0.132,
mongo-w1,10,3,182,0.144,
mongo-w1,10,3,183,0.121,
mongo-w1,10,3,184,0.148,
mongo-w1,10,3,185,0.132,
mongo-w1,10,3,186,0.144,
mongo-w1,10,3,187,0.114,
mongo-w1,10,3,188,0.102,
mongo-w1,10,3,189,0.122,
mongo-w1,10,3,190,0.126,
mongo-w1,10,3,191,0.11,
mongo-w1,10,3,192,0.101,
mongo-w1,10,3,193,0.131,
mongo-w1,10,3,194,0.108,
mongo-w1,10,3,195,0.157,
mongo-w1,10,3,196,0.171,
mongo-w1,10,3,197,0.152,
mongo-w1,10,3,198,0.153,
mongo-w1,10,3,199,0.144,
mongo-w1,10,3,200,0.112,
mongo-w1,10,3,201,0.139,
mongo-w1,10,3,202,0.127,
mongo-w1,10,3,203,0.11,
mongo-w1,10,3,204,0.307,
mongo-w1,10,3,205,0.148,
mongo-w1,10,3,206,0.19,
mongo-w1,10,3,207,0.235,
mongo-w1,10,3,208,0.218,
mongo-w1,10,3,209,0.108,
mongo-w1,10,3,210,0.121,
mongo-w1,10,3,211,0.145,
mongo-w1,10,3,212,0.172,
mongo-w1,10,3,213,0.172,
mongo-w1,10,3,214,0.25,
mongo-w1,10,3,215,0.205,
mongo-w1,10,3,216,0.241,
mongo-w1,10,3,217,0.205,
mongo-w1,10,3,218,0.16,
mongo-w1,10,3,219,0.111,
mongo-w1,10,3,220,0.13,
mongo-w1,10,3,221,0.142,
mongo-w1,10,3,222,0.123,
mongo-w1,10,3,223,0.18,
mongo-w1,10,3,224,0.143,
mongo-w1,10,3,225,0.138,
mongo-w1,10,3,226,0.236,
mongo-w1,10,3,227,0.204,
mongo-w1,10,3,228,0.154,
mongo-w1,10,3,229,0.157,
mongo-w1,10,3,230,0.151,
mongo-w1,10,3,231,0.156,
mongo-w1,10,3,232,0.144,
mongo-w1,10,3,233,0.194,
mongo-w1,10,3,234,0.215,
mongo-w1,10,3,235,0.145,
mongo-w1,10,3,236,0.145,
mongo-w1,10,3,237,0.303,
mongo-w1,10,3,238,0.125,
mongo-w1,10,3,239,0.12,
mongo-w1,10,3,240,0.12,
mongo-w1,10,3,241,0.096,
mongo-w1,10,3,242,0.115,
mongo-w1,10,3,243,0.115,
mongo-w1,10,3,244,0.126,
mongo-w1,10,3,245,0.108,
mongo-w1,10,3,246,0.187,
mongo-w1,10,3,247,0.151,
mongo-w1,10,3,248,0.146,
mongo-w1,10,3,249,0.146,
mongo-w1,10,3,250,0.12,
mongo-w1,10,3,251,0.117,
mongo-w1,10,3,252,0.114,
mongo-w1,10,3,253,0.119,
mongo-w1,10,3,254,0.122,
mongo-w1,10,3,255,0.114,
mongo-w1,10,3,256,0.1,
mongo-w1,10,3,257,0.109,
mongo-w1,10,3,258,0.089,
mongo-w1,10,3,259,0.122,
mongo-w1,10,3,260,0.168,
mongo-w1,10,3,261,0.184,
mongo-w1,10,3,262,0.176,
mongo-w1,10,3,263,0.133,
mongo-w1,10,3,264,0.136,
mongo-w1,10,3,265,0.106,
mongo-w1,10,3,266,0.125,
mongo-w1,10,3,267,0.097,
mongo-w1,10,3,268,0.112,
mongo-w1,10,3,269,0.16,
mongo-w1,10,3,270,0.193,
mongo-w1,10,3,271,0.228,
mongo-w1,10,3,272,0.16,
mongo-w1,10,3,273,0.157,
mongo-w1,10,3,274,0.297,
mongo-w1,10,3,275,0.244,
mongo-w1,10,3,276,0.188,
mongo-w1,10,3,277,0.187,
mongo-w1,10,3,278,0.202,
mongo-w1,10,3,279,0.238,
mongo-w1,10,3,280,0.476,
mongo-w1,10,3,281,0.143,
mongo-w1,10,3,282,0.245,
mongo-w1,10,3,283,0.171,
mongo-w1,10,3,284,0.155,
mongo-w1,10,3,285,0.136,
mongo-w1,10,3,286,0.194,
mongo-w1,10,3,287,0.215,
mongo-w1,10,3,288,0.145,
mongo-w1,10,3,289,0.2,
mongo-w1,10,3,290,0.17,
mongo-w1,10,3,291,0.182,
mongo-w1,10,3,292,0.191,
mongo-w1,10,3,293,0.227,
mongo-w1,10,3,294,0.173,
mongo-w1,10,3,295,0.195,
mongo-w1,10,3,296,0.183,
mongo-w1,10,3,297,0.149,
mongo-w1,10,3,298,0.104,
mongo-w1,10,3,299,0.093,
mongo-w1,10,3,300,0.114,
mongo-w1,10,3,301,0.096,
mongo-w1,10,3,302,0.088,
mongo-w1,10,3,303,0.087,
mongo-w1,10,3,304,0.088,
mongo-w1,10,3,305,0.086,
mongo-w1,10,3,306,0.085,
mongo-w1,10,3,307,0.106,
mongo-w1,10,3,308,0.102,
mongo-w1,10,3,309,0.095,
mongo-w1,10,3,310,0.088,
mongo-w1,10,3,311,0.12,
mongo-w1,10,3,312,0.13,
mongo-w1,10,3,313,0.134,
mongo-w1,10,3,314,0.147,
mongo-w1,10,3,315,0.146,
mongo-w1,10,3,316,0.112,
mongo-w1,10,3,317,0.088,
mongo-w1,10,3,318,0.086,
mongo-w1,10,3,319,0.094,
mongo-w1,10,3,320,0.091,
mongo-w1,10,3,321,0.087,
mongo-w1,10,3,322,0.086,
mongo-w1,10,3,323,0.121,
mongo-w1,10,3,324,0.086,
mongo-w1,10,3,325,0.087,
mongo-w1,10,3,326,0.101,
mongo-w1,10,3,327,0.136,
mongo-w1,10,3,328,0.131,
mongo-w1,10,3,329,0.181,
mongo-w1,10,3,330,0.216,
mongo-w1,10,3,331,0.124,
mongo-w1,10,3,332,0.163,
mongo-w1,10,3,333,0.167,
mongo-w1,10,3,334,0.178,
mongo-w1,10,3,335,0.138,
mongo-w1,10,3,336,0.178,
mongo-w1,10,3,337,0.165,
mongo-w1,10,3,338,0.151,
mongo-w1,10,3,339,0.185,
mongo-w1,10,3,340,0.22,
mongo-w1,10,3,341,0.184,
mongo-w1,10,3,342,0.3,
mongo-w1,10,3,343,0.136,
mongo-w1,10,3,344,0.197,
mongo-w1,10,3,345,0.177,
mongo-w1,10,3,346,0.224,
mongo-w1,10,3,347,0.173,
mongo-w1,10,3,348,0.293,
mongo-w1,10,3,349,0.127,
mongo-w1,10,3,350,0.185,
mongo-w1,10,3,351,0.143,
mongo-w1,10,3,352,0.197,
mongo-w1,10,3,353,0.255,
mongo-w1,10,3,354,0.182,
mongo-w1,10,3,355,0.239,
mongo-w1,10,3,356,0.159,
mongo-w1,10,3,357,0.163,
mongo-w1,10,3,358,0.242,
mongo-w1,10,3,359,0.197,
mongo-w1,10,3,360,0.393,
mongo-w1,10,3,361,0.198,
mongo-w1,10,3,362,0.254,
mongo-w1,10,3,363,0.16,
mongo-w1,10,3,364,0.163,
mongo-w1,10,3,365,0.126,
mongo-w1,10,3,366,0.168,
mongo-w1,10,3,367,0.109,
mongo-w1,10,3,368,0.1,
mongo-w1,10,3,369,0.102,
mongo-w1,10,3,370,0.119,
mongo-w1,10,3,371,0.121,
mongo-w1,10,3,372,0.112,
mongo-w1,10,3,373,0.106,
mongo-w1,10,3,374,0.148,
mongo-w1,10,3,375,0.158,
mongo-w1,10,3,376,0.179,
mongo-w1,10,3,377,0.133,
mongo-w1,10,3,378,0.113,
mongo-w1,10,3,379,0.089,
mongo-w1,10,3,380,0.13,
mongo-w1,10,3,381,0.136,
mongo-w1,10,3,382,0.11,
mongo-w1,10,3,383,0.098,
mongo-w1,10,3,384,0.099,
mongo-w1,10,3,385,0.11,
mongo-w1,10,3,386,0.095,
mongo-w1,10,3,387,0.122,
mongo-w1,10,3,388,0.132,
mongo-w1,10,3,389,0.156,
mongo-w1,10,3,390,0.154,
mongo-w1,10,3,391,0.191,
mongo-w1,10,3,392,0.14,
mongo-w1,10,3,393,0.16,
mongo-w1,10,3,394,0.13,
mongo-w1,10,3,395,0.198,
mongo-w1,10,3,396,0.139,
mongo-w1,10,3,397,0.181,
mongo-w1,10,3,398,0.182,
mongo-w1,10,3,399,0.198,
mongo-w1,10,3,400,0.194,
mongo-w1,10,3,401,0.223,
mongo-w1,10,3,402,0.283,
mongo-w1,10,3,403,0.165,
mongo-w1,10,3,404,0.284,
mongo-w1,10,3,405,0.177,
mongo-w1,10,3,406,0.2,
mongo-w1,10,3,407,0.178,
mongo-w1,10,3,408,0.14,
mongo-w1,10,3,409,0.208,
mongo-w1,10,3,410,0.4,
mongo-w1,10,3,411,0.117,
mongo-w1,10,3,412,0.194,
mongo-w1,10,3,413,0.273,
mongo-w1,10,3,414,0.202,
mongo-w1,10,3,415,0.177,
mongo-w1,10,3,416,0.21,
mongo-w1,10,3,417,0.254,
mongo-w1,10,3,418,0.201,
mongo-w1,10,3,419,0.185,
mongo-w1,10,3,420,0.244,
mongo-w1,10,3,421,0.177,
mongo-w1,10,3,422,0.106,
mongo-w1,10,3,423,0.12,
mongo-w1,10,3,424,0.122,
mongo-w1,10,3,425,0.277,
mongo-w1,10,3,426,0.144,
mongo-w1,10,3,427,0.171,
mongo-w1,10,3,428,0.132,
mongo-w1,10,3,429,0.126,
mongo-w1,10,3,430,0.124,
mongo-w1,10,3,431,0.091,
mongo-w1,10,3,432,0.117,
mongo-w1,10,3,433,0.133,
mongo-w1,10,3,434,0.135,
mongo-w1,10,3,435,0.161,
mongo-w1,10,3,436,0.124,
mongo-w1,10,3,437,0.195,
mongo-w1,10,3,438,0.133,
mongo-w1,10,3,439,0.118,
mongo-w1,10,3,440,0.106,
mongo-w1,10,3,441,0.114,
mongo-w1,10,3,442,0.124,
mongo-w1,10,3,443,0.114,
mongo-w1,10,3,444,0.13,
mongo-w1,10,3,445,0.122,
mongo-w1,10,3,446,0.13,
mongo-w1,10,3,447,0.168,
mongo-w1,10,3,448,0.159,
mongo-w1,10,3,449,0.16,
mongo-w1,10,3,450,0.171,
mongo-w1,10,3,451,0.129,
mongo-w1,10,3,452,0.203,
mongo-w1,10,3,453,0.117,
mongo-w1,10,3,454,0.158,
mongo-w1,10,3,455,0.21,
mongo-w1,10,3,456,0.175,
mongo-w1,10,3,457,0.347,
mongo-w1,10,3,458,0.269,
mongo-w1,10,3,459,0.262,
mongo-w1,10,3,460,0.144,
mongo-w1,10,3,461,0.119,
mongo-w1,10,3,462,0.374,
mongo-w1,10,3,463,0.181,
mongo-w1,10,3,464,0.14,
mongo-w1,10,3,465,0.162,
mongo-w1,10,3,466,0.154,
mongo-w1,10,3,467,0.228,
mongo-majority,10,1,1,29.292,
mongo-majority,10,1,2,23.876,
mongo-majority,10,1,3,21.029,
mongo-majority,10,1,4,20.985,
mongo-majority,10,1,5,21.045,
mongo-majority,10,1,6,21.537,
mongo-majority,10,1,7,21.57,
mongo-majority,10,1,8,21.018,
mongo-majority,10,1,9,21.672,
mongo-majority,10,1,10,22.01,
mongo-majority,10,1,11,21.977,
mongo-majority,10,1,12,21.598,
mongo-majority,10,1,13,21.669,
mongo-majority,10,1,14,21.905,
mongo-majority,10,1,15,22.767,
mongo-majority,10,1,16,23.074,
mongo-majority,10,1,17,24.326,
mongo-majority,10,1,18,24.643,
mongo-majority,10,1,19,23.892,
mongo-majority,10,1,20,23.077,
mongo-majority,10,1,21,23.381,
mongo-majority,10,1,22,22.916,
mongo-majority,10,1,23,23.077,
mongo-majority,10,1,24,23.045,
mongo-majority,10,1,25,24.447,
mongo-majority,10,1,26,25.003,
mongo-majority,10,1,27,25.878,
mongo-majority,10,1,28,26.785,
mongo-majority,10,1,29,24.356,
mongo-majority,10,1,30,24.633,
mongo-majority,10,1,31,24.984,
mongo-majority,10,1,32,24.713,
mongo-majority,10,1,33,25.286,
mongo-majority,10,1,34,25.535,
mongo-majority,10,1,35,25.084,
mongo-majority,10,1,36,25.015,
mongo-majority,10,1,37,25.335,
mongo-majority,10,1,38,24.628,
mongo-majority,10,1,39,24.814,
mongo-majority,10,1,40,25.027,
mongo-majority,10,1,41,25.082,
mongo-majority,10,1,42,24.275,
mongo-majority,10,1,43,24.721,
mongo-majority,10,1,44,24.833,
mongo-majority,10,1,45,24.508,
mongo-majority,10,1,46,24.995,
mongo-majority,10,1,47,24.668,
mongo-majority,10,1,48,25.969,
mongo-majority,10,1,49,24.937,
mongo-majority,10,1,50,26.164,
mongo-majority,10,1,51,27.022,
mongo-majority,10,1,52,25.787,
mongo-majority,10,1,53,26.369,
mongo-majority,10,1,54,27.233,
mongo-majority,10,1,55,25.093,
mongo-majority,10,1,56,24.866,
mongo-majority,10,1,57,24.353,
mongo-majority,10,1,58,25.009,
mongo-majority,10,1,59,25.446,
mongo-majority,10,1,60,25.445,
mongo-majority,10,1,61,25.134,
mongo-majority,10,1,62,25.465,
mongo-majority,10,1,63,25.854,
mongo-majority,10,1,64,24.374,
mongo-majority,10,1,65,24.281,
mongo-majority,10,1,66,24.83,
mongo-majority,10,1,67,25.999,
mongo-majority,10,1,68,24.719,
mongo-majority,10,1,69,24.773,
mongo-majority,10,1,70,23.644,
mongo-majority,10,1,71,24.666,
mongo-majority,10,1,72,27.571,
mongo-majority,10,1,73,25.63,
mongo-majority,10,1,74,25.066,
mongo-majority,10,1,75,25.082,
mongo-majority,10,1,76,25.355,
mongo-majority,10,1,77,26.852,
mongo-majority,10,1,78,25.032,
mongo-majority,10,1,79,24.775,
mongo-majority,10,1,80,23.906,
mongo-majority,10,1,81,24.983,
mongo-majority,10,1,82,25.277,
mongo-majority,10,1,83,26.769,
mongo-majority,10,1,84,25.186,
mongo-majority,10,1,85,24.767,
mongo-majority,10,1,86,23.889,
mongo-majority,10,1,87,25.451,
mongo-majority,10,1,88,13.925,
mongo-majority,10,1,89,21.328,
mongo-majority,10,1,90,23.256,
mongo-majority,10,1,91,23.943,
mongo-majority,10,1,92,23.412,
mongo-majority,10,1,93,23.937,
mongo-majority,10,1,94,26.657,
mongo-majority,10,1,95,23.913,
mongo-majority,10,1,96,23.338,
mongo-majority,10,1,97,24.239,
mongo-majority,10,1,98,24.414,
mongo-majority,10,1,99,24.717,
mongo-majority,10,1,100,24.543,
mongo-majority,10,1,101,25.41,
mongo-majority,10,1,102,24.232,
mongo-majority,10,1,103,24.359,
mongo-majority,10,1,104,27.463,
mongo-majority,10,1,105,24.659,
mongo-majority,10,1,106,24.463,
mongo-majority,10,1,107,24.496,
mongo-majority,10,1,108,25.181,
mongo-majority,10,1,109,27.344,
mongo-majority,10,1,110,23.969,
mongo-majority,10,1,111,24.007,
mongo-majority,10,1,112,23.942,
mongo-majority,10,1,113,25.265,
mongo-majority,10,1,114,24.408,
mongo-majority,10,1,115,24.71,
mongo-majority,10,1,116,24.827,
mongo-majority,10,1,117,25.155,
mongo-majority,10,1,118,23.901,
mongo-majority,10,1,119,24.617,
mongo-majority,10,1,120,25.046,
mongo-majority,10,1,121,24.067,
mongo-majority,10,1,122,23.392,
mongo-majority,10,1,123,23.534,
mongo-majority,10,1,124,25.831,
mongo-majority,10,1,125,24.224,
mongo-majority,10,1,126,23.998,
mongo-majority,10,1,127,23.836,
mongo-majority,10,1,128,23.801,
mongo-majority,10,1,129,24.675,
mongo-majority,10,1,130,23.615,
mongo-majority,10,1,131,23.451,
mongo-majority,10,1,132,23.431,
mongo-majority,10,1,133,23.411,
mongo-majority,10,1,134,26.072,
mongo-majority,10,1,135,24.242,
mongo-majority,10,1,136,24.864,
mongo-majority,10,1,137,23.972,
mongo-majority,10,1,138,23.675,
mongo-majority,10,1,139,24.671,
mongo-majority,10,1,140,24.47,
mongo-majority,10,1,141,25.386,
mongo-majority,10,1,142,23.824,
mongo-majority,10,1,143,24.405,
mongo-majority,10,1,144,25.746,
mongo-majority,10,1,145,24.297,
mongo-majority,10,1,146,25.113,
mongo-majority,10,1,147,23.327,
mongo-majority,10,1,148,23.899,
mongo-majority,10,1,149,25.165,
mongo-majority,10,1,150,24.826,
mongo-majority,10,1,151,24.086,
mongo-majority,10,1,152,24.076,
mongo-majority,10,1,153,24.001,
mongo-majority,10,1,154,24.343,
mongo-majority,10,1,155,24.128,
mongo-majority,10,1,156,24.085,
mongo-majority,10,1,157,25.22,
mongo-majority,10,1,158,24.684,
mongo-majority,10,1,159,28.913,
mongo-majority,10,1,160,29.684,
mongo-majority,10,1,161,23.298,
mongo-majority,10,1,162,23.101,
mongo-majority,10,1,163,18.456,
mongo-majority,10,1,164,16.945,
mongo-majority,10,1,165,23.041,
mongo-majority,10,1,166,22.359,
mongo-majority,10,1,167,22.906,
mongo-majority,10,1,168,21.992,
mongo-majority,10,1,169,23.03,
mongo-majority,10,1,170,22.878,
mongo-majority,10,1,171,23.697,
mongo-majority,10,1,172,23.588,
mongo-majority,10,1,173,23.977,
mongo-majority,10,1,174,23.042,
mongo-majority,10,1,175,22.63,
mongo-majority,10,1,176,23.115,
mongo-majority,10,1,177,23.688,
mongo-majority,10,1,178,23.936,
mongo-majority,10,1,179,25.097,
mongo-majority,10,1,180,24.81,
mongo-majority,10,1,181,25.385,
mongo-majority,10,1,182,23.837,
mongo-majority,10,1,183,24.085,
mongo-majority,10,1,184,25.599,
mongo-majority,10,1,185,24.93,
mongo-majority,10,1,186,24.733,
mongo-majority,10,1,187,24.214,
mongo-majority,10,1,188,23.673,
mongo-majority,10,1,189,24.413,
mongo-majority,10,1,190,23.814,
mongo-majority,10,1,191,24.531,
mongo-majority,10,1,192,24.801,
mongo-majority,10,1,193,23.644,
mongo-majority,10,1,194,24.186,
mongo-majority,10,1,195,24.602,
mongo-majority,10,1,196,25.811,
mongo-majority,10,1,197,25.172,
mongo-majority,10,1,198,24.65,
mongo-majority,10,1,199,24.449,
mongo-majority,10,1,200,25.915,
mongo-majority,10,1,201,24.786,
mongo-majority,10,1,202,25.072,
mongo-majority,10,1,203,24.056,
mongo-majority,10,1,204,25.588,
mongo-majority,10,1,205,24.132,
mongo-majority,10,1,206,23.485,
mongo-majority,10,1,207,26.49,
mongo-majority,10,1,208,23.619,
mongo-majority,10,1,209,24.546,
mongo-majority,10,1,210,24.561,
mongo-majority,10,1,211,25.175,
mongo-majority,10,1,212,25.538,
mongo-majority,10,1,213,26.568,
mongo-majority,10,1,214,24.016,
mongo-majority,10,1,215,24.0,
mongo-majority,10,1,216,24.763,
mongo-majority,10,1,217,24.911,
mongo-majority,10,1,218,23.742,
mongo-majority,10,1,219,24.275,
mongo-majority,10,1,220,24.533,
mongo-majority,10,1,221,24.315,
mongo-majority,10,1,222,24.204,
mongo-majority,10,1,223,23.987,
mongo-majority,10,1,224,23.953,
mongo-majority,10,1,225,24.297,
mongo-majority,10,1,226,25.004,
mongo-majority,10,1,227,23.967,
mongo-majority,10,1,228,23.766,
mongo-majority,10,1,229,23.868,
mongo-majority,10,1,230,24.868,
mongo-majority,10,1,231,26.121,
mongo-majority,10,1,232,25.612,
mongo-majority,10,1,233,25.773,
mongo-majority,10,1,234,24.149,
mongo-majority,10,1,235,23.926,
mongo-majority,10,1,236,24.767,
mongo-majority,10,1,237,24.339,
mongo-majority,10,1,238,24.328,
mongo-majority,10,1,239,25.201,
mongo-majority,10,1,240,25.381,
mongo-majority,10,1,241,24.75,
mongo-majority,10,1,242,24.285,
mongo-majority,10,1,243,24.315,
mongo-majority,10,1,244,24.496,
mongo-majority,10,1,245,25.402,
mongo-majority,10,1,246,18.774,
mongo-majority,10,1,247,15.655,
mongo-majority,10,1,248,24.155,
mongo-majority,10,1,249,25.364,
mongo-majority,10,1,250,24.384,
mongo-majority,10,1,251,24.118,
mongo-majority,10,1,252,23.899,
mongo-majority,10,1,253,25.316,
mongo-majority,10,1,254,25.508,
mongo-majority,10,1,255,25.524,
mongo-majority,10,1,256,24.292,
mongo-majority,10,1,257,26.152,
mongo-majority,10,1,258,25.015,
mongo-majority,10,1,259,23.27,
mongo-majority,10,1,260,23.475,
mongo-majority,10,1,261,22.925,
mongo-majority,10,1,262,22.047,
mongo-majority,10,1,263,22.318,
mongo-majority,10,1,264,21.2,
mongo-majority,10,1,265,22.513,
mongo-majority,10,1,266,22.012,
mongo-majority,10,1,267,21.832,
mongo-majority,10,1,268,23.692,
mongo-majority,10,1,269,22.565,
mongo-majority,10,1,270,21.86,
mongo-majority,10,1,271,22.178,
mongo-majority,10,1,272,24.602,
mongo-majority,10,1,273,23.543,
mongo-majority,10,1,274,24.95,
mongo-majority,10,1,275,24.873,
mongo-majority,10,1,276,23.728,
mongo-majority,10,1,277,22.836,
mongo-majority,10,1,278,23.784,
mongo-majority,10,1,279,23.542,
mongo-majority,10,1,280,23.909,
mongo-majority,10,1,281,25.8,
mongo-majority,10,1,282,24.561,
mongo-majority,10,1,283,24.237,
mongo-majority,10,1,284,24.739,
mongo-majority,10,1,285,25.058,
mongo-majority,10,1,286,24.975,
mongo-majority,10,1,287,25.414,
mongo-majority,10,1,288,24.507,
mongo-majority,10,1,289,24.26,
mongo-majority,10,1,290,23.784,
mongo-majority,10,1,291,24.101,
mongo-majority,10,1,292,24.311,
mongo-majority,10,1,293,25.166,
mongo-majority,10,1,294,25.473,
mongo-majority,10,1,295,24.587,
mongo-majority,10,1,296,24.552,
mongo-majority,10,1,297,25.077,
mongo-majority,10,1,298,23.818,
mongo-majority,10,1,299,24.242,
mongo-majority,10,1,300,23.398,
mongo-majority,10,1,301,23.725,
mongo-majority,10,1,302,24.97,
mongo-majority,10,1,303,25.528,
mongo-majority,10,1,304,23.017,
mongo-majority,10,1,305,23.175,
mongo-majority,10,1,306,23.354,
mongo-majority,10,1,307,24.691,
mongo-majority,10,1,308,24.994,
mongo-majority,10,1,309,27.041,
mongo-majority,10,1,310,25.338,
mongo-majority,10,1,311,26.941,
mongo-majority,10,1,312,52.771,
mongo-majority,10,1,313,21.519,
mongo-majority,10,1,314,21.976,
mongo-majority,10,1,315,21.704,
mongo-majority,10,1,316,16.086,
mongo-majority,10,1,317,16.115,
mongo-majority,10,1,318,24.354,
mongo-majority,10,1,319,22.777,
mongo-majority,10,1,320,23.363,
mongo-majority,10,1,321,23.782,
mongo-majority,10,1,322,23.413,
mongo-majority,10,1,323,22.825,
mongo-majority,10,1,324,23.078,
mongo-majority,10,1,325,23.241,
mongo-majority,10,1,326,23.362,
mongo-majority,10,1,327,23.585,
mongo-majority,10,1,328,24.441,
mongo-majority,10,1,329,24.053,
mongo-majority,10,1,330,16.922,
mongo-majority,10,1,331,19.699,
mongo-majority,10,1,332,24.654,
mongo-majority,10,1,333,23.992,
mongo-majority,10,1,334,24.428,
mongo-majority,10,1,335,26.013,
mongo-majority,10,1,336,24.698,
mongo-majority,10,1,337,25.024,
mongo-majority,10,1,338,24.989,
mongo-majority,10,1,339,25.895,
mongo-majority,10,1,340,24.808,
mongo-majority,10,1,341,24.401,
mongo-majority,10,1,342,24.302,
mongo-majority,10,1,343,24.096,
mongo-majority,10,1,344,24.845,
mongo-majority,10,1,345,27.449,
mongo-majority,10,1,346,23.942,
mongo-majority,10,1,347,22.44,
mongo-majority,10,1,348,21.911,
mongo-majority,10,1,349,22.139,
mongo-majority,10,1,350,22.1,
mongo-majority,10,1,351,22.696,
mongo-majority,10,1,352,21.435,
mongo-majority,10,1,353,21.674,
mongo-majority,10,1,354,22.028,
mongo-majority,10,1,355,22.313,
mongo-majority,10,1,356,21.865,
mongo-majority,10,1,357,22.865,
mongo-majority,10,1,358,23.386,
mongo-majority,10,1,359,24.376,
mongo-majority,10,1,360,25.329,
mongo-majority,10,1,361,25.107,
mongo-majority,10,1,362,26.006,
mongo-majority,10,1,363,25.386,
mongo-majority,10,1,364,25.042,
mongo-majority,10,1,365,25.289,
mongo-majority,10,1,366,26.113,
mongo-majority,10,1,367,27.67,
mongo-majority,10,1,368,27.09,
mongo-majority,10,1,369,25.197,
mongo-majority,10,1,370,24.513,
mongo-majority,10,1,371,25.669,
mongo-majority,10,1,372,23.744,
mongo-majority,10,1,373,25.144,
mongo-majority,10,1,374,22.91,
mongo-majority,10,1,375,23.573,
mongo-majority,10,1,376,23.041,
mongo-majority,10,1,377,23.928,
mongo-majority,10,1,378,23.309,
mongo-majority,10,1,379,23.234,
mongo-majority,10,1,380,23.059,
mongo-majority,10,1,381,23.141,
mongo-majority,10,1,382,24.699,
mongo-majority,10,1,383,24.533,
mongo-majority,10,1,384,25.307,
mongo-majority,10,1,385,25.786,
mongo-majority,10,1,386,25.171,
mongo-majority,10,1,387,25.848,
mongo-majority,10,1,388,26.181,
mongo-majority,10,1,389,27.269,
mongo-majority,10,1,390,25.834,
mongo-majority,10,1,391,25.544,
mongo-majority,10,1,392,26.403,
mongo-majority,10,1,393,24.991,
mongo-majority,10,1,394,23.934,
mongo-majority,10,1,395,24.639,
mongo-majority,10,1,396,20.107,
mongo-majority,10,1,397,27.475,
mongo-majority,10,1,398,25.766,
mongo-majority,10,1,399,25.111,
mongo-majority,10,1,400,26.652,
mongo-majority,10,1,401,24.666,
mongo-majority,10,1,402,25.614,
mongo-majority,10,1,403,25.25,
mongo-majority,10,1,404,25.968,
mongo-majority,10,1,405,25.388,
mongo-majority,10,1,406,24.618,
mongo-majority,10,1,407,25.397,
mongo-majority,10,1,408,25.427,
mongo-majority,10,1,409,25.079,
mongo-majority,10,1,410,26.132,
mongo-majority,10,1,411,24.644,
mongo-majority,10,1,412,24.245,
mongo-majority,10,1,413,24.926,
mongo-majority,10,1,414,25.099,
mongo-majority,10,1,415,23.831,
mongo-majority,10,1,416,31.477,
mongo-majority,10,1,417,25.57,
mongo-majority,10,1,418,24.377,
mongo-majority,10,1,419,26.345,
mongo-majority,10,1,420,24.973,
mongo-majority,10,1,421,24.034,
mongo-majority,10,1,422,25.814,
mongo-majority,10,1,423,24.323,
mongo-majority,10,1,424,26.877,
mongo-majority,10,1,425,26.179,
mongo-majority,10,1,426,25.462,
mongo-majority,10,1,427,28.06,
mongo-majority,10,1,428,25.159,
mongo-majority,10,1,429,24.522,
mongo-majority,10,1,430,26.1,
mongo-majority,10,1,431,24.31,
mongo-majority,10,1,432,23.704,
mongo-majority,10,1,433,23.584,
mongo-majority,10,1,434,23.574,
mongo-majority,10,1,435,24.284,
mongo-majority,10,1,436,27.181,
mongo-majority,10,1,437,24.979,
mongo-majority,10,1,438,25.0,
mongo-majority,10,1,439,24.706,
mongo-majority,10,1,440,24.438,
mongo-majority,10,1,441,24.808,
mongo-majority,10,1,442,26.12,
mongo-majority,10,1,443,24.758,
mongo-majority,10,1,444,25.049,
mongo-majority,10,1,445,26.416,
mongo-majority,10,1,446,25.787,
mongo-majority,10,1,447,25.415,
mongo-majority,10,1,448,24.127,
mongo-majority,10,1,449,23.833,
mongo-majority,10,1,450,24.638,
mongo-majority,10,1,451,25.374,
mongo-majority,10,1,452,24.233,
mongo-majority,10,1,453,24.743,
mongo-majority,10,1,454,24.108,
mongo-majority,10,1,455,23.966,
mongo-majority,10,1,456,24.612,
mongo-majority,10,1,457,25.635,
mongo-majority,10,1,458,25.336,
mongo-majority,10,1,459,24.047,
mongo-majority,10,1,460,25.319,
mongo-majority,10,1,461,24.229,
mongo-majority,10,1,462,23.874,
mongo-majority,10,1,463,24.544,
mongo-majority,10,1,464,24.152,
mongo-majority,10,1,465,24.309,
mongo-majority,10,1,466,23.724,
mongo-majority,10,1,467,23.253,
mongo-majority,10,2,1,40.356,
mongo-majority,10,2,2,22.248,
mongo-majority,10,2,3,22.633,
mongo-majority,10,2,4,22.648,
mongo-majority,10,2,5,22.228,
mongo-majority,10,2,6,22.409,
mongo-majority,10,2,7,23.765,
mongo-majority,10,2,8,17.9,
mongo-majority,10,2,9,17.559,
mongo-majority,10,2,10,25.259,
mongo-majority,10,2,11,24.305,
mongo-majority,10,2,12,23.989,
mongo-majority,10,2,13,25.139,
mongo-majority,10,2,14,25.878,
mongo-majority,10,2,15,24.436,
mongo-majority,10,2,16,25.029,
mongo-majority,10,2,17,24.473,
mongo-majority,10,2,18,24.384,
mongo-majority,10,2,19,25.427,
mongo-majority,10,2,20,26.167,
mongo-majority,10,2,21,24.67,
mongo-majority,10,2,22,24.575,
mongo-majority,10,2,23,24.854,
mongo-majority,10,2,24,23.737,
mongo-majority,10,2,25,16.92,
mongo-majority,10,2,26,17.964,
mongo-majority,10,2,27,24.248,
mongo-majority,10,2,28,24.012,
mongo-majority,10,2,29,23.346,
mongo-majority,10,2,30,23.245,
mongo-majority,10,2,31,24.215,
mongo-majority,10,2,32,24.032,
mongo-majority,10,2,33,24.612,
mongo-majority,10,2,34,24.656,
mongo-majority,10,2,35,24.955,
mongo-majority,10,2,36,25.476,
mongo-majority,10,2,37,24.144,
mongo-majority,10,2,38,23.713,
mongo-majority,10,2,39,24.244,
mongo-majority,10,2,40,25.208,
mongo-majority,10,2,41,19.753,
mongo-majority,10,2,42,14.545,
mongo-majority,10,2,43,19.225,
mongo-majority,10,2,44,23.596,
mongo-majority,10,2,45,24.56,
mongo-majority,10,2,46,23.96,
mongo-majority,10,2,47,24.184,
mongo-majority,10,2,48,23.709,
mongo-majority,10,2,49,24.879,
mongo-majority,10,2,50,23.31,
mongo-majority,10,2,51,25.091,
mongo-majority,10,2,52,24.574,
mongo-majority,10,2,53,24.531,
mongo-majority,10,2,54,24.674,
mongo-majority,10,2,55,24.788,
mongo-majority,10,2,56,25.808,
mongo-majority,10,2,57,23.819,
mongo-majority,10,2,58,24.439,
mongo-majority,10,2,59,23.687,
mongo-majority,10,2,60,25.08,
mongo-majority,10,2,61,25.189,
mongo-majority,10,2,62,24.534,
mongo-majority,10,2,63,24.082,
mongo-majority,10,2,64,24.564,
mongo-majority,10,2,65,24.482,
mongo-majority,10,2,66,23.703,
mongo-majority,10,2,67,24.324,
mongo-majority,10,2,68,25.13,
mongo-majority,10,2,69,24.104,
mongo-majority,10,2,70,24.126,
mongo-majority,10,2,71,23.821,
mongo-majority,10,2,72,24.154,
mongo-majority,10,2,73,24.557,
mongo-majority,10,2,74,24.626,
mongo-majority,10,2,75,24.237,
mongo-majority,10,2,76,24.043,
mongo-majority,10,2,77,23.704,
mongo-majority,10,2,78,23.72,
mongo-majority,10,2,79,24.106,
mongo-majority,10,2,80,23.491,
mongo-majority,10,2,81,24.317,
mongo-majority,10,2,82,24.4,
mongo-majority,10,2,83,24.671,
mongo-majority,10,2,84,24.808,
mongo-majority,10,2,85,24.695,
mongo-majority,10,2,86,23.634,
mongo-majority,10,2,87,23.955,
mongo-majority,10,2,88,24.678,
mongo-majority,10,2,89,24.25,
mongo-majority,10,2,90,23.044,
mongo-majority,10,2,91,24.057,
mongo-majority,10,2,92,23.559,
mongo-majority,10,2,93,24.373,
mongo-majority,10,2,94,24.16,
mongo-majority,10,2,95,24.347,
mongo-majority,10,2,96,22.252,
mongo-majority,10,2,97,25.995,
mongo-majority,10,2,98,25.005,
mongo-majority,10,2,99,27.22,
mongo-majority,10,2,100,24.831,
mongo-majority,10,2,101,25.765,
mongo-majority,10,2,102,24.868,
mongo-majority,10,2,103,26.231,
mongo-majority,10,2,104,24.92,
mongo-majority,10,2,105,25.226,
mongo-majority,10,2,106,24.291,
mongo-majority,10,2,107,23.959,
mongo-majority,10,2,108,22.522,
mongo-majority,10,2,109,12.663,
mongo-majority,10,2,110,19.552,
mongo-majority,10,2,111,21.702,
mongo-majority,10,2,112,21.735,
mongo-majority,10,2,113,22.109,
mongo-majority,10,2,114,23.679,
mongo-majority,10,2,115,23.308,
mongo-majority,10,2,116,22.706,
mongo-majority,10,2,117,23.104,
mongo-majority,10,2,118,23.572,
mongo-majority,10,2,119,23.481,
mongo-majority,10,2,120,23.717,
mongo-majority,10,2,121,24.417,
mongo-majority,10,2,122,23.738,
mongo-majority,10,2,123,23.63,
mongo-majority,10,2,124,25.644,
mongo-majority,10,2,125,24.567,
mongo-majority,10,2,126,26.487,
mongo-majority,10,2,127,25.342,
mongo-majority,10,2,128,24.409,
mongo-majority,10,2,129,24.767,
mongo-majority,10,2,130,24.018,
mongo-majority,10,2,131,24.377,
mongo-majority,10,2,132,24.855,
mongo-majority,10,2,133,23.911,
mongo-majority,10,2,134,24.482,
mongo-majority,10,2,135,25.955,
mongo-majority,10,2,136,25.938,
mongo-majority,10,2,137,24.255,
mongo-majority,10,2,138,25.039,
mongo-majority,10,2,139,24.576,
mongo-majority,10,2,140,23.925,
mongo-majority,10,2,141,24.115,
mongo-majority,10,2,142,24.198,
mongo-majority,10,2,143,26.964,
mongo-majority,10,2,144,24.315,
mongo-majority,10,2,145,25.679,
mongo-majority,10,2,146,24.746,
mongo-majority,10,2,147,24.313,
mongo-majority,10,2,148,24.868,
mongo-majority,10,2,149,24.677,
mongo-majority,10,2,150,24.441,
mongo-majority,10,2,151,24.829,
mongo-majority,10,2,152,25.05,
mongo-majority,10,2,153,25.182,
mongo-majority,10,2,154,24.189,
mongo-majority,10,2,155,23.869,
mongo-majority,10,2,156,23.796,
mongo-majority,10,2,157,24.787,
mongo-majority,10,2,158,25.356,
mongo-majority,10,2,159,23.915,
mongo-majority,10,2,160,24.04,
mongo-majority,10,2,161,24.342,
mongo-majority,10,2,162,24.46,
mongo-majority,10,2,163,24.042,
mongo-majority,10,2,164,24.891,
mongo-majority,10,2,165,24.206,
mongo-majority,10,2,166,23.922,
mongo-majority,10,2,167,23.55,
mongo-majority,10,2,168,24.151,
mongo-majority,10,2,169,24.307,
mongo-majority,10,2,170,24.523,
mongo-majority,10,2,171,24.474,
mongo-majority,10,2,172,24.157,
mongo-majority,10,2,173,24.778,
mongo-majority,10,2,174,25.127,
mongo-majority,10,2,175,24.802,
mongo-majority,10,2,176,25.384,
mongo-majority,10,2,177,23.816,
mongo-majority,10,2,178,23.946,
mongo-majority,10,2,179,23.885,
mongo-majority,10,2,180,25.437,
mongo-majority,10,2,181,24.73,
mongo-majority,10,2,182,24.498,
mongo-majority,10,2,183,25.295,
mongo-majority,10,2,184,25.178,
mongo-majority,10,2,185,24.485,
mongo-majority,10,2,186,24.288,
mongo-majority,10,2,187,23.797,
mongo-majority,10,2,188,23.491,
mongo-majority,10,2,189,24.344,
mongo-majority,10,2,190,24.247,
mongo-majority,10,2,191,23.974,
mongo-majority,10,2,192,17.997,
mongo-majority,10,2,193,17.494,
mongo-majority,10,2,194,24.31,
mongo-majority,10,2,195,24.539,
mongo-majority,10,2,196,23.978,
mongo-majority,10,2,197,23.827,
mongo-majority,10,2,198,24.363,
mongo-majority,10,2,199,23.73,
mongo-majority,10,2,200,23.84,
mongo-majority,10,2,201,24.085,
mongo-majority,10,2,202,24.445,
mongo-majority,10,2,203,23.782,
mongo-majority,10,2,204,22.822,
mongo-majority,10,2,205,21.222,
mongo-majority,10,2,206,21.134,
mongo-majority,10,2,207,21.137,
mongo-majority,10,2,208,22.016,
mongo-majority,10,2,209,21.815,
mongo-majority,10,2,210,21.74,
mongo-majority,10,2,211,21.53,
mongo-majority,10,2,212,22.315,
mongo-majority,10,2,213,22.092,
mongo-majority,10,2,214,22.201,
mongo-majority,10,2,215,22.1,
mongo-majority,10,2,216,23.199,
mongo-majority,10,2,217,22.847,
mongo-majority,10,2,218,23.732,
mongo-majority,10,2,219,23.373,
mongo-majority,10,2,220,24.503,
mongo-majority,10,2,221,22.842,
mongo-majority,10,2,222,22.889,
mongo-majority,10,2,223,23.873,
mongo-majority,10,2,224,24.557,
mongo-majority,10,2,225,24.466,
mongo-majority,10,2,226,25.211,
mongo-majority,10,2,227,24.522,
mongo-majority,10,2,228,24.748,
mongo-majority,10,2,229,24.475,
mongo-majority,10,2,230,24.214,
mongo-majority,10,2,231,23.464,
mongo-majority,10,2,232,24.661,
mongo-majority,10,2,233,23.424,
mongo-majority,10,2,234,24.101,
mongo-majority,10,2,235,24.237,
mongo-majority,10,2,236,23.672,
mongo-majority,10,2,237,22.723,
mongo-majority,10,2,238,21.745,
mongo-majority,10,2,239,21.155,
mongo-majority,10,2,240,20.949,
mongo-majority,10,2,241,21.044,
mongo-majority,10,2,242,22.369,
mongo-majority,10,2,243,21.104,
mongo-majority,10,2,244,11.23,
mongo-majority,10,2,245,21.551,
mongo-majority,10,2,246,21.884,
mongo-majority,10,2,247,21.285,
mongo-majority,10,2,248,21.56,
mongo-majority,10,2,249,22.229,
mongo-majority,10,2,250,24.054,
mongo-majority,10,2,251,21.943,
mongo-majority,10,2,252,21.951,
mongo-majority,10,2,253,23.032,
mongo-majority,10,2,254,22.087,
mongo-majority,10,2,255,22.051,
mongo-majority,10,2,256,24.689,
mongo-majority,10,2,257,22.928,
mongo-majority,10,2,258,23.371,
mongo-majority,10,2,259,23.272,
mongo-majority,10,2,260,23.709,
mongo-majority,10,2,261,23.871,
mongo-majority,10,2,262,24.868,
mongo-majority,10,2,263,25.726,
mongo-majority,10,2,264,24.035,
mongo-majority,10,2,265,24.24,
mongo-majority,10,2,266,25.906,
mongo-majority,10,2,267,25.598,
mongo-majority,10,2,268,24.119,
mongo-majority,10,2,269,23.536,
mongo-majority,10,2,270,25.092,
mongo-majority,10,2,271,24.811,
mongo-majority,10,2,272,24.511,
mongo-majority,10,2,273,24.184,
mongo-majority,10,2,274,24.984,
mongo-majority,10,2,275,24.052,
mongo-majority,10,2,276,23.845,
mongo-majority,10,2,277,23.843,
mongo-majority,10,2,278,23.696,
mongo-majority,10,2,279,22.861,
mongo-majority,10,2,280,25.777,
mongo-majority,10,2,281,25.522,
mongo-majority,10,2,282,25.314,
mongo-majority,10,2,283,23.78,
mongo-majority,10,2,284,24.003,
mongo-majority,10,2,285,24.935,
mongo-majority,10,2,286,25.352,
mongo-majority,10,2,287,23.673,
mongo-majority,10,2,288,24.246,
mongo-majority,10,2,289,23.977,
mongo-majority,10,2,290,23.48,
mongo-majority,10,2,291,24.476,
mongo-majority,10,2,292,24.285,
mongo-majority,10,2,293,22.236,
mongo-majority,10,2,294,21.85,
mongo-majority,10,2,295,21.893,
mongo-majority,10,2,296,21.199,
mongo-majority,10,2,297,22.066,
mongo-majority,10,2,298,23.227,
mongo-majority,10,2,299,21.549,
mongo-majority,10,2,300,22.073,
mongo-majority,10,2,301,23.619,
mongo-majority,10,2,302,21.874,
mongo-majority,10,2,303,22.232,
mongo-majority,10,2,304,22.522,
mongo-majority,10,2,305,22.894,
mongo-majority,10,2,306,31.349,
mongo-majority,10,2,307,23.07,
mongo-majority,10,2,308,22.862,
mongo-majority,10,2,309,23.033,
mongo-majority,10,2,310,22.973,
mongo-majority,10,2,311,24.533,
mongo-majority,10,2,312,23.754,
mongo-majority,10,2,313,24.853,
mongo-majority,10,2,314,24.042,
mongo-majority,10,2,315,24.201,
mongo-majority,10,2,316,23.829,
mongo-majority,10,2,317,25.293,
mongo-majority,10,2,318,23.923,
mongo-majority,10,2,319,23.78,
mongo-majority,10,2,320,23.229,
mongo-majority,10,2,321,23.497,
mongo-majority,10,2,322,23.002,
mongo-majority,10,2,323,24.536,
mongo-majority,10,2,324,22.891,
mongo-majority,10,2,325,23.965,
mongo-majority,10,2,326,24.884,
mongo-majority,10,2,327,23.542,
mongo-majority,10,2,328,23.743,
mongo-majority,10,2,329,24.164,
mongo-majority,10,2,330,25.345,
mongo-majority,10,2,331,25.165,
mongo-majority,10,2,332,32.968,
mongo-majority,10,2,333,23.525,
mongo-majority,10,2,334,24.903,
mongo-majority,10,2,335,24.893,
mongo-majority,10,2,336,26.068,
mongo-majority,10,2,337,26.448,
mongo-majority,10,2,338,27.687,
mongo-majority,10,2,339,25.31,
mongo-majority,10,2,340,26.185,
mongo-majority,10,2,341,23.776,
mongo-majority,10,2,342,23.334,
mongo-majority,10,2,343,23.58,
mongo-majority,10,2,344,23.844,
mongo-majority,10,2,345,24.024,
mongo-majority,10,2,346,24.151,
mongo-majority,10,2,347,26.839,
mongo-majority,10,2,348,25.865,
mongo-majority,10,2,349,24.834,
mongo-majority,10,2,350,25.894,
mongo-majority,10,2,351,24.897,
mongo-majority,10,2,352,25.157,
mongo-majority,10,2,353,24.803,
mongo-majority,10,2,354,26.359,
mongo-majority,10,2,355,26.023,
mongo-majority,10,2,356,27.599,
mongo-majority,10,2,357,25.336,
mongo-majority,10,2,358,25.187,
mongo-majority,10,2,359,26.189,
mongo-majority,10,2,360,29.56,
mongo-majority,10,2,361,25.585,
mongo-majority,10,2,362,25.067,
mongo-majority,10,2,363,26.163,
mongo-majority,10,2,364,25.074,
mongo-majority,10,2,365,26.197,
mongo-majority,10,2,366,24.749,
mongo-majority,10,2,367,26.995,
mongo-majority,10,2,368,29.861,
mongo-majority,10,2,369,24.753,
mongo-majority,10,2,370,24.506,
mongo-majority,10,2,371,25.658,
mongo-majority,10,2,372,23.934,
mongo-majority,10,2,373,24.721,
mongo-majority,10,2,374,24.16,
mongo-majority,10,2,375,24.72,
mongo-majority,10,2,376,25.953,
mongo-majority,10,2,377,24.474,
mongo-majority,10,2,378,23.622,
mongo-majority,10,2,379,24.206,
mongo-majority,10,2,380,23.89,
mongo-majority,10,2,381,24.561,
mongo-majority,10,2,382,26.349,
mongo-majority,10,2,383,25.289,
mongo-majority,10,2,384,23.823,
mongo-majority,10,2,385,26.314,
mongo-majority,10,2,386,24.976,
mongo-majority,10,2,387,23.622,
mongo-majority,10,2,388,25.224,
mongo-majority,10,2,389,24.816,
mongo-majority,10,2,390,26.998,
mongo-majority,10,2,391,24.225,
mongo-majority,10,2,392,25.118,
mongo-majority,10,2,393,26.39,
mongo-majority,10,2,394,25.667,
mongo-majority,10,2,395,24.428,
mongo-majority,10,2,396,23.491,
mongo-majority,10,2,397,23.579,
mongo-majority,10,2,398,24.112,
mongo-majority,10,2,399,23.872,
mongo-majority,10,2,400,24.16,
mongo-majority,10,2,401,24.465,
mongo-majority,10,2,402,24.671,
mongo-majority,10,2,403,25.362,
mongo-majority,10,2,404,24.787,
mongo-majority,10,2,405,23.862,
mongo-majority,10,2,406,24.887,
mongo-majority,10,2,407,26.138,
mongo-majority,10,2,408,26.215,
mongo-majority,10,2,409,24.326,
mongo-majority,10,2,410,24.665,
mongo-majority,10,2,411,24.277,
mongo-majority,10,2,412,26.7,
mongo-majority,10,2,413,24.95,
mongo-majority,10,2,414,24.527,
mongo-majority,10,2,415,24.378,
mongo-majority,10,2,416,26.041,
mongo-majority,10,2,417,26.246,
mongo-majority,10,2,418,27.147,
mongo-majority,10,2,419,24.79,
mongo-majority,10,2,420,26.306,
mongo-majority,10,2,421,24.804,
mongo-majority,10,2,422,23.045,
mongo-majority,10,2,423,24.258,
mongo-majority,10,2,424,23.84,
mongo-majority,10,2,425,23.926,
mongo-majority,10,2,426,24.33,
mongo-majority,10,2,427,28.16,
mongo-majority,10,2,428,24.616,
mongo-majority,10,2,429,22.012,
mongo-majority,10,2,430,24.772,
mongo-majority,10,2,431,25.282,
mongo-majority,10,2,432,25.082,
mongo-majority,10,2,433,24.328,
mongo-majority,10,2,434,25.202,
mongo-majority,10,2,435,24.639,
mongo-majority,10,2,436,24.447,
mongo-majority,10,2,437,25.09,
mongo-majority,10,2,438,25.087,
mongo-majority,10,2,439,23.445,
mongo-majority,10,2,440,24.109,
mongo-majority,10,2,441,24.793,
mongo-majority,10,2,442,16.023,
mongo-majority,10,2,443,17.844,
mongo-majority,10,2,444,25.501,
mongo-majority,10,2,445,24.962,
mongo-majority,10,2,446,25.149,
mongo-majority,10,2,447,25.462,
mongo-majority,10,2,448,24.786,
mongo-majority,10,2,449,25.219,
mongo-majority,10,2,450,25.65,
mongo-majority,10,2,451,25.618,
mongo-majority,10,2,452,24.874,
mongo-majority,10,2,453,25.449,
mongo-majority,10,2,454,25.786,
mongo-majority,10,2,455,25.018,
mongo-majority,10,2,456,25.139,
mongo-majority,10,2,457,25.531,
mongo-majority,10,2,458,26.645,
mongo-majority,10,2,459,27.123,
mongo-majority,10,2,460,24.898,
mongo-majority,10,2,461,24.437,
mongo-majority,10,2,462,24.847,
mongo-majority,10,2,463,23.535,
mongo-majority,10,2,464,23.917,
mongo-majority,10,2,465,26.154,
mongo-majority,10,2,466,26.121,
mongo-majority,10,2,467,25.868,
mongo-majority,10,3,1,38.671,
mongo-majority,10,3,2,22.403,
mongo-majority,10,3,3,21.827,
mongo-majority,10,3,4,22.188,
mongo-majority,10,3,5,22.96,
mongo-majority,10,3,6,23.727,
mongo-majority,10,3,7,23.879,
mongo-majority,10,3,8,24.177,
mongo-majority,10,3,9,24.194,
mongo-majority,10,3,10,24.608,
mongo-majority,10,3,11,25.171,
mongo-majority,10,3,12,26.038,
mongo-majority,10,3,13,23.59,
mongo-majority,10,3,14,23.662,
mongo-majority,10,3,15,23.778,
mongo-majority,10,3,16,23.863,
mongo-majority,10,3,17,24.898,
mongo-majority,10,3,18,25.461,
mongo-majority,10,3,19,26.769,
mongo-majority,10,3,20,25.19,
mongo-majority,10,3,21,26.169,
mongo-majority,10,3,22,25.952,
mongo-majority,10,3,23,27.064,
mongo-majority,10,3,24,25.303,
mongo-majority,10,3,25,24.603,
mongo-majority,10,3,26,25.666,
mongo-majority,10,3,27,25.007,
mongo-majority,10,3,28,25.706,
mongo-majority,10,3,29,25.077,
mongo-majority,10,3,30,25.798,
mongo-majority,10,3,31,26.024,
mongo-majority,10,3,32,24.85,
mongo-majority,10,3,33,24.362,
mongo-majority,10,3,34,24.863,
mongo-majority,10,3,35,25.005,
mongo-majority,10,3,36,24.28,
mongo-majority,10,3,37,27.154,
mongo-majority,10,3,38,24.165,
mongo-majority,10,3,39,24.607,
mongo-majority,10,3,40,26.138,
mongo-majority,10,3,41,24.711,
mongo-majority,10,3,42,24.577,
mongo-majority,10,3,43,26.117,
mongo-majority,10,3,44,24.699,
mongo-majority,10,3,45,24.734,
mongo-majority,10,3,46,27.036,
mongo-majority,10,3,47,24.856,
mongo-majority,10,3,48,24.51,
mongo-majority,10,3,49,26.914,
mongo-majority,10,3,50,26.312,
mongo-majority,10,3,51,22.922,
mongo-majority,10,3,52,22.592,
mongo-majority,10,3,53,23.122,
mongo-majority,10,3,54,20.162,
mongo-majority,10,3,55,12.645,
mongo-majority,10,3,56,20.288,
mongo-majority,10,3,57,22.153,
mongo-majority,10,3,58,22.784,
mongo-majority,10,3,59,23.779,
mongo-majority,10,3,60,24.437,
mongo-majority,10,3,61,24.231,
mongo-majority,10,3,62,25.447,
mongo-majority,10,3,63,24.683,
mongo-majority,10,3,64,23.931,
mongo-majority,10,3,65,23.764,
mongo-majority,10,3,66,25.359,
mongo-majority,10,3,67,24.922,
mongo-majority,10,3,68,24.299,
mongo-majority,10,3,69,26.148,
mongo-majority,10,3,70,24.763,
mongo-majority,10,3,71,23.907,
mongo-majority,10,3,72,24.848,
mongo-majority,10,3,73,24.28,
mongo-majority,10,3,74,26.302,
mongo-majority,10,3,75,24.355,
mongo-majority,10,3,76,25.278,
mongo-majority,10,3,77,24.435,
mongo-majority,10,3,78,26.358,
mongo-majority,10,3,79,24.45,
mongo-majority,10,3,80,25.628,
mongo-majority,10,3,81,24.892,
mongo-majority,10,3,82,24.612,
mongo-majority,10,3,83,24.091,
mongo-majority,10,3,84,25.404,
mongo-majority,10,3,85,24.812,
mongo-majority,10,3,86,26.877,
mongo-majority,10,3,87,27.11,
mongo-majority,10,3,88,25.257,
mongo-majority,10,3,89,25.141,
mongo-majority,10,3,90,24.869,
mongo-majority,10,3,91,26.586,
mongo-majority,10,3,92,28.705,
mongo-majority,10,3,93,24.783,
mongo-majority,10,3,94,25.847,
mongo-majority,10,3,95,25.581,
mongo-majority,10,3,96,23.994,
mongo-majority,10,3,97,25.083,
mongo-majority,10,3,98,26.204,
mongo-majority,10,3,99,25.577,
mongo-majority,10,3,100,25.322,
mongo-majority,10,3,101,26.961,
mongo-majority,10,3,102,24.926,
mongo-majority,10,3,103,25.625,
mongo-majority,10,3,104,25.995,
mongo-majority,10,3,105,25.639,
mongo-majority,10,3,106,25.106,
mongo-majority,10,3,107,24.971,
mongo-majority,10,3,108,24.369,
mongo-majority,10,3,109,25.544,
mongo-majority,10,3,110,25.432,
mongo-majority,10,3,111,25.308,
mongo-majority,10,3,112,24.131,
mongo-majority,10,3,113,23.654,
mongo-majority,10,3,114,24.893,
mongo-majority,10,3,115,23.993,
mongo-majority,10,3,116,24.411,
mongo-majority,10,3,117,25.063,
mongo-majority,10,3,118,27.915,
mongo-majority,10,3,119,17.241,
mongo-majority,10,3,120,18.25,
mongo-majority,10,3,121,23.632,
mongo-majority,10,3,122,25.984,
mongo-majority,10,3,123,23.458,
mongo-majority,10,3,124,24.814,
mongo-majority,10,3,125,26.296,
mongo-majority,10,3,126,23.682,
mongo-majority,10,3,127,23.795,
mongo-majority,10,3,128,23.418,
mongo-majority,10,3,129,22.783,
mongo-majority,10,3,130,23.021,
mongo-majority,10,3,131,23.045,
mongo-majority,10,3,132,26.168,
mongo-majority,10,3,133,24.609,
mongo-majority,10,3,134,26.325,
mongo-majority,10,3,135,24.705,
mongo-majority,10,3,136,21.82,
mongo-majority,10,3,137,24.945,
mongo-majority,10,3,138,25.619,
mongo-majority,10,3,139,25.433,
mongo-majority,10,3,140,28.704,
mongo-majority,10,3,141,24.584,
mongo-majority,10,3,142,25.56,
mongo-majority,10,3,143,24.959,
mongo-majority,10,3,144,23.111,
mongo-majority,10,3,145,22.438,
mongo-majority,10,3,146,22.931,
mongo-majority,10,3,147,21.07,
mongo-majority,10,3,148,21.156,
mongo-majority,10,3,149,21.333,
mongo-majority,10,3,150,11.631,
mongo-majority,10,3,151,21.895,
mongo-majority,10,3,152,21.296,
mongo-majority,10,3,153,22.865,
mongo-majority,10,3,154,21.638,
mongo-majority,10,3,155,21.549,
mongo-majority,10,3,156,21.744,
mongo-majority,10,3,157,23.044,
mongo-majority,10,3,158,24.82,
mongo-majority,10,3,159,23.188,
mongo-majority,10,3,160,23.918,
mongo-majority,10,3,161,22.952,
mongo-majority,10,3,162,23.026,
mongo-majority,10,3,163,23.567,
mongo-majority,10,3,164,23.832,
mongo-majority,10,3,165,23.881,
mongo-majority,10,3,166,26.575,
mongo-majority,10,3,167,24.6,
mongo-majority,10,3,168,23.577,
mongo-majority,10,3,169,24.725,
mongo-majority,10,3,170,24.777,
mongo-majority,10,3,171,24.66,
mongo-majority,10,3,172,25.244,
mongo-majority,10,3,173,26.599,
mongo-majority,10,3,174,25.796,
mongo-majority,10,3,175,26.008,
mongo-majority,10,3,176,25.274,
mongo-majority,10,3,177,25.501,
mongo-majority,10,3,178,25.007,
mongo-majority,10,3,179,24.843,
mongo-majority,10,3,180,26.693,
mongo-majority,10,3,181,23.211,
mongo-majority,10,3,182,22.385,
mongo-majority,10,3,183,21.904,
mongo-majority,10,3,184,21.71,
mongo-majority,10,3,185,23.789,
mongo-majority,10,3,186,21.839,
mongo-majority,10,3,187,23.07,
mongo-majority,10,3,188,23.804,
mongo-majority,10,3,189,22.966,
mongo-majority,10,3,190,24.344,
mongo-majority,10,3,191,22.061,
mongo-majority,10,3,192,22.192,
mongo-majority,10,3,193,21.987,
mongo-majority,10,3,194,21.958,
mongo-majority,10,3,195,22.692,
mongo-majority,10,3,196,23.362,
mongo-majority,10,3,197,23.145,
mongo-majority,10,3,198,24.044,
mongo-majority,10,3,199,24.167,
mongo-majority,10,3,200,25.114,
mongo-majority,10,3,201,24.468,
mongo-majority,10,3,202,25.041,
mongo-majority,10,3,203,24.858,
mongo-majority,10,3,204,24.664,
mongo-majority,10,3,205,24.112,
mongo-majority,10,3,206,24.214,
mongo-majority,10,3,207,26.371,
mongo-majority,10,3,208,24.11,
mongo-majority,10,3,209,24.165,
mongo-majority,10,3,210,23.628,
mongo-majority,10,3,211,23.923,
mongo-majority,10,3,212,24.323,
mongo-majority,10,3,213,24.474,
mongo-majority,10,3,214,24.476,
mongo-majority,10,3,215,23.758,
mongo-majority,10,3,216,25.595,
mongo-majority,10,3,217,22.532,
mongo-majority,10,3,218,22.954,
mongo-majority,10,3,219,21.544,
mongo-majority,10,3,220,22.419,
mongo-majority,10,3,221,20.75,
mongo-majority,10,3,222,21.077,
mongo-majority,10,3,223,21.763,
mongo-majority,10,3,224,21.083,
mongo-majority,10,3,225,23.039,
mongo-majority,10,3,226,21.88,
mongo-majority,10,3,227,21.866,
mongo-majority,10,3,228,21.403,
mongo-majority,10,3,229,21.935,
mongo-majority,10,3,230,22.333,
mongo-majority,10,3,231,23.734,
mongo-majority,10,3,232,22.527,
mongo-majority,10,3,233,22.799,
mongo-majority,10,3,234,22.164,
mongo-majority,10,3,235,22.865,
mongo-majority,10,3,236,21.608,
mongo-majority,10,3,237,21.104,
mongo-majority,10,3,238,21.658,
mongo-majority,10,3,239,21.171,
mongo-majority,10,3,240,21.237,
mongo-majority,10,3,241,21.281,
mongo-majority,10,3,242,21.34,
mongo-majority,10,3,243,21.979,
mongo-majority,10,3,244,21.737,
mongo-majority,10,3,245,23.072,
mongo-majority,10,3,246,23.376,
mongo-majority,10,3,247,21.906,
mongo-majority,10,3,248,21.785,
mongo-majority,10,3,249,23.487,
mongo-majority,10,3,250,22.868,
mongo-majority,10,3,251,24.067,
mongo-majority,10,3,252,23.983,
mongo-majority,10,3,253,26.758,
mongo-majority,10,3,254,25.52,
mongo-majority,10,3,255,24.325,
mongo-majority,10,3,256,24.777,
mongo-majority,10,3,257,23.578,
mongo-majority,10,3,258,24.404,
mongo-majority,10,3,259,25.269,
mongo-majority,10,3,260,25.915,
mongo-majority,10,3,261,23.638,
mongo-majority,10,3,262,23.148,
mongo-majority,10,3,263,23.142,
mongo-majority,10,3,264,24.872,
mongo-majority,10,3,265,22.783,
mongo-majority,10,3,266,24.381,
mongo-majority,10,3,267,24.961,
mongo-majority,10,3,268,22.148,
mongo-majority,10,3,269,22.505,
mongo-majority,10,3,270,23.883,
mongo-majority,10,3,271,22.886,
mongo-majority,10,3,272,22.959,
mongo-majority,10,3,273,23.983,
mongo-majority,10,3,274,29.075,
mongo-majority,10,3,275,23.879,
mongo-majority,10,3,276,21.975,
mongo-majority,10,3,277,21.311,
mongo-majority,10,3,278,21.422,
mongo-majority,10,3,279,21.399,
mongo-majority,10,3,280,21.831,
mongo-majority,10,3,281,22.054,
mongo-majority,10,3,282,21.975,
mongo-majority,10,3,283,22.204,
mongo-majority,10,3,284,22.763,
mongo-majority,10,3,285,22.164,
mongo-majority,10,3,286,22.871,
mongo-majority,10,3,287,22.217,
mongo-majority,10,3,288,22.292,
mongo-majority,10,3,289,25.551,
mongo-majority,10,3,290,23.379,
mongo-majority,10,3,291,23.013,
mongo-majority,10,3,292,22.694,
mongo-majority,10,3,293,22.822,
mongo-majority,10,3,294,25.389,
mongo-majority,10,3,295,22.213,
mongo-majority,10,3,296,24.824,
mongo-majority,10,3,297,26.239,
mongo-majority,10,3,298,24.472,
mongo-majority,10,3,299,24.116,
mongo-majority,10,3,300,23.824,
mongo-majority,10,3,301,24.942,
mongo-majority,10,3,302,24.995,
mongo-majority,10,3,303,24.801,
mongo-majority,10,3,304,24.187,
mongo-majority,10,3,305,24.822,
mongo-majority,10,3,306,25.016,
mongo-majority,10,3,307,25.995,
mongo-majority,10,3,308,23.907,
mongo-majority,10,3,309,24.552,
mongo-majority,10,3,310,25.432,
mongo-majority,10,3,311,24.828,
mongo-majority,10,3,312,25.05,
mongo-majority,10,3,313,24.397,
mongo-majority,10,3,314,24.502,
mongo-majority,10,3,315,23.998,
mongo-majority,10,3,316,25.198,
mongo-majority,10,3,317,25.823,
mongo-majority,10,3,318,24.138,
mongo-majority,10,3,319,24.926,
mongo-majority,10,3,320,25.988,
mongo-majority,10,3,321,24.665,
mongo-majority,10,3,322,25.9,
mongo-majority,10,3,323,24.315,
mongo-majority,10,3,324,24.5,
mongo-majority,10,3,325,24.351,
mongo-majority,10,3,326,27.025,
mongo-majority,10,3,327,25.654,
mongo-majority,10,3,328,24.651,
mongo-majority,10,3,329,24.711,
mongo-majority,10,3,330,24.636,
mongo-majority,10,3,331,23.546,
mongo-majority,10,3,332,23.777,
mongo-majority,10,3,333,23.887,
mongo-majority,10,3,334,23.743,
mongo-majority,10,3,335,24.4,
mongo-majority,10,3,336,23.77,
mongo-majority,10,3,337,23.896,
mongo-majority,10,3,338,24.137,
mongo-majority,10,3,339,24.023,
mongo-majority,10,3,340,23.642,
mongo-majority,10,3,341,23.683,
mongo-majority,10,3,342,24.717,
mongo-majority,10,3,343,25.889,
mongo-majority,10,3,344,24.018,
mongo-majority,10,3,345,23.978,
mongo-majority,10,3,346,23.4,
mongo-majority,10,3,347,25.316,
mongo-majority,10,3,348,24.762,
mongo-majority,10,3,349,23.864,
mongo-majority,10,3,350,24.099,
mongo-majority,10,3,351,25.417,
mongo-majority,10,3,352,24.284,
mongo-majority,10,3,353,24.13,
mongo-majority,10,3,354,24.099,
mongo-majority,10,3,355,24.974,
mongo-majority,10,3,356,25.437,
mongo-majority,10,3,357,24.338,
mongo-majority,10,3,358,24.354,
mongo-majority,10,3,359,25.043,
mongo-majority,10,3,360,24.607,
mongo-majority,10,3,361,23.334,
mongo-majority,10,3,362,24.544,
mongo-majority,10,3,363,24.325,
mongo-majority,10,3,364,23.949,
mongo-majority,10,3,365,23.567,
mongo-majority,10,3,366,24.395,
mongo-majority,10,3,367,28.674,
mongo-majority,10,3,368,23.981,
mongo-majority,10,3,369,23.452,
mongo-majority,10,3,370,23.643,
mongo-majority,10,3,371,23.978,
mongo-majority,10,3,372,23.89,
mongo-majority,10,3,373,24.248,
mongo-majority,10,3,374,25.341,
mongo-majority,10,3,375,25.123,
mongo-majority,10,3,376,24.709,
mongo-majority,10,3,377,19.085,
mongo-majority,10,3,378,16.265,
mongo-majority,10,3,379,24.938,
mongo-majority,10,3,380,24.73,
mongo-majority,10,3,381,24.088,
mongo-majority,10,3,382,24.624,
mongo-majority,10,3,383,24.794,
mongo-majority,10,3,384,24.905,
mongo-majority,10,3,385,23.955,
mongo-majority,10,3,386,25.224,
mongo-majority,10,3,387,25.607,
mongo-majority,10,3,388,24.958,
mongo-majority,10,3,389,25.014,
mongo-majority,10,3,390,22.588,
mongo-majority,10,3,391,24.623,
mongo-majority,10,3,392,25.496,
mongo-majority,10,3,393,24.457,
mongo-majority,10,3,394,25.38,
mongo-majority,10,3,395,27.973,
mongo-majority,10,3,396,24.188,
mongo-majority,10,3,397,24.628,
mongo-majority,10,3,398,26.077,
mongo-majority,10,3,399,27.525,
mongo-majority,10,3,400,25.193,
mongo-majority,10,3,401,25.254,
mongo-majority,10,3,402,26.188,
mongo-majority,10,3,403,25.612,
mongo-majority,10,3,404,25.939,
mongo-majority,10,3,405,25.976,
mongo-majority,10,3,406,25.105,
mongo-majority,10,3,407,26.713,
mongo-majority,10,3,408,26.05,
mongo-majority,10,3,409,24.239,
mongo-majority,10,3,410,24.572,
mongo-majority,10,3,411,25.81,
mongo-majority,10,3,412,25.933,
mongo-majority,10,3,413,25.745,
mongo-majority,10,3,414,24.852,
mongo-majority,10,3,415,25.706,
mongo-majority,10,3,416,25.234,
mongo-majority,10,3,417,24.744,
mongo-majority,10,3,418,25.069,
mongo-majority,10,3,419,26.164,
mongo-majority,10,3,420,26.752,
mongo-majority,10,3,421,22.605,
mongo-majority,10,3,422,21.353,
mongo-majority,10,3,423,21.282,
mongo-majority,10,3,424,23.225,
mongo-majority,10,3,425,23.503,
mongo-majority,10,3,426,21.046,
mongo-majority,10,3,427,21.31,
mongo-majority,10,3,428,21.405,
mongo-majority,10,3,429,21.189,
mongo-majority,10,3,430,21.374,
mongo-majority,10,3,431,22.021,
mongo-majority,10,3,432,23.181,
mongo-majority,10,3,433,21.622,
mongo-majority,10,3,434,23.974,
mongo-majority,10,3,435,24.691,
mongo-majority,10,3,436,25.607,
mongo-majority,10,3,437,23.007,
mongo-majority,10,3,438,24.203,
mongo-majority,10,3,439,23.799,
mongo-majority,10,3,440,23.437,
mongo-majority,10,3,441,23.731,
mongo-majority,10,3,442,23.224,
mongo-majority,10,3,443,23.787,
mongo-majority,10,3,444,26.345,
mongo-majority,10,3,445,23.464,
mongo-majority,10,3,446,23.807,
mongo-majority,10,3,447,24.479,
mongo-majority,10,3,448,24.572,
mongo-majority,10,3,449,23.976,
mongo-majority,10,3,450,24.127,
mongo-majority,10,3,451,23.439,
mongo-majority,10,3,452,24.447,
mongo-majority,10,3,453,24.097,
mongo-majority,10,3,454,24.663,
mongo-majority,10,3,455,25.28,
mongo-majority,10,3,456,21.474,
mongo-majority,10,3,457,25.076,
mongo-majority,10,3,458,23.871,
mongo-majority,10,3,459,25.417,
mongo-majority,10,3,460,17.919,
mongo-majority,10,3,461,17.706,
mongo-majority,10,3,462,25.275,
mongo-majority,10,3,463,25.068,
mongo-majority,10,3,464,24.939,
mongo-majority,10,3,465,24.46,
mongo-majority,10,3,466,24.061,
mongo-majority,10,3,467,26.192,
redis-async,10,1,1,0.948,
redis-async,10,1,2,0.549,
redis-async,10,1,3,0.2,
redis-async,10,1,4,0.217,
redis-async,10,1,5,0.109,
redis-async,10,1,6,0.121,
redis-async,10,1,7,0.187,
redis-async,10,1,8,0.156,
redis-async,10,1,9,0.151,
redis-async,10,1,10,0.136,
redis-async,10,1,11,0.126,
redis-async,10,1,12,0.13,
redis-async,10,1,13,0.146,
redis-async,10,1,14,0.133,
redis-async,10,1,15,0.151,
redis-async,10,1,16,0.111,
redis-async,10,1,17,0.135,
redis-async,10,1,18,0.237,
redis-async,10,1,19,0.143,
redis-async,10,1,20,0.108,
redis-async,10,1,21,0.094,
redis-async,10,1,22,0.102,
redis-async,10,1,23,0.095,
redis-async,10,1,24,0.15,
redis-async,10,1,25,0.087,
redis-async,10,1,26,0.086,
redis-async,10,1,27,0.094,
redis-async,10,1,28,0.086,
redis-async,10,1,29,0.107,
redis-async,10,1,30,0.083,
redis-async,10,1,31,0.083,
redis-async,10,1,32,0.084,
redis-async,10,1,33,0.104,
redis-async,10,1,34,0.098,
redis-async,10,1,35,0.087,
redis-async,10,1,36,0.082,
redis-async,10,1,37,0.085,
redis-async,10,1,38,0.088,
redis-async,10,1,39,0.085,
redis-async,10,1,40,0.084,
redis-async,10,1,41,0.086,
redis-async,10,1,42,0.086,
redis-async,10,1,43,0.084,
redis-async,10,1,44,0.085,
redis-async,10,1,45,0.083,
redis-async,10,1,46,0.084,
redis-async,10,1,47,0.091,
redis-async,10,1,48,0.083,
redis-async,10,1,49,0.083,
redis-async,10,1,50,0.082,
redis-async,10,1,51,0.082,
redis-async,10,1,52,0.08,
redis-async,10,1,53,0.081,
redis-async,10,1,54,0.082,
redis-async,10,1,55,0.08,
redis-async,10,1,56,0.084,
redis-async,10,1,57,0.084,
redis-async,10,1,58,0.116,
redis-async,10,1,59,0.101,
redis-async,10,1,60,0.084,
redis-async,10,1,61,0.082,
redis-async,10,1,62,0.35,
redis-async,10,1,63,0.098,
redis-async,10,1,64,0.091,
redis-async,10,1,65,0.083,
redis-async,10,1,66,0.082,
redis-async,10,1,67,0.088,
redis-async,10,1,68,0.084,
redis-async,10,1,69,0.083,
redis-async,10,1,70,0.088,
redis-async,10,1,71,0.087,
redis-async,10,1,72,0.15,
redis-async,10,1,73,0.084,
redis-async,10,1,74,0.085,
redis-async,10,1,75,0.092,
redis-async,10,1,76,0.109,
redis-async,10,1,77,0.071,
redis-async,10,1,78,0.111,
redis-async,10,1,79,0.112,
redis-async,10,1,80,0.157,
redis-async,10,1,81,0.103,
redis-async,10,1,82,0.092,
redis-async,10,1,83,0.108,
redis-async,10,1,84,0.099,
redis-async,10,1,85,0.1,
redis-async,10,1,86,0.101,
redis-async,10,1,87,0.112,
redis-async,10,1,88,0.095,
redis-async,10,1,89,0.13,
redis-async,10,1,90,0.082,
redis-async,10,1,91,0.083,
redis-async,10,1,92,0.084,
redis-async,10,1,93,0.074,
redis-async,10,1,94,0.076,
redis-async,10,1,95,0.081,
redis-async,10,1,96,0.085,
redis-async,10,1,97,0.087,
redis-async,10,1,98,0.092,
redis-async,10,1,99,0.08,
redis-async,10,1,100,0.077,
redis-async,10,1,101,0.091,
redis-async,10,1,102,0.095,
redis-async,10,1,103,0.106,
redis-async,10,1,104,0.084,
redis-async,10,1,105,0.092,
redis-async,10,1,106,0.084,
redis-async,10,1,107,0.082,
redis-async,10,1,108,0.084,
redis-async,10,1,109,0.075,
redis-async,10,1,110,0.08,
redis-async,10,1,111,0.085,
redis-async,10,1,112,0.076,
redis-async,10,1,113,0.076,
redis-async,10,1,114,0.075,
redis-async,10,1,115,0.074,
redis-async,10,1,116,0.074,
redis-async,10,1,117,0.075,
redis-async,10,1,118,0.151,
redis-async,10,1,119,0.076,
redis-async,10,1,120,0.073,
redis-async,10,1,121,0.074,
redis-async,10,1,122,0.071,
redis-async,10,1,123,0.075,
redis-async,10,1,124,0.079,
redis-async,10,1,125,0.079,
redis-async,10,1,126,0.075,
redis-async,10,1,127,0.073,
redis-async,10,1,128,0.074,
redis-async,10,1,129,0.078,
redis-async,10,1,130,0.077,
redis-async,10,1,131,0.08,
redis-async,10,1,132,0.075,
redis-async,10,1,133,0.077,
redis-async,10,1,134,0.094,
redis-async,10,1,135,0.076,
redis-async,10,1,136,0.082,
redis-async,10,1,137,0.068,
redis-async,10,1,138,0.078,
redis-async,10,1,139,0.076,
redis-async,10,1,140,0.072,
redis-async,10,1,141,0.074,
redis-async,10,1,142,0.075,
redis-async,10,1,143,0.074,
redis-async,10,1,144,0.077,
redis-async,10,1,145,0.063,
redis-async,10,1,146,0.223,
redis-async,10,1,147,0.078,
redis-async,10,1,148,0.076,
redis-async,10,1,149,0.077,
redis-async,10,1,150,0.076,
redis-async,10,1,151,0.076,
redis-async,10,1,152,0.088,
redis-async,10,1,153,0.082,
redis-async,10,1,154,0.078,
redis-async,10,1,155,0.075,
redis-async,10,1,156,0.076,
redis-async,10,1,157,0.079,
redis-async,10,1,158,0.108,
redis-async,10,1,159,0.107,
redis-async,10,1,160,0.088,
redis-async,10,1,161,0.108,
redis-async,10,1,162,0.099,
redis-async,10,1,163,0.108,
redis-async,10,1,164,0.089,
redis-async,10,1,165,0.086,
redis-async,10,1,166,0.095,
redis-async,10,1,167,0.074,
redis-async,10,1,168,0.075,
redis-async,10,1,169,0.081,
redis-async,10,1,170,0.074,
redis-async,10,1,171,0.073,
redis-async,10,1,172,0.072,
redis-async,10,1,173,0.076,
redis-async,10,1,174,0.077,
redis-async,10,1,175,0.074,
redis-async,10,1,176,0.068,
redis-async,10,1,177,0.068,
redis-async,10,1,178,0.071,
redis-async,10,1,179,0.071,
redis-async,10,1,180,0.072,
redis-async,10,1,181,0.07,
redis-async,10,1,182,0.068,
redis-async,10,1,183,0.08,
redis-async,10,1,184,0.07,
redis-async,10,1,185,0.069,
redis-async,10,1,186,0.069,
redis-async,10,1,187,0.07,
redis-async,10,1,188,0.071,
redis-async,10,1,189,0.071,
redis-async,10,1,190,0.07,
redis-async,10,1,191,0.07,
redis-async,10,1,192,0.07,
redis-async,10,1,193,0.069,
redis-async,10,1,194,0.068,
redis-async,10,1,195,0.069,
redis-async,10,1,196,0.068,
redis-async,10,1,197,0.106,
redis-async,10,1,198,0.069,
redis-async,10,1,199,0.076,
redis-async,10,1,200,0.071,
redis-async,10,1,201,0.111,
redis-async,10,1,202,0.071,
redis-async,10,1,203,0.096,
redis-async,10,1,204,0.069,
redis-async,10,1,205,0.068,
redis-async,10,1,206,0.069,
redis-async,10,1,207,0.069,
redis-async,10,1,208,0.068,
redis-async,10,1,209,0.068,
redis-async,10,1,210,0.085,
redis-async,10,1,211,0.086,
redis-async,10,1,212,0.071,
redis-async,10,1,213,0.071,
redis-async,10,1,214,0.074,
redis-async,10,1,215,0.075,
redis-async,10,1,216,0.068,
redis-async,10,1,217,0.068,
redis-async,10,1,218,0.067,
redis-async,10,1,219,0.069,
redis-async,10,1,220,0.068,
redis-async,10,1,221,0.068,
redis-async,10,1,222,0.076,
redis-async,10,1,223,0.119,
redis-async,10,1,224,0.082,
redis-async,10,1,225,0.077,
redis-async,10,1,226,0.076,
redis-async,10,1,227,0.076,
redis-async,10,1,228,0.078,
redis-async,10,1,229,0.075,
redis-async,10,1,230,0.075,
redis-async,10,1,231,0.088,
redis-async,10,1,232,0.074,
redis-async,10,1,233,0.076,
redis-async,10,1,234,0.075,
redis-async,10,1,235,0.073,
redis-async,10,1,236,0.086,
redis-async,10,1,237,0.075,
redis-async,10,1,238,0.075,
redis-async,10,1,239,0.074,
redis-async,10,1,240,0.074,
redis-async,10,1,241,0.069,
redis-async,10,1,242,0.067,
redis-async,10,1,243,0.066,
redis-async,10,1,244,0.066,
redis-async,10,1,245,0.066,
redis-async,10,1,246,0.067,
redis-async,10,1,247,0.075,
redis-async,10,1,248,0.067,
redis-async,10,1,249,0.067,
redis-async,10,1,250,0.073,
redis-async,10,1,251,0.072,
redis-async,10,1,252,0.067,
redis-async,10,1,253,0.067,
redis-async,10,1,254,0.067,
redis-async,10,1,255,0.064,
redis-async,10,1,256,0.066,
redis-async,10,1,257,0.064,
redis-async,10,1,258,0.063,
redis-async,10,1,259,0.062,
redis-async,10,1,260,0.063,
redis-async,10,1,261,0.063,
redis-async,10,1,262,0.062,
redis-async,10,1,263,0.062,
redis-async,10,1,264,0.063,
redis-async,10,1,265,0.071,
redis-async,10,1,266,0.067,
redis-async,10,1,267,0.062,
redis-async,10,1,268,0.063,
redis-async,10,1,269,0.074,
redis-async,10,1,270,0.064,
redis-async,10,1,271,0.062,
redis-async,10,1,272,0.062,
redis-async,10,1,273,0.063,
redis-async,10,1,274,0.062,
redis-async,10,1,275,0.062,
redis-async,10,1,276,0.062,
redis-async,10,1,277,0.062,
redis-async,10,1,278,0.062,
redis-async,10,1,279,0.062,
redis-async,10,1,280,0.061,
redis-async,10,1,281,0.077,
redis-async,10,1,282,0.063,
redis-async,10,1,283,0.062,
redis-async,10,1,284,0.063,
redis-async,10,1,285,0.064,
redis-async,10,1,286,0.068,
redis-async,10,1,287,0.062,
redis-async,10,1,288,0.07,
redis-async,10,1,289,0.062,
redis-async,10,1,290,0.062,
redis-async,10,1,291,0.07,
redis-async,10,1,292,0.063,
redis-async,10,1,293,0.063,
redis-async,10,1,294,0.062,
redis-async,10,1,295,0.064,
redis-async,10,1,296,0.07,
redis-async,10,1,297,0.062,
redis-async,10,1,298,0.062,
redis-async,10,1,299,0.062,
redis-async,10,1,300,0.062,
redis-async,10,1,301,0.062,
redis-async,10,1,302,0.062,
redis-async,10,1,303,0.062,
redis-async,10,1,304,0.062,
redis-async,10,1,305,0.062,
redis-async,10,1,306,0.069,
redis-async,10,1,307,0.066,
redis-async,10,1,308,0.062,
redis-async,10,1,309,0.063,
redis-async,10,1,310,0.063,
redis-async,10,1,311,0.06,
redis-async,10,1,312,0.067,
redis-async,10,1,313,0.062,
redis-async,10,1,314,0.063,
redis-async,10,1,315,0.065,
redis-async,10,1,316,0.063,
redis-async,10,1,317,0.061,
redis-async,10,1,318,0.061,
redis-async,10,1,319,0.061,
redis-async,10,1,320,0.061,
redis-async,10,1,321,0.067,
redis-async,10,1,322,0.061,
redis-async,10,1,323,0.062,
redis-async,10,1,324,0.061,
redis-async,10,1,325,0.061,
redis-async,10,1,326,0.061,
redis-async,10,1,327,0.059,
redis-async,10,1,328,0.068,
redis-async,10,1,329,0.062,
redis-async,10,1,330,0.062,
redis-async,10,1,331,0.062,
redis-async,10,1,332,0.062,
redis-async,10,1,333,0.062,
redis-async,10,1,334,0.062,
redis-async,10,1,335,0.061,
redis-async,10,1,336,0.062,
redis-async,10,1,337,0.062,
redis-async,10,1,338,0.062,
redis-async,10,1,339,0.062,
redis-async,10,1,340,0.07,
redis-async,10,1,341,0.062,
redis-async,10,1,342,0.062,
redis-async,10,1,343,0.082,
redis-async,10,1,344,0.054,
redis-async,10,1,345,0.064,
redis-async,10,1,346,0.063,
redis-async,10,1,347,0.065,
redis-async,10,1,348,0.059,
redis-async,10,1,349,0.06,
redis-async,10,1,350,0.059,
redis-async,10,1,351,0.059,
redis-async,10,1,352,0.059,
redis-async,10,1,353,0.059,
redis-async,10,1,354,0.059,
redis-async,10,1,355,0.058,
redis-async,10,1,356,0.058,
redis-async,10,1,357,0.059,
redis-async,10,1,358,0.059,
redis-async,10,1,359,0.059,
redis-async,10,1,360,0.069,
redis-async,10,1,361,0.06,
redis-async,10,1,362,0.06,
redis-async,10,1,363,0.06,
redis-async,10,1,364,0.062,
redis-async,10,1,365,0.06,
redis-async,10,1,366,0.06,
redis-async,10,1,367,0.061,
redis-async,10,1,368,0.064,
redis-async,10,1,369,0.061,
redis-async,10,1,370,0.061,
redis-async,10,1,371,0.067,
redis-async,10,1,372,0.061,
redis-async,10,1,373,0.06,
redis-async,10,1,374,0.06,
redis-async,10,1,375,0.067,
redis-async,10,1,376,0.056,
redis-async,10,1,377,0.057,
redis-async,10,1,378,0.07,
redis-async,10,1,379,0.067,
redis-async,10,1,380,0.068,
redis-async,10,1,381,0.067,
redis-async,10,1,382,0.068,
redis-async,10,1,383,0.07,
redis-async,10,1,384,0.068,
redis-async,10,1,385,0.067,
redis-async,10,1,386,0.067,
redis-async,10,1,387,0.076,
redis-async,10,1,388,0.068,
redis-async,10,1,389,0.07,
redis-async,10,1,390,0.066,
redis-async,10,1,391,0.066,
redis-async,10,1,392,0.068,
redis-async,10,1,393,0.067,
redis-async,10,1,394,0.068,
redis-async,10,1,395,0.067,
redis-async,10,1,396,0.077,
redis-async,10,1,397,0.067,
redis-async,10,1,398,0.066,
redis-async,10,1,399,0.06,
redis-async,10,1,400,0.061,
redis-async,10,1,401,0.06,
redis-async,10,1,402,0.068,
redis-async,10,1,403,0.059,
redis-async,10,1,404,0.061,
redis-async,10,1,405,0.061,
redis-async,10,1,406,0.059,
redis-async,10,1,407,0.057,
redis-async,10,1,408,0.062,
redis-async,10,1,409,0.062,
redis-async,10,1,410,0.059,
redis-async,10,1,411,0.06,
redis-async,10,1,412,0.06,
redis-async,10,1,413,0.059,
redis-async,10,1,414,0.059,
redis-async,10,1,415,0.06,
redis-async,10,1,416,0.061,
redis-async,10,1,417,0.06,
redis-async,10,1,418,0.061,
redis-async,10,1,419,0.059,
redis-async,10,1,420,0.06,
redis-async,10,1,421,0.059,
redis-async,10,1,422,0.06,
redis-async,10,1,423,0.064,
redis-async,10,1,424,0.066,
redis-async,10,1,425,0.064,
redis-async,10,1,426,0.063,
redis-async,10,1,427,0.062,
redis-async,10,1,428,0.063,
redis-async,10,1,429,0.069,
redis-async,10,1,430,0.066,
redis-async,10,1,431,0.062,
redis-async,10,1,432,0.062,
redis-async,10,1,433,0.063,
redis-async,10,1,434,0.062,
redis-async,10,1,435,0.063,
redis-async,10,1,436,0.063,
redis-async,10,1,437,0.063,
redis-async,10,1,438,0.052,
redis-async,10,1,439,0.061,
redis-async,10,1,440,0.063,
redis-async,10,1,441,0.067,
redis-async,10,1,442,0.063,
redis-async,10,1,443,0.063,
redis-async,10,1,444,0.06,
redis-async,10,1,445,0.059,
redis-async,10,1,446,0.059,
redis-async,10,1,447,0.059,
redis-async,10,1,448,0.061,
redis-async,10,1,449,0.059,
redis-async,10,1,450,0.065,
redis-async,10,1,451,0.059,
redis-async,10,1,452,0.059,
redis-async,10,1,453,0.067,
redis-async,10,1,454,0.059,
redis-async,10,1,455,0.071,
redis-async,10,1,456,0.058,
redis-async,10,1,457,0.06,
redis-async,10,1,458,0.059,
redis-async,10,1,459,0.059,
redis-async,10,1,460,0.059,
redis-async,10,1,461,0.059,
redis-async,10,1,462,0.064,
redis-async,10,1,463,0.059,
redis-async,10,1,464,0.059,
redis-async,10,1,465,0.066,
redis-async,10,1,466,0.059,
redis-async,10,1,467,0.059,
redis-async,10,2,1,0.064,
redis-async,10,2,2,0.06,
redis-async,10,2,3,0.059,
redis-async,10,2,4,0.059,
redis-async,10,2,5,0.06,
redis-async,10,2,6,0.058,
redis-async,10,2,7,0.058,
redis-async,10,2,8,0.057,
redis-async,10,2,9,0.057,
redis-async,10,2,10,0.058,
redis-async,10,2,11,0.058,
redis-async,10,2,12,0.057,
redis-async,10,2,13,0.058,
redis-async,10,2,14,0.058,
redis-async,10,2,15,0.055,
redis-async,10,2,16,0.059,
redis-async,10,2,17,0.057,
redis-async,10,2,18,0.058,
redis-async,10,2,19,0.058,
redis-async,10,2,20,0.058,
redis-async,10,2,21,0.058,
redis-async,10,2,22,0.057,
redis-async,10,2,23,0.057,
redis-async,10,2,24,0.058,
redis-async,10,2,25,0.057,
redis-async,10,2,26,0.057,
redis-async,10,2,27,0.059,
redis-async,10,2,28,0.057,
redis-async,10,2,29,0.057,
redis-async,10,2,30,0.057,
redis-async,10,2,31,0.055,
redis-async,10,2,32,0.073,
redis-async,10,2,33,0.057,
redis-async,10,2,34,0.058,
redis-async,10,2,35,0.057,
redis-async,10,2,36,0.057,
redis-async,10,2,37,0.058,
redis-async,10,2,38,0.069,
redis-async,10,2,39,0.059,
redis-async,10,2,40,0.059,
redis-async,10,2,41,0.059,
redis-async,10,2,42,0.058,
redis-async,10,2,43,0.059,
redis-async,10,2,44,0.059,
redis-async,10,2,45,0.058,
redis-async,10,2,46,0.057,
redis-async,10,2,47,0.057,
redis-async,10,2,48,0.048,
redis-async,10,2,49,0.062,
redis-async,10,2,50,0.058,
redis-async,10,2,51,0.051,
redis-async,10,2,52,0.065,
redis-async,10,2,53,0.062,
redis-async,10,2,54,0.06,
redis-async,10,2,55,0.06,
redis-async,10,2,56,0.059,
redis-async,10,2,57,0.059,
redis-async,10,2,58,0.059,
redis-async,10,2,59,0.059,
redis-async,10,2,60,0.06,
redis-async,10,2,61,0.059,
redis-async,10,2,62,0.06,
redis-async,10,2,63,0.059,
redis-async,10,2,64,0.059,
redis-async,10,2,65,0.063,
redis-async,10,2,66,0.053,
redis-async,10,2,67,0.054,
redis-async,10,2,68,0.055,
redis-async,10,2,69,0.055,
redis-async,10,2,70,0.055,
redis-async,10,2,71,0.055,
redis-async,10,2,72,0.062,
redis-async,10,2,73,0.061,
redis-async,10,2,74,0.061,
redis-async,10,2,75,0.061,
redis-async,10,2,76,0.054,
redis-async,10,2,77,0.055,
redis-async,10,2,78,0.054,
redis-async,10,2,79,0.054,
redis-async,10,2,80,0.054,
redis-async,10,2,81,0.054,
redis-async,10,2,82,0.055,
redis-async,10,2,83,0.05,
redis-async,10,2,84,0.053,
redis-async,10,2,85,0.058,
redis-async,10,2,86,0.058,
redis-async,10,2,87,0.057,
redis-async,10,2,88,0.055,
redis-async,10,2,89,0.055,
redis-async,10,2,90,0.055,
redis-async,10,2,91,0.054,
redis-async,10,2,92,0.055,
redis-async,10,2,93,0.055,
redis-async,10,2,94,0.062,
redis-async,10,2,95,0.054,
redis-async,10,2,96,0.061,
redis-async,10,2,97,0.059,
redis-async,10,2,98,0.055,
redis-async,10,2,99,0.055,
redis-async,10,2,100,0.055,
redis-async,10,2,101,0.059,
redis-async,10,2,102,0.055,
redis-async,10,2,103,0.056,
redis-async,10,2,104,0.054,
redis-async,10,2,105,0.054,
redis-async,10,2,106,0.057,
redis-async,10,2,107,0.054,
redis-async,10,2,108,0.054,
redis-async,10,2,109,0.054,
redis-async,10,2,110,0.054,
redis-async,10,2,111,0.054,
redis-async,10,2,112,0.054,
redis-async,10,2,113,0.055,
redis-async,10,2,114,0.056,
redis-async,10,2,115,0.056,
redis-async,10,2,116,0.054,
redis-async,10,2,117,0.054,
redis-async,10,2,118,0.06,
redis-async,10,2,119,0.054,
redis-async,10,2,120,0.053,
redis-async,10,2,121,0.054,
redis-async,10,2,122,0.053,
redis-async,10,2,123,0.047,
redis-async,10,2,124,0.048,
redis-async,10,2,125,0.053,
redis-async,10,2,126,0.053,
redis-async,10,2,127,0.053,
redis-async,10,2,128,0.053,
redis-async,10,2,129,0.053,
redis-async,10,2,130,0.053,
redis-async,10,2,131,0.053,
redis-async,10,2,132,0.053,
redis-async,10,2,133,0.059,
redis-async,10,2,134,0.066,
redis-async,10,2,135,0.053,
redis-async,10,2,136,0.057,
redis-async,10,2,137,0.045,
redis-async,10,2,138,0.058,
redis-async,10,2,139,0.053,
redis-async,10,2,140,0.053,
redis-async,10,2,141,0.053,
redis-async,10,2,142,0.053,
redis-async,10,2,143,0.053,
redis-async,10,2,144,0.053,
redis-async,10,2,145,0.053,
redis-async,10,2,146,0.054,
redis-async,10,2,147,0.053,
redis-async,10,2,148,0.052,
redis-async,10,2,149,0.053,
redis-async,10,2,150,0.053,
redis-async,10,2,151,0.053,
redis-async,10,2,152,0.055,
redis-async,10,2,153,0.056,
redis-async,10,2,154,0.056,
redis-async,10,2,155,0.053,
redis-async,10,2,156,0.049,
redis-async,10,2,157,0.05,
redis-async,10,2,158,0.053,
redis-async,10,2,159,0.053,
redis-async,10,2,160,0.053,
redis-async,10,2,161,0.053,
redis-async,10,2,162,0.053,
redis-async,10,2,163,0.052,
redis-async,10,2,164,0.053,
redis-async,10,2,165,0.053,
redis-async,10,2,166,0.061,
redis-async,10,2,167,0.053,
redis-async,10,2,168,0.053,
redis-async,10,2,169,0.053,
redis-async,10,2,170,0.053,
redis-async,10,2,171,0.053,
redis-async,10,2,172,0.053,
redis-async,10,2,173,0.054,
redis-async,10,2,174,0.054,
redis-async,10,2,175,0.045,
redis-async,10,2,176,0.053,
redis-async,10,2,177,0.052,
redis-async,10,2,178,0.052,
redis-async,10,2,179,0.052,
redis-async,10,2,180,0.052,
redis-async,10,2,181,0.052,
redis-async,10,2,182,0.052,
redis-async,10,2,183,0.052,
redis-async,10,2,184,0.062,
redis-async,10,2,185,0.053,
redis-async,10,2,186,0.052,
redis-async,10,2,187,0.051,
redis-async,10,2,188,0.053,
redis-async,10,2,189,0.053,
redis-async,10,2,190,0.053,
redis-async,10,2,191,0.051,
redis-async,10,2,192,0.051,
redis-async,10,2,193,0.051,
redis-async,10,2,194,0.049,
redis-async,10,2,195,0.049,
redis-async,10,2,196,0.051,
redis-async,10,2,197,0.051,
redis-async,10,2,198,0.051,
redis-async,10,2,199,0.052,
redis-async,10,2,200,0.051,
redis-async,10,2,201,0.051,
redis-async,10,2,202,0.051,
redis-async,10,2,203,0.059,
redis-async,10,2,204,0.055,
redis-async,10,2,205,0.051,
redis-async,10,2,206,0.051,
redis-async,10,2,207,0.051,
redis-async,10,2,208,0.051,
redis-async,10,2,209,0.053,
redis-async,10,2,210,0.052,
redis-async,10,2,211,0.051,
redis-async,10,2,212,0.051,
redis-async,10,2,213,0.043,
redis-async,10,2,214,0.049,
redis-async,10,2,215,0.051,
redis-async,10,2,216,0.051,
redis-async,10,2,217,0.052,
redis-async,10,2,218,0.051,
redis-async,10,2,219,0.054,
redis-async,10,2,220,0.058,
redis-async,10,2,221,0.055,
redis-async,10,2,222,0.054,
redis-async,10,2,223,0.061,
redis-async,10,2,224,0.054,
redis-async,10,2,225,0.053,
redis-async,10,2,226,0.054,
redis-async,10,2,227,0.055,
redis-async,10,2,228,0.052,
redis-async,10,2,229,0.052,
redis-async,10,2,230,0.051,
redis-async,10,2,231,0.052,
redis-async,10,2,232,0.053,
redis-async,10,2,233,0.058,
redis-async,10,2,234,0.052,
redis-async,10,2,235,0.051,
redis-async,10,2,236,0.051,
redis-async,10,2,237,0.056,
redis-async,10,2,238,0.067,
redis-async,10,2,239,0.058,
redis-async,10,2,240,0.056,
redis-async,10,2,241,0.054,
redis-async,10,2,242,0.057,
redis-async,10,2,243,0.055,
redis-async,10,2,244,0.047,
redis-async,10,2,245,0.062,
redis-async,10,2,246,0.06,
redis-async,10,2,247,0.061,
redis-async,10,2,248,0.06,
redis-async,10,2,249,0.061,
redis-async,10,2,250,0.062,
redis-async,10,2,251,0.063,
redis-async,10,2,252,0.065,
redis-async,10,2,253,0.06,
redis-async,10,2,254,0.06,
redis-async,10,2,255,0.06,
redis-async,10,2,256,0.06,
redis-async,10,2,257,0.061,
redis-async,10,2,258,0.06,
redis-async,10,2,259,0.06,
redis-async,10,2,260,0.06,
redis-async,10,2,261,0.056,
redis-async,10,2,262,0.058,
redis-async,10,2,263,0.055,
redis-async,10,2,264,0.051,
redis-async,10,2,265,0.051,
redis-async,10,2,266,0.051,
redis-async,10,2,267,0.055,
redis-async,10,2,268,0.064,
redis-async,10,2,269,0.054,
redis-async,10,2,270,0.054,
redis-async,10,2,271,0.058,
redis-async,10,2,272,0.052,
redis-async,10,2,273,0.051,
redis-async,10,2,274,0.051,
redis-async,10,2,275,0.058,
redis-async,10,2,276,0.051,
redis-async,10,2,277,0.051,
redis-async,10,2,278,0.044,
redis-async,10,2,279,0.065,
redis-async,10,2,280,0.051,
redis-async,10,2,281,0.053,
redis-async,10,2,282,0.052,
redis-async,10,2,283,0.052,
redis-async,10,2,284,0.052,
redis-async,10,2,285,0.045,
redis-async,10,2,286,0.066,
redis-async,10,2,287,0.052,
redis-async,10,2,288,0.056,
redis-async,10,2,289,0.063,
redis-async,10,2,290,0.054,
redis-async,10,2,291,0.055,
redis-async,10,2,292,0.055,
redis-async,10,2,293,0.055,
redis-async,10,2,294,0.055,
redis-async,10,2,295,0.055,
redis-async,10,2,296,0.054,
redis-async,10,2,297,0.055,
redis-async,10,2,298,0.058,
redis-async,10,2,299,0.067,
redis-async,10,2,300,0.063,
redis-async,10,2,301,0.053,
redis-async,10,2,302,0.054,
redis-async,10,2,303,0.055,
redis-async,10,2,304,0.052,
redis-async,10,2,305,0.053,
redis-async,10,2,306,0.055,
redis-async,10,2,307,0.064,
redis-async,10,2,308,0.053,
redis-async,10,2,309,0.053,
redis-async,10,2,310,0.053,
redis-async,10,2,311,0.053,
redis-async,10,2,312,0.053,
redis-async,10,2,313,0.053,
redis-async,10,2,314,0.053,
redis-async,10,2,315,0.053,
redis-async,10,2,316,0.053,
redis-async,10,2,317,0.06,
redis-async,10,2,318,0.053,
redis-async,10,2,319,0.06,
redis-async,10,2,320,0.053,
redis-async,10,2,321,0.046,
redis-async,10,2,322,0.068,
redis-async,10,2,323,0.053,
redis-async,10,2,324,0.051,
redis-async,10,2,325,0.051,
redis-async,10,2,326,0.05,
redis-async,10,2,327,0.051,
redis-async,10,2,328,0.051,
redis-async,10,2,329,0.053,
redis-async,10,2,330,0.053,
redis-async,10,2,331,0.061,
redis-async,10,2,332,0.052,
redis-async,10,2,333,0.052,
redis-async,10,2,334,0.054,
redis-async,10,2,335,0.053,
redis-async,10,2,336,0.055,
redis-async,10,2,337,0.052,
redis-async,10,2,338,0.052,
redis-async,10,2,339,0.054,
redis-async,10,2,340,0.055,
redis-async,10,2,341,0.05,
redis-async,10,2,342,0.051,
redis-async,10,2,343,0.051,
redis-async,10,2,344,0.058,
redis-async,10,2,345,0.06,
redis-async,10,2,346,0.053,
redis-async,10,2,347,0.053,
redis-async,10,2,348,0.053,
redis-async,10,2,349,0.051,
redis-async,10,2,350,0.051,
redis-async,10,2,351,0.051,
redis-async,10,2,352,0.051,
redis-async,10,2,353,0.051,
redis-async,10,2,354,0.051,
redis-async,10,2,355,0.051,
redis-async,10,2,356,0.05,
redis-async,10,2,357,0.051,
redis-async,10,2,358,0.051,
redis-async,10,2,359,0.047,
redis-async,10,2,360,0.049,
redis-async,10,2,361,0.053,
redis-async,10,2,362,0.061,
redis-async,10,2,363,0.058,
redis-async,10,2,364,0.054,
redis-async,10,2,365,0.052,
redis-async,10,2,366,0.053,
redis-async,10,2,367,0.055,
redis-async,10,2,368,0.06,
redis-async,10,2,369,0.059,
redis-async,10,2,370,0.061,
redis-async,10,2,371,0.059,
redis-async,10,2,372,0.06,
redis-async,10,2,373,0.059,
redis-async,10,2,374,0.06,
redis-async,10,2,375,0.059,
redis-async,10,2,376,0.058,
redis-async,10,2,377,0.07,
redis-async,10,2,378,0.061,
redis-async,10,2,379,0.059,
redis-async,10,2,380,0.06,
redis-async,10,2,381,0.059,
redis-async,10,2,382,0.06,
redis-async,10,2,383,0.06,
redis-async,10,2,384,0.06,
redis-async,10,2,385,0.06,
redis-async,10,2,386,0.06,
redis-async,10,2,387,0.06,
redis-async,10,2,388,0.06,
redis-async,10,2,389,0.059,
redis-async,10,2,390,0.066,
redis-async,10,2,391,0.063,
redis-async,10,2,392,0.059,
redis-async,10,2,393,0.049,
redis-async,10,2,394,0.057,
redis-async,10,2,395,0.06,
redis-async,10,2,396,0.06,
redis-async,10,2,397,0.06,
redis-async,10,2,398,0.059,
redis-async,10,2,399,0.06,
redis-async,10,2,400,0.062,
redis-async,10,2,401,0.06,
redis-async,10,2,402,0.061,
redis-async,10,2,403,0.059,
redis-async,10,2,404,0.06,
redis-async,10,2,405,0.059,
redis-async,10,2,406,0.066,
redis-async,10,2,407,0.059,
redis-async,10,2,408,0.06,
redis-async,10,2,409,0.058,
redis-async,10,2,410,0.061,
redis-async,10,2,411,0.062,
redis-async,10,2,412,0.069,
redis-async,10,2,413,0.062,
redis-async,10,2,414,0.063,
redis-async,10,2,415,0.065,
redis-async,10,2,416,0.062,
redis-async,10,2,417,0.062,
redis-async,10,2,418,0.062,
redis-async,10,2,419,0.061,
redis-async,10,2,420,0.062,
redis-async,10,2,421,0.062,
redis-async,10,2,422,0.062,
redis-async,10,2,423,0.062,
redis-async,10,2,424,0.062,
redis-async,10,2,425,0.061,
redis-async,10,2,426,0.059,
redis-async,10,2,427,0.062,
redis-async,10,2,428,0.061,
redis-async,10,2,429,0.069,
redis-async,10,2,430,0.061,
redis-async,10,2,431,0.063,
redis-async,10,2,432,0.062,
redis-async,10,2,433,0.063,
redis-async,10,2,434,0.061,
redis-async,10,2,435,0.062,
redis-async,10,2,436,0.062,
redis-async,10,2,437,0.062,
redis-async,10,2,438,0.062,
redis-async,10,2,439,0.062,
redis-async,10,2,440,0.061,
redis-async,10,2,441,0.061,
redis-async,10,2,442,0.063,
redis-async,10,2,443,0.062,
redis-async,10,2,444,0.071,
redis-async,10,2,445,0.066,
redis-async,10,2,446,0.064,
redis-async,10,2,447,0.064,
redis-async,10,2,448,0.065,
redis-async,10,2,449,0.065,
redis-async,10,2,450,0.068,
redis-async,10,2,451,0.065,
redis-async,10,2,452,0.065,
redis-async,10,2,453,0.069,
redis-async,10,2,454,0.072,
redis-async,10,2,455,0.072,
redis-async,10,2,456,0.07,
redis-async,10,2,457,0.063,
redis-async,10,2,458,0.067,
redis-async,10,2,459,0.068,
redis-async,10,2,460,0.067,
redis-async,10,2,461,0.066,
redis-async,10,2,462,0.075,
redis-async,10,2,463,0.072,
redis-async,10,2,464,0.069,
redis-async,10,2,465,0.073,
redis-async,10,2,466,0.072,
redis-async,10,2,467,0.067,
redis-async,10,3,1,0.068,
redis-async,10,3,2,0.061,
redis-async,10,3,3,0.061,
redis-async,10,3,4,0.055,
redis-async,10,3,5,0.055,
redis-async,10,3,6,0.057,
redis-async,10,3,7,0.058,
redis-async,10,3,8,0.06,
redis-async,10,3,9,0.06,
redis-async,10,3,10,0.062,
redis-async,10,3,11,0.06,
redis-async,10,3,12,0.06,
redis-async,10,3,13,0.061,
redis-async,10,3,14,0.058,
redis-async,10,3,15,0.059,
redis-async,10,3,16,0.061,
redis-async,10,3,17,0.06,
redis-async,10,3,18,0.06,
redis-async,10,3,19,0.06,
redis-async,10,3,20,0.059,
redis-async,10,3,21,0.042,
redis-async,10,3,22,0.064,
redis-async,10,3,23,0.059,
redis-async,10,3,24,0.061,
redis-async,10,3,25,0.057,
redis-async,10,3,26,0.059,
redis-async,10,3,27,0.06,
redis-async,10,3,28,0.06,
redis-async,10,3,29,0.06,
redis-async,10,3,30,0.06,
redis-async,10,3,31,0.06,
redis-async,10,3,32,0.06,
redis-async,10,3,33,0.061,
redis-async,10,3,34,0.067,
redis-async,10,3,35,0.06,
redis-async,10,3,36,0.06,
redis-async,10,3,37,0.057,
redis-async,10,3,38,0.062,
redis-async,10,3,39,0.061,
redis-async,10,3,40,0.06,
redis-async,10,3,41,0.06,
redis-async,10,3,42,0.06,
redis-async,10,3,43,0.056,
redis-async,10,3,44,0.054,
redis-async,10,3,45,0.047,
redis-async,10,3,46,0.046,
redis-async,10,3,47,0.046,
redis-async,10,3,48,0.045,
redis-async,10,3,49,0.045,
redis-async,10,3,50,0.045,
redis-async,10,3,51,0.045,
redis-async,10,3,52,0.045,
redis-async,10,3,53,0.045,
redis-async,10,3,54,0.045,
redis-async,10,3,55,0.045,
redis-async,10,3,56,0.045,
redis-async,10,3,57,0.039,
redis-async,10,3,58,0.059,
redis-async,10,3,59,0.055,
redis-async,10,3,60,0.057,
redis-async,10,3,61,0.048,
redis-async,10,3,62,0.047,
redis-async,10,3,63,0.047,
redis-async,10,3,64,0.047,
redis-async,10,3,65,0.048,
redis-async,10,3,66,0.047,
redis-async,10,3,67,0.047,
redis-async,10,3,68,0.049,
redis-async,10,3,69,0.047,
redis-async,10,3,70,0.047,
redis-async,10,3,71,0.048,
redis-async,10,3,72,0.047,
redis-async,10,3,73,0.048,
redis-async,10,3,74,0.047,
redis-async,10,3,75,0.047,
redis-async,10,3,76,0.047,
redis-async,10,3,77,0.048,
redis-async,10,3,78,0.043,
redis-async,10,3,79,0.044,
redis-async,10,3,80,0.053,
redis-async,10,3,81,0.051,
redis-async,10,3,82,0.053,
redis-async,10,3,83,0.056,
redis-async,10,3,84,0.049,
redis-async,10,3,85,0.047,
redis-async,10,3,86,0.048,
redis-async,10,3,87,0.048,
redis-async,10,3,88,0.047,
redis-async,10,3,89,0.047,
redis-async,10,3,90,0.047,
redis-async,10,3,91,0.047,
redis-async,10,3,92,0.047,
redis-async,10,3,93,0.048,
redis-async,10,3,94,0.047,
redis-async,10,3,95,0.053,
redis-async,10,3,96,0.047,
redis-async,10,3,97,0.047,
redis-async,10,3,98,0.046,
redis-async,10,3,99,0.048,
redis-async,10,3,100,0.047,
redis-async,10,3,101,0.048,
redis-async,10,3,102,0.047,
redis-async,10,3,103,0.048,
redis-async,10,3,104,0.048,
redis-async,10,3,105,0.047,
redis-async,10,3,106,0.047,
redis-async,10,3,107,0.047,
redis-async,10,3,108,0.047,
redis-async,10,3,109,0.047,
redis-async,10,3,110,0.047,
redis-async,10,3,111,0.047,
redis-async,10,3,112,0.047,
redis-async,10,3,113,0.047,
redis-async,10,3,114,0.055,
redis-async,10,3,115,0.047,
redis-async,10,3,116,0.047,
redis-async,10,3,117,0.047,
redis-async,10,3,118,0.048,
redis-async,10,3,119,0.04,
redis-async,10,3,120,0.055,
redis-async,10,3,121,0.053,
redis-async,10,3,122,0.047,
redis-async,10,3,123,0.047,
redis-async,10,3,124,0.047,
redis-async,10,3,125,0.049,
redis-async,10,3,126,0.047,
redis-async,10,3,127,0.047,
redis-async,10,3,128,0.047,
redis-async,10,3,129,0.049,
redis-async,10,3,130,0.047,
redis-async,10,3,131,0.047,
redis-async,10,3,132,0.047,
redis-async,10,3,133,0.05,
redis-async,10,3,134,0.048,
redis-async,10,3,135,0.048,
redis-async,10,3,136,0.048,
redis-async,10,3,137,0.054,
redis-async,10,3,138,0.047,
redis-async,10,3,139,0.048,
redis-async,10,3,140,0.045,
redis-async,10,3,141,0.059,
redis-async,10,3,142,0.048,
redis-async,10,3,143,0.051,
redis-async,10,3,144,0.047,
redis-async,10,3,145,0.053,
redis-async,10,3,146,0.055,
redis-async,10,3,147,0.046,
redis-async,10,3,148,0.045,
redis-async,10,3,149,0.045,
redis-async,10,3,150,0.045,
redis-async,10,3,151,0.045,
redis-async,10,3,152,0.046,
redis-async,10,3,153,0.045,
redis-async,10,3,154,0.046,
redis-async,10,3,155,0.045,
redis-async,10,3,156,0.045,
redis-async,10,3,157,0.052,
redis-async,10,3,158,0.045,
redis-async,10,3,159,0.046,
redis-async,10,3,160,0.055,
redis-async,10,3,161,0.061,
redis-async,10,3,162,0.052,
redis-async,10,3,163,0.046,
redis-async,10,3,164,0.055,
redis-async,10,3,165,0.085,
redis-async,10,3,166,0.066,
redis-async,10,3,167,0.057,
redis-async,10,3,168,0.056,
redis-async,10,3,169,0.067,
redis-async,10,3,170,0.066,
redis-async,10,3,171,0.066,
redis-async,10,3,172,0.069,
redis-async,10,3,173,0.067,
redis-async,10,3,174,0.066,
redis-async,10,3,175,0.067,
redis-async,10,3,176,0.066,
redis-async,10,3,177,0.058,
redis-async,10,3,178,0.058,
redis-async,10,3,179,0.067,
redis-async,10,3,180,0.066,
redis-async,10,3,181,0.066,
redis-async,10,3,182,0.066,
redis-async,10,3,183,0.067,
redis-async,10,3,184,0.066,
redis-async,10,3,185,0.066,
redis-async,10,3,186,0.066,
redis-async,10,3,187,0.067,
redis-async,10,3,188,0.066,
redis-async,10,3,189,0.066,
redis-async,10,3,190,0.066,
redis-async,10,3,191,0.066,
redis-async,10,3,192,0.086,
redis-async,10,3,193,0.068,
redis-async,10,3,194,0.049,
redis-async,10,3,195,0.049,
redis-async,10,3,196,0.05,
redis-async,10,3,197,0.047,
redis-async,10,3,198,0.047,
redis-async,10,3,199,0.047,
redis-async,10,3,200,0.048,
redis-async,10,3,201,0.047,
redis-async,10,3,202,0.057,
redis-async,10,3,203,0.048,
redis-async,10,3,204,0.048,
redis-async,10,3,205,0.048,
redis-async,10,3,206,0.049,
redis-async,10,3,207,0.047,
redis-async,10,3,208,0.047,
redis-async,10,3,209,0.048,
redis-async,10,3,210,0.048,
redis-async,10,3,211,0.04,
redis-async,10,3,212,0.059,
redis-async,10,3,213,0.049,
redis-async,10,3,214,0.049,
redis-async,10,3,215,0.052,
redis-async,10,3,216,0.063,
redis-async,10,3,217,0.055,
redis-async,10,3,218,0.047,
redis-async,10,3,219,0.047,
redis-async,10,3,220,0.047,
redis-async,10,3,221,0.047,
redis-async,10,3,222,0.047,
redis-async,10,3,223,0.048,
redis-async,10,3,224,0.055,
redis-async,10,3,225,0.055,
redis-async,10,3,226,0.047,
redis-async,10,3,227,0.053,
redis-async,10,3,228,0.048,
redis-async,10,3,229,0.047,
redis-async,10,3,230,0.046,
redis-async,10,3,231,0.049,
redis-async,10,3,232,0.062,
redis-async,10,3,233,0.056,
redis-async,10,3,234,0.046,
redis-async,10,3,235,0.047,
redis-async,10,3,236,0.047,
redis-async,10,3,237,0.048,
redis-async,10,3,238,0.046,
redis-async,10,3,239,0.046,
redis-async,10,3,240,0.045,
redis-async,10,3,241,0.046,
redis-async,10,3,242,0.046,
redis-async,10,3,243,0.046,
redis-async,10,3,244,0.04,
redis-async,10,3,245,0.053,
redis-async,10,3,246,0.049,
redis-async,10,3,247,0.047,
redis-async,10,3,248,0.047,
redis-async,10,3,249,0.046,
redis-async,10,3,250,0.047,
redis-async,10,3,251,0.047,
redis-async,10,3,252,0.046,
redis-async,10,3,253,0.061,
redis-async,10,3,254,0.059,
redis-async,10,3,255,0.048,
redis-async,10,3,256,0.047,
redis-async,10,3,257,0.048,
redis-async,10,3,258,0.047,
redis-async,10,3,259,0.047,
redis-async,10,3,260,0.047,
redis-async,10,3,261,0.047,
redis-async,10,3,262,0.047,
redis-async,10,3,263,0.047,
redis-async,10,3,264,0.047,
redis-async,10,3,265,0.047,
redis-async,10,3,266,0.047,
redis-async,10,3,267,0.054,
redis-async,10,3,268,0.052,
redis-async,10,3,269,0.047,
redis-async,10,3,270,0.047,
redis-async,10,3,271,0.047,
redis-async,10,3,272,0.04,
redis-async,10,3,273,0.058,
redis-async,10,3,274,0.051,
redis-async,10,3,275,0.047,
redis-async,10,3,276,0.054,
redis-async,10,3,277,0.056,
redis-async,10,3,278,0.048,
redis-async,10,3,279,0.048,
redis-async,10,3,280,0.047,
redis-async,10,3,281,0.047,
redis-async,10,3,282,0.048,
redis-async,10,3,283,0.05,
redis-async,10,3,284,0.048,
redis-async,10,3,285,0.048,
redis-async,10,3,286,0.049,
redis-async,10,3,287,0.049,
redis-async,10,3,288,0.049,
redis-async,10,3,289,0.049,
redis-async,10,3,290,0.049,
redis-async,10,3,291,0.049,
redis-async,10,3,292,0.047,
redis-async,10,3,293,0.054,
redis-async,10,3,294,0.056,
redis-async,10,3,295,0.048,
redis-async,10,3,296,0.054,
redis-async,10,3,297,0.056,
redis-async,10,3,298,0.053,
redis-async,10,3,299,0.048,
redis-async,10,3,300,0.048,
redis-async,10,3,301,0.048,
redis-async,10,3,302,0.049,
redis-async,10,3,303,0.049,
redis-async,10,3,304,0.049,
redis-async,10,3,305,0.048,
redis-async,10,3,306,0.048,
redis-async,10,3,307,0.049,
redis-async,10,3,308,0.049,
redis-async,10,3,309,0.049,
redis-async,10,3,310,0.05,
redis-async,10,3,311,0.046,
redis-async,10,3,312,0.078,
redis-async,10,3,313,0.06,
redis-async,10,3,314,0.06,
redis-async,10,3,315,0.057,
redis-async,10,3,316,0.059,
redis-async,10,3,317,0.06,
redis-async,10,3,318,0.049,
redis-async,10,3,319,0.056,
redis-async,10,3,320,0.051,
redis-async,10,3,321,0.049,
redis-async,10,3,322,0.047,
redis-async,10,3,323,0.049,
redis-async,10,3,324,0.047,
redis-async,10,3,325,0.047,
redis-async,10,3,326,0.047,
redis-async,10,3,327,0.047,
redis-async,10,3,328,0.047,
redis-async,10,3,329,0.047,
redis-async,10,3,330,0.047,
redis-async,10,3,331,0.041,
redis-async,10,3,332,0.054,
redis-async,10,3,333,0.052,
redis-async,10,3,334,0.047,
redis-async,10,3,335,0.053,
redis-async,10,3,336,0.061,
redis-async,10,3,337,0.053,
redis-async,10,3,338,0.056,
redis-async,10,3,339,0.049,
redis-async,10,3,340,0.049,
redis-async,10,3,341,0.048,
redis-async,10,3,342,0.048,
redis-async,10,3,343,0.049,
redis-async,10,3,344,0.048,
redis-async,10,3,345,0.049,
redis-async,10,3,346,0.048,
redis-async,10,3,347,0.048,
redis-async,10,3,348,0.048,
redis-async,10,3,349,0.048,
redis-async,10,3,350,0.048,
redis-async,10,3,351,0.041,
redis-async,10,3,352,0.054,
redis-async,10,3,353,0.054,
redis-async,10,3,354,0.051,
redis-async,10,3,355,0.057,
redis-async,10,3,356,0.049,
redis-async,10,3,357,0.048,
redis-async,10,3,358,0.048,
redis-async,10,3,359,0.048,
redis-async,10,3,360,0.048,
redis-async,10,3,361,0.041,
redis-async,10,3,362,0.076,
redis-async,10,3,363,0.065,
redis-async,10,3,364,0.065,
redis-async,10,3,365,0.069,
redis-async,10,3,366,0.065,
redis-async,10,3,367,0.072,
redis-async,10,3,368,0.069,
redis-async,10,3,369,0.073,
redis-async,10,3,370,0.068,
redis-async,10,3,371,0.068,
redis-async,10,3,372,0.069,
redis-async,10,3,373,0.068,
redis-async,10,3,374,0.068,
redis-async,10,3,375,0.068,
redis-async,10,3,376,0.07,
redis-async,10,3,377,0.059,
redis-async,10,3,378,0.066,
redis-async,10,3,379,0.066,
redis-async,10,3,380,0.066,
redis-async,10,3,381,0.065,
redis-async,10,3,382,0.069,
redis-async,10,3,383,0.069,
redis-async,10,3,384,0.081,
redis-async,10,3,385,0.073,
redis-async,10,3,386,0.066,
redis-async,10,3,387,0.069,
redis-async,10,3,388,0.057,
redis-async,10,3,389,0.05,
redis-async,10,3,390,0.049,
redis-async,10,3,391,0.049,
redis-async,10,3,392,0.049,
redis-async,10,3,393,0.049,
redis-async,10,3,394,0.049,
redis-async,10,3,395,0.05,
redis-async,10,3,396,0.049,
redis-async,10,3,397,0.049,
redis-async,10,3,398,0.049,
redis-async,10,3,399,0.056,
redis-async,10,3,400,0.053,
redis-async,10,3,401,0.052,
redis-async,10,3,402,0.049,
redis-async,10,3,403,0.049,
redis-async,10,3,404,0.05,
redis-async,10,3,405,0.059,
redis-async,10,3,406,0.05,
redis-async,10,3,407,0.049,
redis-async,10,3,408,0.05,
redis-async,10,3,409,0.05,
redis-async,10,3,410,0.05,
redis-async,10,3,411,0.055,
redis-async,10,3,412,0.05,
redis-async,10,3,413,0.056,
redis-async,10,3,414,0.053,
redis-async,10,3,415,0.05,
redis-async,10,3,416,0.049,
redis-async,10,3,417,0.049,
redis-async,10,3,418,0.049,
redis-async,10,3,419,0.049,
redis-async,10,3,420,0.049,
redis-async,10,3,421,0.046,
redis-async,10,3,422,0.048,
redis-async,10,3,423,0.051,
redis-async,10,3,424,0.049,
redis-async,10,3,425,0.051,
redis-async,10,3,426,0.049,
redis-async,10,3,427,0.05,
redis-async,10,3,428,0.05,
redis-async,10,3,429,0.049,
redis-async,10,3,430,0.049,
redis-async,10,3,431,0.05,
redis-async,10,3,432,0.049,
redis-async,10,3,433,0.05,
redis-async,10,3,434,0.049,
redis-async,10,3,435,0.05,
redis-async,10,3,436,0.05,
redis-async,10,3,437,0.05,
redis-async,10,3,438,0.062,
redis-async,10,3,439,0.051,
redis-async,10,3,440,0.05,
redis-async,10,3,441,0.054,
redis-async,10,3,442,0.057,
redis-async,10,3,443,0.05,
redis-async,10,3,444,0.049,
redis-async,10,3,445,0.049,
redis-async,10,3,446,0.05,
redis-async,10,3,447,0.05,
redis-async,10,3,448,0.05,
redis-async,10,3,449,0.05,
redis-async,10,3,450,0.05,
redis-async,10,3,451,0.05,
redis-async,10,3,452,0.05,
redis-async,10,3,453,0.05,
redis-async,10,3,454,0.05,
redis-async,10,3,455,0.057,
redis-async,10,3,456,0.05,
redis-async,10,3,457,0.05,
redis-async,10,3,458,0.05,
redis-async,10,3,459,0.05,
redis-async,10,3,460,0.049,
redis-async,10,3,461,0.057,
redis-async,10,3,462,0.07,
redis-async,10,3,463,0.05,
redis-async,10,3,464,0.049,
redis-async,10,3,465,0.05,
redis-async,10,3,466,0.049,
redis-async,10,3,467,0.05,
redis-wait,10,1,1,14.175,1
redis-wait,10,1,2,12.453,1
redis-wait,10,1,3,12.585,1
redis-wait,10,1,4,12.456,1
redis-wait,10,1,5,11.476,1
redis-wait,10,1,6,11.259,1
redis-wait,10,1,7,12.548,1
redis-wait,10,1,8,12.063,1
redis-wait,10,1,9,12.746,1
redis-wait,10,1,10,12.709,1
redis-wait,10,1,11,11.818,1
redis-wait,10,1,12,12.611,1
redis-wait,10,1,13,12.509,1
redis-wait,10,1,14,11.226,1
redis-wait,10,1,15,12.355,1
redis-wait,10,1,16,12.931,1
redis-wait,10,1,17,12.205,1
redis-wait,10,1,18,12.225,1
redis-wait,10,1,19,11.745,1
redis-wait,10,1,20,11.538,1
redis-wait,10,1,21,11.198,1
redis-wait,10,1,22,10.821,1
redis-wait,10,1,23,10.868,1
redis-wait,10,1,24,12.833,1
redis-wait,10,1,25,13.191,1
redis-wait,10,1,26,10.826,1
redis-wait,10,1,27,12.994,1
redis-wait,10,1,28,13.302,1
redis-wait,10,1,29,12.922,1
redis-wait,10,1,30,13.313,1
redis-wait,10,1,31,10.931,1
redis-wait,10,1,32,11.684,1
redis-wait,10,1,33,64.921,1
redis-wait,10,1,34,12.13,1
redis-wait,10,1,35,11.968,1
redis-wait,10,1,36,13.499,1
redis-wait,10,1,37,10.911,1
redis-wait,10,1,38,10.97,1
redis-wait,10,1,39,11.218,1
redis-wait,10,1,40,13.236,1
redis-wait,10,1,41,11.973,1
redis-wait,10,1,42,11.198,1
redis-wait,10,1,43,12.006,1
redis-wait,10,1,44,11.014,1
redis-wait,10,1,45,12.261,1
redis-wait,10,1,46,13.145,1
redis-wait,10,1,47,12.484,1
redis-wait,10,1,48,12.565,1
redis-wait,10,1,49,12.533,1
redis-wait,10,1,50,12.55,1
redis-wait,10,1,51,11.193,1
redis-wait,10,1,52,11.562,1
redis-wait,10,1,53,13.472,1
redis-wait,10,1,54,13.409,1
redis-wait,10,1,55,13.021,1
redis-wait,10,1,56,12.647,1
redis-wait,10,1,57,12.858,1
redis-wait,10,1,58,13.24,1
redis-wait,10,1,59,12.069,1
redis-wait,10,1,60,13.739,1
redis-wait,10,1,61,13.396,1
redis-wait,10,1,62,12.984,1
redis-wait,10,1,63,11.772,1
redis-wait,10,1,64,13.424,1
redis-wait,10,1,65,13.025,1
redis-wait,10,1,66,12.843,1
redis-wait,10,1,67,11.867,1
redis-wait,10,1,68,13.057,1
redis-wait,10,1,69,11.894,1
redis-wait,10,1,70,13.304,1
redis-wait,10,1,71,13.154,1
redis-wait,10,1,72,13.265,1
redis-wait,10,1,73,12.176,1
redis-wait,10,1,74,13.531,1
redis-wait,10,1,75,13.444,1
redis-wait,10,1,76,13.353,1
redis-wait,10,1,77,11.498,1
redis-wait,10,1,78,13.281,1
redis-wait,10,1,79,12.215,1
redis-wait,10,1,80,13.203,1
redis-wait,10,1,81,13.283,1
redis-wait,10,1,82,12.726,1
redis-wait,10,1,83,11.437,1
redis-wait,10,1,84,12.3,1
redis-wait,10,1,85,12.758,1
redis-wait,10,1,86,13.211,1
redis-wait,10,1,87,11.56,1
redis-wait,10,1,88,13.171,1
redis-wait,10,1,89,13.226,1
redis-wait,10,1,90,11.82,1
redis-wait,10,1,91,13.318,1
redis-wait,10,1,92,13.125,1
redis-wait,10,1,93,13.122,1
redis-wait,10,1,94,12.757,1
redis-wait,10,1,95,13.139,1
redis-wait,10,1,96,11.977,1
redis-wait,10,1,97,13.075,1
redis-wait,10,1,98,11.774,1
redis-wait,10,1,99,11.726,1
redis-wait,10,1,100,13.081,1
redis-wait,10,1,101,11.546,1
redis-wait,10,1,102,12.045,1
redis-wait,10,1,103,13.237,1
redis-wait,10,1,104,13.658,1
redis-wait,10,1,105,13.224,1
redis-wait,10,1,106,13.239,1
redis-wait,10,1,107,11.88,1
redis-wait,10,1,108,12.966,1
redis-wait,10,1,109,66.412,1
redis-wait,10,1,110,13.369,1
redis-wait,10,1,111,13.388,1
redis-wait,10,1,112,10.847,1
redis-wait,10,1,113,11.059,1
redis-wait,10,1,114,11.422,1
redis-wait,10,1,115,13.348,1
redis-wait,10,1,116,12.178,1
redis-wait,10,1,117,11.285,1
redis-wait,10,1,118,10.981,1
redis-wait,10,1,119,13.159,1
redis-wait,10,1,120,11.874,1
redis-wait,10,1,121,10.92,1
redis-wait,10,1,122,11.359,1
redis-wait,10,1,123,12.559,1
redis-wait,10,1,124,12.299,1
redis-wait,10,1,125,13.257,1
redis-wait,10,1,126,13.289,1
redis-wait,10,1,127,13.197,1
redis-wait,10,1,128,13.127,1
redis-wait,10,1,129,11.253,1
redis-wait,10,1,130,13.183,1
redis-wait,10,1,131,11.398,1
redis-wait,10,1,132,10.828,1
redis-wait,10,1,133,12.255,1
redis-wait,10,1,134,12.088,1
redis-wait,10,1,135,12.793,1
redis-wait,10,1,136,12.599,1
redis-wait,10,1,137,11.854,1
redis-wait,10,1,138,12.894,1
redis-wait,10,1,139,13.183,1
redis-wait,10,1,140,13.267,1
redis-wait,10,1,141,10.941,1
redis-wait,10,1,142,10.99,1
redis-wait,10,1,143,13.176,1
redis-wait,10,1,144,13.204,1
redis-wait,10,1,145,12.79,1
redis-wait,10,1,146,13.007,1
redis-wait,10,1,147,11.649,1
redis-wait,10,1,148,13.314,1
redis-wait,10,1,149,12.219,1
redis-wait,10,1,150,12.853,1
redis-wait,10,1,151,11.599,1
redis-wait,10,1,152,12.981,1
redis-wait,10,1,153,12.253,1
redis-wait,10,1,154,11.9,1
redis-wait,10,1,155,12.245,1
redis-wait,10,1,156,11.214,1
redis-wait,10,1,157,10.978,1
redis-wait,10,1,158,12.378,1
redis-wait,10,1,159,13.225,1
redis-wait,10,1,160,11.865,1
redis-wait,10,1,161,11.063,1
redis-wait,10,1,162,11.027,1
redis-wait,10,1,163,11.841,1
redis-wait,10,1,164,12.916,1
redis-wait,10,1,165,13.217,1
redis-wait,10,1,166,13.391,1
redis-wait,10,1,167,10.907,1
redis-wait,10,1,168,10.913,1
redis-wait,10,1,169,11.454,1
redis-wait,10,1,170,10.758,1
redis-wait,10,1,171,10.512,1
redis-wait,10,1,172,11.153,1
redis-wait,10,1,173,10.257,1
redis-wait,10,1,174,12.747,1
redis-wait,10,1,175,11.631,1
redis-wait,10,1,176,12.555,1
redis-wait,10,1,177,12.8,1
redis-wait,10,1,178,12.736,1
redis-wait,10,1,179,11.185,1
redis-wait,10,1,180,12.751,1
redis-wait,10,1,181,12.68,1
redis-wait,10,1,182,12.603,1
redis-wait,10,1,183,13.525,1
redis-wait,10,1,184,13.121,1
redis-wait,10,1,185,12.995,1
redis-wait,10,1,186,13.131,1
redis-wait,10,1,187,11.037,1
redis-wait,10,1,188,64.139,1
redis-wait,10,1,189,12.273,1
redis-wait,10,1,190,13.62,1
redis-wait,10,1,191,12.398,1
redis-wait,10,1,192,11.263,1
redis-wait,10,1,193,13.382,1
redis-wait,10,1,194,13.784,1
redis-wait,10,1,195,12.682,1
redis-wait,10,1,196,12.863,1
redis-wait,10,1,197,13.526,1
redis-wait,10,1,198,12.948,1
redis-wait,10,1,199,11.094,1
redis-wait,10,1,200,11.136,1
redis-wait,10,1,201,12.45,1
redis-wait,10,1,202,12.609,1
redis-wait,10,1,203,13.162,1
redis-wait,10,1,204,11.214,1
redis-wait,10,1,205,11.514,1
redis-wait,10,1,206,13.363,1
redis-wait,10,1,207,12.399,1
redis-wait,10,1,208,12.031,1
redis-wait,10,1,209,12.116,1
redis-wait,10,1,210,13.513,1
redis-wait,10,1,211,13.377,1
redis-wait,10,1,212,13.797,1
redis-wait,10,1,213,13.329,1
redis-wait,10,1,214,13.354,1
redis-wait,10,1,215,13.615,1
redis-wait,10,1,216,11.304,1
redis-wait,10,1,217,11.796,1
redis-wait,10,1,218,13.187,1
redis-wait,10,1,219,11.435,1
redis-wait,10,1,220,11.659,1
redis-wait,10,1,221,13.283,1
redis-wait,10,1,222,13.117,1
redis-wait,10,1,223,13.322,1
redis-wait,10,1,224,12.326,1
redis-wait,10,1,225,13.227,1
redis-wait,10,1,226,12.889,1
redis-wait,10,1,227,12.379,1
redis-wait,10,1,228,13.911,1
redis-wait,10,1,229,12.962,1
redis-wait,10,1,230,11.419,1
redis-wait,10,1,231,12.145,1
redis-wait,10,1,232,13.592,1
redis-wait,10,1,233,12.312,1
redis-wait,10,1,234,13.67,1
redis-wait,10,1,235,12.601,1
redis-wait,10,1,236,13.086,1
redis-wait,10,1,237,11.684,1
redis-wait,10,1,238,12.659,1
redis-wait,10,1,239,11.097,1
redis-wait,10,1,240,10.956,1
redis-wait,10,1,241,13.464,1
redis-wait,10,1,242,13.881,1
redis-wait,10,1,243,13.785,1
redis-wait,10,1,244,13.398,1
redis-wait,10,1,245,11.41,1
redis-wait,10,1,246,13.53,1
redis-wait,10,1,247,11.485,1
redis-wait,10,1,248,11.379,1
redis-wait,10,1,249,12.742,1
redis-wait,10,1,250,11.1,1
redis-wait,10,1,251,10.849,1
redis-wait,10,1,252,11.502,1
redis-wait,10,1,253,13.237,1
redis-wait,10,1,254,13.074,1
redis-wait,10,1,255,11.267,1
redis-wait,10,1,256,11.037,1
redis-wait,10,1,257,12.452,1
redis-wait,10,1,258,13.407,1
redis-wait,10,1,259,13.056,1
redis-wait,10,1,260,13.363,1
redis-wait,10,1,261,13.867,1
redis-wait,10,1,262,12.671,1
redis-wait,10,1,263,12.157,1
redis-wait,10,1,264,11.891,1
redis-wait,10,1,265,64.844,1
redis-wait,10,1,266,11.221,1
redis-wait,10,1,267,12.317,1
redis-wait,10,1,268,12.833,1
redis-wait,10,1,269,12.609,1
redis-wait,10,1,270,12.207,1
redis-wait,10,1,271,11.759,1
redis-wait,10,1,272,11.222,1
redis-wait,10,1,273,11.403,1
redis-wait,10,1,274,12.349,1
redis-wait,10,1,275,11.223,1
redis-wait,10,1,276,13.284,1
redis-wait,10,1,277,11.853,1
redis-wait,10,1,278,12.652,1
redis-wait,10,1,279,13.205,1
redis-wait,10,1,280,11.811,1
redis-wait,10,1,281,14.019,1
redis-wait,10,1,282,12.507,1
redis-wait,10,1,283,13.343,1
redis-wait,10,1,284,11.352,1
redis-wait,10,1,285,12.229,1
redis-wait,10,1,286,11.757,1
redis-wait,10,1,287,13.03,1
redis-wait,10,1,288,13.745,1
redis-wait,10,1,289,14.865,1
redis-wait,10,1,290,11.335,1
redis-wait,10,1,291,13.292,1
redis-wait,10,1,292,11.613,1
redis-wait,10,1,293,12.483,1
redis-wait,10,1,294,11.743,1
redis-wait,10,1,295,13.424,1
redis-wait,10,1,296,11.318,1
redis-wait,10,1,297,11.815,1
redis-wait,10,1,298,13.494,1
redis-wait,10,1,299,13.483,1
redis-wait,10,1,300,13.302,1
redis-wait,10,1,301,11.626,1
redis-wait,10,1,302,13.509,1
redis-wait,10,1,303,13.734,1
redis-wait,10,1,304,13.461,1
redis-wait,10,1,305,12.782,1
redis-wait,10,1,306,13.062,1
redis-wait,10,1,307,11.684,1
redis-wait,10,1,308,11.118,1
redis-wait,10,1,309,11.428,1
redis-wait,10,1,310,12.388,1
redis-wait,10,1,311,11.731,1
redis-wait,10,1,312,12.041,1
redis-wait,10,1,313,13.166,1
redis-wait,10,1,314,12.87,1
redis-wait,10,1,315,11.921,1
redis-wait,10,1,316,13.291,1
redis-wait,10,1,317,11.003,1
redis-wait,10,1,318,13.494,1
redis-wait,10,1,319,12.042,1
redis-wait,10,1,320,12.916,1
redis-wait,10,1,321,12.067,1
redis-wait,10,1,322,11.479,1
redis-wait,10,1,323,13.791,1
redis-wait,10,1,324,11.872,1
redis-wait,10,1,325,12.195,1
redis-wait,10,1,326,14.685,1
redis-wait,10,1,327,10.526,1
redis-wait,10,1,328,11.274,1
redis-wait,10,1,329,12.612,1
redis-wait,10,1,330,10.424,1
redis-wait,10,1,331,11.679,1
redis-wait,10,1,332,10.73,1
redis-wait,10,1,333,12.606,1
redis-wait,10,1,334,11.018,1
redis-wait,10,1,335,12.629,1
redis-wait,10,1,336,12.709,1
redis-wait,10,1,337,12.624,1
redis-wait,10,1,338,12.547,1
redis-wait,10,1,339,12.729,1
redis-wait,10,1,340,10.976,1
redis-wait,10,1,341,11.568,1
redis-wait,10,1,342,11.437,1
redis-wait,10,1,343,64.267,1
redis-wait,10,1,344,11.999,1
redis-wait,10,1,345,13.848,1
redis-wait,10,1,346,12.967,1
redis-wait,10,1,347,12.027,1
redis-wait,10,1,348,14.893,1
redis-wait,10,1,349,13.69,1
redis-wait,10,1,350,13.51,1
redis-wait,10,1,351,13.354,1
redis-wait,10,1,352,11.966,1
redis-wait,10,1,353,13.436,1
redis-wait,10,1,354,11.276,1
redis-wait,10,1,355,13.493,1
redis-wait,10,1,356,11.659,1
redis-wait,10,1,357,13.982,1
redis-wait,10,1,358,11.884,1
redis-wait,10,1,359,13.728,1
redis-wait,10,1,360,13.985,1
redis-wait,10,1,361,12.161,1
redis-wait,10,1,362,11.555,1
redis-wait,10,1,363,13.924,1
redis-wait,10,1,364,13.525,1
redis-wait,10,1,365,12.109,1
redis-wait,10,1,366,12.066,1
redis-wait,10,1,367,13.505,1
redis-wait,10,1,368,11.51,1
redis-wait,10,1,369,13.598,1
redis-wait,10,1,370,11.36,1
redis-wait,10,1,371,11.296,1
redis-wait,10,1,372,13.029,1
redis-wait,10,1,373,11.388,1
redis-wait,10,1,374,12.142,1
redis-wait,10,1,375,11.81,1
redis-wait,10,1,376,13.625,1
redis-wait,10,1,377,13.638,1
redis-wait,10,1,378,12.464,1
redis-wait,10,1,379,12.692,1
redis-wait,10,1,380,13.936,1
redis-wait,10,1,381,11.799,1
redis-wait,10,1,382,11.304,1
redis-wait,10,1,383,13.521,1
redis-wait,10,1,384,12.975,1
redis-wait,10,1,385,12.04,1
redis-wait,10,1,386,13.21,1
redis-wait,10,1,387,12.144,1
redis-wait,10,1,388,12.17,1
redis-wait,10,1,389,13.7,1
redis-wait,10,1,390,13.567,1
redis-wait,10,1,391,13.503,1
redis-wait,10,1,392,12.78,1
redis-wait,10,1,393,11.658,1
redis-wait,10,1,394,13.125,1
redis-wait,10,1,395,13.826,1
redis-wait,10,1,396,13.643,1
redis-wait,10,1,397,11.426,1
redis-wait,10,1,398,12.551,1
redis-wait,10,1,399,13.157,1
redis-wait,10,1,400,13.195,1
redis-wait,10,1,401,10.884,1
redis-wait,10,1,402,11.895,1
redis-wait,10,1,403,11.277,1
redis-wait,10,1,404,11.828,1
redis-wait,10,1,405,11.575,1
redis-wait,10,1,406,12.463,1
redis-wait,10,1,407,12.124,1
redis-wait,10,1,408,11.792,1
redis-wait,10,1,409,13.147,1
redis-wait,10,1,410,12.26,1
redis-wait,10,1,411,11.93,1
redis-wait,10,1,412,12.499,1
redis-wait,10,1,413,13.538,1
redis-wait,10,1,414,11.005,1
redis-wait,10,1,415,13.431,1
redis-wait,10,1,416,11.994,1
redis-wait,10,1,417,11.102,1
redis-wait,10,1,418,11.437,1
redis-wait,10,1,419,10.921,1
redis-wait,10,1,420,68.735,1
redis-wait,10,1,421,12.417,1
redis-wait,10,1,422,12.043,1
redis-wait,10,1,423,10.838,1
redis-wait,10,1,424,13.534,1
redis-wait,10,1,425,10.985,1
redis-wait,10,1,426,13.646,1
redis-wait,10,1,427,12.954,1
redis-wait,10,1,428,11.939,1
redis-wait,10,1,429,13.916,1
redis-wait,10,1,430,11.557,1
redis-wait,10,1,431,11.575,1
redis-wait,10,1,432,11.945,1
redis-wait,10,1,433,13.184,1
redis-wait,10,1,434,13.416,1
redis-wait,10,1,435,13.706,1
redis-wait,10,1,436,13.606,1
redis-wait,10,1,437,12.357,1
redis-wait,10,1,438,11.91,1
redis-wait,10,1,439,13.294,1
redis-wait,10,1,440,11.141,1
redis-wait,10,1,441,13.977,1
redis-wait,10,1,442,12.948,1
redis-wait,10,1,443,11.649,1
redis-wait,10,1,444,11.822,1
redis-wait,10,1,445,12.116,1
redis-wait,10,1,446,12.778,1
redis-wait,10,1,447,11.669,1
redis-wait,10,1,448,13.031,1
redis-wait,10,1,449,12.674,1
redis-wait,10,1,450,15.899,1
redis-wait,10,1,451,12.023,1
redis-wait,10,1,452,12.343,1
redis-wait,10,1,453,13.686,1
redis-wait,10,1,454,12.904,1
redis-wait,10,1,455,11.235,1
redis-wait,10,1,456,11.781,1
redis-wait,10,1,457,11.926,1
redis-wait,10,1,458,11.57,1
redis-wait,10,1,459,11.206,1
redis-wait,10,1,460,11.486,1
redis-wait,10,1,461,12.603,1
redis-wait,10,1,462,11.539,1
redis-wait,10,1,463,13.263,1
redis-wait,10,1,464,11.523,1
redis-wait,10,1,465,13.955,1
redis-wait,10,1,466,12.939,1
redis-wait,10,1,467,13.601,1
redis-wait,10,2,1,12.709,1
redis-wait,10,2,2,11.27,1
redis-wait,10,2,3,11.412,1
redis-wait,10,2,4,13.612,1
redis-wait,10,2,5,13.322,1
redis-wait,10,2,6,13.632,1
redis-wait,10,2,7,13.27,1
redis-wait,10,2,8,11.795,1
redis-wait,10,2,9,13.496,1
redis-wait,10,2,10,11.389,1
redis-wait,10,2,11,12.11,1
redis-wait,10,2,12,11.159,1
redis-wait,10,2,13,12.466,1
redis-wait,10,2,14,14.157,1
redis-wait,10,2,15,12.323,1
redis-wait,10,2,16,11.714,1
redis-wait,10,2,17,11.792,1
redis-wait,10,2,18,11.328,1
redis-wait,10,2,19,12.638,1
redis-wait,10,2,20,13.457,1
redis-wait,10,2,21,11.186,1
redis-wait,10,2,22,13.182,1
redis-wait,10,2,23,13.696,1
redis-wait,10,2,24,13.451,1
redis-wait,10,2,25,12.915,1
redis-wait,10,2,26,10.932,1
redis-wait,10,2,27,13.159,1
redis-wait,10,2,28,12.676,1
redis-wait,10,2,29,11.867,1
redis-wait,10,2,30,65.921,1
redis-wait,10,2,31,13.244,1
redis-wait,10,2,32,12.886,1
redis-wait,10,2,33,12.27,1
redis-wait,10,2,34,13.421,1
redis-wait,10,2,35,11.776,1
redis-wait,10,2,36,11.722,1
redis-wait,10,2,37,12.226,1
redis-wait,10,2,38,13.132,1
redis-wait,10,2,39,11.573,1
redis-wait,10,2,40,13.292,1
redis-wait,10,2,41,11.591,1
redis-wait,10,2,42,13.239,1
redis-wait,10,2,43,11.614,1
redis-wait,10,2,44,12.753,1
redis-wait,10,2,45,11.748,1
redis-wait,10,2,46,12.8,1
redis-wait,10,2,47,13.188,1
redis-wait,10,2,48,12.226,1
redis-wait,10,2,49,11.449,1
redis-wait,10,2,50,12.956,1
redis-wait,10,2,51,13.109,1
redis-wait,10,2,52,11.19,1
redis-wait,10,2,53,11.65,1
redis-wait,10,2,54,13.016,1
redis-wait,10,2,55,11.171,1
redis-wait,10,2,56,10.575,1
redis-wait,10,2,57,11.227,1
redis-wait,10,2,58,12.597,1
redis-wait,10,2,59,12.972,1
redis-wait,10,2,60,13.229,1
redis-wait,10,2,61,13.244,1
redis-wait,10,2,62,11.797,1
redis-wait,10,2,63,11.545,1
redis-wait,10,2,64,13.203,1
redis-wait,10,2,65,12.979,1
redis-wait,10,2,66,11.991,1
redis-wait,10,2,67,12.503,1
redis-wait,10,2,68,13.06,1
redis-wait,10,2,69,13.105,1
redis-wait,10,2,70,12.434,1
redis-wait,10,2,71,11.777,1
redis-wait,10,2,72,11.021,1
redis-wait,10,2,73,12.829,1
redis-wait,10,2,74,11.438,1
redis-wait,10,2,75,11.249,1
redis-wait,10,2,76,13.041,1
redis-wait,10,2,77,11.14,1
redis-wait,10,2,78,13.175,1
redis-wait,10,2,79,13.312,1
redis-wait,10,2,80,11.66,1
redis-wait,10,2,81,11.719,1
redis-wait,10,2,82,13.519,1
redis-wait,10,2,83,12.653,1
redis-wait,10,2,84,13.589,1
redis-wait,10,2,85,13.963,1
redis-wait,10,2,86,13.784,1
redis-wait,10,2,87,13.341,1
redis-wait,10,2,88,13.296,1
redis-wait,10,2,89,14.033,1
redis-wait,10,2,90,12.175,1
redis-wait,10,2,91,13.851,1
redis-wait,10,2,92,13.06,1
redis-wait,10,2,93,12.497,1
redis-wait,10,2,94,13.396,1
redis-wait,10,2,95,11.95,1
redis-wait,10,2,96,13.03,1
redis-wait,10,2,97,12.307,1
redis-wait,10,2,98,11.66,1
redis-wait,10,2,99,13.546,1
redis-wait,10,2,100,11.065,1
redis-wait,10,2,101,10.683,1
redis-wait,10,2,102,12.643,1
redis-wait,10,2,103,10.904,1
redis-wait,10,2,104,11.595,1
redis-wait,10,2,105,11.96,1
redis-wait,10,2,106,11.445,1
redis-wait,10,2,107,12.636,1
redis-wait,10,2,108,64.881,1
redis-wait,10,2,109,12.373,1
redis-wait,10,2,110,12.588,1
redis-wait,10,2,111,10.961,1
redis-wait,10,2,112,11.906,1
redis-wait,10,2,113,11.415,1
redis-wait,10,2,114,13.225,1
redis-wait,10,2,115,11.515,1
redis-wait,10,2,116,11.617,1
redis-wait,10,2,117,11.874,1
redis-wait,10,2,118,11.427,1
redis-wait,10,2,119,10.757,1
redis-wait,10,2,120,13.47,1
redis-wait,10,2,121,12.077,1
redis-wait,10,2,122,11.149,1
redis-wait,10,2,123,11.315,1
redis-wait,10,2,124,12.576,1
redis-wait,10,2,125,13.704,1
redis-wait,10,2,126,13.49,1
redis-wait,10,2,127,13.464,1
redis-wait,10,2,128,13.413,1
redis-wait,10,2,129,13.28,1
redis-wait,10,2,130,10.99,1
redis-wait,10,2,131,11.029,1
redis-wait,10,2,132,10.966,1
redis-wait,10,2,133,13.323,1
redis-wait,10,2,134,12.048,1
redis-wait,10,2,135,11.946,1
redis-wait,10,2,136,11.741,1
redis-wait,10,2,137,13.144,1
redis-wait,10,2,138,11.423,1
redis-wait,10,2,139,13.345,1
redis-wait,10,2,140,11.538,1
redis-wait,10,2,141,13.101,1
redis-wait,10,2,142,12.888,1
redis-wait,10,2,143,11.34,1
redis-wait,10,2,144,11.632,1
redis-wait,10,2,145,12.122,1
redis-wait,10,2,146,12.903,1
redis-wait,10,2,147,13.352,1
redis-wait,10,2,148,12.987,1
redis-wait,10,2,149,11.698,1
redis-wait,10,2,150,11.443,1
redis-wait,10,2,151,12.533,1
redis-wait,10,2,152,13.44,1
redis-wait,10,2,153,11.376,1
redis-wait,10,2,154,11.318,1
redis-wait,10,2,155,11.785,1
redis-wait,10,2,156,12.435,1
redis-wait,10,2,157,12.985,1
redis-wait,10,2,158,12.176,1
redis-wait,10,2,159,11.971,1
redis-wait,10,2,160,13.356,1
redis-wait,10,2,161,11.974,1
redis-wait,10,2,162,11.055,1
redis-wait,10,2,163,12.547,1
redis-wait,10,2,164,11.962,1
redis-wait,10,2,165,12.332,1
redis-wait,10,2,166,13.291,1
redis-wait,10,2,167,11.789,1
redis-wait,10,2,168,13.501,1
redis-wait,10,2,169,11.083,1
redis-wait,10,2,170,13.313,1
redis-wait,10,2,171,12.534,1
redis-wait,10,2,172,13.357,1
redis-wait,10,2,173,12.518,1
redis-wait,10,2,174,13.346,1
redis-wait,10,2,175,11.822,1
redis-wait,10,2,176,12.826,1
redis-wait,10,2,177,11.901,1
redis-wait,10,2,178,12.223,1
redis-wait,10,2,179,12.229,1
redis-wait,10,2,180,13.8,1
redis-wait,10,2,181,13.039,1
redis-wait,10,2,182,13.668,1
redis-wait,10,2,183,14.063,1
redis-wait,10,2,184,11.604,1
redis-wait,10,2,185,12.076,1
redis-wait,10,2,186,66.144,1
redis-wait,10,2,187,12.908,1
redis-wait,10,2,188,11.063,1
redis-wait,10,2,189,12.272,1
redis-wait,10,2,190,10.894,1
redis-wait,10,2,191,11.054,1
redis-wait,10,2,192,11.448,1
redis-wait,10,2,193,13.42,1
redis-wait,10,2,194,11.008,1
redis-wait,10,2,195,12.531,1
redis-wait,10,2,196,12.339,1
redis-wait,10,2,197,11.698,1
redis-wait,10,2,198,11.491,1
redis-wait,10,2,199,11.889,1
redis-wait,10,2,200,12.777,1
redis-wait,10,2,201,12.45,1
redis-wait,10,2,202,13.385,1
redis-wait,10,2,203,14.42,1
redis-wait,10,2,204,13.974,1
redis-wait,10,2,205,11.52,1
redis-wait,10,2,206,11.425,1
redis-wait,10,2,207,12.726,1
redis-wait,10,2,208,11.875,1
redis-wait,10,2,209,12.605,1
redis-wait,10,2,210,13.328,1
redis-wait,10,2,211,11.84,1
redis-wait,10,2,212,11.777,1
redis-wait,10,2,213,12.619,1
redis-wait,10,2,214,13.461,1
redis-wait,10,2,215,13.382,1
redis-wait,10,2,216,13.572,1
redis-wait,10,2,217,12.637,1
redis-wait,10,2,218,13.289,1
redis-wait,10,2,219,13.168,1
redis-wait,10,2,220,11.325,1
redis-wait,10,2,221,12.471,1
redis-wait,10,2,222,12.202,1
redis-wait,10,2,223,12.874,1
redis-wait,10,2,224,11.799,1
redis-wait,10,2,225,13.3,1
redis-wait,10,2,226,13.147,1
redis-wait,10,2,227,11.81,1
redis-wait,10,2,228,11.751,1
redis-wait,10,2,229,11.906,1
redis-wait,10,2,230,12.332,1
redis-wait,10,2,231,12.336,1
redis-wait,10,2,232,13.515,1
redis-wait,10,2,233,12.495,1
redis-wait,10,2,234,13.737,1
redis-wait,10,2,235,13.385,1
redis-wait,10,2,236,11.336,1
redis-wait,10,2,237,13.883,1
redis-wait,10,2,238,13.194,1
redis-wait,10,2,239,11.235,1
redis-wait,10,2,240,13.11,1
redis-wait,10,2,241,13.468,1
redis-wait,10,2,242,11.598,1
redis-wait,10,2,243,12.863,1
redis-wait,10,2,244,10.915,1
redis-wait,10,2,245,13.671,1
redis-wait,10,2,246,12.033,1
redis-wait,10,2,247,11.697,1
redis-wait,10,2,248,12.141,1
redis-wait,10,2,249,11.51,1
redis-wait,10,2,250,11.541,1
redis-wait,10,2,251,12.802,1
redis-wait,10,2,252,10.688,1
redis-wait,10,2,253,13.244,1
redis-wait,10,2,254,11.893,1
redis-wait,10,2,255,11.328,1
redis-wait,10,2,256,12.179,1
redis-wait,10,2,257,11.225,1
redis-wait,10,2,258,11.613,1
redis-wait,10,2,259,13.457,1
redis-wait,10,2,260,13.49,1
redis-wait,10,2,261,11.135,1
redis-wait,10,2,262,13.432,1
redis-wait,10,2,263,13.767,1
redis-wait,10,2,264,64.481,1
redis-wait,10,2,265,12.774,1
redis-wait,10,2,266,11.709,1
redis-wait,10,2,267,13.531,1
redis-wait,10,2,268,13.839,1
redis-wait,10,2,269,11.822,1
redis-wait,10,2,270,13.611,1
redis-wait,10,2,271,12.323,1
redis-wait,10,2,272,13.402,1
redis-wait,10,2,273,14.094,1
redis-wait,10,2,274,13.094,1
redis-wait,10,2,275,11.708,1
redis-wait,10,2,276,12.501,1
redis-wait,10,2,277,12.3,1
redis-wait,10,2,278,13.342,1
redis-wait,10,2,279,11.646,1
redis-wait,10,2,280,11.7,1
redis-wait,10,2,281,11.952,1
redis-wait,10,2,282,13.038,1
redis-wait,10,2,283,13.234,1
redis-wait,10,2,284,11.873,1
redis-wait,10,2,285,13.145,1
redis-wait,10,2,286,13.556,1
redis-wait,10,2,287,10.854,1
redis-wait,10,2,288,13.067,1
redis-wait,10,2,289,12.781,1
redis-wait,10,2,290,12.544,1
redis-wait,10,2,291,12.579,1
redis-wait,10,2,292,11.489,1
redis-wait,10,2,293,13.272,1
redis-wait,10,2,294,12.474,1
redis-wait,10,2,295,13.31,1
redis-wait,10,2,296,13.604,1
redis-wait,10,2,297,13.699,1
redis-wait,10,2,298,13.471,1
redis-wait,10,2,299,11.147,1
redis-wait,10,2,300,12.912,1
redis-wait,10,2,301,13.563,1
redis-wait,10,2,302,13.523,1
redis-wait,10,2,303,11.825,1
redis-wait,10,2,304,11.803,1
redis-wait,10,2,305,12.321,1
redis-wait,10,2,306,13.194,1
redis-wait,10,2,307,12.639,1
redis-wait,10,2,308,13.167,1
redis-wait,10,2,309,13.145,1
redis-wait,10,2,310,13.88,1
redis-wait,10,2,311,12.082,1
redis-wait,10,2,312,13.241,1
redis-wait,10,2,313,13.245,1
redis-wait,10,2,314,12.004,1
redis-wait,10,2,315,12.079,1
redis-wait,10,2,316,12.634,1
redis-wait,10,2,317,13.4,1
redis-wait,10,2,318,13.929,1
redis-wait,10,2,319,13.378,1
redis-wait,10,2,320,12.239,1
redis-wait,10,2,321,13.504,1
redis-wait,10,2,322,12.174,1
redis-wait,10,2,323,11.246,1
redis-wait,10,2,324,11.443,1
redis-wait,10,2,325,13.341,1
redis-wait,10,2,326,13.683,1
redis-wait,10,2,327,13.619,1
redis-wait,10,2,328,11.319,1
redis-wait,10,2,329,11.946,1
redis-wait,10,2,330,12.23,1
redis-wait,10,2,331,10.957,1
redis-wait,10,2,332,12.358,1
redis-wait,10,2,333,12.846,1
redis-wait,10,2,334,12.627,1
redis-wait,10,2,335,13.011,1
redis-wait,10,2,336,11.944,1
redis-wait,10,2,337,11.157,1
redis-wait,10,2,338,13.317,1
redis-wait,10,2,339,12.704,1
redis-wait,10,2,340,11.873,1
redis-wait,10,2,341,63.172,1
redis-wait,10,2,342,13.022,1
redis-wait,10,2,343,12.021,1
redis-wait,10,2,344,11.706,1
redis-wait,10,2,345,12.736,1
redis-wait,10,2,346,12.227,1
redis-wait,10,2,347,13.216,1
redis-wait,10,2,348,13.05,1
redis-wait,10,2,349,12.236,1
redis-wait,10,2,350,10.877,1
redis-wait,10,2,351,12.647,1
redis-wait,10,2,352,11.109,1
redis-wait,10,2,353,13.344,1
redis-wait,10,2,354,12.797,1
redis-wait,10,2,355,13.721,1
redis-wait,10,2,356,13.149,1
redis-wait,10,2,357,13.266,1
redis-wait,10,2,358,11.534,1
redis-wait,10,2,359,13.275,1
redis-wait,10,2,360,10.916,1
redis-wait,10,2,361,13.187,1
redis-wait,10,2,362,11.546,1
redis-wait,10,2,363,13.752,1
redis-wait,10,2,364,13.29,1
redis-wait,10,2,365,11.617,1
redis-wait,10,2,366,11.317,1
redis-wait,10,2,367,13.475,1
redis-wait,10,2,368,13.406,1
redis-wait,10,2,369,13.41,1
redis-wait,10,2,370,13.076,1
redis-wait,10,2,371,13.179,1
redis-wait,10,2,372,13.39,1
redis-wait,10,2,373,13.707,1
redis-wait,10,2,374,13.543,1
redis-wait,10,2,375,13.456,1
redis-wait,10,2,376,11.402,1
redis-wait,10,2,377,12.966,1
redis-wait,10,2,378,10.972,1
redis-wait,10,2,379,12.552,1
redis-wait,10,2,380,11.594,1
redis-wait,10,2,381,13.378,1
redis-wait,10,2,382,11.991,1
redis-wait,10,2,383,13.003,1
redis-wait,10,2,384,12.944,1
redis-wait,10,2,385,13.546,1
redis-wait,10,2,386,13.325,1
redis-wait,10,2,387,12.206,1
redis-wait,10,2,388,13.33,1
redis-wait,10,2,389,13.584,1
redis-wait,10,2,390,11.794,1
redis-wait,10,2,391,11.906,1
redis-wait,10,2,392,13.204,1
redis-wait,10,2,393,12.166,1
redis-wait,10,2,394,13.011,1
redis-wait,10,2,395,13.383,1
redis-wait,10,2,396,13.566,1
redis-wait,10,2,397,11.488,1
redis-wait,10,2,398,13.212,1
redis-wait,10,2,399,11.993,1
redis-wait,10,2,400,11.91,1
redis-wait,10,2,401,12.329,1
redis-wait,10,2,402,12.293,1
redis-wait,10,2,403,10.77,1
redis-wait,10,2,404,11.202,1
redis-wait,10,2,405,11.171,1
redis-wait,10,2,406,13.294,1
redis-wait,10,2,407,13.62,1
redis-wait,10,2,408,13.27,1
redis-wait,10,2,409,12.597,1
redis-wait,10,2,410,13.197,1
redis-wait,10,2,411,11.821,1
redis-wait,10,2,412,13.408,1
redis-wait,10,2,413,12.571,1
redis-wait,10,2,414,13.312,1
redis-wait,10,2,415,11.114,1
redis-wait,10,2,416,12.692,1
redis-wait,10,2,417,11.046,1
redis-wait,10,2,418,62.748,1
redis-wait,10,2,419,11.107,1
redis-wait,10,2,420,12.152,1
redis-wait,10,2,421,10.819,1
redis-wait,10,2,422,13.357,1
redis-wait,10,2,423,11.216,1
redis-wait,10,2,424,11.624,1
redis-wait,10,2,425,11.812,1
redis-wait,10,2,426,13.157,1
redis-wait,10,2,427,13.151,1
redis-wait,10,2,428,13.209,1
redis-wait,10,2,429,12.863,1
redis-wait,10,2,430,13.513,1
redis-wait,10,2,431,12.371,1
redis-wait,10,2,432,12.197,1
redis-wait,10,2,433,12.32,1
redis-wait,10,2,434,13.158,1
redis-wait,10,2,435,10.976,1
redis-wait,10,2,436,11.243,1
redis-wait,10,2,437,13.136,1
redis-wait,10,2,438,12.418,1
redis-wait,10,2,439,13.102,1
redis-wait,10,2,440,13.717,1
redis-wait,10,2,441,12.087,1
redis-wait,10,2,442,13.08,1
redis-wait,10,2,443,11.08,1
redis-wait,10,2,444,13.096,1
redis-wait,10,2,445,12.945,1
redis-wait,10,2,446,10.672,1
redis-wait,10,2,447,12.951,1
redis-wait,10,2,448,13.314,1
redis-wait,10,2,449,13.058,1
redis-wait,10,2,450,11.081,1
redis-wait,10,2,451,11.35,1
redis-wait,10,2,452,11.022,1
redis-wait,10,2,453,13.279,1
redis-wait,10,2,454,11.027,1
redis-wait,10,2,455,10.899,1
redis-wait,10,2,456,11.04,1
redis-wait,10,2,457,11.594,1
redis-wait,10,2,458,12.206,1
redis-wait,10,2,459,13.521,1
redis-wait,10,2,460,12.132,1
redis-wait,10,2,461,10.942,1
redis-wait,10,2,462,10.871,1
redis-wait,10,2,463,10.636,1
redis-wait,10,2,464,10.61,1
redis-wait,10,2,465,11.293,1
redis-wait,10,2,466,12.621,1
redis-wait,10,2,467,10.803,1
redis-wait,10,3,1,12.607,1
redis-wait,10,3,2,12.129,1
redis-wait,10,3,3,12.629,1
redis-wait,10,3,4,11.203,1
redis-wait,10,3,5,12.606,1
redis-wait,10,3,6,10.776,1
redis-wait,10,3,7,12.989,1
redis-wait,10,3,8,13.18,1
redis-wait,10,3,9,12.569,1
redis-wait,10,3,10,10.752,1
redis-wait,10,3,11,10.816,1
redis-wait,10,3,12,12.906,1
redis-wait,10,3,13,12.209,1
redis-wait,10,3,14,13.885,1
redis-wait,10,3,15,12.507,1
redis-wait,10,3,16,11.452,1
redis-wait,10,3,17,13.381,1
redis-wait,10,3,18,13.34,1
redis-wait,10,3,19,10.956,1
redis-wait,10,3,20,11.198,1
redis-wait,10,3,21,11.509,1
redis-wait,10,3,22,12.063,1
redis-wait,10,3,23,11.801,1
redis-wait,10,3,24,13.246,1
redis-wait,10,3,25,11.375,1
redis-wait,10,3,26,10.921,1
redis-wait,10,3,27,12.053,1
redis-wait,10,3,28,12.973,1
redis-wait,10,3,29,12.48,1
redis-wait,10,3,30,12.394,1
redis-wait,10,3,31,64.608,1
redis-wait,10,3,32,11.73,1
redis-wait,10,3,33,13.268,1
redis-wait,10,3,34,13.233,1
redis-wait,10,3,35,13.222,1
redis-wait,10,3,36,11.071,1
redis-wait,10,3,37,13.062,1
redis-wait,10,3,38,11.473,1
redis-wait,10,3,39,12.433,1
redis-wait,10,3,40,13.191,1
redis-wait,10,3,41,13.368,1
redis-wait,10,3,42,12.009,1
redis-wait,10,3,43,10.997,1
redis-wait,10,3,44,11.295,1
redis-wait,10,3,45,12.306,1
redis-wait,10,3,46,12.239,1
redis-wait,10,3,47,13.246,1
redis-wait,10,3,48,10.855,1
redis-wait,10,3,49,11.098,1
redis-wait,10,3,50,11.684,1
redis-wait,10,3,51,13.667,1
redis-wait,10,3,52,11.278,1
redis-wait,10,3,53,11.396,1
redis-wait,10,3,54,10.694,1
redis-wait,10,3,55,12.931,1
redis-wait,10,3,56,10.986,1
redis-wait,10,3,57,13.151,1
redis-wait,10,3,58,12.014,1
redis-wait,10,3,59,11.323,1
redis-wait,10,3,60,13.263,1
redis-wait,10,3,61,12.435,1
redis-wait,10,3,62,12.18,1
redis-wait,10,3,63,12.047,1
redis-wait,10,3,64,11.808,1
redis-wait,10,3,65,13.236,1
redis-wait,10,3,66,13.1,1
redis-wait,10,3,67,12.905,1
redis-wait,10,3,68,13.081,1
redis-wait,10,3,69,12.139,1
redis-wait,10,3,70,12.803,1
redis-wait,10,3,71,13.148,1
redis-wait,10,3,72,10.924,1
redis-wait,10,3,73,12.18,1
redis-wait,10,3,74,10.888,1
redis-wait,10,3,75,10.831,1
redis-wait,10,3,76,10.925,1
redis-wait,10,3,77,10.91,1
redis-wait,10,3,78,12.053,1
redis-wait,10,3,79,11.426,1
redis-wait,10,3,80,11.068,1
redis-wait,10,3,81,11.041,1
redis-wait,10,3,82,12.233,1
redis-wait,10,3,83,12.134,1
redis-wait,10,3,84,11.881,1
redis-wait,10,3,85,10.954,1
redis-wait,10,3,86,10.908,1
redis-wait,10,3,87,13.439,1
redis-wait,10,3,88,13.16,1
redis-wait,10,3,89,11.692,1
redis-wait,10,3,90,12.187,1
redis-wait,10,3,91,11.369,1
redis-wait,10,3,92,11.05,1
redis-wait,10,3,93,11.101,1
redis-wait,10,3,94,11.092,1
redis-wait,10,3,95,12.815,1
redis-wait,10,3,96,13.278,1
redis-wait,10,3,97,11.189,1
redis-wait,10,3,98,11.954,1
redis-wait,10,3,99,12.88,1
redis-wait,10,3,100,12.712,1
redis-wait,10,3,101,12.718,1
redis-wait,10,3,102,11.286,1
redis-wait,10,3,103,12.574,1
redis-wait,10,3,104,10.85,1
redis-wait,10,3,105,13.169,1
redis-wait,10,3,106,13.221,1
redis-wait,10,3,107,12.005,1
redis-wait,10,3,108,12.718,1
redis-wait,10,3,109,11.102,1
redis-wait,10,3,110,67.17,1
redis-wait,10,3,111,12.497,1
redis-wait,10,3,112,11.797,1
redis-wait,10,3,113,11.536,1
redis-wait,10,3,114,12.17,1
redis-wait,10,3,115,13.344,1
redis-wait,10,3,116,13.281,1
redis-wait,10,3,117,11.263,1
redis-wait,10,3,118,13.127,1
redis-wait,10,3,119,12.649,1
redis-wait,10,3,120,13.089,1
redis-wait,10,3,121,10.881,1
redis-wait,10,3,122,11.08,1
redis-wait,10,3,123,13.155,1
redis-wait,10,3,124,12.416,1
redis-wait,10,3,125,12.883,1
redis-wait,10,3,126,11.996,1
redis-wait,10,3,127,13.261,1
redis-wait,10,3,128,10.961,1
redis-wait,10,3,129,12.889,1
redis-wait,10,3,130,13.363,1
redis-wait,10,3,131,12.817,1
redis-wait,10,3,132,11.912,1
redis-wait,10,3,133,13.259,1
redis-wait,10,3,134,11.447,1
redis-wait,10,3,135,11.897,1
redis-wait,10,3,136,13.73,1
redis-wait,10,3,137,13.955,1
redis-wait,10,3,138,13.354,1
redis-wait,10,3,139,12.973,1
redis-wait,10,3,140,13.28,1
redis-wait,10,3,141,13.171,1
redis-wait,10,3,142,10.736,1
redis-wait,10,3,143,11.412,1
redis-wait,10,3,144,10.717,1
redis-wait,10,3,145,11.223,1
redis-wait,10,3,146,11.537,1
redis-wait,10,3,147,11.468,1
redis-wait,10,3,148,12.192,1
redis-wait,10,3,149,13.051,1
redis-wait,10,3,150,11.905,1
redis-wait,10,3,151,13.137,1
redis-wait,10,3,152,10.895,1
redis-wait,10,3,153,13.047,1
redis-wait,10,3,154,11.421,1
redis-wait,10,3,155,12.152,1
redis-wait,10,3,156,12.42,1
redis-wait,10,3,157,11.397,1
redis-wait,10,3,158,12.179,1
redis-wait,10,3,159,12.484,1
redis-wait,10,3,160,12.732,1
redis-wait,10,3,161,10.697,1
redis-wait,10,3,162,12.541,1
redis-wait,10,3,163,12.217,1
redis-wait,10,3,164,12.508,1
redis-wait,10,3,165,12.638,1
redis-wait,10,3,166,12.565,1
redis-wait,10,3,167,12.769,1
redis-wait,10,3,168,12.517,1
redis-wait,10,3,169,12.303,1
redis-wait,10,3,170,11.029,1
redis-wait,10,3,171,11.525,1
redis-wait,10,3,172,12.175,1
redis-wait,10,3,173,11.429,1
redis-wait,10,3,174,12.996,1
redis-wait,10,3,175,12.965,1
redis-wait,10,3,176,11.515,1
redis-wait,10,3,177,13.37,1
redis-wait,10,3,178,12.019,1
redis-wait,10,3,179,11.587,1
redis-wait,10,3,180,13.148,1
redis-wait,10,3,181,12.933,1
redis-wait,10,3,182,13.159,1
redis-wait,10,3,183,13.212,1
redis-wait,10,3,184,11.705,1
redis-wait,10,3,185,11.294,1
redis-wait,10,3,186,12.288,1
redis-wait,10,3,187,10.885,1
redis-wait,10,3,188,66.0,1
redis-wait,10,3,189,13.264,1
redis-wait,10,3,190,11.382,1
redis-wait,10,3,191,12.514,1
redis-wait,10,3,192,13.535,1
redis-wait,10,3,193,13.533,1
redis-wait,10,3,194,13.266,1
redis-wait,10,3,195,13.266,1
redis-wait,10,3,196,11.368,1
redis-wait,10,3,197,13.234,1
redis-wait,10,3,198,11.496,1
redis-wait,10,3,199,13.101,1
redis-wait,10,3,200,11.06,1
redis-wait,10,3,201,13.112,1
redis-wait,10,3,202,13.045,1
redis-wait,10,3,203,11.902,1
redis-wait,10,3,204,11.346,1
redis-wait,10,3,205,13.059,1
redis-wait,10,3,206,11.249,1
redis-wait,10,3,207,13.281,1
redis-wait,10,3,208,11.22,1
redis-wait,10,3,209,11.321,1
redis-wait,10,3,210,13.663,1
redis-wait,10,3,211,12.048,1
redis-wait,10,3,212,12.436,1
redis-wait,10,3,213,12.752,1
redis-wait,10,3,214,12.959,1
redis-wait,10,3,215,13.317,1
redis-wait,10,3,216,10.946,1
redis-wait,10,3,217,11.493,1
redis-wait,10,3,218,13.266,1
redis-wait,10,3,219,12.749,1
redis-wait,10,3,220,12.449,1
redis-wait,10,3,221,11.824,1
redis-wait,10,3,222,13.191,1
redis-wait,10,3,223,13.199,1
redis-wait,10,3,224,10.936,1
redis-wait,10,3,225,13.306,1
redis-wait,10,3,226,12.301,1
redis-wait,10,3,227,13.318,1
redis-wait,10,3,228,13.41,1
redis-wait,10,3,229,13.229,1
redis-wait,10,3,230,12.779,1
redis-wait,10,3,231,13.209,1
redis-wait,10,3,232,10.878,1
redis-wait,10,3,233,13.106,1
redis-wait,10,3,234,11.669,1
redis-wait,10,3,235,13.151,1
redis-wait,10,3,236,13.196,1
redis-wait,10,3,237,13.34,1
redis-wait,10,3,238,12.126,1
redis-wait,10,3,239,13.496,1
redis-wait,10,3,240,11.439,1
redis-wait,10,3,241,13.416,1
redis-wait,10,3,242,12.805,1
redis-wait,10,3,243,12.394,1
redis-wait,10,3,244,13.187,1
redis-wait,10,3,245,11.643,1
redis-wait,10,3,246,10.793,1
redis-wait,10,3,247,10.959,1
redis-wait,10,3,248,12.118,1
redis-wait,10,3,249,11.683,1
redis-wait,10,3,250,10.788,1
redis-wait,10,3,251,13.203,1
redis-wait,10,3,252,11.937,1
redis-wait,10,3,253,11.273,1
redis-wait,10,3,254,11.344,1
redis-wait,10,3,255,13.246,1
redis-wait,10,3,256,11.19,1
redis-wait,10,3,257,12.484,1
redis-wait,10,3,258,12.615,1
redis-wait,10,3,259,13.754,1
redis-wait,10,3,260,13.195,1
redis-wait,10,3,261,12.066,1
redis-wait,10,3,262,12.977,1
redis-wait,10,3,263,12.149,1
redis-wait,10,3,264,10.912,1
redis-wait,10,3,265,12.236,1
redis-wait,10,3,266,12.505,1
redis-wait,10,3,267,13.191,1
redis-wait,10,3,268,12.453,1
redis-wait,10,3,269,11.908,1
redis-wait,10,3,270,11.965,1
redis-wait,10,3,271,13.141,1
redis-wait,10,3,272,13.356,1
redis-wait,10,3,273,10.998,1
redis-wait,10,3,274,11.208,1
redis-wait,10,3,275,13.335,1
redis-wait,10,3,276,11.131,1
redis-wait,10,3,277,13.225,1
redis-wait,10,3,278,10.941,1
redis-wait,10,3,279,11.346,1
redis-wait,10,3,280,12.771,1
redis-wait,10,3,281,11.78,1
redis-wait,10,3,282,10.842,1
redis-wait,10,3,283,13.086,1
redis-wait,10,3,284,13.49,1
redis-wait,10,3,285,12.033,1
redis-wait,10,3,286,12.435,1
redis-wait,10,3,287,13.318,1
redis-wait,10,3,288,12.258,1
redis-wait,10,3,289,11.469,1
redis-wait,10,3,290,12.845,1
redis-wait,10,3,291,13.397,1
redis-wait,10,3,292,11.269,1
redis-wait,10,3,293,13.248,1
redis-wait,10,3,294,10.969,1
redis-wait,10,3,295,11.247,1
redis-wait,10,3,296,12.663,1
redis-wait,10,3,297,12.602,1
redis-wait,10,3,298,12.411,1
redis-wait,10,3,299,12.06,1
redis-wait,10,3,300,13.101,1
redis-wait,10,3,301,11.32,1
redis-wait,10,3,302,12.97,1
redis-wait,10,3,303,13.523,1
redis-wait,10,3,304,11.247,1
redis-wait,10,3,305,13.254,1
redis-wait,10,3,306,13.383,1
redis-wait,10,3,307,13.005,1
redis-wait,10,3,308,11.617,1
redis-wait,10,3,309,13.113,1
redis-wait,10,3,310,12.2,1
redis-wait,10,3,311,11.786,1
redis-wait,10,3,312,12.727,1
redis-wait,10,3,313,12.207,1
redis-wait,10,3,314,13.371,1
redis-wait,10,3,315,19.72,1
redis-wait,10,3,316,11.825,1
redis-wait,10,3,317,11.688,1
redis-wait,10,3,318,11.627,1
redis-wait,10,3,319,11.422,1
redis-wait,10,3,320,13.426,1
redis-wait,10,3,321,13.336,1
redis-wait,10,3,322,13.239,1
redis-wait,10,3,323,13.594,1
redis-wait,10,3,324,13.885,1
redis-wait,10,3,325,12.138,1
redis-wait,10,3,326,10.798,1
redis-wait,10,3,327,11.033,1
redis-wait,10,3,328,10.627,1
redis-wait,10,3,329,13.039,1
redis-wait,10,3,330,13.35,1
redis-wait,10,3,331,12.297,1
redis-wait,10,3,332,12.481,1
redis-wait,10,3,333,13.561,1
redis-wait,10,3,334,13.64,1
redis-wait,10,3,335,11.15,1
redis-wait,10,3,336,12.477,1
redis-wait,10,3,337,12.981,1
redis-wait,10,3,338,13.278,1
redis-wait,10,3,339,10.932,1
redis-wait,10,3,340,12.371,1
redis-wait,10,3,341,11.131,1
redis-wait,10,3,342,12.255,1
redis-wait,10,3,343,13.375,1
redis-wait,10,3,344,11.856,1
redis-wait,10,3,345,12.577,1
redis-wait,10,3,346,11.424,1
redis-wait,10,3,347,10.976,1
redis-wait,10,3,348,67.492,1
redis-wait,10,3,349,12.928,1
redis-wait,10,3,350,11.148,1
redis-wait,10,3,351,11.996,1
redis-wait,10,3,352,13.093,1
redis-wait,10,3,353,13.697,1
redis-wait,10,3,354,13.376,1
redis-wait,10,3,355,12.59,1
redis-wait,10,3,356,11.116,1
redis-wait,10,3,357,11.089,1
redis-wait,10,3,358,13.071,1
redis-wait,10,3,359,11.342,1
redis-wait,10,3,360,11.334,1
redis-wait,10,3,361,13.638,1
redis-wait,10,3,362,13.26,1
redis-wait,10,3,363,13.413,1
redis-wait,10,3,364,11.878,1
redis-wait,10,3,365,13.229,1
redis-wait,10,3,366,13.618,1
redis-wait,10,3,367,13.493,1
redis-wait,10,3,368,12.293,1
redis-wait,10,3,369,13.406,1
redis-wait,10,3,370,11.274,1
redis-wait,10,3,371,12.789,1
redis-wait,10,3,372,11.725,1
redis-wait,10,3,373,13.128,1
redis-wait,10,3,374,13.065,1
redis-wait,10,3,375,12.571,1
redis-wait,10,3,376,11.468,1
redis-wait,10,3,377,12.394,1
redis-wait,10,3,378,13.342,1
redis-wait,10,3,379,12.71,1
redis-wait,10,3,380,12.119,1
redis-wait,10,3,381,12.283,1
redis-wait,10,3,382,10.913,1
redis-wait,10,3,383,11.75,1
redis-wait,10,3,384,13.29,1
redis-wait,10,3,385,12.435,1
redis-wait,10,3,386,13.46,1
redis-wait,10,3,387,13.213,1
redis-wait,10,3,388,11.089,1
redis-wait,10,3,389,12.631,1
redis-wait,10,3,390,13.227,1
redis-wait,10,3,391,12.102,1
redis-wait,10,3,392,13.191,1
redis-wait,10,3,393,11.238,1
redis-wait,10,3,394,11.752,1
redis-wait,10,3,395,13.326,1
redis-wait,10,3,396,12.024,1
redis-wait,10,3,397,11.511,1
redis-wait,10,3,398,12.578,1
redis-wait,10,3,399,10.999,1
redis-wait,10,3,400,13.275,1
redis-wait,10,3,401,12.016,1
redis-wait,10,3,402,13.506,1
redis-wait,10,3,403,11.54,1
redis-wait,10,3,404,10.944,1
redis-wait,10,3,405,12.529,1
redis-wait,10,3,406,13.314,1
redis-wait,10,3,407,13.261,1
redis-wait,10,3,408,10.943,1
redis-wait,10,3,409,10.969,1
redis-wait,10,3,410,19.262,1
redis-wait,10,3,411,12.141,1
redis-wait,10,3,412,11.39,1
redis-wait,10,3,413,11.453,1
redis-wait,10,3,414,13.613,1
redis-wait,10,3,415,13.473,1
redis-wait,10,3,416,12.112,1
redis-wait,10,3,417,10.958,1
redis-wait,10,3,418,12.72,1
redis-wait,10,3,419,13.564,1
redis-wait,10,3,420,11.235,1
redis-wait,10,3,421,11.782,1
redis-wait,10,3,422,13.032,1
redis-wait,10,3,423,13.118,1
redis-wait,10,3,424,12.208,1
redis-wait,10,3,425,11.139,1
redis-wait,10,3,426,63.553,1
redis-wait,10,3,427,13.322,1
redis-wait,10,3,428,11.393,1
redis-wait,10,3,429,13.306,1
redis-wait,10,3,430,13.39,1
redis-wait,10,3,431,11.552,1
redis-wait,10,3,432,10.953,1
redis-wait,10,3,433,11.971,1
redis-wait,10,3,434,11.779,1
redis-wait,10,3,435,13.263,1
redis-wait,10,3,436,12.001,1
redis-wait,10,3,437,13.283,1
redis-wait,10,3,438,12.438,1
redis-wait,10,3,439,12.22,1
redis-wait,10,3,440,13.415,1
redis-wait,10,3,441,12.83,1
redis-wait,10,3,442,11.706,1
redis-wait,10,3,443,10.852,1
redis-wait,10,3,444,11.991,1
redis-wait,10,3,445,13.327,1
redis-wait,10,3,446,11.721,1
redis-wait,10,3,447,12.928,1
redis-wait,10,3,448,13.329,1
redis-wait,10,3,449,12.276,1
redis-wait,10,3,450,13.442,1
redis-wait,10,3,451,12.222,1
redis-wait,10,3,452,13.295,1
redis-wait,10,3,453,12.012,1
redis-wait,10,3,454,11.75,1
redis-wait,10,3,455,12.316,1
redis-wait,10,3,456,13.565,1
redis-wait,10,3,457,11.32,1
redis-wait,10,3,458,11.266,1
redis-wait,10,3,459,12.17,1
redis-wait,10,3,460,11.094,1
redis-wait,10,3,461,12.114,1
redis-wait,10,3,462,11.869,1
redis-wait,10,3,463,11.278,1
redis-wait,10,3,464,11.735,1
redis-wait,10,3,465,13.888,1
redis-wait,10,3,466,12.281,1
redis-wait,10,3,467,13.156,1
mongo-w1,50,1,1,13.332,
mongo-w1,50,1,2,0.874,
mongo-w1,50,1,3,0.493,
mongo-w1,50,1,4,0.503,
mongo-w1,50,1,5,0.489,
mongo-w1,50,1,6,0.576,
mongo-w1,50,1,7,0.355,
mongo-w1,50,1,8,0.583,
mongo-w1,50,1,9,0.307,
mongo-w1,50,1,10,0.435,
mongo-w1,50,1,11,0.376,
mongo-w1,50,1,12,0.478,
mongo-w1,50,1,13,0.458,
mongo-w1,50,1,14,0.323,
mongo-w1,50,1,15,0.367,
mongo-w1,50,1,16,0.34,
mongo-w1,50,1,17,0.33,
mongo-w1,50,1,18,0.339,
mongo-w1,50,1,19,0.456,
mongo-w1,50,1,20,0.328,
mongo-w1,50,1,21,0.361,
mongo-w1,50,1,22,0.306,
mongo-w1,50,1,23,0.289,
mongo-w1,50,1,24,0.321,
mongo-w1,50,1,25,0.381,
mongo-w1,50,1,26,0.38,
mongo-w1,50,1,27,0.362,
mongo-w1,50,1,28,0.498,
mongo-w1,50,1,29,0.31,
mongo-w1,50,1,30,0.339,
mongo-w1,50,1,31,0.214,
mongo-w1,50,1,32,0.207,
mongo-w1,50,1,33,0.254,
mongo-w1,50,1,34,0.349,
mongo-w1,50,1,35,0.228,
mongo-w1,50,1,36,0.216,
mongo-w1,50,1,37,0.212,
mongo-w1,50,1,38,0.28,
mongo-w1,50,1,39,0.25,
mongo-w1,50,1,40,0.23,
mongo-w1,50,1,41,0.24,
mongo-w1,50,1,42,0.223,
mongo-w1,50,1,43,0.223,
mongo-w1,50,1,44,0.179,
mongo-w1,50,1,45,0.194,
mongo-w1,50,1,46,0.152,
mongo-w1,50,1,47,0.158,
mongo-w1,50,1,48,0.179,
mongo-w1,50,1,49,0.175,
mongo-w1,50,1,50,0.19,
mongo-w1,50,1,51,0.21,
mongo-w1,50,1,52,0.191,
mongo-w1,50,1,53,0.205,
mongo-w1,50,1,54,0.167,
mongo-w1,50,1,55,0.155,
mongo-w1,50,1,56,0.176,
mongo-w1,50,1,57,0.175,
mongo-w1,50,1,58,0.176,
mongo-w1,50,1,59,0.162,
mongo-w1,50,1,60,0.139,
mongo-w1,50,1,61,0.158,
mongo-w1,50,1,62,0.156,
mongo-w1,50,1,63,0.169,
mongo-w1,50,1,64,0.159,
mongo-w1,50,1,65,0.215,
mongo-w1,50,1,66,0.203,
mongo-w1,50,1,67,0.2,
mongo-w1,50,1,68,0.207,
mongo-w1,50,1,69,0.204,
mongo-w1,50,1,70,0.205,
mongo-w1,50,1,71,0.182,
mongo-w1,50,1,72,0.166,
mongo-w1,50,1,73,0.179,
mongo-w1,50,1,74,0.19,
mongo-w1,50,1,75,0.177,
mongo-w1,50,1,76,0.188,
mongo-w1,50,1,77,0.226,
mongo-w1,50,1,78,0.158,
mongo-w1,50,1,79,0.171,
mongo-w1,50,1,80,0.136,
mongo-w1,50,1,81,0.196,
mongo-w1,50,1,82,0.195,
mongo-w1,50,1,83,0.18,
mongo-w1,50,1,84,0.196,
mongo-w1,50,1,85,0.174,
mongo-w1,50,1,86,0.19,
mongo-w1,50,1,87,0.176,
mongo-w1,50,1,88,0.153,
mongo-w1,50,1,89,0.174,
mongo-w1,50,1,90,0.177,
mongo-w1,50,1,91,0.157,
mongo-w1,50,1,92,0.211,
mongo-w1,50,1,93,0.16,
mongo-w1,50,1,94,0.139,
mongo-w1,50,1,95,0.157,
mongo-w1,50,1,96,0.168,
mongo-w1,50,1,97,0.15,
mongo-w1,50,1,98,0.194,
mongo-w1,50,1,99,0.143,
mongo-w1,50,1,100,0.169,
mongo-w1,50,1,101,0.136,
mongo-w1,50,1,102,0.157,
mongo-w1,50,1,103,0.143,
mongo-w1,50,1,104,0.169,
mongo-w1,50,1,105,0.151,
mongo-w1,50,1,106,0.132,
mongo-w1,50,1,107,0.146,
mongo-w1,50,1,108,0.122,
mongo-w1,50,1,109,0.141,
mongo-w1,50,1,110,0.119,
mongo-w1,50,1,111,0.184,
mongo-w1,50,1,112,0.184,
mongo-w1,50,1,113,0.245,
mongo-w1,50,1,114,0.175,
mongo-w1,50,1,115,0.18,
mongo-w1,50,1,116,0.179,
mongo-w1,50,1,117,0.177,
mongo-w1,50,1,118,0.174,
mongo-w1,50,1,119,0.171,
mongo-w1,50,1,120,0.232,
mongo-w1,50,1,121,0.172,
mongo-w1,50,1,122,0.218,
mongo-w1,50,1,123,0.222,
mongo-w1,50,1,124,0.218,
mongo-w1,50,1,125,0.219,
mongo-w1,50,1,126,0.182,
mongo-w1,50,1,127,0.179,
mongo-w1,50,1,128,0.169,
mongo-w1,50,1,129,0.163,
mongo-w1,50,1,130,0.174,
mongo-w1,50,1,131,0.176,
mongo-w1,50,1,132,0.189,
mongo-w1,50,1,133,0.159,
mongo-w1,50,1,134,0.122,
mongo-w1,50,1,135,0.131,
mongo-w1,50,1,136,0.15,
mongo-w1,50,1,137,0.12,
mongo-w1,50,1,138,0.162,
mongo-w1,50,1,139,0.167,
mongo-w1,50,1,140,0.279,
mongo-w1,50,1,141,0.149,
mongo-w1,50,1,142,0.126,
mongo-w1,50,1,143,0.204,
mongo-w1,50,1,144,0.19,
mongo-w1,50,1,145,0.166,
mongo-w1,50,1,146,0.157,
mongo-w1,50,1,147,0.134,
mongo-w1,50,1,148,0.131,
mongo-w1,50,1,149,0.123,
mongo-w1,50,1,150,0.149,
mongo-w1,50,1,151,0.153,
mongo-w1,50,1,152,0.169,
mongo-w1,50,1,153,0.157,
mongo-w1,50,1,154,0.153,
mongo-w1,50,1,155,0.135,
mongo-w1,50,1,156,0.146,
mongo-w1,50,1,157,0.154,
mongo-w1,50,1,158,0.187,
mongo-w1,50,1,159,0.12,
mongo-w1,50,1,160,0.143,
mongo-w1,50,1,161,0.177,
mongo-w1,50,1,162,0.115,
mongo-w1,50,1,163,0.151,
mongo-w1,50,1,164,0.133,
mongo-w1,50,1,165,0.158,
mongo-w1,50,1,166,0.127,
mongo-w1,50,1,167,0.117,
mongo-w1,50,1,168,0.11,
mongo-w1,50,1,169,0.12,
mongo-w1,50,1,170,0.214,
mongo-w1,50,1,171,0.175,
mongo-w1,50,1,172,0.188,
mongo-w1,50,1,173,0.156,
mongo-w1,50,1,174,0.147,
mongo-w1,50,1,175,0.164,
mongo-w1,50,1,176,0.155,
mongo-w1,50,1,177,0.148,
mongo-w1,50,1,178,0.18,
mongo-w1,50,1,179,0.138,
mongo-w1,50,1,180,0.133,
mongo-w1,50,1,181,0.151,
mongo-w1,50,1,182,0.129,
mongo-w1,50,1,183,0.127,
mongo-w1,50,1,184,0.142,
mongo-w1,50,1,185,0.192,
mongo-w1,50,1,186,0.166,
mongo-w1,50,1,187,0.157,
mongo-w1,50,1,188,0.15,
mongo-w1,50,1,189,0.15,
mongo-w1,50,1,190,0.117,
mongo-w1,50,1,191,0.122,
mongo-w1,50,1,192,0.138,
mongo-w1,50,1,193,0.145,
mongo-w1,50,1,194,0.126,
mongo-w1,50,1,195,0.139,
mongo-w1,50,1,196,0.113,
mongo-w1,50,1,197,0.131,
mongo-w1,50,1,198,0.148,
mongo-w1,50,1,199,0.137,
mongo-w1,50,1,200,0.104,
mongo-w1,50,1,201,0.105,
mongo-w1,50,1,202,0.104,
mongo-w1,50,1,203,0.105,
mongo-w1,50,1,204,0.459,
mongo-w1,50,1,205,0.189,
mongo-w1,50,1,206,0.115,
mongo-w1,50,1,207,0.099,
mongo-w1,50,1,208,0.098,
mongo-w1,50,1,209,0.096,
mongo-w1,50,1,210,0.105,
mongo-w1,50,1,211,0.101,
mongo-w1,50,1,212,0.099,
mongo-w1,50,1,213,0.093,
mongo-w1,50,1,214,0.111,
mongo-w1,50,1,215,0.097,
mongo-w1,50,1,216,0.089,
mongo-w1,50,1,217,0.089,
mongo-w1,50,1,218,0.088,
mongo-w1,50,1,219,0.087,
mongo-w1,50,1,220,0.087,
mongo-w1,50,1,221,0.089,
mongo-w1,50,1,222,0.1,
mongo-w1,50,1,223,0.095,
mongo-w1,50,1,224,0.1,
mongo-w1,50,1,225,0.105,
mongo-w1,50,1,226,0.107,
mongo-w1,50,1,227,0.102,
mongo-w1,50,1,228,0.089,
mongo-w1,50,1,229,0.089,
mongo-w1,50,1,230,0.091,
mongo-w1,50,1,231,0.101,
mongo-w1,50,1,232,0.107,
mongo-w1,50,1,233,0.097,
mongo-w1,50,1,234,0.102,
mongo-w1,50,1,235,0.119,
mongo-w1,50,1,236,0.099,
mongo-w1,50,1,237,0.092,
mongo-w1,50,1,238,0.098,
mongo-w1,50,1,239,0.092,
mongo-w1,50,1,240,0.093,
mongo-w1,50,1,241,0.1,
mongo-w1,50,1,242,0.102,
mongo-w1,50,1,243,0.111,
mongo-w1,50,1,244,0.103,
mongo-w1,50,1,245,0.107,
mongo-w1,50,1,246,0.092,
mongo-w1,50,1,247,0.089,
mongo-w1,50,1,248,0.089,
mongo-w1,50,1,249,0.101,
mongo-w1,50,1,250,0.093,
mongo-w1,50,1,251,0.098,
mongo-w1,50,1,252,0.096,
mongo-w1,50,1,253,0.105,
mongo-w1,50,1,254,0.089,
mongo-w1,50,1,255,0.107,
mongo-w1,50,1,256,0.101,
mongo-w1,50,1,257,0.086,
mongo-w1,50,1,258,0.087,
mongo-w1,50,1,259,0.085,
mongo-w1,50,1,260,0.083,
mongo-w1,50,1,261,0.084,
mongo-w1,50,1,262,0.147,
mongo-w1,50,1,263,0.121,
mongo-w1,50,1,264,0.097,
mongo-w1,50,1,265,0.113,
mongo-w1,50,1,266,0.098,
mongo-w1,50,1,267,0.089,
mongo-w1,50,1,268,0.087,
mongo-w1,50,1,269,0.094,
mongo-w1,50,1,270,0.09,
mongo-w1,50,1,271,0.087,
mongo-w1,50,1,272,0.11,
mongo-w1,50,1,273,0.139,
mongo-w1,50,1,274,0.101,
mongo-w1,50,1,275,0.126,
mongo-w1,50,1,276,0.095,
mongo-w1,50,1,277,0.092,
mongo-w1,50,1,278,0.093,
mongo-w1,50,1,279,0.093,
mongo-w1,50,1,280,0.091,
mongo-w1,50,1,281,0.112,
mongo-w1,50,1,282,0.115,
mongo-w1,50,1,283,0.143,
mongo-w1,50,1,284,0.158,
mongo-w1,50,1,285,0.149,
mongo-w1,50,1,286,0.141,
mongo-w1,50,1,287,0.133,
mongo-w1,50,1,288,0.099,
mongo-w1,50,1,289,0.098,
mongo-w1,50,1,290,0.097,
mongo-w1,50,1,291,0.129,
mongo-w1,50,1,292,0.111,
mongo-w1,50,1,293,0.135,
mongo-w1,50,1,294,0.156,
mongo-w1,50,1,295,0.156,
mongo-w1,50,1,296,0.182,
mongo-w1,50,1,297,0.173,
mongo-w1,50,1,298,0.146,
mongo-w1,50,1,299,0.113,
mongo-w1,50,1,300,0.108,
mongo-w1,50,1,301,0.176,
mongo-w1,50,1,302,0.135,
mongo-w1,50,1,303,0.21,
mongo-w1,50,1,304,0.203,
mongo-w1,50,1,305,0.215,
mongo-w1,50,1,306,0.161,
mongo-w1,50,1,307,0.149,
mongo-w1,50,1,308,0.104,
mongo-w1,50,1,309,0.12,
mongo-w1,50,1,310,0.145,
mongo-w1,50,1,311,0.322,
mongo-w1,50,1,312,0.182,
mongo-w1,50,1,313,0.133,
mongo-w1,50,1,314,0.269,
mongo-w1,50,1,315,0.108,
mongo-w1,50,1,316,0.115,
mongo-w1,50,1,317,0.19,
mongo-w1,50,1,318,0.127,
mongo-w1,50,1,319,0.135,
mongo-w1,50,1,320,0.171,
mongo-w1,50,1,321,0.131,
mongo-w1,50,1,322,0.123,
mongo-w1,50,1,323,0.175,
mongo-w1,50,1,324,0.118,
mongo-w1,50,1,325,0.092,
mongo-w1,50,1,326,0.094,
mongo-w1,50,1,327,0.113,
mongo-w1,50,1,328,0.098,
mongo-w1,50,1,329,0.088,
mongo-w1,50,1,330,0.086,
mongo-w1,50,1,331,0.099,
mongo-w1,50,1,332,0.087,
mongo-w1,50,1,333,0.104,
mongo-w1,50,1,334,0.153,
mongo-w1,50,1,335,0.09,
mongo-w1,50,1,336,0.089,
mongo-w1,50,1,337,0.085,
mongo-w1,50,1,338,0.084,
mongo-w1,50,1,339,0.087,
mongo-w1,50,1,340,0.092,
mongo-w1,50,1,341,0.089,
mongo-w1,50,1,342,0.083,
mongo-w1,50,1,343,0.086,
mongo-w1,50,1,344,0.108,
mongo-w1,50,1,345,0.116,
mongo-w1,50,1,346,0.094,
mongo-w1,50,1,347,0.09,
mongo-w1,50,1,348,0.088,
mongo-w1,50,1,349,0.2,
mongo-w1,50,1,350,0.141,
mongo-w1,50,1,351,0.125,
mongo-w1,50,1,352,0.134,
mongo-w1,50,1,353,0.135,
mongo-w1,50,1,354,0.104,
mongo-w1,50,1,355,0.094,
mongo-w1,50,1,356,0.092,
mongo-w1,50,1,357,0.089,
mongo-w1,50,1,358,0.09,
mongo-w1,50,1,359,0.088,
mongo-w1,50,1,360,0.142,
mongo-w1,50,1,361,0.107,
mongo-w1,50,1,362,0.146,
mongo-w1,50,1,363,0.101,
mongo-w1,50,1,364,0.093,
mongo-w1,50,1,365,0.094,
mongo-w1,50,1,366,0.092,
mongo-w1,50,1,367,0.088,
mongo-w1,50,1,368,0.093,
mongo-w1,50,1,369,0.127,
mongo-w1,50,1,370,0.102,
mongo-w1,50,1,371,0.127,
mongo-w1,50,1,372,0.114,
mongo-w1,50,1,373,0.103,
mongo-w1,50,1,374,0.096,
mongo-w1,50,1,375,0.094,
mongo-w1,50,1,376,0.098,
mongo-w1,50,1,377,0.128,
mongo-w1,50,1,378,0.094,
mongo-w1,50,1,379,0.091,
mongo-w1,50,1,380,0.09,
mongo-w1,50,1,381,0.098,
mongo-w1,50,1,382,0.089,
mongo-w1,50,1,383,0.088,
mongo-w1,50,1,384,0.096,
mongo-w1,50,1,385,0.115,
mongo-w1,50,1,386,0.096,
mongo-w1,50,1,387,0.085,
mongo-w1,50,1,388,0.093,
mongo-w1,50,1,389,0.092,
mongo-w1,50,1,390,0.084,
mongo-w1,50,1,391,0.082,
mongo-w1,50,1,392,0.119,
mongo-w1,50,1,393,0.09,
mongo-w1,50,1,394,0.084,
mongo-w1,50,1,395,0.083,
mongo-w1,50,1,396,0.081,
mongo-w1,50,1,397,0.079,
mongo-w1,50,1,398,0.085,
mongo-w1,50,1,399,0.082,
mongo-w1,50,1,400,0.128,
mongo-w1,50,1,401,0.088,
mongo-w1,50,1,402,0.085,
mongo-w1,50,1,403,0.109,
mongo-w1,50,1,404,0.08,
mongo-w1,50,1,405,0.081,
mongo-w1,50,1,406,0.079,
mongo-w1,50,1,407,0.088,
mongo-w1,50,1,408,0.083,
mongo-w1,50,1,409,0.081,
mongo-w1,50,1,410,0.081,
mongo-w1,50,1,411,0.08,
mongo-w1,50,1,412,0.103,
mongo-w1,50,1,413,0.086,
mongo-w1,50,1,414,0.113,
mongo-w1,50,1,415,0.108,
mongo-w1,50,1,416,0.095,
mongo-w1,50,1,417,0.093,
mongo-w1,50,1,418,0.091,
mongo-w1,50,1,419,0.093,
mongo-w1,50,1,420,0.122,
mongo-w1,50,1,421,0.092,
mongo-w1,50,1,422,0.105,
mongo-w1,50,1,423,0.089,
mongo-w1,50,1,424,0.114,
mongo-w1,50,1,425,0.108,
mongo-w1,50,1,426,0.096,
mongo-w1,50,1,427,0.485,
mongo-w1,50,1,428,0.167,
mongo-w1,50,1,429,0.175,
mongo-w1,50,1,430,0.113,
mongo-w1,50,1,431,0.09,
mongo-w1,50,1,432,0.084,
mongo-w1,50,1,433,0.085,
mongo-w1,50,1,434,0.082,
mongo-w1,50,1,435,0.082,
mongo-w1,50,1,436,0.084,
mongo-w1,50,1,437,0.092,
mongo-w1,50,1,438,0.094,
mongo-w1,50,1,439,0.079,
mongo-w1,50,1,440,0.139,
mongo-w1,50,1,441,0.104,
mongo-w1,50,1,442,0.096,
mongo-w1,50,1,443,0.09,
mongo-w1,50,1,444,0.091,
mongo-w1,50,1,445,0.094,
mongo-w1,50,1,446,0.09,
mongo-w1,50,1,447,0.087,
mongo-w1,50,1,448,0.101,
mongo-w1,50,1,449,0.091,
mongo-w1,50,1,450,0.103,
mongo-w1,50,1,451,0.094,
mongo-w1,50,1,452,0.089,
mongo-w1,50,1,453,0.087,
mongo-w1,50,1,454,0.085,
mongo-w1,50,1,455,0.088,
mongo-w1,50,1,456,0.088,
mongo-w1,50,1,457,0.09,
mongo-w1,50,1,458,0.091,
mongo-w1,50,1,459,0.1,
mongo-w1,50,1,460,0.086,
mongo-w1,50,1,461,0.099,
mongo-w1,50,1,462,0.091,
mongo-w1,50,1,463,0.167,
mongo-w1,50,1,464,0.127,
mongo-w1,50,1,465,0.13,
mongo-w1,50,1,466,0.12,
mongo-w1,50,1,467,0.123,
mongo-w1,50,2,1,4.466,
mongo-w1,50,2,2,0.202,
mongo-w1,50,2,3,0.156,
mongo-w1,50,2,4,0.156,
mongo-w1,50,2,5,0.123,
mongo-w1,50,2,6,0.105,
mongo-w1,50,2,7,0.105,
mongo-w1,50,2,8,0.098,
mongo-w1,50,2,9,0.114,
mongo-w1,50,2,10,0.163,
mongo-w1,50,2,11,0.103,
mongo-w1,50,2,12,0.113,
mongo-w1,50,2,13,0.151,
mongo-w1,50,2,14,0.141,
mongo-w1,50,2,15,0.197,
mongo-w1,50,2,16,0.187,
mongo-w1,50,2,17,0.124,
mongo-w1,50,2,18,0.11,
mongo-w1,50,2,19,0.16,
mongo-w1,50,2,20,0.119,
mongo-w1,50,2,21,0.102,
mongo-w1,50,2,22,0.093,
mongo-w1,50,2,23,0.09,
mongo-w1,50,2,24,0.088,
mongo-w1,50,2,25,0.088,
mongo-w1,50,2,26,0.094,
mongo-w1,50,2,27,0.092,
mongo-w1,50,2,28,0.156,
mongo-w1,50,2,29,0.105,
mongo-w1,50,2,30,0.089,
mongo-w1,50,2,31,0.086,
mongo-w1,50,2,32,0.089,
mongo-w1,50,2,33,0.084,
mongo-w1,50,2,34,0.082,
mongo-w1,50,2,35,0.083,
mongo-w1,50,2,36,0.088,
mongo-w1,50,2,37,0.097,
mongo-w1,50,2,38,0.082,
mongo-w1,50,2,39,0.108,
mongo-w1,50,2,40,0.101,
mongo-w1,50,2,41,0.091,
mongo-w1,50,2,42,0.088,
mongo-w1,50,2,43,0.226,
mongo-w1,50,2,44,0.191,
mongo-w1,50,2,45,0.119,
mongo-w1,50,2,46,0.089,
mongo-w1,50,2,47,0.218,
mongo-w1,50,2,48,0.181,
mongo-w1,50,2,49,0.13,
mongo-w1,50,2,50,0.103,
mongo-w1,50,2,51,0.098,
mongo-w1,50,2,52,0.109,
mongo-w1,50,2,53,0.096,
mongo-w1,50,2,54,0.093,
mongo-w1,50,2,55,0.141,
mongo-w1,50,2,56,0.115,
mongo-w1,50,2,57,0.094,
mongo-w1,50,2,58,0.095,
mongo-w1,50,2,59,0.1,
mongo-w1,50,2,60,0.094,
mongo-w1,50,2,61,0.091,
mongo-w1,50,2,62,0.09,
mongo-w1,50,2,63,0.094,
mongo-w1,50,2,64,0.097,
mongo-w1,50,2,65,0.114,
mongo-w1,50,2,66,0.094,
mongo-w1,50,2,67,0.093,
mongo-w1,50,2,68,0.089,
mongo-w1,50,2,69,0.087,
mongo-w1,50,2,70,0.105,
mongo-w1,50,2,71,0.144,
mongo-w1,50,2,72,0.122,
mongo-w1,50,2,73,0.094,
mongo-w1,50,2,74,0.115,
mongo-w1,50,2,75,0.097,
mongo-w1,50,2,76,0.086,
mongo-w1,50,2,77,0.085,
mongo-w1,50,2,78,0.088,
mongo-w1,50,2,79,0.083,
mongo-w1,50,2,80,0.083,
mongo-w1,50,2,81,0.082,
mongo-w1,50,2,82,0.082,
mongo-w1,50,2,83,0.096,
mongo-w1,50,2,84,0.144,
mongo-w1,50,2,85,0.169,
mongo-w1,50,2,86,0.188,
mongo-w1,50,2,87,0.139,
mongo-w1,50,2,88,0.103,
mongo-w1,50,2,89,0.173,
mongo-w1,50,2,90,0.142,
mongo-w1,50,2,91,0.09,
mongo-w1,50,2,92,0.118,
mongo-w1,50,2,93,0.092,
mongo-w1,50,2,94,0.085,
mongo-w1,50,2,95,0.084,
mongo-w1,50,2,96,0.088,
mongo-w1,50,2,97,0.083,
mongo-w1,50,2,98,0.082,
mongo-w1,50,2,99,0.081,
mongo-w1,50,2,100,0.099,
mongo-w1,50,2,101,0.099,
mongo-w1,50,2,102,0.097,
mongo-w1,50,2,103,0.106,
mongo-w1,50,2,104,0.088,
mongo-w1,50,2,105,0.088,
mongo-w1,50,2,106,0.098,
mongo-w1,50,2,107,0.121,
mongo-w1,50,2,108,0.148,
mongo-w1,50,2,109,0.172,
mongo-w1,50,2,110,0.112,
mongo-w1,50,2,111,0.115,
mongo-w1,50,2,112,0.106,
mongo-w1,50,2,113,0.098,
mongo-w1,50,2,114,0.097,
mongo-w1,50,2,115,0.118,
mongo-w1,50,2,116,0.096,
mongo-w1,50,2,117,0.087,
mongo-w1,50,2,118,0.087,
mongo-w1,50,2,119,0.093,
mongo-w1,50,2,120,0.092,
mongo-w1,50,2,121,0.089,
mongo-w1,50,2,122,0.099,
mongo-w1,50,2,123,0.088,
mongo-w1,50,2,124,0.085,
mongo-w1,50,2,125,0.086,
mongo-w1,50,2,126,0.083,
mongo-w1,50,2,127,0.104,
mongo-w1,50,2,128,0.087,
mongo-w1,50,2,129,0.082,
mongo-w1,50,2,130,0.091,
mongo-w1,50,2,131,0.087,
mongo-w1,50,2,132,0.08,
mongo-w1,50,2,133,0.108,
mongo-w1,50,2,134,0.083,
mongo-w1,50,2,135,0.087,
mongo-w1,50,2,136,0.081,
mongo-w1,50,2,137,0.079,
mongo-w1,50,2,138,0.079,
mongo-w1,50,2,139,0.08,
mongo-w1,50,2,140,0.078,
mongo-w1,50,2,141,0.078,
mongo-w1,50,2,142,0.081,
mongo-w1,50,2,143,0.082,
mongo-w1,50,2,144,0.081,
mongo-w1,50,2,145,0.096,
mongo-w1,50,2,146,0.08,
mongo-w1,50,2,147,0.078,
mongo-w1,50,2,148,0.079,
mongo-w1,50,2,149,0.085,
mongo-w1,50,2,150,0.079,
mongo-w1,50,2,151,0.079,
mongo-w1,50,2,152,0.118,
mongo-w1,50,2,153,0.084,
mongo-w1,50,2,154,0.097,
mongo-w1,50,2,155,0.081,
mongo-w1,50,2,156,0.103,
mongo-w1,50,2,157,0.099,
mongo-w1,50,2,158,0.088,
mongo-w1,50,2,159,0.086,
mongo-w1,50,2,160,0.09,
mongo-w1,50,2,161,0.09,
mongo-w1,50,2,162,0.084,
mongo-w1,50,2,163,0.083,
mongo-w1,50,2,164,0.083,
mongo-w1,50,2,165,0.082,
mongo-w1,50,2,166,0.082,
mongo-w1,50,2,167,0.097,
mongo-w1,50,2,168,0.114,
mongo-w1,50,2,169,0.099,
mongo-w1,50,2,170,0.088,
mongo-w1,50,2,171,0.086,
mongo-w1,50,2,172,0.086,
mongo-w1,50,2,173,0.097,
mongo-w1,50,2,174,0.088,
mongo-w1,50,2,175,0.089,
mongo-w1,50,2,176,0.103,
mongo-w1,50,2,177,0.088,
mongo-w1,50,2,178,0.103,
mongo-w1,50,2,179,0.108,
mongo-w1,50,2,180,0.086,
mongo-w1,50,2,181,0.085,
mongo-w1,50,2,182,0.093,
mongo-w1,50,2,183,0.111,
mongo-w1,50,2,184,0.09,
mongo-w1,50,2,185,0.09,
mongo-w1,50,2,186,0.089,
mongo-w1,50,2,187,0.081,
mongo-w1,50,2,188,0.081,
mongo-w1,50,2,189,0.123,
mongo-w1,50,2,190,0.089,
mongo-w1,50,2,191,0.083,
mongo-w1,50,2,192,0.078,
mongo-w1,50,2,193,0.079,
mongo-w1,50,2,194,0.077,
mongo-w1,50,2,195,0.367,
mongo-w1,50,2,196,0.116,
mongo-w1,50,2,197,0.118,
mongo-w1,50,2,198,0.087,
mongo-w1,50,2,199,0.094,
mongo-w1,50,2,200,0.083,
mongo-w1,50,2,201,0.085,
mongo-w1,50,2,202,0.084,
mongo-w1,50,2,203,0.086,
mongo-w1,50,2,204,0.084,
mongo-w1,50,2,205,0.125,
mongo-w1,50,2,206,0.089,
mongo-w1,50,2,207,0.088,
mongo-w1,50,2,208,0.108,
mongo-w1,50,2,209,0.109,
mongo-w1,50,2,210,0.088,
mongo-w1,50,2,211,0.085,
mongo-w1,50,2,212,0.085,
mongo-w1,50,2,213,0.087,
mongo-w1,50,2,214,0.086,
mongo-w1,50,2,215,0.084,
mongo-w1,50,2,216,0.124,
mongo-w1,50,2,217,0.191,
mongo-w1,50,2,218,0.169,
mongo-w1,50,2,219,0.155,
mongo-w1,50,2,220,0.131,
mongo-w1,50,2,221,0.16,
mongo-w1,50,2,222,0.116,
mongo-w1,50,2,223,0.118,
mongo-w1,50,2,224,0.231,
mongo-w1,50,2,225,0.206,
mongo-w1,50,2,226,0.193,
mongo-w1,50,2,227,0.221,
mongo-w1,50,2,228,0.148,
mongo-w1,50,2,229,0.114,
mongo-w1,50,2,230,0.155,
mongo-w1,50,2,231,0.206,
mongo-w1,50,2,232,0.142,
mongo-w1,50,2,233,0.214,
mongo-w1,50,2,234,0.201,
mongo-w1,50,2,235,0.138,
mongo-w1,50,2,236,0.16,
mongo-w1,50,2,237,0.238,
mongo-w1,50,2,238,0.144,
mongo-w1,50,2,239,0.114,
mongo-w1,50,2,240,0.339,
mongo-w1,50,2,241,0.168,
mongo-w1,50,2,242,0.252,
mongo-w1,50,2,243,0.411,
mongo-w1,50,2,244,0.25,
mongo-w1,50,2,245,0.295,
mongo-w1,50,2,246,0.165,
mongo-w1,50,2,247,0.17,
mongo-w1,50,2,248,0.154,
mongo-w1,50,2,249,0.166,
mongo-w1,50,2,250,0.107,
mongo-w1,50,2,251,0.103,
mongo-w1,50,2,252,0.104,
mongo-w1,50,2,253,0.09,
mongo-w1,50,2,254,0.089,
mongo-w1,50,2,255,0.096,
mongo-w1,50,2,256,0.091,
mongo-w1,50,2,257,0.085,
mongo-w1,50,2,258,0.085,
mongo-w1,50,2,259,0.11,
mongo-w1,50,2,260,0.089,
mongo-w1,50,2,261,0.083,
mongo-w1,50,2,262,0.082,
mongo-w1,50,2,263,0.086,
mongo-w1,50,2,264,0.08,
mongo-w1,50,2,265,0.081,
mongo-w1,50,2,266,0.082,
mongo-w1,50,2,267,0.08,
mongo-w1,50,2,268,0.116,
mongo-w1,50,2,269,0.091,
mongo-w1,50,2,270,0.112,
mongo-w1,50,2,271,0.104,
mongo-w1,50,2,272,0.089,
mongo-w1,50,2,273,0.088,
mongo-w1,50,2,274,0.088,
mongo-w1,50,2,275,0.085,
mongo-w1,50,2,276,0.085,
mongo-w1,50,2,277,0.084,
mongo-w1,50,2,278,0.083,
mongo-w1,50,2,279,0.085,
mongo-w1,50,2,280,0.085,
mongo-w1,50,2,281,0.116,
mongo-w1,50,2,282,0.147,
mongo-w1,50,2,283,0.089,
mongo-w1,50,2,284,0.086,
mongo-w1,50,2,285,0.084,
mongo-w1,50,2,286,0.082,
mongo-w1,50,2,287,0.082,
mongo-w1,50,2,288,0.083,
mongo-w1,50,2,289,0.086,
mongo-w1,50,2,290,0.082,
mongo-w1,50,2,291,0.083,
mongo-w1,50,2,292,0.107,
mongo-w1,50,2,293,0.093,
mongo-w1,50,2,294,0.083,
mongo-w1,50,2,295,0.082,
mongo-w1,50,2,296,0.082,
mongo-w1,50,2,297,0.082,
mongo-w1,50,2,298,0.082,
mongo-w1,50,2,299,0.089,
mongo-w1,50,2,300,0.08,
mongo-w1,50,2,301,0.093,
mongo-w1,50,2,302,0.09,
mongo-w1,50,2,303,0.095,
mongo-w1,50,2,304,0.102,
mongo-w1,50,2,305,0.083,
mongo-w1,50,2,306,0.082,
mongo-w1,50,2,307,0.083,
mongo-w1,50,2,308,0.081,
mongo-w1,50,2,309,0.081,
mongo-w1,50,2,310,0.08,
mongo-w1,50,2,311,0.08,
mongo-w1,50,2,312,0.08,
mongo-w1,50,2,313,0.096,
mongo-w1,50,2,314,0.088,
mongo-w1,50,2,315,0.094,
mongo-w1,50,2,316,0.081,
mongo-w1,50,2,317,0.08,
mongo-w1,50,2,318,0.08,
mongo-w1,50,2,319,0.081,
mongo-w1,50,2,320,0.08,
mongo-w1,50,2,321,0.088,
mongo-w1,50,2,322,0.081,
mongo-w1,50,2,323,0.08,
mongo-w1,50,2,324,0.082,
mongo-w1,50,2,325,0.112,
mongo-w1,50,2,326,0.081,
mongo-w1,50,2,327,0.1,
mongo-w1,50,2,328,0.084,
mongo-w1,50,2,329,0.081,
mongo-w1,50,2,330,0.09,
mongo-w1,50,2,331,0.115,
mongo-w1,50,2,332,0.095,
mongo-w1,50,2,333,0.086,
mongo-w1,50,2,334,0.101,
mongo-w1,50,2,335,0.104,
mongo-w1,50,2,336,0.094,
mongo-w1,50,2,337,0.099,
mongo-w1,50,2,338,0.107,
mongo-w1,50,2,339,0.096,
mongo-w1,50,2,340,0.092,
mongo-w1,50,2,341,0.085,
mongo-w1,50,2,342,0.085,
mongo-w1,50,2,343,0.084,
mongo-w1,50,2,344,0.084,
mongo-w1,50,2,345,0.084,
mongo-w1,50,2,346,0.094,
mongo-w1,50,2,347,0.09,
mongo-w1,50,2,348,0.093,
mongo-w1,50,2,349,0.1,
mongo-w1,50,2,350,0.087,
mongo-w1,50,2,351,0.084,
mongo-w1,50,2,352,0.083,
mongo-w1,50,2,353,0.083,
mongo-w1,50,2,354,0.081,
mongo-w1,50,2,355,0.082,
mongo-w1,50,2,356,0.081,
mongo-w1,50,2,357,0.081,
mongo-w1,50,2,358,0.1,
mongo-w1,50,2,359,0.098,
mongo-w1,50,2,360,0.099,
mongo-w1,50,2,361,0.09,
mongo-w1,50,2,362,0.082,
mongo-w1,50,2,363,0.082,
mongo-w1,50,2,364,0.081,
mongo-w1,50,2,365,0.081,
mongo-w1,50,2,366,0.083,
mongo-w1,50,2,367,0.085,
mongo-w1,50,2,368,0.119,
mongo-w1,50,2,369,0.085,
mongo-w1,50,2,370,0.082,
mongo-w1,50,2,371,0.089,
mongo-w1,50,2,372,0.095,
mongo-w1,50,2,373,0.081,
mongo-w1,50,2,374,0.085,
mongo-w1,50,2,375,0.08,
mongo-w1,50,2,376,0.082,
mongo-w1,50,2,377,0.081,
mongo-w1,50,2,378,0.08,
mongo-w1,50,2,379,0.081,
mongo-w1,50,2,380,0.08,
mongo-w1,50,2,381,0.092,
mongo-w1,50,2,382,0.084,
mongo-w1,50,2,383,0.1,
mongo-w1,50,2,384,0.095,
mongo-w1,50,2,385,0.081,
mongo-w1,50,2,386,0.082,
mongo-w1,50,2,387,0.08,
mongo-w1,50,2,388,0.08,
mongo-w1,50,2,389,0.078,
mongo-w1,50,2,390,0.08,
mongo-w1,50,2,391,0.094,
mongo-w1,50,2,392,0.15,
mongo-w1,50,2,393,0.091,
mongo-w1,50,2,394,0.114,
mongo-w1,50,2,395,0.09,
mongo-w1,50,2,396,0.085,
mongo-w1,50,2,397,0.08,
mongo-w1,50,2,398,0.08,
mongo-w1,50,2,399,0.082,
mongo-w1,50,2,400,0.078,
mongo-w1,50,2,401,0.081,
mongo-w1,50,2,402,0.084,
mongo-w1,50,2,403,0.083,
mongo-w1,50,2,404,0.079,
mongo-w1,50,2,405,0.078,
mongo-w1,50,2,406,0.128,
mongo-w1,50,2,407,0.106,
mongo-w1,50,2,408,0.089,
mongo-w1,50,2,409,0.082,
mongo-w1,50,2,410,0.115,
mongo-w1,50,2,411,0.111,
mongo-w1,50,2,412,0.087,
mongo-w1,50,2,413,0.097,
mongo-w1,50,2,414,0.103,
mongo-w1,50,2,415,0.081,
mongo-w1,50,2,416,0.129,
mongo-w1,50,2,417,0.108,
mongo-w1,50,2,418,0.125,
mongo-w1,50,2,419,0.122,
mongo-w1,50,2,420,0.126,
mongo-w1,50,2,421,0.12,
mongo-w1,50,2,422,0.135,
mongo-w1,50,2,423,0.135,
mongo-w1,50,2,424,0.144,
mongo-w1,50,2,425,0.139,
mongo-w1,50,2,426,0.148,
mongo-w1,50,2,427,0.24,
mongo-w1,50,2,428,0.137,
mongo-w1,50,2,429,0.135,
mongo-w1,50,2,430,0.144,
mongo-w1,50,2,431,0.139,
mongo-w1,50,2,432,0.124,
mongo-w1,50,2,433,0.125,
mongo-w1,50,2,434,0.123,
mongo-w1,50,2,435,0.127,
mongo-w1,50,2,436,0.131,
mongo-w1,50,2,437,0.124,
mongo-w1,50,2,438,0.147,
mongo-w1,50,2,439,0.127,
mongo-w1,50,2,440,0.125,
mongo-w1,50,2,441,0.125,
mongo-w1,50,2,442,0.131,
mongo-w1,50,2,443,0.136,
mongo-w1,50,2,444,0.134,
mongo-w1,50,2,445,0.132,
mongo-w1,50,2,446,0.132,
mongo-w1,50,2,447,0.13,
mongo-w1,50,2,448,0.122,
mongo-w1,50,2,449,0.124,
mongo-w1,50,2,450,0.124,
mongo-w1,50,2,451,0.132,
mongo-w1,50,2,452,0.159,
mongo-w1,50,2,453,0.128,
mongo-w1,50,2,454,0.125,
mongo-w1,50,2,455,0.123,
mongo-w1,50,2,456,0.125,
mongo-w1,50,2,457,0.123,
mongo-w1,50,2,458,0.121,
mongo-w1,50,2,459,0.122,
mongo-w1,50,2,460,0.121,
mongo-w1,50,2,461,0.131,
mongo-w1,50,2,462,0.13,
mongo-w1,50,2,463,0.12,
mongo-w1,50,2,464,0.12,
mongo-w1,50,2,465,0.122,
mongo-w1,50,2,466,0.124,
mongo-w1,50,2,467,0.121,
mongo-w1,50,3,1,3.985,
mongo-w1,50,3,2,0.121,
mongo-w1,50,3,3,0.096,
mongo-w1,50,3,4,0.091,
mongo-w1,50,3,5,0.088,
mongo-w1,50,3,6,0.087,
mongo-w1,50,3,7,0.093,
mongo-w1,50,3,8,0.101,
mongo-w1,50,3,9,0.087,
mongo-w1,50,3,10,0.117,
mongo-w1,50,3,11,0.12,
mongo-w1,50,3,12,0.092,
mongo-w1,50,3,13,0.094,
mongo-w1,50,3,14,0.127,
mongo-w1,50,3,15,0.101,
mongo-w1,50,3,16,0.094,
mongo-w1,50,3,17,0.103,
mongo-w1,50,3,18,0.089,
mongo-w1,50,3,19,0.087,
mongo-w1,50,3,20,0.094,
mongo-w1,50,3,21,0.1,
mongo-w1,50,3,22,0.085,
mongo-w1,50,3,23,0.085,
mongo-w1,50,3,24,0.09,
mongo-w1,50,3,25,0.107,
mongo-w1,50,3,26,0.09,
mongo-w1,50,3,27,0.086,
mongo-w1,50,3,28,0.086,
mongo-w1,50,3,29,0.093,
mongo-w1,50,3,30,0.171,
mongo-w1,50,3,31,0.146,
mongo-w1,50,3,32,0.234,
mongo-w1,50,3,33,0.138,
mongo-w1,50,3,34,0.094,
mongo-w1,50,3,35,0.107,
mongo-w1,50,3,36,0.119,
mongo-w1,50,3,37,0.097,
mongo-w1,50,3,38,0.126,
mongo-w1,50,3,39,0.096,
mongo-w1,50,3,40,0.09,
mongo-w1,50,3,41,0.087,
mongo-w1,50,3,42,0.085,
mongo-w1,50,3,43,0.087,
mongo-w1,50,3,44,0.086,
mongo-w1,50,3,45,0.084,
mongo-w1,50,3,46,0.091,
mongo-w1,50,3,47,0.092,
mongo-w1,50,3,48,0.094,
mongo-w1,50,3,49,0.1,
mongo-w1,50,3,50,0.085,
mongo-w1,50,3,51,0.084,
mongo-w1,50,3,52,0.085,
mongo-w1,50,3,53,0.085,
mongo-w1,50,3,54,0.084,
mongo-w1,50,3,55,0.084,
mongo-w1,50,3,56,0.084,
mongo-w1,50,3,57,0.133,
mongo-w1,50,3,58,0.114,
mongo-w1,50,3,59,0.11,
mongo-w1,50,3,60,0.097,
mongo-w1,50,3,61,0.086,
mongo-w1,50,3,62,0.083,
mongo-w1,50,3,63,0.084,
mongo-w1,50,3,64,0.084,
mongo-w1,50,3,65,0.081,
mongo-w1,50,3,66,0.082,
mongo-w1,50,3,67,0.084,
mongo-w1,50,3,68,0.092,
mongo-w1,50,3,69,0.088,
mongo-w1,50,3,70,0.097,
mongo-w1,50,3,71,0.146,
mongo-w1,50,3,72,0.12,
mongo-w1,50,3,73,0.091,
mongo-w1,50,3,74,0.112,
mongo-w1,50,3,75,0.123,
mongo-w1,50,3,76,0.1,
mongo-w1,50,3,77,0.095,
mongo-w1,50,3,78,0.088,
mongo-w1,50,3,79,0.084,
mongo-w1,50,3,80,0.099,
mongo-w1,50,3,81,0.087,
mongo-w1,50,3,82,0.086,
mongo-w1,50,3,83,0.127,
mongo-w1,50,3,84,0.111,
mongo-w1,50,3,85,0.089,
mongo-w1,50,3,86,0.087,
mongo-w1,50,3,87,0.09,
mongo-w1,50,3,88,0.088,
mongo-w1,50,3,89,0.082,
mongo-w1,50,3,90,0.095,
mongo-w1,50,3,91,0.099,
mongo-w1,50,3,92,0.083,
mongo-w1,50,3,93,0.08,
mongo-w1,50,3,94,0.082,
mongo-w1,50,3,95,0.08,
mongo-w1,50,3,96,0.079,
mongo-w1,50,3,97,0.08,
mongo-w1,50,3,98,0.08,
mongo-w1,50,3,99,0.08,
mongo-w1,50,3,100,0.096,
mongo-w1,50,3,101,0.08,
mongo-w1,50,3,102,0.093,
mongo-w1,50,3,103,0.098,
mongo-w1,50,3,104,0.082,
mongo-w1,50,3,105,0.083,
mongo-w1,50,3,106,0.082,
mongo-w1,50,3,107,0.078,
mongo-w1,50,3,108,0.085,
mongo-w1,50,3,109,0.082,
mongo-w1,50,3,110,0.078,
mongo-w1,50,3,111,0.083,
mongo-w1,50,3,112,0.098,
mongo-w1,50,3,113,0.081,
mongo-w1,50,3,114,0.103,
mongo-w1,50,3,115,0.116,
mongo-w1,50,3,116,0.089,
mongo-w1,50,3,117,0.087,
mongo-w1,50,3,118,0.127,
mongo-w1,50,3,119,0.091,
mongo-w1,50,3,120,0.085,
mongo-w1,50,3,121,0.084,
mongo-w1,50,3,122,0.1,
mongo-w1,50,3,123,0.091,
mongo-w1,50,3,124,0.093,
mongo-w1,50,3,125,0.096,
mongo-w1,50,3,126,0.083,
mongo-w1,50,3,127,0.082,
mongo-w1,50,3,128,0.082,
mongo-w1,50,3,129,0.082,
mongo-w1,50,3,130,0.087,
mongo-w1,50,3,131,0.083,
mongo-w1,50,3,132,0.086,
mongo-w1,50,3,133,0.108,
mongo-w1,50,3,134,0.114,
mongo-w1,50,3,135,0.111,
mongo-w1,50,3,136,0.092,
mongo-w1,50,3,137,0.084,
mongo-w1,50,3,138,0.084,
mongo-w1,50,3,139,0.081,
mongo-w1,50,3,140,0.08,
mongo-w1,50,3,141,0.081,
mongo-w1,50,3,142,0.079,
mongo-w1,50,3,143,0.083,
mongo-w1,50,3,144,0.091,
mongo-w1,50,3,145,0.104,
mongo-w1,50,3,146,0.084,
mongo-w1,50,3,147,0.109,
mongo-w1,50,3,148,0.082,
mongo-w1,50,3,149,0.084,
mongo-w1,50,3,150,0.083,
mongo-w1,50,3,151,0.082,
mongo-w1,50,3,152,0.08,
mongo-w1,50,3,153,0.079,
mongo-w1,50,3,154,0.081,
mongo-w1,50,3,155,0.082,
mongo-w1,50,3,156,0.114,
mongo-w1,50,3,157,0.091,
mongo-w1,50,3,158,0.104,
mongo-w1,50,3,159,0.124,
mongo-w1,50,3,160,0.103,
mongo-w1,50,3,161,0.121,
mongo-w1,50,3,162,0.087,
mongo-w1,50,3,163,0.086,
mongo-w1,50,3,164,0.085,
mongo-w1,50,3,165,0.086,
mongo-w1,50,3,166,0.112,
mongo-w1,50,3,167,0.112,
mongo-w1,50,3,168,0.174,
mongo-w1,50,3,169,0.134,
mongo-w1,50,3,170,0.127,
mongo-w1,50,3,171,0.149,
mongo-w1,50,3,172,0.198,
mongo-w1,50,3,173,0.166,
mongo-w1,50,3,174,0.152,
mongo-w1,50,3,175,0.166,
mongo-w1,50,3,176,0.158,
mongo-w1,50,3,177,0.159,
mongo-w1,50,3,178,0.214,
mongo-w1,50,3,179,0.144,
mongo-w1,50,3,180,0.175,
mongo-w1,50,3,181,0.149,
mongo-w1,50,3,182,0.113,
mongo-w1,50,3,183,0.128,
mongo-w1,50,3,184,0.119,
mongo-w1,50,3,185,0.209,
mongo-w1,50,3,186,0.14,
mongo-w1,50,3,187,0.267,
mongo-w1,50,3,188,0.151,
mongo-w1,50,3,189,0.209,
mongo-w1,50,3,190,0.138,
mongo-w1,50,3,191,0.095,
mongo-w1,50,3,192,0.117,
mongo-w1,50,3,193,0.244,
mongo-w1,50,3,194,0.224,
mongo-w1,50,3,195,0.218,
mongo-w1,50,3,196,0.256,
mongo-w1,50,3,197,0.226,
mongo-w1,50,3,198,0.231,
mongo-w1,50,3,199,0.141,
mongo-w1,50,3,200,0.31,
mongo-w1,50,3,201,0.14,
mongo-w1,50,3,202,0.159,
mongo-w1,50,3,203,0.173,
mongo-w1,50,3,204,0.518,
mongo-w1,50,3,205,0.163,
mongo-w1,50,3,206,0.137,
mongo-w1,50,3,207,0.106,
mongo-w1,50,3,208,0.095,
mongo-w1,50,3,209,0.093,
mongo-w1,50,3,210,0.098,
mongo-w1,50,3,211,0.091,
mongo-w1,50,3,212,0.097,
mongo-w1,50,3,213,0.11,
mongo-w1,50,3,214,0.094,
mongo-w1,50,3,215,0.089,
mongo-w1,50,3,216,0.113,
mongo-w1,50,3,217,0.103,
mongo-w1,50,3,218,0.095,
mongo-w1,50,3,219,0.093,
mongo-w1,50,3,220,0.091,
mongo-w1,50,3,221,0.09,
mongo-w1,50,3,222,0.115,
mongo-w1,50,3,223,0.121,
mongo-w1,50,3,224,0.109,
mongo-w1,50,3,225,0.112,
mongo-w1,50,3,226,0.115,
mongo-w1,50,3,227,0.116,
mongo-w1,50,3,228,0.1,
mongo-w1,50,3,229,0.093,
mongo-w1,50,3,230,0.108,
mongo-w1,50,3,231,0.11,
mongo-w1,50,3,232,0.098,
mongo-w1,50,3,233,0.11,
mongo-w1,50,3,234,0.114,
mongo-w1,50,3,235,0.126,
mongo-w1,50,3,236,0.099,
mongo-w1,50,3,237,0.089,
mongo-w1,50,3,238,0.086,
mongo-w1,50,3,239,0.086,
mongo-w1,50,3,240,0.086,
mongo-w1,50,3,241,0.1,
mongo-w1,50,3,242,0.087,
mongo-w1,50,3,243,0.084,
mongo-w1,50,3,244,0.084,
mongo-w1,50,3,245,0.082,
mongo-w1,50,3,246,0.109,
mongo-w1,50,3,247,0.084,
mongo-w1,50,3,248,0.118,
mongo-w1,50,3,249,0.088,
mongo-w1,50,3,250,0.084,
mongo-w1,50,3,251,0.088,
mongo-w1,50,3,252,0.12,
mongo-w1,50,3,253,0.11,
mongo-w1,50,3,254,0.109,
mongo-w1,50,3,255,0.09,
mongo-w1,50,3,256,0.119,
mongo-w1,50,3,257,0.087,
mongo-w1,50,3,258,0.085,
mongo-w1,50,3,259,0.082,
mongo-w1,50,3,260,0.082,
mongo-w1,50,3,261,0.083,
mongo-w1,50,3,262,0.084,
mongo-w1,50,3,263,0.088,
mongo-w1,50,3,264,0.087,
mongo-w1,50,3,265,0.083,
mongo-w1,50,3,266,0.087,
mongo-w1,50,3,267,0.122,
mongo-w1,50,3,268,0.1,
mongo-w1,50,3,269,0.091,
mongo-w1,50,3,270,0.089,
mongo-w1,50,3,271,0.086,
mongo-w1,50,3,272,0.084,
mongo-w1,50,3,273,0.083,
mongo-w1,50,3,274,0.083,
mongo-w1,50,3,275,0.082,
mongo-w1,50,3,276,0.101,
mongo-w1,50,3,277,0.082,
mongo-w1,50,3,278,0.097,
mongo-w1,50,3,279,0.105,
mongo-w1,50,3,280,0.087,
mongo-w1,50,3,281,0.082,
mongo-w1,50,3,282,0.085,
mongo-w1,50,3,283,0.081,
mongo-w1,50,3,284,0.082,
mongo-w1,50,3,285,0.079,
mongo-w1,50,3,286,0.08,
mongo-w1,50,3,287,0.108,
mongo-w1,50,3,288,0.088,
mongo-w1,50,3,289,0.094,
mongo-w1,50,3,290,0.102,
mongo-w1,50,3,291,0.123,
mongo-w1,50,3,292,0.085,
mongo-w1,50,3,293,0.084,
mongo-w1,50,3,294,0.084,
mongo-w1,50,3,295,0.089,
mongo-w1,50,3,296,0.115,
mongo-w1,50,3,297,0.1,
mongo-w1,50,3,298,0.09,
mongo-w1,50,3,299,0.088,
mongo-w1,50,3,300,0.125,
mongo-w1,50,3,301,0.093,
mongo-w1,50,3,302,0.087,
mongo-w1,50,3,303,0.088,
mongo-w1,50,3,304,0.087,
mongo-w1,50,3,305,0.088,
mongo-w1,50,3,306,0.083,
mongo-w1,50,3,307,0.082,
mongo-w1,50,3,308,0.084,
mongo-w1,50,3,309,0.081,
mongo-w1,50,3,310,0.082,
mongo-w1,50,3,311,0.093,
mongo-w1,50,3,312,0.08,
mongo-w1,50,3,313,0.08,
mongo-w1,50,3,314,0.079,
mongo-w1,50,3,315,0.08,
mongo-w1,50,3,316,0.08,
mongo-w1,50,3,317,0.079,
mongo-w1,50,3,318,0.079,
mongo-w1,50,3,319,0.095,
mongo-w1,50,3,320,0.099,
mongo-w1,50,3,321,0.086,
mongo-w1,50,3,322,0.083,
mongo-w1,50,3,323,0.115,
mongo-w1,50,3,324,0.101,
mongo-w1,50,3,325,0.081,
mongo-w1,50,3,326,0.079,
mongo-w1,50,3,327,0.078,
mongo-w1,50,3,328,0.079,
mongo-w1,50,3,329,0.078,
mongo-w1,50,3,330,0.078,
mongo-w1,50,3,331,0.082,
mongo-w1,50,3,332,0.096,
mongo-w1,50,3,333,0.08,
mongo-w1,50,3,334,0.126,
mongo-w1,50,3,335,0.1,
mongo-w1,50,3,336,0.09,
mongo-w1,50,3,337,0.082,
mongo-w1,50,3,338,0.089,
mongo-w1,50,3,339,0.092,
mongo-w1,50,3,340,0.082,
mongo-w1,50,3,341,0.09,
mongo-w1,50,3,342,0.097,
mongo-w1,50,3,343,0.134,
mongo-w1,50,3,344,0.112,
mongo-w1,50,3,345,0.102,
mongo-w1,50,3,346,0.083,
mongo-w1,50,3,347,0.081,
mongo-w1,50,3,348,0.081,
mongo-w1,50,3,349,0.082,
mongo-w1,50,3,350,0.082,
mongo-w1,50,3,351,0.079,
mongo-w1,50,3,352,0.08,
mongo-w1,50,3,353,0.085,
mongo-w1,50,3,354,0.095,
mongo-w1,50,3,355,0.08,
mongo-w1,50,3,356,0.095,
mongo-w1,50,3,357,0.09,
mongo-w1,50,3,358,0.082,
mongo-w1,50,3,359,0.08,
mongo-w1,50,3,360,0.079,
mongo-w1,50,3,361,0.08,
mongo-w1,50,3,362,0.08,
mongo-w1,50,3,363,0.081,
mongo-w1,50,3,364,0.079,
mongo-w1,50,3,365,0.081,
mongo-w1,50,3,366,0.1,
mongo-w1,50,3,367,0.081,
mongo-w1,50,3,368,0.116,
mongo-w1,50,3,369,0.085,
mongo-w1,50,3,370,0.078,
mongo-w1,50,3,371,0.078,
mongo-w1,50,3,372,0.078,
mongo-w1,50,3,373,0.112,
mongo-w1,50,3,374,0.134,
mongo-w1,50,3,375,0.189,
mongo-w1,50,3,376,0.248,
mongo-w1,50,3,377,0.143,
mongo-w1,50,3,378,0.127,
mongo-w1,50,3,379,0.123,
mongo-w1,50,3,380,0.126,
mongo-w1,50,3,381,0.132,
mongo-w1,50,3,382,0.132,
mongo-w1,50,3,383,0.147,
mongo-w1,50,3,384,0.129,
mongo-w1,50,3,385,0.123,
mongo-w1,50,3,386,0.13,
mongo-w1,50,3,387,0.136,
mongo-w1,50,3,388,0.121,
mongo-w1,50,3,389,0.13,
mongo-w1,50,3,390,0.164,
mongo-w1,50,3,391,0.132,
mongo-w1,50,3,392,0.12,
mongo-w1,50,3,393,0.12,
mongo-w1,50,3,394,0.119,
mongo-w1,50,3,395,0.121,
mongo-w1,50,3,396,0.12,
mongo-w1,50,3,397,0.124,
mongo-w1,50,3,398,0.133,
mongo-w1,50,3,399,0.133,
mongo-w1,50,3,400,0.125,
mongo-w1,50,3,401,0.146,
mongo-w1,50,3,402,0.123,
mongo-w1,50,3,403,0.118,
mongo-w1,50,3,404,0.116,
mongo-w1,50,3,405,0.124,
mongo-w1,50,3,406,0.119,
mongo-w1,50,3,407,0.135,
mongo-w1,50,3,408,0.131,
mongo-w1,50,3,409,0.118,
mongo-w1,50,3,410,0.118,
mongo-w1,50,3,411,0.119,
mongo-w1,50,3,412,0.118,
mongo-w1,50,3,413,0.142,
mongo-w1,50,3,414,0.132,
mongo-w1,50,3,415,0.139,
mongo-w1,50,3,416,0.12,
mongo-w1,50,3,417,0.123,
mongo-w1,50,3,418,0.121,
mongo-w1,50,3,419,0.118,
mongo-w1,50,3,420,0.126,
mongo-w1,50,3,421,0.122,
mongo-w1,50,3,422,0.18,
mongo-w1,50,3,423,0.136,
mongo-w1,50,3,424,0.137,
mongo-w1,50,3,425,0.142,
mongo-w1,50,3,426,0.276,
mongo-w1,50,3,427,0.144,
mongo-w1,50,3,428,0.145,
mongo-w1,50,3,429,0.127,
mongo-w1,50,3,430,0.125,
mongo-w1,50,3,431,0.11,
mongo-w1,50,3,432,0.124,
mongo-w1,50,3,433,0.089,
mongo-w1,50,3,434,0.087,
mongo-w1,50,3,435,0.081,
mongo-w1,50,3,436,0.093,
mongo-w1,50,3,437,0.087,
mongo-w1,50,3,438,0.09,
mongo-w1,50,3,439,0.131,
mongo-w1,50,3,440,0.09,
mongo-w1,50,3,441,0.086,
mongo-w1,50,3,442,0.087,
mongo-w1,50,3,443,0.081,
mongo-w1,50,3,444,0.082,
mongo-w1,50,3,445,0.081,
mongo-w1,50,3,446,0.083,
mongo-w1,50,3,447,0.087,
mongo-w1,50,3,448,0.086,
mongo-w1,50,3,449,0.084,
mongo-w1,50,3,450,0.108,
mongo-w1,50,3,451,0.083,
mongo-w1,50,3,452,0.08,
mongo-w1,50,3,453,0.083,
mongo-w1,50,3,454,0.084,
mongo-w1,50,3,455,0.081,
mongo-w1,50,3,456,0.08,
mongo-w1,50,3,457,0.079,
mongo-w1,50,3,458,0.081,
mongo-w1,50,3,459,0.09,
mongo-w1,50,3,460,0.086,
mongo-w1,50,3,461,0.088,
mongo-w1,50,3,462,0.116,
mongo-w1,50,3,463,0.09,
mongo-w1,50,3,464,0.083,
mongo-w1,50,3,465,0.08,
mongo-w1,50,3,466,0.078,
mongo-w1,50,3,467,0.079,
mongo-majority,50,1,1,109.473,
mongo-majority,50,1,2,101.945,
mongo-majority,50,1,3,84.441,
mongo-majority,50,1,4,71.614,
mongo-majority,50,1,5,106.68,
mongo-majority,50,1,6,106.665,
mongo-majority,50,1,7,106.907,
mongo-majority,50,1,8,106.059,
mongo-majority,50,1,9,104.827,
mongo-majority,50,1,10,102.274,
mongo-majority,50,1,11,103.587,
mongo-majority,50,1,12,106.226,
mongo-majority,50,1,13,106.766,
mongo-majority,50,1,14,105.468,
mongo-majority,50,1,15,105.608,
mongo-majority,50,1,16,106.017,
mongo-majority,50,1,17,105.611,
mongo-majority,50,1,18,105.622,
mongo-majority,50,1,19,100.816,
mongo-majority,50,1,20,83.783,
mongo-majority,50,1,21,73.415,
mongo-majority,50,1,22,106.351,
mongo-majority,50,1,23,104.359,
mongo-majority,50,1,24,101.962,
mongo-majority,50,1,25,103.185,
mongo-majority,50,1,26,104.62,
mongo-majority,50,1,27,105.454,
mongo-majority,50,1,28,106.469,
mongo-majority,50,1,29,111.165,
mongo-majority,50,1,30,106.569,
mongo-majority,50,1,31,106.871,
mongo-majority,50,1,32,105.671,
mongo-majority,50,1,33,106.858,
mongo-majority,50,1,34,105.381,
mongo-majority,50,1,35,105.786,
mongo-majority,50,1,36,104.953,
mongo-majority,50,1,37,107.788,
mongo-majority,50,1,38,105.613,
mongo-majority,50,1,39,96.37,
mongo-majority,50,1,40,59.818,
mongo-majority,50,1,41,104.639,
mongo-majority,50,1,42,106.337,
mongo-majority,50,1,43,104.681,
mongo-majority,50,1,44,102.304,
mongo-majority,50,1,45,103.361,
mongo-majority,50,1,46,104.874,
mongo-majority,50,1,47,107.117,
mongo-majority,50,1,48,106.179,
mongo-majority,50,1,49,109.996,
mongo-majority,50,1,50,104.958,
mongo-majority,50,1,51,105.039,
mongo-majority,50,1,52,104.733,
mongo-majority,50,1,53,104.761,
mongo-majority,50,1,54,105.266,
mongo-majority,50,1,55,105.3,
mongo-majority,50,1,56,107.092,
mongo-majority,50,1,57,105.801,
mongo-majority,50,1,58,105.799,
mongo-majority,50,1,59,97.107,
mongo-majority,50,1,60,60.338,
mongo-majority,50,1,61,106.165,
mongo-majority,50,1,62,106.515,
mongo-majority,50,1,63,105.558,
mongo-majority,50,1,64,105.493,
mongo-majority,50,1,65,105.178,
mongo-majority,50,1,66,106.424,
mongo-majority,50,1,67,107.079,
mongo-majority,50,1,68,106.238,
mongo-majority,50,1,69,108.544,
mongo-majority,50,1,70,105.131,
mongo-majority,50,1,71,105.246,
mongo-majority,50,1,72,106.413,
mongo-majority,50,1,73,109.522,
mongo-majority,50,1,74,105.223,
mongo-majority,50,1,75,104.828,
mongo-majority,50,1,76,107.125,
mongo-majority,50,1,77,106.705,
mongo-majority,50,1,78,107.344,
mongo-majority,50,1,79,77.358,
mongo-majority,50,1,80,79.367,
mongo-majority,50,1,81,105.249,
mongo-majority,50,1,82,105.745,
mongo-majority,50,1,83,106.552,
mongo-majority,50,1,84,105.94,
mongo-majority,50,1,85,105.324,
mongo-majority,50,1,86,104.814,
mongo-majority,50,1,87,104.039,
mongo-majority,50,1,88,107.513,
mongo-majority,50,1,89,105.824,
mongo-majority,50,1,90,104.513,
mongo-majority,50,1,91,106.061,
mongo-majority,50,1,92,105.759,
mongo-majority,50,1,93,103.667,
mongo-majority,50,1,94,104.912,
mongo-majority,50,1,95,105.363,
mongo-majority,50,1,96,106.291,
mongo-majority,50,1,97,105.484,
mongo-majority,50,1,98,107.896,
mongo-majority,50,1,99,72.947,
mongo-majority,50,1,100,78.134,
mongo-majority,50,1,101,56.046,
mongo-majority,50,1,102,106.17,
mongo-majority,50,1,103,105.351,
mongo-majority,50,1,104,106.179,
mongo-majority,50,1,105,107.951,
mongo-majority,50,1,106,105.267,
mongo-majority,50,1,107,105.819,
mongo-majority,50,1,108,107.811,
mongo-majority,50,1,109,105.725,
mongo-majority,50,1,110,105.302,
mongo-majority,50,1,111,106.668,
mongo-majority,50,1,112,106.076,
mongo-majority,50,1,113,105.67,
mongo-majority,50,1,114,107.348,
mongo-majority,50,1,115,104.885,
mongo-majority,50,1,116,106.335,
mongo-majority,50,1,117,105.753,
mongo-majority,50,1,118,106.154,
mongo-majority,50,1,119,105.57,
mongo-majority,50,1,120,85.907,
mongo-majority,50,1,121,71.208,
mongo-majority,50,1,122,102.0,
mongo-majority,50,1,123,103.36,
mongo-majority,50,1,124,103.618,
mongo-majority,50,1,125,104.87,
mongo-majority,50,1,126,105.563,
mongo-majority,50,1,127,105.361,
mongo-majority,50,1,128,106.297,
mongo-majority,50,1,129,105.54,
mongo-majority,50,1,130,105.182,
mongo-majority,50,1,131,105.042,
mongo-majority,50,1,132,111.431,
mongo-majority,50,1,133,142.781,
mongo-majority,50,1,134,77.921,
mongo-majority,50,1,135,77.416,
mongo-majority,50,1,136,85.993,
mongo-majority,50,1,137,73.495,
mongo-majority,50,1,138,86.861,
mongo-majority,50,1,139,71.591,
mongo-majority,50,1,140,86.498,
mongo-majority,50,1,141,73.969,
mongo-majority,50,1,142,83.064,
mongo-majority,50,1,143,73.979,
mongo-majority,50,1,144,78.879,
mongo-majority,50,1,145,76.308,
mongo-majority,50,1,146,59.245,
mongo-majority,50,1,147,69.835,
mongo-majority,50,1,148,81.156,
mongo-majority,50,1,149,78.313,
mongo-majority,50,1,150,80.167,
mongo-majority,50,1,151,80.032,
mongo-majority,50,1,152,74.899,
mongo-majority,50,1,153,81.61,
mongo-majority,50,1,154,73.977,
mongo-majority,50,1,155,82.188,
mongo-majority,50,1,156,80.57,
mongo-majority,50,1,157,78.976,
mongo-majority,50,1,158,82.611,
mongo-majority,50,1,159,74.876,
mongo-majority,50,1,160,81.195,
mongo-majority,50,1,161,77.644,
mongo-majority,50,1,162,83.714,
mongo-majority,50,1,163,74.751,
mongo-majority,50,1,164,83.371,
mongo-majority,50,1,165,76.986,
mongo-majority,50,1,166,83.704,
mongo-majority,50,1,167,71.864,
mongo-majority,50,1,168,82.526,
mongo-majority,50,1,169,57.623,
mongo-majority,50,1,170,66.202,
mongo-majority,50,1,171,89.994,
mongo-majority,50,1,172,65.203,
mongo-majority,50,1,173,93.588,
mongo-majority,50,1,174,62.664,
mongo-majority,50,1,175,96.071,
mongo-majority,50,1,176,64.96,
mongo-majority,50,1,177,99.689,
mongo-majority,50,1,178,54.478,
mongo-majority,50,1,179,102.196,
mongo-majority,50,1,180,103.898,
mongo-majority,50,1,181,105.038,
mongo-majority,50,1,182,104.902,
mongo-majority,50,1,183,105.734,
mongo-majority,50,1,184,104.983,
mongo-majority,50,1,185,105.403,
mongo-majority,50,1,186,105.142,
mongo-majority,50,1,187,108.716,
mongo-majority,50,1,188,106.518,
mongo-majority,50,1,189,105.922,
mongo-majority,50,1,190,60.392,
mongo-majority,50,1,191,82.294,
mongo-majority,50,1,192,66.173,
mongo-majority,50,1,193,56.353,
mongo-majority,50,1,194,105.459,
mongo-majority,50,1,195,89.541,
mongo-majority,50,1,196,66.008,
mongo-majority,50,1,197,107.059,
mongo-majority,50,1,198,107.687,
mongo-majority,50,1,199,105.327,
mongo-majority,50,1,200,106.216,
mongo-majority,50,1,201,106.013,
mongo-majority,50,1,202,105.96,
mongo-majority,50,1,203,105.457,
mongo-majority,50,1,204,105.534,
mongo-majority,50,1,205,106.192,
mongo-majority,50,1,206,107.093,
mongo-majority,50,1,207,106.687,
mongo-majority,50,1,208,106.582,
mongo-majority,50,1,209,105.171,
mongo-majority,50,1,210,104.3,
mongo-majority,50,1,211,101.709,
mongo-majority,50,1,212,80.1,
mongo-majority,50,1,213,78.51,
mongo-majority,50,1,214,105.375,
mongo-majority,50,1,215,104.115,
mongo-majority,50,1,216,105.484,
mongo-majority,50,1,217,107.881,
mongo-majority,50,1,218,107.438,
mongo-majority,50,1,219,106.427,
mongo-majority,50,1,220,104.646,
mongo-majority,50,1,221,107.056,
mongo-majority,50,1,222,107.483,
mongo-majority,50,1,223,105.535,
mongo-majority,50,1,224,105.344,
mongo-majority,50,1,225,103.967,
mongo-majority,50,1,226,105.758,
mongo-majority,50,1,227,106.684,
mongo-majority,50,1,228,105.483,
mongo-majority,50,1,229,106.538,
mongo-majority,50,1,230,103.778,
mongo-majority,50,1,231,93.374,
mongo-majority,50,1,232,60.564,
mongo-majority,50,1,233,111.274,
mongo-majority,50,1,234,105.1,
mongo-majority,50,1,235,105.963,
mongo-majority,50,1,236,105.756,
mongo-majority,50,1,237,105.776,
mongo-majority,50,1,238,104.67,
mongo-majority,50,1,239,102.561,
mongo-majority,50,1,240,103.079,
mongo-majority,50,1,241,105.133,
mongo-majority,50,1,242,105.904,
mongo-majority,50,1,243,106.514,
mongo-majority,50,1,244,105.778,
mongo-majority,50,1,245,105.243,
mongo-majority,50,1,246,106.848,
mongo-majority,50,1,247,106.006,
mongo-majority,50,1,248,107.474,
mongo-majority,50,1,249,112.579,
mongo-majority,50,1,250,109.37,
mongo-majority,50,1,251,76.342,
mongo-majority,50,1,252,79.315,
mongo-majority,50,1,253,103.379,
mongo-majority,50,1,254,104.432,
mongo-majority,50,1,255,105.044,
mongo-majority,50,1,256,104.096,
mongo-majority,50,1,257,103.831,
mongo-majority,50,1,258,109.312,
mongo-majority,50,1,259,105.942,
mongo-majority,50,1,260,104.764,
mongo-majority,50,1,261,106.363,
mongo-majority,50,1,262,105.625,
mongo-majority,50,1,263,106.35,
mongo-majority,50,1,264,110.621,
mongo-majority,50,1,265,105.865,
mongo-majority,50,1,266,106.206,
mongo-majority,50,1,267,108.289,
mongo-majority,50,1,268,106.525,
mongo-majority,50,1,269,107.429,
mongo-majority,50,1,270,106.642,
mongo-majority,50,1,271,61.131,
mongo-majority,50,1,272,86.657,
mongo-majority,50,1,273,60.347,
mongo-majority,50,1,274,105.771,
mongo-majority,50,1,275,106.102,
mongo-majority,50,1,276,105.992,
mongo-majority,50,1,277,106.443,
mongo-majority,50,1,278,107.068,
mongo-majority,50,1,279,109.476,
mongo-majority,50,1,280,106.665,
mongo-majority,50,1,281,105.862,
mongo-majority,50,1,282,105.87,
mongo-majority,50,1,283,107.255,
mongo-majority,50,1,284,105.545,
mongo-majority,50,1,285,106.078,
mongo-majority,50,1,286,106.325,
mongo-majority,50,1,287,105.391,
mongo-majority,50,1,288,105.763,
mongo-majority,50,1,289,105.108,
mongo-majority,50,1,290,106.221,
mongo-majority,50,1,291,102.649,
mongo-majority,50,1,292,80.81,
mongo-majority,50,1,293,79.336,
mongo-majority,50,1,294,105.513,
mongo-majority,50,1,295,105.32,
mongo-majority,50,1,296,104.923,
mongo-majority,50,1,297,105.161,
mongo-majority,50,1,298,106.009,
mongo-majority,50,1,299,106.016,
mongo-majority,50,1,300,105.193,
mongo-majority,50,1,301,104.546,
mongo-majority,50,1,302,105.502,
mongo-majority,50,1,303,104.966,
mongo-majority,50,1,304,105.019,
mongo-majority,50,1,305,105.96,
mongo-majority,50,1,306,106.18,
mongo-majority,50,1,307,105.135,
mongo-majority,50,1,308,105.34,
mongo-majority,50,1,309,106.872,
mongo-majority,50,1,310,105.61,
mongo-majority,50,1,311,99.735,
mongo-majority,50,1,312,55.331,
mongo-majority,50,1,313,105.757,
mongo-majority,50,1,314,105.676,
mongo-majority,50,1,315,105.688,
mongo-majority,50,1,316,105.671,
mongo-majority,50,1,317,106.608,
mongo-majority,50,1,318,105.893,
mongo-majority,50,1,319,105.731,
mongo-majority,50,1,320,106.143,
mongo-majority,50,1,321,106.42,
mongo-majority,50,1,322,107.552,
mongo-majority,50,1,323,105.537,
mongo-majority,50,1,324,105.302,
mongo-majority,50,1,325,107.21,
mongo-majority,50,1,326,107.473,
mongo-majority,50,1,327,103.873,
mongo-majority,50,1,328,101.937,
mongo-majority,50,1,329,104.029,
mongo-majority,50,1,330,107.502,
mongo-majority,50,1,331,98.447,
mongo-majority,50,1,332,57.431,
mongo-majority,50,1,333,105.161,
mongo-majority,50,1,334,105.499,
mongo-majority,50,1,335,105.466,
mongo-majority,50,1,336,106.011,
mongo-majority,50,1,337,106.296,
mongo-majority,50,1,338,104.615,
mongo-majority,50,1,339,105.828,
mongo-majority,50,1,340,104.906,
mongo-majority,50,1,341,107.706,
mongo-majority,50,1,342,110.095,
mongo-majority,50,1,343,105.983,
mongo-majority,50,1,344,105.622,
mongo-majority,50,1,345,106.518,
mongo-majority,50,1,346,106.058,
mongo-majority,50,1,347,104.629,
mongo-majority,50,1,348,102.543,
mongo-majority,50,1,349,102.966,
mongo-majority,50,1,350,104.499,
mongo-majority,50,1,351,97.93,
mongo-majority,50,1,352,58.962,
mongo-majority,50,1,353,105.722,
mongo-majority,50,1,354,106.854,
mongo-majority,50,1,355,106.333,
mongo-majority,50,1,356,109.241,
mongo-majority,50,1,357,106.536,
mongo-majority,50,1,358,105.595,
mongo-majority,50,1,359,105.378,
mongo-majority,50,1,360,106.273,
mongo-majority,50,1,361,105.84,
mongo-majority,50,1,362,105.647,
mongo-majority,50,1,363,105.711,
mongo-majority,50,1,364,106.302,
mongo-majority,50,1,365,106.505,
mongo-majority,50,1,366,105.945,
mongo-majority,50,1,367,106.802,
mongo-majority,50,1,368,105.746,
mongo-majority,50,1,369,106.355,
mongo-majority,50,1,370,111.005,
mongo-majority,50,1,371,74.054,
mongo-majority,50,1,372,74.367,
mongo-majority,50,1,373,62.793,
mongo-majority,50,1,374,108.32,
mongo-majority,50,1,375,105.507,
mongo-majority,50,1,376,105.21,
mongo-majority,50,1,377,106.813,
mongo-majority,50,1,378,104.829,
mongo-majority,50,1,379,106.309,
mongo-majority,50,1,380,106.702,
mongo-majority,50,1,381,108.023,
mongo-majority,50,1,382,105.621,
mongo-majority,50,1,383,106.24,
mongo-majority,50,1,384,106.356,
mongo-majority,50,1,385,107.044,
mongo-majority,50,1,386,107.303,
mongo-majority,50,1,387,106.567,
mongo-majority,50,1,388,105.425,
mongo-majority,50,1,389,107.523,
mongo-majority,50,1,390,106.553,
mongo-majority,50,1,391,105.969,
mongo-majority,50,1,392,71.921,
mongo-majority,50,1,393,85.464,
mongo-majority,50,1,394,102.905,
mongo-majority,50,1,395,104.663,
mongo-majority,50,1,396,106.806,
mongo-majority,50,1,397,105.747,
mongo-majority,50,1,398,106.401,
mongo-majority,50,1,399,105.888,
mongo-majority,50,1,400,104.55,
mongo-majority,50,1,401,107.384,
mongo-majority,50,1,402,106.281,
mongo-majority,50,1,403,106.043,
mongo-majority,50,1,404,105.587,
mongo-majority,50,1,405,106.024,
mongo-majority,50,1,406,105.854,
mongo-majority,50,1,407,107.202,
mongo-majority,50,1,408,105.235,
mongo-majority,50,1,409,105.788,
mongo-majority,50,1,410,111.252,
mongo-majority,50,1,411,91.461,
mongo-majority,50,1,412,68.241,
mongo-majority,50,1,413,106.062,
mongo-majority,50,1,414,106.35,
mongo-majority,50,1,415,106.329,
mongo-majority,50,1,416,105.923,
mongo-majority,50,1,417,108.034,
mongo-majority,50,1,418,106.164,
mongo-majority,50,1,419,106.464,
mongo-majority,50,1,420,107.755,
mongo-majority,50,1,421,106.451,
mongo-majority,50,1,422,106.996,
mongo-majority,50,1,423,106.252,
mongo-majority,50,1,424,106.98,
mongo-majority,50,1,425,102.064,
mongo-majority,50,1,426,102.842,
mongo-majority,50,1,427,106.325,
mongo-majority,50,1,428,107.339,
mongo-majority,50,1,429,105.347,
mongo-majority,50,1,430,105.665,
mongo-majority,50,1,431,74.397,
mongo-majority,50,1,432,76.134,
mongo-majority,50,1,433,56.785,
mongo-majority,50,1,434,106.16,
mongo-majority,50,1,435,104.725,
mongo-majority,50,1,436,106.05,
mongo-majority,50,1,437,105.62,
mongo-majority,50,1,438,108.804,
mongo-majority,50,1,439,105.363,
mongo-majority,50,1,440,105.585,
mongo-majority,50,1,441,107.093,
mongo-majority,50,1,442,106.517,
mongo-majority,50,1,443,107.693,
mongo-majority,50,1,444,107.866,
mongo-majority,50,1,445,104.0,
mongo-majority,50,1,446,101.808,
mongo-majority,50,1,447,55.589,
mongo-majority,50,1,448,100.539,
mongo-majority,50,1,449,55.969,
mongo-majority,50,1,450,103.833,
mongo-majority,50,1,451,105.379,
mongo-majority,50,1,452,105.504,
mongo-majority,50,1,453,91.209,
mongo-majority,50,1,454,64.801,
mongo-majority,50,1,455,108.233,
mongo-majority,50,1,456,105.731,
mongo-majority,50,1,457,106.609,
mongo-majority,50,1,458,105.317,
mongo-majority,50,1,459,104.755,
mongo-majority,50,1,460,111.081,
mongo-majority,50,1,461,105.335,
mongo-majority,50,1,462,105.195,
mongo-majority,50,1,463,106.09,
mongo-majority,50,1,464,105.529,
mongo-majority,50,1,465,106.201,
mongo-majority,50,1,466,106.091,
mongo-majority,50,1,467,106.803,
mongo-majority,50,2,1,129.359,
mongo-majority,50,2,2,105.045,
mongo-majority,50,2,3,106.52,
mongo-majority,50,2,4,65.451,
mongo-majority,50,2,5,81.21,
mongo-majority,50,2,6,60.611,
mongo-majority,50,2,7,55.278,
mongo-majority,50,2,8,101.96,
mongo-majority,50,2,9,94.282,
mongo-majority,50,2,10,62.815,
mongo-majority,50,2,11,105.379,
mongo-majority,50,2,12,105.531,
mongo-majority,50,2,13,106.059,
mongo-majority,50,2,14,105.31,
mongo-majority,50,2,15,105.257,
mongo-majority,50,2,16,105.618,
mongo-majority,50,2,17,106.44,
mongo-majority,50,2,18,105.342,
mongo-majority,50,2,19,104.706,
mongo-majority,50,2,20,104.955,
mongo-majority,50,2,21,104.908,
mongo-majority,50,2,22,104.63,
mongo-majority,50,2,23,105.656,
mongo-majority,50,2,24,106.005,
mongo-majority,50,2,25,107.571,
mongo-majority,50,2,26,94.204,
mongo-majority,50,2,27,63.79,
mongo-majority,50,2,28,106.809,
mongo-majority,50,2,29,108.185,
mongo-majority,50,2,30,106.019,
mongo-majority,50,2,31,105.233,
mongo-majority,50,2,32,105.754,
mongo-majority,50,2,33,104.739,
mongo-majority,50,2,34,105.463,
mongo-majority,50,2,35,107.193,
mongo-majority,50,2,36,105.492,
mongo-majority,50,2,37,106.914,
mongo-majority,50,2,38,105.532,
mongo-majority,50,2,39,105.033,
mongo-majority,50,2,40,105.877,
mongo-majority,50,2,41,105.949,
mongo-majority,50,2,42,107.646,
mongo-majority,50,2,43,107.094,
mongo-majority,50,2,44,106.517,
mongo-majority,50,2,45,104.46,
mongo-majority,50,2,46,81.598,
mongo-majority,50,2,47,80.405,
mongo-majority,50,2,48,107.146,
mongo-majority,50,2,49,105.898,
mongo-majority,50,2,50,107.237,
mongo-majority,50,2,51,104.978,
mongo-majority,50,2,52,105.37,
mongo-majority,50,2,53,105.827,
mongo-majority,50,2,54,105.034,
mongo-majority,50,2,55,106.127,
mongo-majority,50,2,56,103.967,
mongo-majority,50,2,57,101.714,
mongo-majority,50,2,58,103.982,
mongo-majority,50,2,59,105.896,
mongo-majority,50,2,60,105.977,
mongo-majority,50,2,61,104.994,
mongo-majority,50,2,62,104.835,
mongo-majority,50,2,63,105.74,
mongo-majority,50,2,64,106.85,
mongo-majority,50,2,65,98.027,
mongo-majority,50,2,66,57.743,
mongo-majority,50,2,67,105.366,
mongo-majority,50,2,68,105.652,
mongo-majority,50,2,69,106.208,
mongo-majority,50,2,70,106.81,
mongo-majority,50,2,71,105.275,
mongo-majority,50,2,72,105.038,
mongo-majority,50,2,73,105.717,
mongo-majority,50,2,74,105.868,
mongo-majority,50,2,75,105.443,
mongo-majority,50,2,76,105.526,
mongo-majority,50,2,77,102.032,
mongo-majority,50,2,78,54.108,
mongo-majority,50,2,79,103.678,
mongo-majority,50,2,80,106.575,
mongo-majority,50,2,81,106.417,
mongo-majority,50,2,82,107.745,
mongo-majority,50,2,83,108.524,
mongo-majority,50,2,84,105.955,
mongo-majority,50,2,85,105.801,
mongo-majority,50,2,86,104.963,
mongo-majority,50,2,87,104.617,
mongo-majority,50,2,88,105.311,
mongo-majority,50,2,89,105.778,
mongo-majority,50,2,90,105.217,
mongo-majority,50,2,91,105.147,
mongo-majority,50,2,92,106.066,
mongo-majority,50,2,93,105.978,
mongo-majority,50,2,94,105.787,
mongo-majority,50,2,95,105.168,
mongo-majority,50,2,96,105.772,
mongo-majority,50,2,97,105.54,
mongo-majority,50,2,98,105.638,
mongo-majority,50,2,99,104.879,
mongo-majority,50,2,100,107.483,
mongo-majority,50,2,101,107.163,
mongo-majority,50,2,102,107.256,
mongo-majority,50,2,103,105.553,
mongo-majority,50,2,104,105.662,
mongo-majority,50,2,105,79.161,
mongo-majority,50,2,106,78.826,
mongo-majority,50,2,107,105.728,
mongo-majority,50,2,108,105.157,
mongo-majority,50,2,109,104.331,
mongo-majority,50,2,110,106.002,
mongo-majority,50,2,111,105.738,
mongo-majority,50,2,112,106.224,
mongo-majority,50,2,113,106.314,
mongo-majority,50,2,114,105.711,
mongo-majority,50,2,115,106.212,
mongo-majority,50,2,116,106.292,
mongo-majority,50,2,117,106.082,
mongo-majority,50,2,118,105.485,
mongo-majority,50,2,119,105.364,
mongo-majority,50,2,120,105.285,
mongo-majority,50,2,121,106.294,
mongo-majority,50,2,122,105.975,
mongo-majority,50,2,123,106.061,
mongo-majority,50,2,124,106.114,
mongo-majority,50,2,125,70.323,
mongo-majority,50,2,126,76.781,
mongo-majority,50,2,127,61.95,
mongo-majority,50,2,128,104.918,
mongo-majority,50,2,129,105.286,
mongo-majority,50,2,130,106.203,
mongo-majority,50,2,131,105.223,
mongo-majority,50,2,132,104.065,
mongo-majority,50,2,133,105.033,
mongo-majority,50,2,134,105.815,
mongo-majority,50,2,135,105.849,
mongo-majority,50,2,136,105.928,
mongo-majority,50,2,137,105.332,
mongo-majority,50,2,138,109.985,
mongo-majority,50,2,139,110.427,
mongo-majority,50,2,140,103.747,
mongo-majority,50,2,141,102.538,
mongo-majority,50,2,142,104.121,
mongo-majority,50,2,143,105.617,
mongo-majority,50,2,144,105.63,
mongo-majority,50,2,145,105.245,
mongo-majority,50,2,146,90.115,
mongo-majority,50,2,147,69.77,
mongo-majority,50,2,148,105.458,
mongo-majority,50,2,149,105.002,
mongo-majority,50,2,150,105.05,
mongo-majority,50,2,151,108.296,
mongo-majority,50,2,152,105.44,
mongo-majority,50,2,153,105.834,
mongo-majority,50,2,154,103.91,
mongo-majority,50,2,155,101.969,
mongo-majority,50,2,156,103.363,
mongo-majority,50,2,157,104.0,
mongo-majority,50,2,158,106.206,
mongo-majority,50,2,159,106.295,
mongo-majority,50,2,160,105.028,
mongo-majority,50,2,161,105.972,
mongo-majority,50,2,162,106.041,
mongo-majority,50,2,163,105.895,
mongo-majority,50,2,164,106.513,
mongo-majority,50,2,165,105.287,
mongo-majority,50,2,166,85.944,
mongo-majority,50,2,167,72.05,
mongo-majority,50,2,168,105.503,
mongo-majority,50,2,169,105.608,
mongo-majority,50,2,170,105.814,
mongo-majority,50,2,171,106.472,
mongo-majority,50,2,172,106.756,
mongo-majority,50,2,173,105.805,
mongo-majority,50,2,174,104.263,
mongo-majority,50,2,175,103.948,
mongo-majority,50,2,176,104.408,
mongo-majority,50,2,177,105.12,
mongo-majority,50,2,178,105.787,
mongo-majority,50,2,179,106.011,
mongo-majority,50,2,180,106.688,
mongo-majority,50,2,181,105.486,
mongo-majority,50,2,182,104.284,
mongo-majority,50,2,183,105.7,
mongo-majority,50,2,184,106.333,
mongo-majority,50,2,185,104.496,
mongo-majority,50,2,186,80.066,
mongo-majority,50,2,187,79.728,
mongo-majority,50,2,188,106.598,
mongo-majority,50,2,189,106.657,
mongo-majority,50,2,190,106.206,
mongo-majority,50,2,191,105.767,
mongo-majority,50,2,192,105.78,
mongo-majority,50,2,193,106.366,
mongo-majority,50,2,194,105.759,
mongo-majority,50,2,195,105.659,
mongo-majority,50,2,196,105.518,
mongo-majority,50,2,197,105.367,
mongo-majority,50,2,198,105.576,
mongo-majority,50,2,199,105.7,
mongo-majority,50,2,200,106.394,
mongo-majority,50,2,201,105.777,
mongo-majority,50,2,202,105.339,
mongo-majority,50,2,203,105.573,
mongo-majority,50,2,204,106.19,
mongo-majority,50,2,205,93.759,
mongo-majority,50,2,206,62.575,
mongo-majority,50,2,207,107.509,
mongo-majority,50,2,208,105.471,
mongo-majority,50,2,209,106.054,
mongo-majority,50,2,210,111.11,
mongo-majority,50,2,211,107.285,
mongo-majority,50,2,212,106.975,
mongo-majority,50,2,213,106.735,
mongo-majority,50,2,214,108.044,
mongo-majority,50,2,215,106.176,
mongo-majority,50,2,216,105.825,
mongo-majority,50,2,217,105.595,
mongo-majority,50,2,218,105.831,
mongo-majority,50,2,219,106.168,
mongo-majority,50,2,220,106.327,
mongo-majority,50,2,221,108.95,
mongo-majority,50,2,222,107.262,
mongo-majority,50,2,223,106.007,
mongo-majority,50,2,224,105.409,
mongo-majority,50,2,225,66.063,
mongo-majority,50,2,226,81.309,
mongo-majority,50,2,227,62.239,
mongo-majority,50,2,228,106.608,
mongo-majority,50,2,229,104.858,
mongo-majority,50,2,230,105.616,
mongo-majority,50,2,231,108.384,
mongo-majority,50,2,232,106.12,
mongo-majority,50,2,233,106.882,
mongo-majority,50,2,234,108.873,
mongo-majority,50,2,235,106.978,
mongo-majority,50,2,236,107.337,
mongo-majority,50,2,237,106.629,
mongo-majority,50,2,238,106.109,
mongo-majority,50,2,239,105.565,
mongo-majority,50,2,240,105.408,
mongo-majority,50,2,241,105.466,
mongo-majority,50,2,242,105.943,
mongo-majority,50,2,243,105.485,
mongo-majority,50,2,244,106.216,
mongo-majority,50,2,245,101.642,
mongo-majority,50,2,246,84.786,
mongo-majority,50,2,247,74.289,
mongo-majority,50,2,248,105.068,
mongo-majority,50,2,249,106.477,
mongo-majority,50,2,250,106.128,
mongo-majority,50,2,251,104.648,
mongo-majority,50,2,252,102.631,
mongo-majority,50,2,253,102.146,
mongo-majority,50,2,254,104.299,
mongo-majority,50,2,255,106.379,
mongo-majority,50,2,256,106.703,
mongo-majority,50,2,257,106.354,
mongo-majority,50,2,258,105.385,
mongo-majority,50,2,259,106.624,
mongo-majority,50,2,260,106.194,
mongo-majority,50,2,261,105.136,
mongo-majority,50,2,262,105.726,
mongo-majority,50,2,263,106.03,
mongo-majority,50,2,264,107.941,
mongo-majority,50,2,265,98.239,
mongo-majority,50,2,266,60.288,
mongo-majority,50,2,267,106.094,
mongo-majority,50,2,268,106.246,
mongo-majority,50,2,269,106.193,
mongo-majority,50,2,270,106.252,
mongo-majority,50,2,271,105.759,
mongo-majority,50,2,272,102.671,
mongo-majority,50,2,273,103.183,
mongo-majority,50,2,274,105.107,
mongo-majority,50,2,275,106.13,
mongo-majority,50,2,276,106.007,
mongo-majority,50,2,277,105.933,
mongo-majority,50,2,278,105.772,
mongo-majority,50,2,279,105.143,
mongo-majority,50,2,280,105.328,
mongo-majority,50,2,281,106.765,
mongo-majority,50,2,282,105.621,
mongo-majority,50,2,283,106.519,
mongo-majority,50,2,284,106.375,
mongo-majority,50,2,285,90.621,
mongo-majority,50,2,286,68.123,
mongo-majority,50,2,287,107.164,
mongo-majority,50,2,288,105.655,
mongo-majority,50,2,289,106.202,
mongo-majority,50,2,290,105.614,
mongo-majority,50,2,291,105.668,
mongo-majority,50,2,292,106.38,
mongo-majority,50,2,293,106.089,
mongo-majority,50,2,294,104.556,
mongo-majority,50,2,295,104.489,
mongo-majority,50,2,296,106.15,
mongo-majority,50,2,297,105.766,
mongo-majority,50,2,298,106.45,
mongo-majority,50,2,299,105.331,
mongo-majority,50,2,300,106.226,
mongo-majority,50,2,301,106.515,
mongo-majority,50,2,302,106.955,
mongo-majority,50,2,303,105.919,
mongo-majority,50,2,304,106.896,
mongo-majority,50,2,305,74.361,
mongo-majority,50,2,306,84.843,
mongo-majority,50,2,307,105.446,
mongo-majority,50,2,308,105.141,
mongo-majority,50,2,309,95.468,
mongo-majority,50,2,310,61.321,
mongo-majority,50,2,311,105.973,
mongo-majority,50,2,312,106.802,
mongo-majority,50,2,313,105.63,
mongo-majority,50,2,314,104.512,
mongo-majority,50,2,315,104.226,
mongo-majority,50,2,316,103.945,
mongo-majority,50,2,317,104.367,
mongo-majority,50,2,318,105.977,
mongo-majority,50,2,319,105.928,
mongo-majority,50,2,320,106.442,
mongo-majority,50,2,321,105.059,
mongo-majority,50,2,322,103.886,
mongo-majority,50,2,323,105.323,
mongo-majority,50,2,324,105.074,
mongo-majority,50,2,325,104.413,
mongo-majority,50,2,326,104.97,
mongo-majority,50,2,327,105.753,
mongo-majority,50,2,328,106.09,
mongo-majority,50,2,329,98.667,
mongo-majority,50,2,330,60.626,
mongo-majority,50,2,331,105.084,
mongo-majority,50,2,332,105.323,
mongo-majority,50,2,333,106.672,
mongo-majority,50,2,334,105.03,
mongo-majority,50,2,335,105.278,
mongo-majority,50,2,336,105.805,
mongo-majority,50,2,337,103.68,
mongo-majority,50,2,338,105.261,
mongo-majority,50,2,339,104.614,
mongo-majority,50,2,340,104.679,
mongo-majority,50,2,341,106.178,
mongo-majority,50,2,342,104.666,
mongo-majority,50,2,343,105.774,
mongo-majority,50,2,344,107.768,
mongo-majority,50,2,345,104.798,
mongo-majority,50,2,346,104.53,
mongo-majority,50,2,347,105.96,
mongo-majority,50,2,348,105.192,
mongo-majority,50,2,349,92.787,
mongo-majority,50,2,350,61.282,
mongo-majority,50,2,351,54.48,
mongo-majority,50,2,352,102.877,
mongo-majority,50,2,353,105.715,
mongo-majority,50,2,354,106.582,
mongo-majority,50,2,355,105.394,
mongo-majority,50,2,356,104.886,
mongo-majority,50,2,357,104.761,
mongo-majority,50,2,358,103.829,
mongo-majority,50,2,359,102.479,
mongo-majority,50,2,360,103.58,
mongo-majority,50,2,361,106.682,
mongo-majority,50,2,362,105.335,
mongo-majority,50,2,363,106.267,
mongo-majority,50,2,364,105.978,
mongo-majority,50,2,365,105.234,
mongo-majority,50,2,366,76.882,
mongo-majority,50,2,367,79.204,
mongo-majority,50,2,368,106.917,
mongo-majority,50,2,369,105.763,
mongo-majority,50,2,370,101.246,
mongo-majority,50,2,371,53.006,
mongo-majority,50,2,372,103.004,
mongo-majority,50,2,373,106.157,
mongo-majority,50,2,374,107.824,
mongo-majority,50,2,375,106.449,
mongo-majority,50,2,376,106.172,
mongo-majority,50,2,377,106.907,
mongo-majority,50,2,378,105.764,
mongo-majority,50,2,379,106.436,
mongo-majority,50,2,380,106.096,
mongo-majority,50,2,381,105.539,
mongo-majority,50,2,382,106.149,
mongo-majority,50,2,383,106.547,
mongo-majority,50,2,384,105.317,
mongo-majority,50,2,385,106.459,
mongo-majority,50,2,386,106.84,
mongo-majority,50,2,387,106.607,
mongo-majority,50,2,388,106.364,
mongo-majority,50,2,389,106.261,
mongo-majority,50,2,390,87.745,
mongo-majority,50,2,391,72.243,
mongo-majority,50,2,392,105.913,
mongo-majority,50,2,393,107.081,
mongo-majority,50,2,394,105.751,
mongo-majority,50,2,395,106.519,
mongo-majority,50,2,396,108.518,
mongo-majority,50,2,397,106.944,
mongo-majority,50,2,398,105.665,
mongo-majority,50,2,399,106.912,
mongo-majority,50,2,400,105.328,
mongo-majority,50,2,401,107.497,
mongo-majority,50,2,402,105.404,
mongo-majority,50,2,403,105.046,
mongo-majority,50,2,404,106.275,
mongo-majority,50,2,405,105.811,
mongo-majority,50,2,406,96.761,
mongo-majority,50,2,407,61.072,
mongo-majority,50,2,408,105.599,
mongo-majority,50,2,409,106.064,
mongo-majority,50,2,410,105.782,
mongo-majority,50,2,411,107.932,
mongo-majority,50,2,412,105.857,
mongo-majority,50,2,413,105.279,
mongo-majority,50,2,414,112.007,
mongo-majority,50,2,415,107.405,
mongo-majority,50,2,416,105.81,
mongo-majority,50,2,417,104.926,
mongo-majority,50,2,418,106.669,
mongo-majority,50,2,419,104.213,
mongo-majority,50,2,420,103.987,
mongo-majority,50,2,421,105.545,
mongo-majority,50,2,422,106.675,
mongo-majority,50,2,423,105.877,
mongo-majority,50,2,424,106.152,
mongo-majority,50,2,425,104.298,
mongo-majority,50,2,426,85.286,
mongo-majority,50,2,427,73.903,
mongo-majority,50,2,428,105.936,
mongo-majority,50,2,429,106.13,
mongo-majority,50,2,430,107.421,
mongo-majority,50,2,431,106.445,
mongo-majority,50,2,432,105.984,
mongo-majority,50,2,433,106.167,
mongo-majority,50,2,434,107.113,
mongo-majority,50,2,435,106.718,
mongo-majority,50,2,436,106.98,
mongo-majority,50,2,437,106.143,
mongo-majority,50,2,438,105.784,
mongo-majority,50,2,439,109.103,
mongo-majority,50,2,440,107.226,
mongo-majority,50,2,441,104.947,
mongo-majority,50,2,442,105.582,
mongo-majority,50,2,443,105.734,
mongo-majority,50,2,444,105.666,
mongo-majority,50,2,445,105.262,
mongo-majority,50,2,446,65.543,
mongo-majority,50,2,447,91.673,
mongo-majority,50,2,448,102.73,
mongo-majority,50,2,449,104.171,
mongo-majority,50,2,450,95.301,
mongo-majority,50,2,451,61.775,
mongo-majority,50,2,452,106.668,
mongo-majority,50,2,453,105.708,
mongo-majority,50,2,454,105.761,
mongo-majority,50,2,455,106.168,
mongo-majority,50,2,456,104.92,
mongo-majority,50,2,457,104.074,
mongo-majority,50,2,458,103.722,
mongo-majority,50,2,459,105.449,
mongo-majority,50,2,460,106.643,
mongo-majority,50,2,461,106.576,
mongo-majority,50,2,462,106.896,
mongo-majority,50,2,463,106.487,
mongo-majority,50,2,464,106.653,
mongo-majority,50,2,465,107.459,
mongo-majority,50,2,466,106.405,
mongo-majority,50,2,467,96.837,
mongo-majority,50,3,1,112.045,
mongo-majority,50,3,2,103.683,
mongo-majority,50,3,3,105.014,
mongo-majority,50,3,4,105.367,
mongo-majority,50,3,5,106.256,
mongo-majority,50,3,6,106.284,
mongo-majority,50,3,7,106.286,
mongo-majority,50,3,8,106.146,
mongo-majority,50,3,9,106.849,
mongo-majority,50,3,10,102.002,
mongo-majority,50,3,11,103.394,
mongo-majority,50,3,12,105.424,
mongo-majority,50,3,13,107.76,
mongo-majority,50,3,14,107.336,
mongo-majority,50,3,15,105.767,
mongo-majority,50,3,16,106.672,
mongo-majority,50,3,17,105.424,
mongo-majority,50,3,18,102.802,
mongo-majority,50,3,19,92.256,
mongo-majority,50,3,20,64.52,
mongo-majority,50,3,21,105.042,
mongo-majority,50,3,22,104.315,
mongo-majority,50,3,23,103.602,
mongo-majority,50,3,24,105.462,
mongo-majority,50,3,25,106.656,
mongo-majority,50,3,26,105.317,
mongo-majority,50,3,27,104.201,
mongo-majority,50,3,28,104.26,
mongo-majority,50,3,29,104.509,
mongo-majority,50,3,30,104.074,
mongo-majority,50,3,31,104.089,
mongo-majority,50,3,32,104.371,
mongo-majority,50,3,33,104.469,
mongo-majority,50,3,34,103.822,
mongo-majority,50,3,35,105.746,
mongo-majority,50,3,36,105.757,
mongo-majority,50,3,37,104.47,
mongo-majority,50,3,38,105.181,
mongo-majority,50,3,39,100.958,
mongo-majority,50,3,40,56.846,
mongo-majority,50,3,41,106.371,
mongo-majority,50,3,42,105.959,
mongo-majority,50,3,43,106.848,
mongo-majority,50,3,44,106.935,
mongo-majority,50,3,45,105.293,
mongo-majority,50,3,46,102.87,
mongo-majority,50,3,47,103.294,
mongo-majority,50,3,48,105.183,
mongo-majority,50,3,49,105.037,
mongo-majority,50,3,50,106.025,
mongo-majority,50,3,51,105.314,
mongo-majority,50,3,52,105.657,
mongo-majority,50,3,53,105.264,
mongo-majority,50,3,54,105.317,
mongo-majority,50,3,55,106.546,
mongo-majority,50,3,56,106.353,
mongo-majority,50,3,57,105.869,
mongo-majority,50,3,58,105.754,
mongo-majority,50,3,59,96.664,
mongo-majority,50,3,60,60.362,
mongo-majority,50,3,61,106.52,
mongo-majority,50,3,62,106.417,
mongo-majority,50,3,63,105.698,
mongo-majority,50,3,64,106.292,
mongo-majority,50,3,65,106.468,
mongo-majority,50,3,66,105.903,
mongo-majority,50,3,67,106.093,
mongo-majority,50,3,68,106.479,
mongo-majority,50,3,69,106.115,
mongo-majority,50,3,70,106.515,
mongo-majority,50,3,71,105.216,
mongo-majority,50,3,72,105.371,
mongo-majority,50,3,73,105.257,
mongo-majority,50,3,74,105.995,
mongo-majority,50,3,75,106.34,
mongo-majority,50,3,76,104.848,
mongo-majority,50,3,77,101.932,
mongo-majority,50,3,78,98.445,
mongo-majority,50,3,79,54.161,
mongo-majority,50,3,80,104.441,
mongo-majority,50,3,81,106.209,
mongo-majority,50,3,82,106.696,
mongo-majority,50,3,83,105.705,
mongo-majority,50,3,84,110.369,
mongo-majority,50,3,85,106.379,
mongo-majority,50,3,86,108.573,
mongo-majority,50,3,87,109.757,
mongo-majority,50,3,88,108.439,
mongo-majority,50,3,89,104.422,
mongo-majority,50,3,90,105.845,
mongo-majority,50,3,91,106.083,
mongo-majority,50,3,92,105.401,
mongo-majority,50,3,93,105.147,
mongo-majority,50,3,94,106.335,
mongo-majority,50,3,95,107.726,
mongo-majority,50,3,96,104.309,
mongo-majority,50,3,97,102.049,
mongo-majority,50,3,98,81.769,
mongo-majority,50,3,99,72.32,
mongo-majority,50,3,100,105.381,
mongo-majority,50,3,101,106.918,
mongo-majority,50,3,102,109.563,
mongo-majority,50,3,103,105.7,
mongo-majority,50,3,104,104.803,
mongo-majority,50,3,105,106.8,
mongo-majority,50,3,106,107.498,
mongo-majority,50,3,107,105.811,
mongo-majority,50,3,108,108.088,
mongo-majority,50,3,109,106.008,
mongo-majority,50,3,110,106.856,
mongo-majority,50,3,111,107.295,
mongo-majority,50,3,112,106.773,
mongo-majority,50,3,113,106.043,
mongo-majority,50,3,114,105.755,
mongo-majority,50,3,115,107.503,
mongo-majority,50,3,116,106.825,
mongo-majority,50,3,117,106.396,
mongo-majority,50,3,118,59.825,
mongo-majority,50,3,119,101.255,
mongo-majority,50,3,120,105.848,
mongo-majority,50,3,121,106.952,
mongo-majority,50,3,122,96.7,
mongo-majority,50,3,123,60.802,
mongo-majority,50,3,124,106.864,
mongo-majority,50,3,125,105.754,
mongo-majority,50,3,126,105.692,
mongo-majority,50,3,127,105.311,
mongo-majority,50,3,128,106.281,
mongo-majority,50,3,129,106.01,
mongo-majority,50,3,130,104.123,
mongo-majority,50,3,131,104.753,
mongo-majority,50,3,132,105.58,
mongo-majority,50,3,133,105.402,
mongo-majority,50,3,134,105.9,
mongo-majority,50,3,135,105.928,
mongo-majority,50,3,136,106.317,
mongo-majority,50,3,137,105.617,
mongo-majority,50,3,138,102.648,
mongo-majority,50,3,139,100.827,
mongo-majority,50,3,140,55.674,
mongo-majority,50,3,141,104.502,
mongo-majority,50,3,142,105.777,
mongo-majority,50,3,143,105.539,
mongo-majority,50,3,144,105.286,
mongo-majority,50,3,145,106.497,
mongo-majority,50,3,146,107.461,
mongo-majority,50,3,147,105.501,
mongo-majority,50,3,148,105.887,
mongo-majority,50,3,149,105.846,
mongo-majority,50,3,150,107.214,
mongo-majority,50,3,151,108.327,
mongo-majority,50,3,152,104.926,
mongo-majority,50,3,153,106.468,
mongo-majority,50,3,154,107.001,
mongo-majority,50,3,155,106.244,
mongo-majority,50,3,156,106.15,
mongo-majority,50,3,157,108.919,
mongo-majority,50,3,158,88.201,
mongo-majority,50,3,159,72.175,
mongo-majority,50,3,160,105.96,
mongo-majority,50,3,161,106.033,
mongo-majority,50,3,162,105.288,
mongo-majority,50,3,163,106.623,
mongo-majority,50,3,164,106.26,
mongo-majority,50,3,165,106.738,
mongo-majority,50,3,166,106.918,
mongo-majority,50,3,167,106.906,
mongo-majority,50,3,168,105.996,
mongo-majority,50,3,169,106.473,
mongo-majority,50,3,170,105.996,
mongo-majority,50,3,171,106.002,
mongo-majority,50,3,172,106.3,
mongo-majority,50,3,173,105.166,
mongo-majority,50,3,174,103.131,
mongo-majority,50,3,175,102.716,
mongo-majority,50,3,176,105.935,
mongo-majority,50,3,177,106.166,
mongo-majority,50,3,178,77.899,
mongo-majority,50,3,179,80.496,
mongo-majority,50,3,180,106.755,
mongo-majority,50,3,181,106.503,
mongo-majority,50,3,182,106.015,
mongo-majority,50,3,183,106.888,
mongo-majority,50,3,184,106.298,
mongo-majority,50,3,185,106.389,
mongo-majority,50,3,186,106.557,
mongo-majority,50,3,187,108.092,
mongo-majority,50,3,188,105.958,
mongo-majority,50,3,189,106.677,
mongo-majority,50,3,190,106.972,
mongo-majority,50,3,191,107.051,
mongo-majority,50,3,192,107.186,
mongo-majority,50,3,193,109.418,
mongo-majority,50,3,194,108.724,
mongo-majority,50,3,195,102.801,
mongo-majority,50,3,196,105.759,
mongo-majority,50,3,197,107.15,
mongo-majority,50,3,198,105.822,
mongo-majority,50,3,199,106.251,
mongo-majority,50,3,200,105.881,
mongo-majority,50,3,201,105.962,
mongo-majority,50,3,202,108.311,
mongo-majority,50,3,203,105.964,
mongo-majority,50,3,204,104.728,
mongo-majority,50,3,205,104.042,
mongo-majority,50,3,206,106.503,
mongo-majority,50,3,207,106.774,
mongo-majority,50,3,208,106.116,
mongo-majority,50,3,209,105.988,
mongo-majority,50,3,210,106.991,
mongo-majority,50,3,211,106.169,
mongo-majority,50,3,212,106.353,
mongo-majority,50,3,213,107.213,
mongo-majority,50,3,214,106.328,
mongo-majority,50,3,215,105.43,
mongo-majority,50,3,216,103.884,
mongo-majority,50,3,217,87.888,
mongo-majority,50,3,218,71.769,
mongo-majority,50,3,219,105.672,
mongo-majority,50,3,220,106.975,
mongo-majority,50,3,221,105.53,
mongo-majority,50,3,222,104.76,
mongo-majority,50,3,223,103.52,
mongo-majority,50,3,224,104.842,
mongo-majority,50,3,225,104.751,
mongo-majority,50,3,226,104.188,
mongo-majority,50,3,227,104.429,
mongo-majority,50,3,228,104.647,
mongo-majority,50,3,229,106.287,
mongo-majority,50,3,230,104.424,
mongo-majority,50,3,231,104.837,
mongo-majority,50,3,232,107.906,
mongo-majority,50,3,233,103.346,
mongo-majority,50,3,234,104.67,
mongo-majority,50,3,235,104.332,
mongo-majority,50,3,236,104.529,
mongo-majority,50,3,237,91.979,
mongo-majority,50,3,238,64.877,
mongo-majority,50,3,239,106.087,
mongo-majority,50,3,240,104.256,
mongo-majority,50,3,241,105.613,
mongo-majority,50,3,242,105.976,
mongo-majority,50,3,243,104.221,
mongo-majority,50,3,244,104.339,
mongo-majority,50,3,245,104.492,
mongo-majority,50,3,246,105.478,
mongo-majority,50,3,247,104.289,
mongo-majority,50,3,248,103.917,
mongo-majority,50,3,249,105.736,
mongo-majority,50,3,250,106.404,
mongo-majority,50,3,251,106.952,
mongo-majority,50,3,252,106.402,
mongo-majority,50,3,253,106.558,
mongo-majority,50,3,254,106.007,
mongo-majority,50,3,255,106.93,
mongo-majority,50,3,256,105.995,
mongo-majority,50,3,257,86.98,
mongo-majority,50,3,258,72.137,
mongo-majority,50,3,259,103.035,
mongo-majority,50,3,260,105.688,
mongo-majority,50,3,261,106.973,
mongo-majority,50,3,262,106.746,
mongo-majority,50,3,263,108.408,
mongo-majority,50,3,264,108.088,
mongo-majority,50,3,265,105.759,
mongo-majority,50,3,266,106.351,
mongo-majority,50,3,267,106.515,
mongo-majority,50,3,268,106.233,
mongo-majority,50,3,269,106.792,
mongo-majority,50,3,270,103.48,
mongo-majority,50,3,271,103.04,
mongo-majority,50,3,272,102.402,
mongo-majority,50,3,273,108.609,
mongo-majority,50,3,274,106.279,
mongo-majority,50,3,275,107.027,
mongo-majority,50,3,276,108.232,
mongo-majority,50,3,277,70.369,
mongo-majority,50,3,278,92.737,
mongo-majority,50,3,279,106.289,
mongo-majority,50,3,280,105.598,
mongo-majority,50,3,281,105.663,
mongo-majority,50,3,282,107.366,
mongo-majority,50,3,283,106.876,
mongo-majority,50,3,284,108.425,
mongo-majority,50,3,285,105.947,
mongo-majority,50,3,286,106.357,
mongo-majority,50,3,287,106.356,
mongo-majority,50,3,288,106.982,
mongo-majority,50,3,289,108.239,
mongo-majority,50,3,290,103.767,
mongo-majority,50,3,291,102.047,
mongo-majority,50,3,292,102.097,
mongo-majority,50,3,293,106.119,
mongo-majority,50,3,294,107.056,
mongo-majority,50,3,295,106.005,
mongo-majority,50,3,296,106.639,
mongo-majority,50,3,297,106.271,
mongo-majority,50,3,298,55.232,
mongo-majority,50,3,299,104.102,
mongo-majority,50,3,300,106.272,
mongo-majority,50,3,301,92.535,
mongo-majority,50,3,302,65.416,
mongo-majority,50,3,303,106.099,
mongo-majority,50,3,304,107.203,
mongo-majority,50,3,305,106.141,
mongo-majority,50,3,306,106.635,
mongo-majority,50,3,307,105.837,
mongo-majority,50,3,308,106.375,
mongo-majority,50,3,309,106.852,
mongo-majority,50,3,310,106.241,
mongo-majority,50,3,311,107.569,
mongo-majority,50,3,312,106.223,
mongo-majority,50,3,313,106.292,
mongo-majority,50,3,314,106.222,
mongo-majority,50,3,315,106.031,
mongo-majority,50,3,316,106.582,
mongo-majority,50,3,317,85.986,
mongo-majority,50,3,318,72.867,
mongo-majority,50,3,319,107.229,
mongo-majority,50,3,320,106.713,
mongo-majority,50,3,321,106.637,
mongo-majority,50,3,322,106.596,
mongo-majority,50,3,323,106.122,
mongo-majority,50,3,324,110.627,
mongo-majority,50,3,325,106.963,
mongo-majority,50,3,326,106.784,
mongo-majority,50,3,327,108.514,
mongo-majority,50,3,328,106.917,
mongo-majority,50,3,329,107.392,
mongo-majority,50,3,330,107.284,
mongo-majority,50,3,331,106.123,
mongo-majority,50,3,332,106.194,
mongo-majority,50,3,333,106.2,
mongo-majority,50,3,334,106.564,
mongo-majority,50,3,335,106.649,
mongo-majority,50,3,336,107.147,
mongo-majority,50,3,337,106.391,
mongo-majority,50,3,338,107.973,
mongo-majority,50,3,339,107.881,
mongo-majority,50,3,340,106.082,
mongo-majority,50,3,341,106.155,
mongo-majority,50,3,342,108.271,
mongo-majority,50,3,343,106.616,
mongo-majority,50,3,344,107.706,
mongo-majority,50,3,345,113.734,
mongo-majority,50,3,346,107.206,
mongo-majority,50,3,347,105.912,
mongo-majority,50,3,348,106.275,
mongo-majority,50,3,349,107.054,
mongo-majority,50,3,350,106.276,
mongo-majority,50,3,351,108.359,
mongo-majority,50,3,352,106.038,
mongo-majority,50,3,353,106.509,
mongo-majority,50,3,354,106.777,
mongo-majority,50,3,355,105.802,
mongo-majority,50,3,356,66.526,
mongo-majority,50,3,357,95.84,
mongo-majority,50,3,358,106.509,
mongo-majority,50,3,359,109.647,
mongo-majority,50,3,360,100.909,
mongo-majority,50,3,361,55.24,
mongo-majority,50,3,362,104.113,
mongo-majority,50,3,363,107.827,
mongo-majority,50,3,364,106.263,
mongo-majority,50,3,365,106.735,
mongo-majority,50,3,366,105.748,
mongo-majority,50,3,367,105.021,
mongo-majority,50,3,368,102.04,
mongo-majority,50,3,369,106.809,
mongo-majority,50,3,370,106.955,
mongo-majority,50,3,371,106.729,
mongo-majority,50,3,372,106.673,
mongo-majority,50,3,373,106.397,
mongo-majority,50,3,374,107.703,
mongo-majority,50,3,375,106.256,
mongo-majority,50,3,376,101.968,
mongo-majority,50,3,377,107.399,
mongo-majority,50,3,378,105.958,
mongo-majority,50,3,379,106.922,
mongo-majority,50,3,380,89.111,
mongo-majority,50,3,381,72.155,
mongo-majority,50,3,382,107.092,
mongo-majority,50,3,383,105.894,
mongo-majority,50,3,384,106.281,
mongo-majority,50,3,385,106.447,
mongo-majority,50,3,386,106.41,
mongo-majority,50,3,387,104.45,
mongo-majority,50,3,388,102.106,
mongo-majority,50,3,389,103.175,
mongo-majority,50,3,390,104.436,
mongo-majority,50,3,391,105.397,
mongo-majority,50,3,392,107.953,
mongo-majority,50,3,393,110.075,
mongo-majority,50,3,394,106.13,
mongo-majority,50,3,395,107.038,
mongo-majority,50,3,396,86.995,
mongo-majority,50,3,397,71.884,
mongo-majority,50,3,398,105.771,
mongo-majority,50,3,399,105.293,
mongo-majority,50,3,400,106.617,
mongo-majority,50,3,401,106.641,
mongo-majority,50,3,402,107.435,
mongo-majority,50,3,403,106.058,
mongo-majority,50,3,404,107.473,
mongo-majority,50,3,405,107.231,
mongo-majority,50,3,406,107.846,
mongo-majority,50,3,407,106.696,
mongo-majority,50,3,408,107.367,
mongo-majority,50,3,409,106.303,
mongo-majority,50,3,410,106.449,
mongo-majority,50,3,411,108.182,
mongo-majority,50,3,412,104.439,
mongo-majority,50,3,413,103.505,
mongo-majority,50,3,414,106.366,
mongo-majority,50,3,415,108.094,
mongo-majority,50,3,416,61.194,
mongo-majority,50,3,417,99.113,
mongo-majority,50,3,418,105.794,
mongo-majority,50,3,419,106.713,
mongo-majority,50,3,420,97.675,
mongo-majority,50,3,421,59.427,
mongo-majority,50,3,422,106.072,
mongo-majority,50,3,423,107.019,
mongo-majority,50,3,424,107.128,
mongo-majority,50,3,425,106.334,
mongo-majority,50,3,426,106.704,
mongo-majority,50,3,427,105.523,
mongo-majority,50,3,428,105.803,
mongo-majority,50,3,429,106.571,
mongo-majority,50,3,430,105.826,
mongo-majority,50,3,431,106.613,
mongo-majority,50,3,432,105.845,
mongo-majority,50,3,433,107.384,
mongo-majority,50,3,434,106.81,
mongo-majority,50,3,435,106.605,
mongo-majority,50,3,436,92.461,
mongo-majority,50,3,437,64.908,
mongo-majority,50,3,438,105.109,
mongo-majority,50,3,439,107.14,
mongo-majority,50,3,440,107.762,
mongo-majority,50,3,441,105.579,
mongo-majority,50,3,442,108.271,
mongo-majority,50,3,443,105.523,
mongo-majority,50,3,444,106.762,
mongo-majority,50,3,445,106.987,
mongo-majority,50,3,446,106.865,
mongo-majority,50,3,447,107.284,
mongo-majority,50,3,448,104.431,
mongo-majority,50,3,449,105.812,
mongo-majority,50,3,450,106.533,
mongo-majority,50,3,451,106.283,
mongo-majority,50,3,452,106.541,
mongo-majority,50,3,453,106.483,
mongo-majority,50,3,454,107.291,
mongo-majority,50,3,455,106.525,
mongo-majority,50,3,456,69.143,
mongo-majority,50,3,457,89.807,
mongo-majority,50,3,458,109.468,
mongo-majority,50,3,459,103.936,
mongo-majority,50,3,460,106.878,
mongo-majority,50,3,461,107.617,
mongo-majority,50,3,462,106.28,
mongo-majority,50,3,463,107.23,
mongo-majority,50,3,464,106.256,
mongo-majority,50,3,465,101.99,
mongo-majority,50,3,466,103.083,
mongo-majority,50,3,467,105.139,
redis-async,50,1,1,0.282,
redis-async,50,1,2,0.156,
redis-async,50,1,3,0.116,
redis-async,50,1,4,0.131,
redis-async,50,1,5,0.137,
redis-async,50,1,6,0.523,
redis-async,50,1,7,0.267,
redis-async,50,1,8,0.186,
redis-async,50,1,9,0.168,
redis-async,50,1,10,0.148,
redis-async,50,1,11,0.192,
redis-async,50,1,12,0.143,
redis-async,50,1,13,0.146,
redis-async,50,1,14,0.149,
redis-async,50,1,15,0.173,
redis-async,50,1,16,0.148,
redis-async,50,1,17,0.165,
redis-async,50,1,18,0.174,
redis-async,50,1,19,0.141,
redis-async,50,1,20,0.141,
redis-async,50,1,21,0.138,
redis-async,50,1,22,0.137,
redis-async,50,1,23,0.138,
redis-async,50,1,24,0.161,
redis-async,50,1,25,0.14,
redis-async,50,1,26,0.137,
redis-async,50,1,27,0.137,
redis-async,50,1,28,0.137,
redis-async,50,1,29,0.133,
redis-async,50,1,30,0.116,
redis-async,50,1,31,0.137,
redis-async,50,1,32,0.117,
redis-async,50,1,33,0.115,
redis-async,50,1,34,0.114,
redis-async,50,1,35,0.115,
redis-async,50,1,36,0.116,
redis-async,50,1,37,0.114,
redis-async,50,1,38,0.115,
redis-async,50,1,39,0.127,
redis-async,50,1,40,0.117,
redis-async,50,1,41,0.115,
redis-async,50,1,42,0.13,
redis-async,50,1,43,0.114,
redis-async,50,1,44,0.123,
redis-async,50,1,45,0.115,
redis-async,50,1,46,0.113,
redis-async,50,1,47,0.114,
redis-async,50,1,48,0.133,
redis-async,50,1,49,0.115,
redis-async,50,1,50,0.114,
redis-async,50,1,51,0.127,
redis-async,50,1,52,0.113,
redis-async,50,1,53,0.116,
redis-async,50,1,54,0.114,
redis-async,50,1,55,0.115,
redis-async,50,1,56,0.111,
redis-async,50,1,57,0.107,
redis-async,50,1,58,0.126,
redis-async,50,1,59,0.114,
redis-async,50,1,60,0.113,
redis-async,50,1,61,0.115,
redis-async,50,1,62,0.116,
redis-async,50,1,63,0.114,
redis-async,50,1,64,0.115,
redis-async,50,1,65,0.13,
redis-async,50,1,66,0.113,
redis-async,50,1,67,0.115,
redis-async,50,1,68,0.114,
redis-async,50,1,69,0.116,
redis-async,50,1,70,0.124,
redis-async,50,1,71,0.116,
redis-async,50,1,72,0.122,
redis-async,50,1,73,0.134,
redis-async,50,1,74,0.116,
redis-async,50,1,75,0.114,
redis-async,50,1,76,0.114,
redis-async,50,1,77,0.115,
redis-async,50,1,78,0.151,
redis-async,50,1,79,0.14,
redis-async,50,1,80,0.111,
redis-async,50,1,81,0.117,
redis-async,50,1,82,0.102,
redis-async,50,1,83,0.098,
redis-async,50,1,84,0.096,
redis-async,50,1,85,0.097,
redis-async,50,1,86,0.095,
redis-async,50,1,87,0.105,
redis-async,50,1,88,0.096,
redis-async,50,1,89,0.096,
redis-async,50,1,90,0.095,
redis-async,50,1,91,0.093,
redis-async,50,1,92,0.106,
redis-async,50,1,93,0.112,
redis-async,50,1,94,0.101,
redis-async,50,1,95,0.094,
redis-async,50,1,96,0.094,
redis-async,50,1,97,0.096,
redis-async,50,1,98,0.094,
redis-async,50,1,99,0.095,
redis-async,50,1,100,0.096,
redis-async,50,1,101,0.096,
redis-async,50,1,102,0.115,
redis-async,50,1,103,0.108,
redis-async,50,1,104,0.097,
redis-async,50,1,105,0.097,
redis-async,50,1,106,0.096,
redis-async,50,1,107,0.096,
redis-async,50,1,108,0.097,
redis-async,50,1,109,0.113,
redis-async,50,1,110,0.102,
redis-async,50,1,111,0.096,
redis-async,50,1,112,0.091,
redis-async,50,1,113,0.096,
redis-async,50,1,114,0.094,
redis-async,50,1,115,0.095,
redis-async,50,1,116,0.097,
redis-async,50,1,117,0.093,
redis-async,50,1,118,0.11,
redis-async,50,1,119,0.094,
redis-async,50,1,120,0.093,
redis-async,50,1,121,0.093,
redis-async,50,1,122,0.115,
redis-async,50,1,123,0.094,
redis-async,50,1,124,0.092,
redis-async,50,1,125,0.092,
redis-async,50,1,126,0.092,
redis-async,50,1,127,0.093,
redis-async,50,1,128,0.093,
redis-async,50,1,129,0.093,
redis-async,50,1,130,0.095,
redis-async,50,1,131,0.094,
redis-async,50,1,132,0.092,
redis-async,50,1,133,0.088,
redis-async,50,1,134,0.093,
redis-async,50,1,135,0.093,
redis-async,50,1,136,0.093,
redis-async,50,1,137,0.093,
redis-async,50,1,138,0.097,
redis-async,50,1,139,0.083,
redis-async,50,1,140,0.082,
redis-async,50,1,141,0.083,
redis-async,50,1,142,0.082,
redis-async,50,1,143,0.09,
redis-async,50,1,144,0.086,
redis-async,50,1,145,0.083,
redis-async,50,1,146,0.094,
redis-async,50,1,147,0.083,
redis-async,50,1,148,0.083,
redis-async,50,1,149,0.085,
redis-async,50,1,150,0.082,
redis-async,50,1,151,0.083,
redis-async,50,1,152,0.083,
redis-async,50,1,153,0.082,
redis-async,50,1,154,0.082,
redis-async,50,1,155,0.084,
redis-async,50,1,156,0.079,
redis-async,50,1,157,0.081,
redis-async,50,1,158,0.082,
redis-async,50,1,159,0.083,
redis-async,50,1,160,0.082,
redis-async,50,1,161,0.084,
redis-async,50,1,162,0.085,
redis-async,50,1,163,0.084,
redis-async,50,1,164,0.083,
redis-async,50,1,165,0.083,
redis-async,50,1,166,0.084,
redis-async,50,1,167,0.08,
redis-async,50,1,168,0.079,
redis-async,50,1,169,0.083,
redis-async,50,1,170,0.083,
redis-async,50,1,171,0.084,
redis-async,50,1,172,0.083,
redis-async,50,1,173,0.083,
redis-async,50,1,174,0.084,
redis-async,50,1,175,0.094,
redis-async,50,1,176,0.083,
redis-async,50,1,177,0.084,
redis-async,50,1,178,0.083,
redis-async,50,1,179,0.082,
redis-async,50,1,180,0.078,
redis-async,50,1,181,0.083,
redis-async,50,1,182,0.083,
redis-async,50,1,183,0.083,
redis-async,50,1,184,0.082,
redis-async,50,1,185,0.084,
redis-async,50,1,186,0.084,
redis-async,50,1,187,0.082,
redis-async,50,1,188,0.082,
redis-async,50,1,189,0.084,
redis-async,50,1,190,0.083,
redis-async,50,1,191,0.085,
redis-async,50,1,192,0.079,
redis-async,50,1,193,0.082,
redis-async,50,1,194,0.082,
redis-async,50,1,195,0.084,
redis-async,50,1,196,0.082,
redis-async,50,1,197,0.084,
redis-async,50,1,198,0.082,
redis-async,50,1,199,0.082,
redis-async,50,1,200,0.082,
redis-async,50,1,201,0.084,
redis-async,50,1,202,0.084,
redis-async,50,1,203,0.092,
redis-async,50,1,204,0.078,
redis-async,50,1,205,0.083,
redis-async,50,1,206,0.082,
redis-async,50,1,207,0.082,
redis-async,50,1,208,0.081,
redis-async,50,1,209,0.084,
redis-async,50,1,210,0.076,
redis-async,50,1,211,0.074,
redis-async,50,1,212,0.075,
redis-async,50,1,213,0.075,
redis-async,50,1,214,0.076,
redis-async,50,1,215,0.075,
redis-async,50,1,216,0.086,
redis-async,50,1,217,0.072,
redis-async,50,1,218,0.075,
redis-async,50,1,219,0.074,
redis-async,50,1,220,0.081,
redis-async,50,1,221,0.075,
redis-async,50,1,222,0.075,
redis-async,50,1,223,0.085,
redis-async,50,1,224,0.075,
redis-async,50,1,225,0.074,
redis-async,50,1,226,0.075,
redis-async,50,1,227,0.074,
redis-async,50,1,228,0.075,
redis-async,50,1,229,0.082,
redis-async,50,1,230,0.075,
redis-async,50,1,231,0.088,
redis-async,50,1,232,0.074,
redis-async,50,1,233,0.076,
redis-async,50,1,234,0.076,
redis-async,50,1,235,0.056,
redis-async,50,1,236,0.051,
redis-async,50,1,237,0.05,
redis-async,50,1,238,0.051,
redis-async,50,1,239,0.05,
redis-async,50,1,240,0.049,
redis-async,50,1,241,0.049,
redis-async,50,1,242,0.049,
redis-async,50,1,243,0.049,
redis-async,50,1,244,0.049,
redis-async,50,1,245,0.059,
redis-async,50,1,246,0.05,
redis-async,50,1,247,0.049,
redis-async,50,1,248,0.052,
redis-async,50,1,249,0.052,
redis-async,50,1,250,0.049,
redis-async,50,1,251,0.049,
redis-async,50,1,252,0.049,
redis-async,50,1,253,0.05,
redis-async,50,1,254,0.05,
redis-async,50,1,255,0.049,
redis-async,50,1,256,0.05,
redis-async,50,1,257,0.052,
redis-async,50,1,258,0.05,
redis-async,50,1,259,0.067,
redis-async,50,1,260,0.085,
redis-async,50,1,261,0.082,
redis-async,50,1,262,0.081,
redis-async,50,1,263,0.098,
redis-async,50,1,264,0.083,
redis-async,50,1,265,0.083,
redis-async,50,1,266,0.086,
redis-async,50,1,267,0.083,
redis-async,50,1,268,0.083,
redis-async,50,1,269,0.084,
redis-async,50,1,270,0.082,
redis-async,50,1,271,0.082,
redis-async,50,1,272,0.082,
redis-async,50,1,273,0.083,
redis-async,50,1,274,0.082,
redis-async,50,1,275,0.093,
redis-async,50,1,276,0.08,
redis-async,50,1,277,0.08,
redis-async,50,1,278,0.081,
redis-async,50,1,279,0.1,
redis-async,50,1,280,0.086,
redis-async,50,1,281,0.099,
redis-async,50,1,282,0.087,
redis-async,50,1,283,0.081,
redis-async,50,1,284,0.083,
redis-async,50,1,285,0.084,
redis-async,50,1,286,0.112,
redis-async,50,1,287,0.105,
redis-async,50,1,288,0.114,
redis-async,50,1,289,0.083,
redis-async,50,1,290,0.108,
redis-async,50,1,291,0.104,
redis-async,50,1,292,0.084,
redis-async,50,1,293,0.078,
redis-async,50,1,294,0.076,
redis-async,50,1,295,0.075,
redis-async,50,1,296,0.074,
redis-async,50,1,297,0.081,
redis-async,50,1,298,0.073,
redis-async,50,1,299,0.075,
redis-async,50,1,300,0.074,
redis-async,50,1,301,0.073,
redis-async,50,1,302,0.074,
redis-async,50,1,303,0.074,
redis-async,50,1,304,0.073,
redis-async,50,1,305,0.074,
redis-async,50,1,306,0.074,
redis-async,50,1,307,0.074,
redis-async,50,1,308,0.072,
redis-async,50,1,309,0.074,
redis-async,50,1,310,0.073,
redis-async,50,1,311,0.072,
redis-async,50,1,312,0.073,
redis-async,50,1,313,0.073,
redis-async,50,1,314,0.074,
redis-async,50,1,315,0.074,
redis-async,50,1,316,0.103,
redis-async,50,1,317,0.077,
redis-async,50,1,318,0.074,
redis-async,50,1,319,0.073,
redis-async,50,1,320,0.074,
redis-async,50,1,321,0.072,
redis-async,50,1,322,0.074,
redis-async,50,1,323,0.067,
redis-async,50,1,324,0.083,
redis-async,50,1,325,0.073,
redis-async,50,1,326,0.073,
redis-async,50,1,327,0.074,
redis-async,50,1,328,0.073,
redis-async,50,1,329,0.073,
redis-async,50,1,330,0.072,
redis-async,50,1,331,0.071,
redis-async,50,1,332,0.072,
redis-async,50,1,333,0.073,
redis-async,50,1,334,0.072,
redis-async,50,1,335,0.071,
redis-async,50,1,336,0.073,
redis-async,50,1,337,0.07,
redis-async,50,1,338,0.075,
redis-async,50,1,339,0.085,
redis-async,50,1,340,0.075,
redis-async,50,1,341,0.076,
redis-async,50,1,342,0.077,
redis-async,50,1,343,0.103,
redis-async,50,1,344,0.076,
redis-async,50,1,345,0.074,
redis-async,50,1,346,0.074,
redis-async,50,1,347,0.074,
redis-async,50,1,348,0.076,
redis-async,50,1,349,0.078,
redis-async,50,1,350,0.087,
redis-async,50,1,351,0.079,
redis-async,50,1,352,0.075,
redis-async,50,1,353,0.079,
redis-async,50,1,354,0.082,
redis-async,50,1,355,0.076,
redis-async,50,1,356,0.075,
redis-async,50,1,357,0.074,
redis-async,50,1,358,0.075,
redis-async,50,1,359,0.074,
redis-async,50,1,360,0.075,
redis-async,50,1,361,0.075,
redis-async,50,1,362,0.074,
redis-async,50,1,363,0.082,
redis-async,50,1,364,0.081,
redis-async,50,1,365,0.074,
redis-async,50,1,366,0.074,
redis-async,50,1,367,0.078,
redis-async,50,1,368,0.075,
redis-async,50,1,369,0.07,
redis-async,50,1,370,0.075,
redis-async,50,1,371,0.072,
redis-async,50,1,372,0.07,
redis-async,50,1,373,0.069,
redis-async,50,1,374,0.071,
redis-async,50,1,375,0.069,
redis-async,50,1,376,0.07,
redis-async,50,1,377,0.065,
redis-async,50,1,378,0.071,
redis-async,50,1,379,0.074,
redis-async,50,1,380,0.073,
redis-async,50,1,381,0.069,
redis-async,50,1,382,0.071,
redis-async,50,1,383,0.07,
redis-async,50,1,384,0.07,
redis-async,50,1,385,0.069,
redis-async,50,1,386,0.069,
redis-async,50,1,387,0.069,
redis-async,50,1,388,0.07,
redis-async,50,1,389,0.071,
redis-async,50,1,390,0.06,
redis-async,50,1,391,0.085,
redis-async,50,1,392,0.071,
redis-async,50,1,393,0.069,
redis-async,50,1,394,0.07,
redis-async,50,1,395,0.069,
redis-async,50,1,396,0.07,
redis-async,50,1,397,0.083,
redis-async,50,1,398,0.075,
redis-async,50,1,399,0.069,
redis-async,50,1,400,0.072,
redis-async,50,1,401,0.091,
redis-async,50,1,402,0.092,
redis-async,50,1,403,0.07,
redis-async,50,1,404,0.067,
redis-async,50,1,405,0.069,
redis-async,50,1,406,0.076,
redis-async,50,1,407,0.07,
redis-async,50,1,408,0.07,
redis-async,50,1,409,0.072,
redis-async,50,1,410,0.068,
redis-async,50,1,411,0.07,
redis-async,50,1,412,0.07,
redis-async,50,1,413,0.076,
redis-async,50,1,414,0.07,
redis-async,50,1,415,0.069,
redis-async,50,1,416,0.069,
redis-async,50,1,417,0.069,
redis-async,50,1,418,0.071,
redis-async,50,1,419,0.071,
redis-async,50,1,420,0.07,
redis-async,50,1,421,0.072,
redis-async,50,1,422,0.073,
redis-async,50,1,423,0.07,
redis-async,50,1,424,0.07,
redis-async,50,1,425,0.069,
redis-async,50,1,426,0.072,
redis-async,50,1,427,0.077,
redis-async,50,1,428,0.069,
redis-async,50,1,429,0.071,
redis-async,50,1,430,0.069,
redis-async,50,1,431,0.071,
redis-async,50,1,432,0.066,
redis-async,50,1,433,0.069,
redis-async,50,1,434,0.071,
redis-async,50,1,435,0.071,
redis-async,50,1,436,0.072,
redis-async,50,1,437,0.077,
redis-async,50,1,438,0.068,
redis-async,50,1,439,0.069,
redis-async,50,1,440,0.068,
redis-async,50,1,441,0.069,
redis-async,50,1,442,0.069,
redis-async,50,1,443,0.069,
redis-async,50,1,444,0.068,
redis-async,50,1,445,0.069,
redis-async,50,1,446,0.075,
redis-async,50,1,447,0.07,
redis-async,50,1,448,0.076,
redis-async,50,1,449,0.077,
redis-async,50,1,450,0.067,
redis-async,50,1,451,0.056,
redis-async,50,1,452,0.073,
redis-async,50,1,453,0.065,
redis-async,50,1,454,0.065,
redis-async,50,1,455,0.072,
redis-async,50,1,456,0.065,
redis-async,50,1,457,0.065,
redis-async,50,1,458,0.065,
redis-async,50,1,459,0.075,
redis-async,50,1,460,0.072,
redis-async,50,1,461,0.065,
redis-async,50,1,462,0.077,
redis-async,50,1,463,0.065,
redis-async,50,1,464,0.066,
redis-async,50,1,465,0.066,
redis-async,50,1,466,0.065,
redis-async,50,1,467,0.065,
redis-async,50,2,1,0.071,
redis-async,50,2,2,0.064,
redis-async,50,2,3,0.063,
redis-async,50,2,4,0.062,
redis-async,50,2,5,0.062,
redis-async,50,2,6,0.062,
redis-async,50,2,7,0.062,
redis-async,50,2,8,0.063,
redis-async,50,2,9,0.062,
redis-async,50,2,10,0.063,
redis-async,50,2,11,0.06,
redis-async,50,2,12,0.067,
redis-async,50,2,13,0.062,
redis-async,50,2,14,0.063,
redis-async,50,2,15,0.063,
redis-async,50,2,16,0.062,
redis-async,50,2,17,0.062,
redis-async,50,2,18,0.062,
redis-async,50,2,19,0.065,
redis-async,50,2,20,0.062,
redis-async,50,2,21,0.063,
redis-async,50,2,22,0.063,
redis-async,50,2,23,0.066,
redis-async,50,2,24,0.07,
redis-async,50,2,25,0.075,
redis-async,50,2,26,0.066,
redis-async,50,2,27,0.062,
redis-async,50,2,28,0.06,
redis-async,50,2,29,0.063,
redis-async,50,2,30,0.073,
redis-async,50,2,31,0.061,
redis-async,50,2,32,0.061,
redis-async,50,2,33,0.061,
redis-async,50,2,34,0.062,
redis-async,50,2,35,0.062,
redis-async,50,2,36,0.062,
redis-async,50,2,37,0.072,
redis-async,50,2,38,0.07,
redis-async,50,2,39,0.065,
redis-async,50,2,40,0.064,
redis-async,50,2,41,0.061,
redis-async,50,2,42,0.07,
redis-async,50,2,43,0.076,
redis-async,50,2,44,0.062,
redis-async,50,2,45,0.067,
redis-async,50,2,46,0.066,
redis-async,50,2,47,0.065,
redis-async,50,2,48,0.062,
redis-async,50,2,49,0.061,
redis-async,50,2,50,0.061,
redis-async,50,2,51,0.062,
redis-async,50,2,52,0.068,
redis-async,50,2,53,0.063,
redis-async,50,2,54,0.06,
redis-async,50,2,55,0.061,
redis-async,50,2,56,0.061,
redis-async,50,2,57,0.06,
redis-async,50,2,58,0.063,
redis-async,50,2,59,0.058,
redis-async,50,2,60,0.06,
redis-async,50,2,61,0.061,
redis-async,50,2,62,0.06,
redis-async,50,2,63,0.06,
redis-async,50,2,64,0.07,
redis-async,50,2,65,0.061,
redis-async,50,2,66,0.06,
redis-async,50,2,67,0.06,
redis-async,50,2,68,0.061,
redis-async,50,2,69,0.062,
redis-async,50,2,70,0.061,
redis-async,50,2,71,0.062,
redis-async,50,2,72,0.061,
redis-async,50,2,73,0.06,
redis-async,50,2,74,0.052,
redis-async,50,2,75,0.054,
redis-async,50,2,76,0.06,
redis-async,50,2,77,0.061,
redis-async,50,2,78,0.063,
redis-async,50,2,79,0.06,
redis-async,50,2,80,0.061,
redis-async,50,2,81,0.06,
redis-async,50,2,82,0.06,
redis-async,50,2,83,0.06,
redis-async,50,2,84,0.06,
redis-async,50,2,85,0.06,
redis-async,50,2,86,0.061,
redis-async,50,2,87,0.061,
redis-async,50,2,88,0.068,
redis-async,50,2,89,0.062,
redis-async,50,2,90,0.061,
redis-async,50,2,91,0.059,
redis-async,50,2,92,0.057,
redis-async,50,2,93,0.063,
redis-async,50,2,94,0.06,
redis-async,50,2,95,0.059,
redis-async,50,2,96,0.06,
redis-async,50,2,97,0.059,
redis-async,50,2,98,0.059,
redis-async,50,2,99,0.059,
redis-async,50,2,100,0.066,
redis-async,50,2,101,0.063,
redis-async,50,2,102,0.059,
redis-async,50,2,103,0.061,
redis-async,50,2,104,0.06,
redis-async,50,2,105,0.061,
redis-async,50,2,106,0.064,
redis-async,50,2,107,0.05,
redis-async,50,2,108,0.056,
redis-async,50,2,109,0.061,
redis-async,50,2,110,0.062,
redis-async,50,2,111,0.059,
redis-async,50,2,112,0.062,
redis-async,50,2,113,0.061,
redis-async,50,2,114,0.059,
redis-async,50,2,115,0.059,
redis-async,50,2,116,0.057,
redis-async,50,2,117,0.058,
redis-async,50,2,118,0.058,
redis-async,50,2,119,0.062,
redis-async,50,2,120,0.061,
redis-async,50,2,121,0.059,
redis-async,50,2,122,0.059,
redis-async,50,2,123,0.059,
redis-async,50,2,124,0.065,
redis-async,50,2,125,0.057,
redis-async,50,2,126,0.059,
redis-async,50,2,127,0.05,
redis-async,50,2,128,0.053,
redis-async,50,2,129,0.06,
redis-async,50,2,130,0.06,
redis-async,50,2,131,0.068,
redis-async,50,2,132,0.051,
redis-async,50,2,133,0.06,
redis-async,50,2,134,0.061,
redis-async,50,2,135,0.058,
redis-async,50,2,136,0.061,
redis-async,50,2,137,0.06,
redis-async,50,2,138,0.054,
redis-async,50,2,139,0.061,
redis-async,50,2,140,0.06,
redis-async,50,2,141,0.051,
redis-async,50,2,142,0.065,
redis-async,50,2,143,0.063,
redis-async,50,2,144,0.057,
redis-async,50,2,145,0.057,
redis-async,50,2,146,0.057,
redis-async,50,2,147,0.057,
redis-async,50,2,148,0.058,
redis-async,50,2,149,0.057,
redis-async,50,2,150,0.058,
redis-async,50,2,151,0.056,
redis-async,50,2,152,0.057,
redis-async,50,2,153,0.057,
redis-async,50,2,154,0.056,
redis-async,50,2,155,0.056,
redis-async,50,2,156,0.056,
redis-async,50,2,157,0.057,
redis-async,50,2,158,0.06,
redis-async,50,2,159,0.056,
redis-async,50,2,160,0.064,
redis-async,50,2,161,0.056,
redis-async,50,2,162,0.056,
redis-async,50,2,163,0.055,
redis-async,50,2,164,0.055,
redis-async,50,2,165,0.055,
redis-async,50,2,166,0.055,
redis-async,50,2,167,0.055,
redis-async,50,2,168,0.055,
redis-async,50,2,169,0.055,
redis-async,50,2,170,0.055,
redis-async,50,2,171,0.056,
redis-async,50,2,172,0.055,
redis-async,50,2,173,0.055,
redis-async,50,2,174,0.055,
redis-async,50,2,175,0.055,
redis-async,50,2,176,0.053,
redis-async,50,2,177,0.057,
redis-async,50,2,178,0.058,
redis-async,50,2,179,0.055,
redis-async,50,2,180,0.055,
redis-async,50,2,181,0.055,
redis-async,50,2,182,0.055,
redis-async,50,2,183,0.055,
redis-async,50,2,184,0.055,
redis-async,50,2,185,0.054,
redis-async,50,2,186,0.055,
redis-async,50,2,187,0.054,
redis-async,50,2,188,0.055,
redis-async,50,2,189,0.054,
redis-async,50,2,190,0.062,
redis-async,50,2,191,0.055,
redis-async,50,2,192,0.055,
redis-async,50,2,193,0.054,
redis-async,50,2,194,0.053,
redis-async,50,2,195,0.068,
redis-async,50,2,196,0.058,
redis-async,50,2,197,0.057,
redis-async,50,2,198,0.057,
redis-async,50,2,199,0.06,
redis-async,50,2,200,0.057,
redis-async,50,2,201,0.057,
redis-async,50,2,202,0.057,
redis-async,50,2,203,0.065,
redis-async,50,2,204,0.063,
redis-async,50,2,205,0.057,
redis-async,50,2,206,0.057,
redis-async,50,2,207,0.056,
redis-async,50,2,208,0.057,
redis-async,50,2,209,0.056,
redis-async,50,2,210,0.056,
redis-async,50,2,211,0.056,
redis-async,50,2,212,0.056,
redis-async,50,2,213,0.059,
redis-async,50,2,214,0.059,
redis-async,50,2,215,0.056,
redis-async,50,2,216,0.056,
redis-async,50,2,217,0.056,
redis-async,50,2,218,0.056,
redis-async,50,2,219,0.057,
redis-async,50,2,220,0.056,
redis-async,50,2,221,0.056,
redis-async,50,2,222,0.056,
redis-async,50,2,223,0.056,
redis-async,50,2,224,0.056,
redis-async,50,2,225,0.055,
redis-async,50,2,226,0.056,
redis-async,50,2,227,0.056,
redis-async,50,2,228,0.056,
redis-async,50,2,229,0.049,
redis-async,50,2,230,0.058,
redis-async,50,2,231,0.064,
redis-async,50,2,232,0.06,
redis-async,50,2,233,0.056,
redis-async,50,2,234,0.056,
redis-async,50,2,235,0.056,
redis-async,50,2,236,0.056,
redis-async,50,2,237,0.056,
redis-async,50,2,238,0.056,
redis-async,50,2,239,0.056,
redis-async,50,2,240,0.056,
redis-async,50,2,241,0.056,
redis-async,50,2,242,0.056,
redis-async,50,2,243,0.056,
redis-async,50,2,244,0.056,
redis-async,50,2,245,0.056,
redis-async,50,2,246,0.057,
redis-async,50,2,247,0.056,
redis-async,50,2,248,0.055,
redis-async,50,2,249,0.056,
redis-async,50,2,250,0.053,
redis-async,50,2,251,0.053,
redis-async,50,2,252,0.055,
redis-async,50,2,253,0.055,
redis-async,50,2,254,0.055,
redis-async,50,2,255,0.054,
redis-async,50,2,256,0.054,
redis-async,50,2,257,0.054,
redis-async,50,2,258,0.054,
redis-async,50,2,259,0.054,
redis-async,50,2,260,0.054,
redis-async,50,2,261,0.053,
redis-async,50,2,262,0.054,
redis-async,50,2,263,0.18,
redis-async,50,2,264,0.055,
redis-async,50,2,265,0.054,
redis-async,50,2,266,0.053,
redis-async,50,2,267,0.054,
redis-async,50,2,268,0.053,
redis-async,50,2,269,0.054,
redis-async,50,2,270,0.053,
redis-async,50,2,271,0.055,
redis-async,50,2,272,0.056,
redis-async,50,2,273,0.054,
redis-async,50,2,274,0.055,
redis-async,50,2,275,0.054,
redis-async,50,2,276,0.055,
redis-async,50,2,277,0.062,
redis-async,50,2,278,0.055,
redis-async,50,2,279,0.053,
redis-async,50,2,280,0.055,
redis-async,50,2,281,0.047,
redis-async,50,2,282,0.062,
redis-async,50,2,283,0.055,
redis-async,50,2,284,0.054,
redis-async,50,2,285,0.054,
redis-async,50,2,286,0.054,
redis-async,50,2,287,0.054,
redis-async,50,2,288,0.055,
redis-async,50,2,289,0.054,
redis-async,50,2,290,0.055,
redis-async,50,2,291,0.054,
redis-async,50,2,292,0.054,
redis-async,50,2,293,0.054,
redis-async,50,2,294,0.054,
redis-async,50,2,295,0.054,
redis-async,50,2,296,0.054,
redis-async,50,2,297,0.056,
redis-async,50,2,298,0.054,
redis-async,50,2,299,0.055,
redis-async,50,2,300,0.044,
redis-async,50,2,301,0.051,
redis-async,50,2,302,0.055,
redis-async,50,2,303,0.054,
redis-async,50,2,304,0.055,
redis-async,50,2,305,0.054,
redis-async,50,2,306,0.054,
redis-async,50,2,307,0.055,
redis-async,50,2,308,0.054,
redis-async,50,2,309,0.054,
redis-async,50,2,310,0.054,
redis-async,50,2,311,0.055,
redis-async,50,2,312,0.054,
redis-async,50,2,313,0.055,
redis-async,50,2,314,0.054,
redis-async,50,2,315,0.055,
redis-async,50,2,316,0.055,
redis-async,50,2,317,0.056,
redis-async,50,2,318,0.055,
redis-async,50,2,319,0.055,
redis-async,50,2,320,0.057,
redis-async,50,2,321,0.055,
redis-async,50,2,322,0.056,
redis-async,50,2,323,0.056,
redis-async,50,2,324,0.054,
redis-async,50,2,325,0.068,
redis-async,50,2,326,0.054,
redis-async,50,2,327,0.054,
redis-async,50,2,328,0.054,
redis-async,50,2,329,0.055,
redis-async,50,2,330,0.057,
redis-async,50,2,331,0.057,
redis-async,50,2,332,0.064,
redis-async,50,2,333,0.055,
redis-async,50,2,334,0.062,
redis-async,50,2,335,0.057,
redis-async,50,2,336,0.054,
redis-async,50,2,337,0.055,
redis-async,50,2,338,0.054,
redis-async,50,2,339,0.054,
redis-async,50,2,340,0.054,
redis-async,50,2,341,0.055,
redis-async,50,2,342,0.055,
redis-async,50,2,343,0.055,
redis-async,50,2,344,0.054,
redis-async,50,2,345,0.054,
redis-async,50,2,346,0.055,
redis-async,50,2,347,0.054,
redis-async,50,2,348,0.054,
redis-async,50,2,349,0.062,
redis-async,50,2,350,0.058,
redis-async,50,2,351,0.057,
redis-async,50,2,352,0.055,
redis-async,50,2,353,0.061,
redis-async,50,2,354,0.067,
redis-async,50,2,355,0.055,
redis-async,50,2,356,0.055,
redis-async,50,2,357,0.055,
redis-async,50,2,358,0.054,
redis-async,50,2,359,0.054,
redis-async,50,2,360,0.054,
redis-async,50,2,361,0.055,
redis-async,50,2,362,0.054,
redis-async,50,2,363,0.054,
redis-async,50,2,364,0.054,
redis-async,50,2,365,0.054,
redis-async,50,2,366,0.062,
redis-async,50,2,367,0.054,
redis-async,50,2,368,0.054,
redis-async,50,2,369,0.054,
redis-async,50,2,370,0.054,
redis-async,50,2,371,0.053,
redis-async,50,2,372,0.053,
redis-async,50,2,373,0.054,
redis-async,50,2,374,0.054,
redis-async,50,2,375,0.054,
redis-async,50,2,376,0.055,
redis-async,50,2,377,0.055,
redis-async,50,2,378,0.054,
redis-async,50,2,379,0.06,
redis-async,50,2,380,0.058,
redis-async,50,2,381,0.054,
redis-async,50,2,382,0.054,
redis-async,50,2,383,0.054,
redis-async,50,2,384,0.054,
redis-async,50,2,385,0.054,
redis-async,50,2,386,0.054,
redis-async,50,2,387,0.054,
redis-async,50,2,388,0.056,
redis-async,50,2,389,0.057,
redis-async,50,2,390,0.048,
redis-async,50,2,391,0.057,
redis-async,50,2,392,0.054,
redis-async,50,2,393,0.054,
redis-async,50,2,394,0.054,
redis-async,50,2,395,0.054,
redis-async,50,2,396,0.054,
redis-async,50,2,397,0.054,
redis-async,50,2,398,0.054,
redis-async,50,2,399,0.054,
redis-async,50,2,400,0.054,
redis-async,50,2,401,0.061,
redis-async,50,2,402,0.059,
redis-async,50,2,403,0.054,
redis-async,50,2,404,0.054,
redis-async,50,2,405,0.054,
redis-async,50,2,406,0.054,
redis-async,50,2,407,0.054,
redis-async,50,2,408,0.053,
redis-async,50,2,409,0.052,
redis-async,50,2,410,0.056,
redis-async,50,2,411,0.056,
redis-async,50,2,412,0.054,
redis-async,50,2,413,0.054,
redis-async,50,2,414,0.054,
redis-async,50,2,415,0.054,
redis-async,50,2,416,0.054,
redis-async,50,2,417,0.054,
redis-async,50,2,418,0.054,
redis-async,50,2,419,0.054,
redis-async,50,2,420,0.056,
redis-async,50,2,421,0.057,
redis-async,50,2,422,0.054,
redis-async,50,2,423,0.055,
redis-async,50,2,424,0.056,
redis-async,50,2,425,0.059,
redis-async,50,2,426,0.065,
redis-async,50,2,427,0.053,
redis-async,50,2,428,0.051,
redis-async,50,2,429,0.058,
redis-async,50,2,430,0.051,
redis-async,50,2,431,0.051,
redis-async,50,2,432,0.051,
redis-async,50,2,433,0.052,
redis-async,50,2,434,0.051,
redis-async,50,2,435,0.051,
redis-async,50,2,436,0.051,
redis-async,50,2,437,0.052,
redis-async,50,2,438,0.051,
redis-async,50,2,439,0.051,
redis-async,50,2,440,0.051,
redis-async,50,2,441,0.054,
redis-async,50,2,442,0.052,
redis-async,50,2,443,0.052,
redis-async,50,2,444,0.053,
redis-async,50,2,445,0.044,
redis-async,50,2,446,0.057,
redis-async,50,2,447,0.053,
redis-async,50,2,448,0.053,
redis-async,50,2,449,0.051,
redis-async,50,2,450,0.052,
redis-async,50,2,451,0.052,
redis-async,50,2,452,0.051,
redis-async,50,2,453,0.051,
redis-async,50,2,454,0.053,
redis-async,50,2,455,0.053,
redis-async,50,2,456,0.053,
redis-async,50,2,457,0.051,
redis-async,50,2,458,0.051,
redis-async,50,2,459,0.053,
redis-async,50,2,460,0.052,
redis-async,50,2,461,0.053,
redis-async,50,2,462,0.068,
redis-async,50,2,463,0.055,
redis-async,50,2,464,0.05,
redis-async,50,2,465,0.05,
redis-async,50,2,466,0.052,
redis-async,50,2,467,0.051,
redis-async,50,3,1,0.057,
redis-async,50,3,2,0.058,
redis-async,50,3,3,0.053,
redis-async,50,3,4,0.052,
redis-async,50,3,5,0.052,
redis-async,50,3,6,0.052,
redis-async,50,3,7,0.052,
redis-async,50,3,8,0.053,
redis-async,50,3,9,0.052,
redis-async,50,3,10,0.053,
redis-async,50,3,11,0.056,
redis-async,50,3,12,0.053,
redis-async,50,3,13,0.055,
redis-async,50,3,14,0.069,
redis-async,50,3,15,0.051,
redis-async,50,3,16,0.05,
redis-async,50,3,17,0.049,
redis-async,50,3,18,0.056,
redis-async,50,3,19,0.051,
redis-async,50,3,20,0.05,
redis-async,50,3,21,0.051,
redis-async,50,3,22,0.061,
redis-async,50,3,23,0.051,
redis-async,50,3,24,0.051,
redis-async,50,3,25,0.051,
redis-async,50,3,26,0.049,
redis-async,50,3,27,0.051,
redis-async,50,3,28,0.05,
redis-async,50,3,29,0.049,
redis-async,50,3,30,0.05,
redis-async,50,3,31,0.049,
redis-async,50,3,32,0.051,
redis-async,50,3,33,0.048,
redis-async,50,3,34,0.055,
redis-async,50,3,35,0.05,
redis-async,50,3,36,0.051,
redis-async,50,3,37,0.05,
redis-async,50,3,38,0.058,
redis-async,50,3,39,0.05,
redis-async,50,3,40,0.049,
redis-async,50,3,41,0.05,
redis-async,50,3,42,0.052,
redis-async,50,3,43,0.05,
redis-async,50,3,44,0.049,
redis-async,50,3,45,0.05,
redis-async,50,3,46,0.05,
redis-async,50,3,47,0.049,
redis-async,50,3,48,0.05,
redis-async,50,3,49,0.052,
redis-async,50,3,50,0.049,
redis-async,50,3,51,0.05,
redis-async,50,3,52,0.048,
redis-async,50,3,53,0.043,
redis-async,50,3,54,0.048,
redis-async,50,3,55,0.049,
redis-async,50,3,56,0.049,
redis-async,50,3,57,0.049,
redis-async,50,3,58,0.05,
redis-async,50,3,59,0.053,
redis-async,50,3,60,0.05,
redis-async,50,3,61,0.049,
redis-async,50,3,62,0.05,
redis-async,50,3,63,0.056,
redis-async,50,3,64,0.055,
redis-async,50,3,65,0.049,
redis-async,50,3,66,0.05,
redis-async,50,3,67,0.049,
redis-async,50,3,68,0.056,
redis-async,50,3,69,0.051,
redis-async,50,3,70,0.053,
redis-async,50,3,71,0.049,
redis-async,50,3,72,0.044,
redis-async,50,3,73,0.05,
redis-async,50,3,74,0.05,
redis-async,50,3,75,0.049,
redis-async,50,3,76,0.05,
redis-async,50,3,77,0.059,
redis-async,50,3,78,0.05,
redis-async,50,3,79,0.05,
redis-async,50,3,80,0.05,
redis-async,50,3,81,0.049,
redis-async,50,3,82,0.049,
redis-async,50,3,83,0.049,
redis-async,50,3,84,0.051,
redis-async,50,3,85,0.05,
redis-async,50,3,86,0.05,
redis-async,50,3,87,0.051,
redis-async,50,3,88,0.052,
redis-async,50,3,89,0.058,
redis-async,50,3,90,0.058,
redis-async,50,3,91,0.059,
redis-async,50,3,92,0.052,
redis-async,50,3,93,0.056,
redis-async,50,3,94,0.058,
redis-async,50,3,95,0.061,
redis-async,50,3,96,0.06,
redis-async,50,3,97,0.059,
redis-async,50,3,98,0.06,
redis-async,50,3,99,0.058,
redis-async,50,3,100,0.065,
redis-async,50,3,101,0.057,
redis-async,50,3,102,0.058,
redis-async,50,3,103,0.058,
redis-async,50,3,104,0.058,
redis-async,50,3,105,0.06,
redis-async,50,3,106,0.058,
redis-async,50,3,107,0.059,
redis-async,50,3,108,0.058,
redis-async,50,3,109,0.048,
redis-async,50,3,110,0.053,
redis-async,50,3,111,0.057,
redis-async,50,3,112,0.058,
redis-async,50,3,113,0.061,
redis-async,50,3,114,0.06,
redis-async,50,3,115,0.058,
redis-async,50,3,116,0.058,
redis-async,50,3,117,0.058,
redis-async,50,3,118,0.059,
redis-async,50,3,119,0.06,
redis-async,50,3,120,0.058,
redis-async,50,3,121,0.058,
redis-async,50,3,122,0.061,
redis-async,50,3,123,0.058,
redis-async,50,3,124,0.058,
redis-async,50,3,125,0.058,
redis-async,50,3,126,0.046,
redis-async,50,3,127,0.06,
redis-async,50,3,128,0.058,
redis-async,50,3,129,0.058,
redis-async,50,3,130,0.059,
redis-async,50,3,131,0.058,
redis-async,50,3,132,0.058,
redis-async,50,3,133,0.059,
redis-async,50,3,134,0.058,
redis-async,50,3,135,0.058,
redis-async,50,3,136,0.058,
redis-async,50,3,137,0.059,
redis-async,50,3,138,0.059,
redis-async,50,3,139,0.058,
redis-async,50,3,140,0.058,
redis-async,50,3,141,0.06,
redis-async,50,3,142,0.061,
redis-async,50,3,143,0.046,
redis-async,50,3,144,0.051,
redis-async,50,3,145,0.055,
redis-async,50,3,146,0.066,
redis-async,50,3,147,0.067,
redis-async,50,3,148,0.058,
redis-async,50,3,149,0.057,
redis-async,50,3,150,0.046,
redis-async,50,3,151,0.064,
redis-async,50,3,152,0.06,
redis-async,50,3,153,0.058,
redis-async,50,3,154,0.065,
redis-async,50,3,155,0.067,
redis-async,50,3,156,0.066,
redis-async,50,3,157,0.058,
redis-async,50,3,158,0.058,
redis-async,50,3,159,0.058,
redis-async,50,3,160,0.046,
redis-async,50,3,161,0.048,
redis-async,50,3,162,0.057,
redis-async,50,3,163,0.058,
redis-async,50,3,164,0.064,
redis-async,50,3,165,0.061,
redis-async,50,3,166,0.06,
redis-async,50,3,167,0.06,
redis-async,50,3,168,0.059,
redis-async,50,3,169,0.065,
redis-async,50,3,170,0.06,
redis-async,50,3,171,0.062,
redis-async,50,3,172,0.064,
redis-async,50,3,173,0.06,
redis-async,50,3,174,0.06,
redis-async,50,3,175,0.062,
redis-async,50,3,176,0.06,
redis-async,50,3,177,0.053,
redis-async,50,3,178,0.058,
redis-async,50,3,179,0.062,
redis-async,50,3,180,0.058,
redis-async,50,3,181,0.06,
redis-async,50,3,182,0.061,
redis-async,50,3,183,0.066,
redis-async,50,3,184,0.064,
redis-async,50,3,185,0.062,
redis-async,50,3,186,0.061,
redis-async,50,3,187,0.06,
redis-async,50,3,188,0.061,
redis-async,50,3,189,0.063,
redis-async,50,3,190,0.06,
redis-async,50,3,191,0.061,
redis-async,50,3,192,0.061,
redis-async,50,3,193,0.058,
redis-async,50,3,194,0.059,
redis-async,50,3,195,0.067,
redis-async,50,3,196,0.062,
redis-async,50,3,197,0.06,
redis-async,50,3,198,0.06,
redis-async,50,3,199,0.059,
redis-async,50,3,200,0.059,
redis-async,50,3,201,0.067,
redis-async,50,3,202,0.061,
redis-async,50,3,203,0.059,
redis-async,50,3,204,0.058,
redis-async,50,3,205,0.058,
redis-async,50,3,206,0.059,
redis-async,50,3,207,0.059,
redis-async,50,3,208,0.059,
redis-async,50,3,209,0.06,
redis-async,50,3,210,0.059,
redis-async,50,3,211,0.057,
redis-async,50,3,212,0.048,
redis-async,50,3,213,0.056,
redis-async,50,3,214,0.055,
redis-async,50,3,215,0.055,
redis-async,50,3,216,0.063,
redis-async,50,3,217,0.061,
redis-async,50,3,218,0.061,
redis-async,50,3,219,0.061,
redis-async,50,3,220,0.061,
redis-async,50,3,221,0.061,
redis-async,50,3,222,0.062,
redis-async,50,3,223,0.05,
redis-async,50,3,224,0.064,
redis-async,50,3,225,0.06,
redis-async,50,3,226,0.061,
redis-async,50,3,227,0.047,
redis-async,50,3,228,0.069,
redis-async,50,3,229,0.06,
redis-async,50,3,230,0.057,
redis-async,50,3,231,0.059,
redis-async,50,3,232,0.062,
redis-async,50,3,233,0.062,
redis-async,50,3,234,0.06,
redis-async,50,3,235,0.06,
redis-async,50,3,236,0.06,
redis-async,50,3,237,0.06,
redis-async,50,3,238,0.061,
redis-async,50,3,239,0.06,
redis-async,50,3,240,0.06,
redis-async,50,3,241,0.06,
redis-async,50,3,242,0.06,
redis-async,50,3,243,0.059,
redis-async,50,3,244,0.056,
redis-async,50,3,245,0.062,
redis-async,50,3,246,0.061,
redis-async,50,3,247,0.059,
redis-async,50,3,248,0.061,
redis-async,50,3,249,0.059,
redis-async,50,3,250,0.061,
redis-async,50,3,251,0.063,
redis-async,50,3,252,0.061,
redis-async,50,3,253,0.062,
redis-async,50,3,254,0.062,
redis-async,50,3,255,0.062,
redis-async,50,3,256,0.048,
redis-async,50,3,257,0.049,
redis-async,50,3,258,0.049,
redis-async,50,3,259,0.047,
redis-async,50,3,260,0.047,
redis-async,50,3,261,0.041,
redis-async,50,3,262,0.053,
redis-async,50,3,263,0.048,
redis-async,50,3,264,0.045,
redis-async,50,3,265,0.047,
redis-async,50,3,266,0.047,
redis-async,50,3,267,0.047,
redis-async,50,3,268,0.046,
redis-async,50,3,269,0.046,
redis-async,50,3,270,0.047,
redis-async,50,3,271,0.047,
redis-async,50,3,272,0.047,
redis-async,50,3,273,0.047,
redis-async,50,3,274,0.047,
redis-async,50,3,275,0.046,
redis-async,50,3,276,0.046,
redis-async,50,3,277,0.046,
redis-async,50,3,278,0.054,
redis-async,50,3,279,0.046,
redis-async,50,3,280,0.046,
redis-async,50,3,281,0.046,
redis-async,50,3,282,0.046,
redis-async,50,3,283,0.046,
redis-async,50,3,284,0.056,
redis-async,50,3,285,0.047,
redis-async,50,3,286,0.047,
redis-async,50,3,287,0.046,
redis-async,50,3,288,0.047,
redis-async,50,3,289,0.046,
redis-async,50,3,290,0.046,
redis-async,50,3,291,0.047,
redis-async,50,3,292,0.047,
redis-async,50,3,293,0.047,
redis-async,50,3,294,0.046,
redis-async,50,3,295,0.046,
redis-async,50,3,296,0.048,
redis-async,50,3,297,0.048,
redis-async,50,3,298,0.047,
redis-async,50,3,299,0.048,
redis-async,50,3,300,0.047,
redis-async,50,3,301,0.047,
redis-async,50,3,302,0.047,
redis-async,50,3,303,0.047,
redis-async,50,3,304,0.043,
redis-async,50,3,305,0.044,
redis-async,50,3,306,0.047,
redis-async,50,3,307,0.047,
redis-async,50,3,308,0.052,
redis-async,50,3,309,0.058,
redis-async,50,3,310,0.05,
redis-async,50,3,311,0.049,
redis-async,50,3,312,0.051,
redis-async,50,3,313,0.053,
redis-async,50,3,314,0.052,
redis-async,50,3,315,0.047,
redis-async,50,3,316,0.047,
redis-async,50,3,317,0.047,
redis-async,50,3,318,0.047,
redis-async,50,3,319,0.047,
redis-async,50,3,320,0.047,
redis-async,50,3,321,0.047,
redis-async,50,3,322,0.047,
redis-async,50,3,323,0.047,
redis-async,50,3,324,0.04,
redis-async,50,3,325,0.045,
redis-async,50,3,326,0.048,
redis-async,50,3,327,0.047,
redis-async,50,3,328,0.054,
redis-async,50,3,329,0.057,
redis-async,50,3,330,0.05,
redis-async,50,3,331,0.049,
redis-async,50,3,332,0.049,
redis-async,50,3,333,0.048,
redis-async,50,3,334,0.048,
redis-async,50,3,335,0.048,
redis-async,50,3,336,0.048,
redis-async,50,3,337,0.055,
redis-async,50,3,338,0.056,
redis-async,50,3,339,0.048,
redis-async,50,3,340,0.047,
redis-async,50,3,341,0.047,
redis-async,50,3,342,0.051,
redis-async,50,3,343,0.049,
redis-async,50,3,344,0.048,
redis-async,50,3,345,0.049,
redis-async,50,3,346,0.055,
redis-async,50,3,347,0.048,
redis-async,50,3,348,0.054,
redis-async,50,3,349,0.056,
redis-async,50,3,350,0.048,
redis-async,50,3,351,0.053,
redis-async,50,3,352,0.052,
redis-async,50,3,353,0.048,
redis-async,50,3,354,0.047,
redis-async,50,3,355,0.059,
redis-async,50,3,356,0.051,
redis-async,50,3,357,0.048,
redis-async,50,3,358,0.049,
redis-async,50,3,359,0.049,
redis-async,50,3,360,0.048,
redis-async,50,3,361,0.048,
redis-async,50,3,362,0.048,
redis-async,50,3,363,0.048,
redis-async,50,3,364,0.046,
redis-async,50,3,365,0.053,
redis-async,50,3,366,0.054,
redis-async,50,3,367,0.048,
redis-async,50,3,368,0.051,
redis-async,50,3,369,0.048,
redis-async,50,3,370,0.048,
redis-async,50,3,371,0.048,
redis-async,50,3,372,0.047,
redis-async,50,3,373,0.048,
redis-async,50,3,374,0.048,
redis-async,50,3,375,0.049,
redis-async,50,3,376,0.048,
redis-async,50,3,377,0.05,
redis-async,50,3,378,0.049,
redis-async,50,3,379,0.049,
redis-async,50,3,380,0.047,
redis-async,50,3,381,0.047,
redis-async,50,3,382,0.048,
redis-async,50,3,383,0.048,
redis-async,50,3,384,0.049,
redis-async,50,3,385,0.049,
redis-async,50,3,386,0.057,
redis-async,50,3,387,0.048,
redis-async,50,3,388,0.048,
redis-async,50,3,389,0.049,
redis-async,50,3,390,0.049,
redis-async,50,3,391,0.058,
redis-async,50,3,392,0.047,
redis-async,50,3,393,0.057,
redis-async,50,3,394,0.049,
redis-async,50,3,395,0.049,
redis-async,50,3,396,0.048,
redis-async,50,3,397,0.048,
redis-async,50,3,398,0.049,
redis-async,50,3,399,0.049,
redis-async,50,3,400,0.048,
redis-async,50,3,401,0.049,
redis-async,50,3,402,0.049,
redis-async,50,3,403,0.056,
redis-async,50,3,404,0.049,
redis-async,50,3,405,0.053,
redis-async,50,3,406,0.06,
redis-async,50,3,407,0.059,
redis-async,50,3,408,0.051,
redis-async,50,3,409,0.048,
redis-async,50,3,410,0.048,
redis-async,50,3,411,0.05,
redis-async,50,3,412,0.048,
redis-async,50,3,413,0.048,
redis-async,50,3,414,0.048,
redis-async,50,3,415,0.048,
redis-async,50,3,416,0.049,
redis-async,50,3,417,0.058,
redis-async,50,3,418,0.064,
redis-async,50,3,419,0.048,
redis-async,50,3,420,0.048,
redis-async,50,3,421,0.048,
redis-async,50,3,422,0.048,
redis-async,50,3,423,0.048,
redis-async,50,3,424,0.041,
redis-async,50,3,425,0.045,
redis-async,50,3,426,0.057,
redis-async,50,3,427,0.049,
redis-async,50,3,428,0.049,
redis-async,50,3,429,0.048,
redis-async,50,3,430,0.048,
redis-async,50,3,431,0.047,
redis-async,50,3,432,0.047,
redis-async,50,3,433,0.048,
redis-async,50,3,434,0.047,
redis-async,50,3,435,0.047,
redis-async,50,3,436,0.047,
redis-async,50,3,437,0.047,
redis-async,50,3,438,0.048,
redis-async,50,3,439,0.048,
redis-async,50,3,440,0.047,
redis-async,50,3,441,0.047,
redis-async,50,3,442,0.048,
redis-async,50,3,443,0.049,
redis-async,50,3,444,0.048,
redis-async,50,3,445,0.04,
redis-async,50,3,446,0.051,
redis-async,50,3,447,0.051,
redis-async,50,3,448,0.046,
redis-async,50,3,449,0.046,
redis-async,50,3,450,0.047,
redis-async,50,3,451,0.046,
redis-async,50,3,452,0.046,
redis-async,50,3,453,0.048,
redis-async,50,3,454,0.048,
redis-async,50,3,455,0.061,
redis-async,50,3,456,0.046,
redis-async,50,3,457,0.048,
redis-async,50,3,458,0.062,
redis-async,50,3,459,0.055,
redis-async,50,3,460,0.046,
redis-async,50,3,461,0.046,
redis-async,50,3,462,0.073,
redis-async,50,3,463,0.056,
redis-async,50,3,464,0.049,
redis-async,50,3,465,0.056,
redis-async,50,3,466,0.058,
redis-async,50,3,467,0.052,
redis-wait,50,1,1,112.961,1
redis-wait,50,1,2,50.971,1
redis-wait,50,1,3,50.957,1
redis-wait,50,1,4,52.903,1
redis-wait,50,1,5,53.054,1
redis-wait,50,1,6,54.203,1
redis-wait,50,1,7,53.82,1
redis-wait,50,1,8,144.442,1
redis-wait,50,1,9,54.835,1
redis-wait,50,1,10,52.025,1
redis-wait,50,1,11,52.541,1
redis-wait,50,1,12,52.73,1
redis-wait,50,1,13,52.867,1
redis-wait,50,1,14,52.419,1
redis-wait,50,1,15,55.082,1
redis-wait,50,1,16,53.379,1
redis-wait,50,1,17,55.99,1
redis-wait,50,1,18,54.424,1
redis-wait,50,1,19,51.686,1
redis-wait,50,1,20,53.505,1
redis-wait,50,1,21,52.016,1
redis-wait,50,1,22,52.597,1
redis-wait,50,1,23,54.047,1
redis-wait,50,1,24,54.074,1
redis-wait,50,1,25,143.036,1
redis-wait,50,1,26,50.793,1
redis-wait,50,1,27,52.261,1
redis-wait,50,1,28,50.841,1
redis-wait,50,1,29,52.177,1
redis-wait,50,1,30,52.446,1
redis-wait,50,1,31,52.558,1
redis-wait,50,1,32,54.269,1
redis-wait,50,1,33,51.922,1
redis-wait,50,1,34,54.641,1
redis-wait,50,1,35,56.964,1
redis-wait,50,1,36,51.54,1
redis-wait,50,1,37,53.246,1
redis-wait,50,1,38,51.907,1
redis-wait,50,1,39,52.755,1
redis-wait,50,1,40,53.166,1
redis-wait,50,1,41,51.648,1
redis-wait,50,1,42,53.357,1
redis-wait,50,1,43,145.587,1
redis-wait,50,1,44,51.32,1
redis-wait,50,1,45,51.722,1
redis-wait,50,1,46,51.25,1
redis-wait,50,1,47,51.733,1
redis-wait,50,1,48,52.791,1
redis-wait,50,1,49,51.944,1
redis-wait,50,1,50,51.993,1
redis-wait,50,1,51,53.586,1
redis-wait,50,1,52,51.901,1
redis-wait,50,1,53,53.687,1
redis-wait,50,1,54,53.879,1
redis-wait,50,1,55,55.121,1
redis-wait,50,1,56,51.736,1
redis-wait,50,1,57,56.253,1
redis-wait,50,1,58,54.624,1
redis-wait,50,1,59,54.256,1
redis-wait,50,1,60,56.041,1
redis-wait,50,1,61,143.567,1
redis-wait,50,1,62,53.637,1
redis-wait,50,1,63,53.926,1
redis-wait,50,1,64,52.292,1
redis-wait,50,1,65,57.021,1
redis-wait,50,1,66,53.328,1
redis-wait,50,1,67,52.197,1
redis-wait,50,1,68,52.478,1
redis-wait,50,1,69,52.866,1
redis-wait,50,1,70,52.165,1
redis-wait,50,1,71,51.312,1
redis-wait,50,1,72,55.616,1
redis-wait,50,1,73,52.41,1
redis-wait,50,1,74,55.213,1
redis-wait,50,1,75,53.654,1
redis-wait,50,1,76,53.345,1
redis-wait,50,1,77,53.835,1
redis-wait,50,1,78,149.865,1
redis-wait,50,1,79,51.481,1
redis-wait,50,1,80,52.856,1
redis-wait,50,1,81,52.129,1
redis-wait,50,1,82,52.132,1
redis-wait,50,1,83,53.041,1
redis-wait,50,1,84,55.442,1
redis-wait,50,1,85,53.961,1
redis-wait,50,1,86,51.929,1
redis-wait,50,1,87,54.209,1
redis-wait,50,1,88,53.733,1
redis-wait,50,1,89,55.721,1
redis-wait,50,1,90,53.456,1
redis-wait,50,1,91,53.557,1
redis-wait,50,1,92,51.464,1
redis-wait,50,1,93,51.799,1
redis-wait,50,1,94,54.3,1
redis-wait,50,1,95,54.875,1
redis-wait,50,1,96,143.329,1
redis-wait,50,1,97,51.359,1
redis-wait,50,1,98,52.909,1
redis-wait,50,1,99,54.745,1
redis-wait,50,1,100,54.164,1
redis-wait,50,1,101,51.677,1
redis-wait,50,1,102,53.903,1
redis-wait,50,1,103,53.444,1
redis-wait,50,1,104,52.805,1
redis-wait,50,1,105,54.919,1
redis-wait,50,1,106,53.22,1
redis-wait,50,1,107,52.986,1
redis-wait,50,1,108,53.798,1
redis-wait,50,1,109,53.116,1
redis-wait,50,1,110,53.538,1
redis-wait,50,1,111,53.532,1
redis-wait,50,1,112,56.356,1
redis-wait,50,1,113,51.34,1
redis-wait,50,1,114,145.883,1
redis-wait,50,1,115,53.519,1
redis-wait,50,1,116,51.901,1
redis-wait,50,1,117,52.348,1
redis-wait,50,1,118,53.758,1
redis-wait,50,1,119,51.476,1
redis-wait,50,1,120,52.099,1
redis-wait,50,1,121,51.482,1
redis-wait,50,1,122,53.443,1
redis-wait,50,1,123,54.579,1
redis-wait,50,1,124,52.807,1
redis-wait,50,1,125,53.67,1
redis-wait,50,1,126,52.581,1
redis-wait,50,1,127,52.384,1
redis-wait,50,1,128,52.728,1
redis-wait,50,1,129,53.389,1
redis-wait,50,1,130,51.869,1
redis-wait,50,1,131,142.563,1
redis-wait,50,1,132,52.579,1
redis-wait,50,1,133,54.087,1
redis-wait,50,1,134,51.924,1
redis-wait,50,1,135,51.621,1
redis-wait,50,1,136,51.453,1
redis-wait,50,1,137,56.457,1
redis-wait,50,1,138,52.931,1
redis-wait,50,1,139,56.295,1
redis-wait,50,1,140,53.362,1
redis-wait,50,1,141,52.189,1
redis-wait,50,1,142,53.053,1
redis-wait,50,1,143,53.798,1
redis-wait,50,1,144,53.75,1
redis-wait,50,1,145,53.977,1
redis-wait,50,1,146,52.082,1
redis-wait,50,1,147,53.611,1
redis-wait,50,1,148,51.871,1
redis-wait,50,1,149,144.415,1
redis-wait,50,1,150,52.985,1
redis-wait,50,1,151,52.649,1
redis-wait,50,1,152,51.553,1
redis-wait,50,1,153,51.748,1
redis-wait,50,1,154,53.316,1
redis-wait,50,1,155,54.049,1
redis-wait,50,1,156,51.541,1
redis-wait,50,1,157,56.075,1
redis-wait,50,1,158,51.739,1
redis-wait,50,1,159,53.431,1
redis-wait,50,1,160,52.863,1
redis-wait,50,1,161,52.784,1
redis-wait,50,1,162,51.984,1
redis-wait,50,1,163,50.796,1
redis-wait,50,1,164,52.318,1
redis-wait,50,1,165,52.346,1
redis-wait,50,1,166,51.181,1
redis-wait,50,1,167,147.159,1
redis-wait,50,1,168,52.93,1
redis-wait,50,1,169,53.586,1
redis-wait,50,1,170,51.544,1
redis-wait,50,1,171,51.257,1
redis-wait,50,1,172,53.296,1
redis-wait,50,1,173,52.442,1
redis-wait,50,1,174,53.87,1
redis-wait,50,1,175,51.346,1
redis-wait,50,1,176,51.414,1
redis-wait,50,1,177,51.984,1
redis-wait,50,1,178,52.217,1
redis-wait,50,1,179,53.326,1
redis-wait,50,1,180,52.06,1
redis-wait,50,1,181,52.292,1
redis-wait,50,1,182,54.629,1
redis-wait,50,1,183,55.801,1
redis-wait,50,1,184,51.14,1
redis-wait,50,1,185,148.135,1
redis-wait,50,1,186,53.917,1
redis-wait,50,1,187,52.92,1
redis-wait,50,1,188,52.69,1
redis-wait,50,1,189,54.028,1
redis-wait,50,1,190,54.931,1
redis-wait,50,1,191,54.342,1
redis-wait,50,1,192,53.787,1
redis-wait,50,1,193,53.415,1
redis-wait,50,1,194,51.138,1
redis-wait,50,1,195,51.515,1
redis-wait,50,1,196,54.036,1
redis-wait,50,1,197,52.606,1
redis-wait,50,1,198,52.28,1
redis-wait,50,1,199,55.721,1
redis-wait,50,1,200,51.314,1
redis-wait,50,1,201,51.019,1
redis-wait,50,1,202,51.342,1
redis-wait,50,1,203,145.112,1
redis-wait,50,1,204,53.214,1
redis-wait,50,1,205,51.565,1
redis-wait,50,1,206,51.616,1
redis-wait,50,1,207,52.274,1
redis-wait,50,1,208,52.363,1
redis-wait,50,1,209,53.023,1
redis-wait,50,1,210,52.001,1
redis-wait,50,1,211,51.309,1
redis-wait,50,1,212,52.455,1
redis-wait,50,1,213,51.621,1
redis-wait,50,1,214,52.35,1
redis-wait,50,1,215,52.639,1
redis-wait,50,1,216,51.635,1
redis-wait,50,1,217,56.628,1
redis-wait,50,1,218,52.0,1
redis-wait,50,1,219,51.604,1
redis-wait,50,1,220,53.764,1
redis-wait,50,1,221,144.719,1
redis-wait,50,1,222,51.756,1
redis-wait,50,1,223,56.385,1
redis-wait,50,1,224,56.63,1
redis-wait,50,1,225,52.396,1
redis-wait,50,1,226,52.478,1
redis-wait,50,1,227,51.706,1
redis-wait,50,1,228,56.215,1
redis-wait,50,1,229,53.332,1
redis-wait,50,1,230,52.548,1
redis-wait,50,1,231,56.38,1
redis-wait,50,1,232,54.452,1
redis-wait,50,1,233,52.33,1
redis-wait,50,1,234,56.498,1
redis-wait,50,1,235,53.855,1
redis-wait,50,1,236,54.999,1
redis-wait,50,1,237,53.262,1
redis-wait,50,1,238,142.921,1
redis-wait,50,1,239,51.902,1
redis-wait,50,1,240,53.914,1
redis-wait,50,1,241,52.434,1
redis-wait,50,1,242,53.461,1
redis-wait,50,1,243,52.653,1
redis-wait,50,1,244,51.134,1
redis-wait,50,1,245,53.891,1
redis-wait,50,1,246,53.697,1
redis-wait,50,1,247,52.457,1
redis-wait,50,1,248,57.166,1
redis-wait,50,1,249,52.136,1
redis-wait,50,1,250,52.824,1
redis-wait,50,1,251,52.942,1
redis-wait,50,1,252,51.412,1
redis-wait,50,1,253,53.969,1
redis-wait,50,1,254,51.706,1
redis-wait,50,1,255,52.081,1
redis-wait,50,1,256,142.94,1
redis-wait,50,1,257,53.762,1
redis-wait,50,1,258,52.281,1
redis-wait,50,1,259,52.001,1
redis-wait,50,1,260,54.926,1
redis-wait,50,1,261,55.165,1
redis-wait,50,1,262,56.466,1
redis-wait,50,1,263,55.936,1
redis-wait,50,1,264,56.396,1
redis-wait,50,1,265,56.415,1
redis-wait,50,1,266,55.493,1
redis-wait,50,1,267,54.762,1
redis-wait,50,1,268,51.491,1
redis-wait,50,1,269,52.915,1
redis-wait,50,1,270,52.48,1
redis-wait,50,1,271,52.694,1
redis-wait,50,1,272,51.341,1
redis-wait,50,1,273,148.939,1
redis-wait,50,1,274,54.287,1
redis-wait,50,1,275,51.528,1
redis-wait,50,1,276,53.311,1
redis-wait,50,1,277,53.446,1
redis-wait,50,1,278,51.637,1
redis-wait,50,1,279,51.045,1
redis-wait,50,1,280,50.832,1
redis-wait,50,1,281,55.86,1
redis-wait,50,1,282,52.467,1
redis-wait,50,1,283,52.179,1
redis-wait,50,1,284,51.741,1
redis-wait,50,1,285,54.149,1
redis-wait,50,1,286,52.596,1
redis-wait,50,1,287,56.452,1
redis-wait,50,1,288,52.149,1
redis-wait,50,1,289,53.6,1
redis-wait,50,1,290,53.972,1
redis-wait,50,1,291,144.64,1
redis-wait,50,1,292,53.841,1
redis-wait,50,1,293,54.832,1
redis-wait,50,1,294,53.077,1
redis-wait,50,1,295,53.778,1
redis-wait,50,1,296,54.052,1
redis-wait,50,1,297,51.373,1
redis-wait,50,1,298,51.624,1
redis-wait,50,1,299,56.227,1
redis-wait,50,1,300,53.749,1
redis-wait,50,1,301,53.914,1
redis-wait,50,1,302,54.318,1
redis-wait,50,1,303,55.074,1
redis-wait,50,1,304,54.243,1
redis-wait,50,1,305,54.488,1
redis-wait,50,1,306,56.33,1
redis-wait,50,1,307,53.632,1
redis-wait,50,1,308,144.604,1
redis-wait,50,1,309,53.28,1
redis-wait,50,1,310,54.663,1
redis-wait,50,1,311,53.85,1
redis-wait,50,1,312,53.307,1
redis-wait,50,1,313,51.835,1
redis-wait,50,1,314,56.113,1
redis-wait,50,1,315,51.971,1
redis-wait,50,1,316,54.883,1
redis-wait,50,1,317,53.515,1
redis-wait,50,1,318,53.19,1
redis-wait,50,1,319,52.134,1
redis-wait,50,1,320,54.89,1
redis-wait,50,1,321,52.243,1
redis-wait,50,1,322,54.856,1
redis-wait,50,1,323,53.635,1
redis-wait,50,1,324,51.916,1
redis-wait,50,1,325,55.122,1
redis-wait,50,1,326,147.362,1
redis-wait,50,1,327,54.348,1
redis-wait,50,1,328,53.513,1
redis-wait,50,1,329,51.812,1
redis-wait,50,1,330,51.698,1
redis-wait,50,1,331,54.432,1
redis-wait,50,1,332,52.484,1
redis-wait,50,1,333,51.067,1
redis-wait,50,1,334,55.672,1
redis-wait,50,1,335,52.189,1
redis-wait,50,1,336,54.586,1
redis-wait,50,1,337,52.509,1
redis-wait,50,1,338,56.48,1
redis-wait,50,1,339,51.78,1
redis-wait,50,1,340,52.312,1
redis-wait,50,1,341,53.346,1
redis-wait,50,1,342,53.476,1
redis-wait,50,1,343,52.856,1
redis-wait,50,1,344,145.579,1
redis-wait,50,1,345,54.401,1
redis-wait,50,1,346,55.017,1
redis-wait,50,1,347,52.605,1
redis-wait,50,1,348,53.707,1
redis-wait,50,1,349,53.703,1
redis-wait,50,1,350,55.535,1
redis-wait,50,1,351,54.095,1
redis-wait,50,1,352,51.78,1
redis-wait,50,1,353,56.346,1
redis-wait,50,1,354,52.863,1
redis-wait,50,1,355,53.509,1
redis-wait,50,1,356,51.441,1
redis-wait,50,1,357,53.732,1
redis-wait,50,1,358,51.8,1
redis-wait,50,1,359,52.925,1
redis-wait,50,1,360,52.034,1
redis-wait,50,1,361,143.258,1
redis-wait,50,1,362,51.72,1
redis-wait,50,1,363,53.057,1
redis-wait,50,1,364,51.432,1
redis-wait,50,1,365,51.364,1
redis-wait,50,1,366,51.463,1
redis-wait,50,1,367,53.712,1
redis-wait,50,1,368,51.7,1
redis-wait,50,1,369,52.604,1
redis-wait,50,1,370,53.433,1
redis-wait,50,1,371,51.242,1
redis-wait,50,1,372,53.468,1
redis-wait,50,1,373,54.321,1
redis-wait,50,1,374,53.827,1
redis-wait,50,1,375,53.691,1
redis-wait,50,1,376,53.485,1
redis-wait,50,1,377,52.966,1
redis-wait,50,1,378,53.61,1
redis-wait,50,1,379,148.537,1
redis-wait,50,1,380,52.858,1
redis-wait,50,1,381,52.054,1
redis-wait,50,1,382,53.706,1
redis-wait,50,1,383,51.419,1
redis-wait,50,1,384,53.228,1
redis-wait,50,1,385,51.346,1
redis-wait,50,1,386,54.374,1
redis-wait,50,1,387,53.599,1
redis-wait,50,1,388,51.704,1
redis-wait,50,1,389,51.501,1
redis-wait,50,1,390,53.004,1
redis-wait,50,1,391,52.815,1
redis-wait,50,1,392,53.082,1
redis-wait,50,1,393,53.912,1
redis-wait,50,1,394,54.569,1
redis-wait,50,1,395,56.397,1
redis-wait,50,1,396,147.124,1
redis-wait,50,1,397,51.525,1
redis-wait,50,1,398,53.222,1
redis-wait,50,1,399,53.747,1
redis-wait,50,1,400,54.341,1
redis-wait,50,1,401,51.715,1
redis-wait,50,1,402,56.243,1
redis-wait,50,1,403,52.454,1
redis-wait,50,1,404,53.659,1
redis-wait,50,1,405,52.605,1
redis-wait,50,1,406,53.518,1
redis-wait,50,1,407,53.488,1
redis-wait,50,1,408,52.097,1
redis-wait,50,1,409,53.599,1
redis-wait,50,1,410,53.08,1
redis-wait,50,1,411,52.441,1
redis-wait,50,1,412,56.078,1
redis-wait,50,1,413,51.298,1
redis-wait,50,1,414,144.798,1
redis-wait,50,1,415,51.908,1
redis-wait,50,1,416,53.148,1
redis-wait,50,1,417,53.216,1
redis-wait,50,1,418,54.804,1
redis-wait,50,1,419,53.33,1
redis-wait,50,1,420,53.132,1
redis-wait,50,1,421,53.851,1
redis-wait,50,1,422,52.914,1
redis-wait,50,1,423,53.348,1
redis-wait,50,1,424,51.562,1
redis-wait,50,1,425,53.006,1
redis-wait,50,1,426,52.77,1
redis-wait,50,1,427,52.539,1
redis-wait,50,1,428,53.562,1
redis-wait,50,1,429,52.857,1
redis-wait,50,1,430,53.095,1
redis-wait,50,1,431,53.651,1
redis-wait,50,1,432,143.749,1
redis-wait,50,1,433,51.792,1
redis-wait,50,1,434,53.069,1
redis-wait,50,1,435,55.263,1
redis-wait,50,1,436,54.075,1
redis-wait,50,1,437,53.836,1
redis-wait,50,1,438,55.445,1
redis-wait,50,1,439,51.893,1
redis-wait,50,1,440,54.286,1
redis-wait,50,1,441,52.471,1
redis-wait,50,1,442,51.899,1
redis-wait,50,1,443,52.595,1
redis-wait,50,1,444,51.184,1
redis-wait,50,1,445,53.501,1
redis-wait,50,1,446,51.234,1
redis-wait,50,1,447,51.769,1
redis-wait,50,1,448,51.347,1
redis-wait,50,1,449,145.532,1
redis-wait,50,1,450,55.021,1
redis-wait,50,1,451,53.377,1
redis-wait,50,1,452,53.01,1
redis-wait,50,1,453,53.446,1
redis-wait,50,1,454,51.878,1
redis-wait,50,1,455,53.442,1
redis-wait,50,1,456,52.285,1
redis-wait,50,1,457,52.684,1
redis-wait,50,1,458,52.187,1
redis-wait,50,1,459,55.399,1
redis-wait,50,1,460,52.907,1
redis-wait,50,1,461,53.498,1
redis-wait,50,1,462,54.62,1
redis-wait,50,1,463,51.733,1
redis-wait,50,1,464,52.32,1
redis-wait,50,1,465,52.635,1
redis-wait,50,1,466,53.545,1
redis-wait,50,1,467,145.122,1
redis-wait,50,2,1,52.056,1
redis-wait,50,2,2,52.296,1
redis-wait,50,2,3,53.842,1
redis-wait,50,2,4,52.339,1
redis-wait,50,2,5,53.751,1
redis-wait,50,2,6,56.202,1
redis-wait,50,2,7,53.191,1
redis-wait,50,2,8,54.677,1
redis-wait,50,2,9,52.931,1
redis-wait,50,2,10,55.132,1
redis-wait,50,2,11,51.557,1
redis-wait,50,2,12,53.471,1
redis-wait,50,2,13,53.649,1
redis-wait,50,2,14,54.938,1
redis-wait,50,2,15,54.022,1
redis-wait,50,2,16,52.743,1
redis-wait,50,2,17,143.922,1
redis-wait,50,2,18,54.241,1
redis-wait,50,2,19,53.496,1
redis-wait,50,2,20,52.171,1
redis-wait,50,2,21,53.764,1
redis-wait,50,2,22,54.715,1
redis-wait,50,2,23,53.435,1
redis-wait,50,2,24,51.52,1
redis-wait,50,2,25,56.332,1
redis-wait,50,2,26,52.333,1
redis-wait,50,2,27,51.989,1
redis-wait,50,2,28,52.616,1
redis-wait,50,2,29,51.646,1
redis-wait,50,2,30,52.466,1
redis-wait,50,2,31,55.462,1
redis-wait,50,2,32,52.788,1
redis-wait,50,2,33,52.161,1
redis-wait,50,2,34,51.865,1
redis-wait,50,2,35,147.269,1
redis-wait,50,2,36,55.978,1
redis-wait,50,2,37,52.055,1
redis-wait,50,2,38,50.328,1
redis-wait,50,2,39,50.993,1
redis-wait,50,2,40,51.5,1
redis-wait,50,2,41,52.788,1
redis-wait,50,2,42,51.678,1
redis-wait,50,2,43,56.804,1
redis-wait,50,2,44,52.318,1
redis-wait,50,2,45,53.746,1
redis-wait,50,2,46,52.449,1
redis-wait,50,2,47,52.679,1
redis-wait,50,2,48,51.529,1
redis-wait,50,2,49,55.597,1
redis-wait,50,2,50,53.847,1
redis-wait,50,2,51,54.362,1
redis-wait,50,2,52,51.296,1
redis-wait,50,2,53,144.257,1
redis-wait,50,2,54,51.469,1
redis-wait,50,2,55,53.223,1
redis-wait,50,2,56,51.849,1
redis-wait,50,2,57,51.485,1
redis-wait,50,2,58,51.405,1
redis-wait,50,2,59,52.062,1
redis-wait,50,2,60,54.2,1
redis-wait,50,2,61,56.53,1
redis-wait,50,2,62,52.902,1
redis-wait,50,2,63,51.926,1
redis-wait,50,2,64,53.201,1
redis-wait,50,2,65,53.163,1
redis-wait,50,2,66,51.225,1
redis-wait,50,2,67,53.003,1
redis-wait,50,2,68,52.049,1
redis-wait,50,2,69,51.613,1
redis-wait,50,2,70,51.276,1
redis-wait,50,2,71,149.472,1
redis-wait,50,2,72,51.299,1
redis-wait,50,2,73,53.79,1
redis-wait,50,2,74,50.79,1
redis-wait,50,2,75,51.127,1
redis-wait,50,2,76,53.464,1
redis-wait,50,2,77,51.909,1
redis-wait,50,2,78,51.98,1
redis-wait,50,2,79,51.61,1
redis-wait,50,2,80,53.979,1
redis-wait,50,2,81,52.509,1
redis-wait,50,2,82,51.64,1
redis-wait,50,2,83,53.733,1
redis-wait,50,2,84,51.27,1
redis-wait,50,2,85,53.899,1
redis-wait,50,2,86,53.417,1
redis-wait,50,2,87,53.032,1
redis-wait,50,2,88,52.024,1
redis-wait,50,2,89,144.272,1
redis-wait,50,2,90,53.963,1
redis-wait,50,2,91,53.146,1
redis-wait,50,2,92,53.051,1
redis-wait,50,2,93,51.513,1
redis-wait,50,2,94,52.724,1
redis-wait,50,2,95,52.86,1
redis-wait,50,2,96,56.327,1
redis-wait,50,2,97,53.557,1
redis-wait,50,2,98,52.855,1
redis-wait,50,2,99,51.166,1
redis-wait,50,2,100,51.577,1
redis-wait,50,2,101,52.16,1
redis-wait,50,2,102,51.86,1
redis-wait,50,2,103,55.149,1
redis-wait,50,2,104,53.638,1
redis-wait,50,2,105,54.406,1
redis-wait,50,2,106,55.211,1
redis-wait,50,2,107,51.548,1
redis-wait,50,2,108,55.235,1
redis-wait,50,2,109,51.316,1
redis-wait,50,2,110,53.335,1
redis-wait,50,2,111,53.347,1
redis-wait,50,2,112,51.621,1
redis-wait,50,2,113,51.56,1
redis-wait,50,2,114,51.511,1
redis-wait,50,2,115,53.573,1
redis-wait,50,2,116,53.629,1
redis-wait,50,2,117,52.643,1
redis-wait,50,2,118,52.256,1
redis-wait,50,2,119,51.629,1
redis-wait,50,2,120,56.124,1
redis-wait,50,2,121,55.991,1
redis-wait,50,2,122,56.753,1
redis-wait,50,2,123,53.915,1
redis-wait,50,2,124,52.021,1
redis-wait,50,2,125,53.905,1
redis-wait,50,2,126,143.982,1
redis-wait,50,2,127,53.197,1
redis-wait,50,2,128,54.973,1
redis-wait,50,2,129,54.718,1
redis-wait,50,2,130,52.787,1
redis-wait,50,2,131,51.554,1
redis-wait,50,2,132,51.571,1
redis-wait,50,2,133,56.208,1
redis-wait,50,2,134,51.448,1
redis-wait,50,2,135,51.606,1
redis-wait,50,2,136,51.771,1
redis-wait,50,2,137,52.184,1
redis-wait,50,2,138,52.051,1
redis-wait,50,2,139,52.095,1
redis-wait,50,2,140,54.331,1
redis-wait,50,2,141,52.136,1
redis-wait,50,2,142,51.782,1
redis-wait,50,2,143,148.246,1
redis-wait,50,2,144,55.645,1
redis-wait,50,2,145,56.064,1
redis-wait,50,2,146,51.584,1
redis-wait,50,2,147,56.129,1
redis-wait,50,2,148,51.666,1
redis-wait,50,2,149,51.535,1
redis-wait,50,2,150,51.691,1
redis-wait,50,2,151,56.655,1
redis-wait,50,2,152,53.16,1
redis-wait,50,2,153,53.734,1
redis-wait,50,2,154,52.131,1
redis-wait,50,2,155,52.129,1
redis-wait,50,2,156,51.344,1
redis-wait,50,2,157,56.337,1
redis-wait,50,2,158,52.723,1
redis-wait,50,2,159,54.591,1
redis-wait,50,2,160,53.694,1
redis-wait,50,2,161,146.402,1
redis-wait,50,2,162,51.183,1
redis-wait,50,2,163,51.275,1
redis-wait,50,2,164,53.069,1
redis-wait,50,2,165,56.01,1
redis-wait,50,2,166,53.666,1
redis-wait,50,2,167,53.881,1
redis-wait,50,2,168,53.372,1
redis-wait,50,2,169,52.367,1
redis-wait,50,2,170,53.414,1
redis-wait,50,2,171,55.748,1
redis-wait,50,2,172,52.54,1
redis-wait,50,2,173,54.861,1
redis-wait,50,2,174,56.181,1
redis-wait,50,2,175,55.137,1
redis-wait,50,2,176,51.375,1
redis-wait,50,2,177,57.698,1
redis-wait,50,2,178,147.451,1
redis-wait,50,2,179,52.188,1
redis-wait,50,2,180,51.406,1
redis-wait,50,2,181,54.016,1
redis-wait,50,2,182,52.509,1
redis-wait,50,2,183,52.046,1
redis-wait,50,2,184,52.275,1
redis-wait,50,2,185,51.516,1
redis-wait,50,2,186,54.797,1
redis-wait,50,2,187,52.001,1
redis-wait,50,2,188,55.157,1
redis-wait,50,2,189,52.189,1
redis-wait,50,2,190,55.471,1
redis-wait,50,2,191,52.044,1
redis-wait,50,2,192,53.995,1
redis-wait,50,2,193,51.926,1
redis-wait,50,2,194,52.444,1
redis-wait,50,2,195,52.167,1
redis-wait,50,2,196,146.261,1
redis-wait,50,2,197,51.332,1
redis-wait,50,2,198,52.608,1
redis-wait,50,2,199,52.578,1
redis-wait,50,2,200,56.653,1
redis-wait,50,2,201,52.948,1
redis-wait,50,2,202,54.872,1
redis-wait,50,2,203,52.728,1
redis-wait,50,2,204,55.896,1
redis-wait,50,2,205,51.905,1
redis-wait,50,2,206,56.514,1
redis-wait,50,2,207,53.364,1
redis-wait,50,2,208,54.063,1
redis-wait,50,2,209,53.517,1
redis-wait,50,2,210,53.521,1
redis-wait,50,2,211,51.341,1
redis-wait,50,2,212,55.871,1
redis-wait,50,2,213,52.63,1
redis-wait,50,2,214,142.545,1
redis-wait,50,2,215,53.194,1
redis-wait,50,2,216,52.55,1
redis-wait,50,2,217,53.093,1
redis-wait,50,2,218,52.677,1
redis-wait,50,2,219,54.029,1
redis-wait,50,2,220,56.869,1
redis-wait,50,2,221,52.869,1
redis-wait,50,2,222,51.815,1
redis-wait,50,2,223,53.356,1
redis-wait,50,2,224,52.462,1
redis-wait,50,2,225,56.542,1
redis-wait,50,2,226,53.217,1
redis-wait,50,2,227,55.872,1
redis-wait,50,2,228,54.232,1
redis-wait,50,2,229,51.431,1
redis-wait,50,2,230,51.816,1
redis-wait,50,2,231,147.349,1
redis-wait,50,2,232,52.113,1
redis-wait,50,2,233,56.633,1
redis-wait,50,2,234,53.184,1
redis-wait,50,2,235,54.964,1
redis-wait,50,2,236,52.287,1
redis-wait,50,2,237,52.168,1
redis-wait,50,2,238,52.536,1
redis-wait,50,2,239,55.634,1
redis-wait,50,2,240,53.385,1
redis-wait,50,2,241,53.89,1
redis-wait,50,2,242,52.717,1
redis-wait,50,2,243,53.828,1
redis-wait,50,2,244,51.768,1
redis-wait,50,2,245,51.63,1
redis-wait,50,2,246,51.279,1
redis-wait,50,2,247,53.722,1
redis-wait,50,2,248,51.833,1
redis-wait,50,2,249,142.414,1
redis-wait,50,2,250,52.097,1
redis-wait,50,2,251,53.086,1
redis-wait,50,2,252,51.988,1
redis-wait,50,2,253,52.957,1
redis-wait,50,2,254,51.588,1
redis-wait,50,2,255,54.856,1
redis-wait,50,2,256,55.615,1
redis-wait,50,2,257,52.8,1
redis-wait,50,2,258,52.605,1
redis-wait,50,2,259,56.564,1
redis-wait,50,2,260,55.163,1
redis-wait,50,2,261,52.381,1
redis-wait,50,2,262,53.414,1
redis-wait,50,2,263,63.708,1
redis-wait,50,2,264,53.918,1
redis-wait,50,2,265,51.012,1
redis-wait,50,2,266,146.349,1
redis-wait,50,2,267,51.286,1
redis-wait,50,2,268,54.003,1
redis-wait,50,2,269,51.196,1
redis-wait,50,2,270,52.149,1
redis-wait,50,2,271,51.374,1
redis-wait,50,2,272,51.527,1
redis-wait,50,2,273,52.045,1
redis-wait,50,2,274,53.972,1
redis-wait,50,2,275,51.714,1
redis-wait,50,2,276,52.505,1
redis-wait,50,2,277,53.119,1
redis-wait,50,2,278,56.486,1
redis-wait,50,2,279,53.987,1
redis-wait,50,2,280,56.365,1
redis-wait,50,2,281,55.875,1
redis-wait,50,2,282,53.334,1
redis-wait,50,2,283,51.766,1
redis-wait,50,2,284,145.848,1
redis-wait,50,2,285,52.36,1
redis-wait,50,2,286,56.069,1
redis-wait,50,2,287,51.897,1
redis-wait,50,2,288,51.482,1
redis-wait,50,2,289,52.863,1
redis-wait,50,2,290,53.708,1
redis-wait,50,2,291,52.928,1
redis-wait,50,2,292,53.158,1
redis-wait,50,2,293,56.626,1
redis-wait,50,2,294,54.292,1
redis-wait,50,2,295,53.42,1
redis-wait,50,2,296,51.291,1
redis-wait,50,2,297,53.297,1
redis-wait,50,2,298,53.577,1
redis-wait,50,2,299,54.874,1
redis-wait,50,2,300,51.804,1
redis-wait,50,2,301,143.252,1
redis-wait,50,2,302,53.952,1
redis-wait,50,2,303,54.479,1
redis-wait,50,2,304,52.689,1
redis-wait,50,2,305,51.709,1
redis-wait,50,2,306,53.276,1
redis-wait,50,2,307,52.726,1
redis-wait,50,2,308,52.901,1
redis-wait,50,2,309,55.001,1
redis-wait,50,2,310,51.665,1
redis-wait,50,2,311,55.441,1
redis-wait,50,2,312,51.682,1
redis-wait,50,2,313,55.995,1
redis-wait,50,2,314,51.799,1
redis-wait,50,2,315,53.691,1
redis-wait,50,2,316,52.22,1
redis-wait,50,2,317,53.507,1
redis-wait,50,2,318,56.648,1
redis-wait,50,2,319,148.229,1
redis-wait,50,2,320,51.26,1
redis-wait,50,2,321,53.429,1
redis-wait,50,2,322,51.723,1
redis-wait,50,2,323,52.579,1
redis-wait,50,2,324,51.977,1
redis-wait,50,2,325,52.352,1
redis-wait,50,2,326,51.722,1
redis-wait,50,2,327,53.342,1
redis-wait,50,2,328,54.113,1
redis-wait,50,2,329,56.315,1
redis-wait,50,2,330,52.448,1
redis-wait,50,2,331,53.936,1
redis-wait,50,2,332,55.992,1
redis-wait,50,2,333,52.292,1
redis-wait,50,2,334,52.415,1
redis-wait,50,2,335,52.457,1
redis-wait,50,2,336,147.685,1
redis-wait,50,2,337,51.459,1
redis-wait,50,2,338,53.162,1
redis-wait,50,2,339,54.102,1
redis-wait,50,2,340,54.579,1
redis-wait,50,2,341,53.396,1
redis-wait,50,2,342,54.542,1
redis-wait,50,2,343,52.158,1
redis-wait,50,2,344,54.212,1
redis-wait,50,2,345,51.589,1
redis-wait,50,2,346,51.932,1
redis-wait,50,2,347,52.574,1
redis-wait,50,2,348,56.571,1
redis-wait,50,2,349,51.809,1
redis-wait,50,2,350,55.889,1
redis-wait,50,2,351,51.593,1
redis-wait,50,2,352,53.879,1
redis-wait,50,2,353,55.285,1
redis-wait,50,2,354,145.989,1
redis-wait,50,2,355,51.81,1
redis-wait,50,2,356,56.613,1
redis-wait,50,2,357,53.849,1
redis-wait,50,2,358,54.573,1
redis-wait,50,2,359,53.628,1
redis-wait,50,2,360,52.04,1
redis-wait,50,2,361,51.705,1
redis-wait,50,2,362,52.067,1
redis-wait,50,2,363,53.969,1
redis-wait,50,2,364,55.081,1
redis-wait,50,2,365,51.929,1
redis-wait,50,2,366,53.066,1
redis-wait,50,2,367,53.767,1
redis-wait,50,2,368,52.891,1
redis-wait,50,2,369,52.298,1
redis-wait,50,2,370,54.062,1
redis-wait,50,2,371,146.208,1
redis-wait,50,2,372,55.452,1
redis-wait,50,2,373,53.19,1
redis-wait,50,2,374,51.408,1
redis-wait,50,2,375,55.43,1
redis-wait,50,2,376,51.782,1
redis-wait,50,2,377,53.45,1
redis-wait,50,2,378,52.545,1
redis-wait,50,2,379,54.443,1
redis-wait,50,2,380,53.604,1
redis-wait,50,2,381,52.111,1
redis-wait,50,2,382,51.585,1
redis-wait,50,2,383,51.436,1
redis-wait,50,2,384,52.08,1
redis-wait,50,2,385,51.805,1
redis-wait,50,2,386,54.607,1
redis-wait,50,2,387,57.017,1
redis-wait,50,2,388,52.191,1
redis-wait,50,2,389,148.96,1
redis-wait,50,2,390,53.796,1
redis-wait,50,2,391,54.717,1
redis-wait,50,2,392,51.96,1
redis-wait,50,2,393,54.222,1
redis-wait,50,2,394,52.86,1
redis-wait,50,2,395,51.866,1
redis-wait,50,2,396,53.348,1
redis-wait,50,2,397,52.855,1
redis-wait,50,2,398,52.263,1
redis-wait,50,2,399,51.204,1
redis-wait,50,2,400,53.209,1
redis-wait,50,2,401,54.682,1
redis-wait,50,2,402,56.633,1
redis-wait,50,2,403,53.886,1
redis-wait,50,2,404,52.332,1
redis-wait,50,2,405,51.76,1
redis-wait,50,2,406,56.302,1
redis-wait,50,2,407,145.501,1
redis-wait,50,2,408,51.846,1
redis-wait,50,2,409,56.499,1
redis-wait,50,2,410,53.438,1
redis-wait,50,2,411,51.833,1
redis-wait,50,2,412,54.433,1
redis-wait,50,2,413,51.84,1
redis-wait,50,2,414,52.482,1
redis-wait,50,2,415,51.912,1
redis-wait,50,2,416,51.528,1
redis-wait,50,2,417,51.441,1
redis-wait,50,2,418,55.562,1
redis-wait,50,2,419,50.362,1
redis-wait,50,2,420,51.885,1
redis-wait,50,2,421,51.965,1
redis-wait,50,2,422,50.828,1
redis-wait,50,2,423,55.177,1
redis-wait,50,2,424,146.55,1
redis-wait,50,2,425,52.391,1
redis-wait,50,2,426,54.101,1
redis-wait,50,2,427,51.487,1
redis-wait,50,2,428,53.628,1
redis-wait,50,2,429,53.751,1
redis-wait,50,2,430,53.992,1
redis-wait,50,2,431,54.121,1
redis-wait,50,2,432,51.674,1
redis-wait,50,2,433,54.786,1
redis-wait,50,2,434,53.806,1
redis-wait,50,2,435,53.225,1
redis-wait,50,2,436,57.37,1
redis-wait,50,2,437,52.803,1
redis-wait,50,2,438,56.743,1
redis-wait,50,2,439,52.687,1
redis-wait,50,2,440,54.978,1
redis-wait,50,2,441,52.833,1
redis-wait,50,2,442,150.859,1
redis-wait,50,2,443,53.187,1
redis-wait,50,2,444,56.507,1
redis-wait,50,2,445,51.738,1
redis-wait,50,2,446,53.064,1
redis-wait,50,2,447,52.01,1
redis-wait,50,2,448,55.578,1
redis-wait,50,2,449,54.887,1
redis-wait,50,2,450,52.878,1
redis-wait,50,2,451,52.773,1
redis-wait,50,2,452,55.522,1
redis-wait,50,2,453,51.661,1
redis-wait,50,2,454,53.902,1
redis-wait,50,2,455,52.743,1
redis-wait,50,2,456,53.759,1
redis-wait,50,2,457,54.353,1
redis-wait,50,2,458,52.271,1
redis-wait,50,2,459,148.244,1
redis-wait,50,2,460,53.6,1
redis-wait,50,2,461,56.252,1
redis-wait,50,2,462,55.184,1
redis-wait,50,2,463,52.53,1
redis-wait,50,2,464,54.803,1
redis-wait,50,2,465,52.807,1
redis-wait,50,2,466,53.1,1
redis-wait,50,2,467,55.098,1
redis-wait,50,3,1,54.235,1
redis-wait,50,3,2,51.772,1
redis-wait,50,3,3,52.614,1
redis-wait,50,3,4,51.593,1
redis-wait,50,3,5,53.497,1
redis-wait,50,3,6,53.002,1
redis-wait,50,3,7,53.706,1
redis-wait,50,3,8,53.872,1
redis-wait,50,3,9,143.839,1
redis-wait,50,3,10,51.85,1
redis-wait,50,3,11,52.29,1
redis-wait,50,3,12,52.283,1
redis-wait,50,3,13,51.973,1
redis-wait,50,3,14,51.372,1
redis-wait,50,3,15,53.378,1
redis-wait,50,3,16,52.044,1
redis-wait,50,3,17,56.298,1
redis-wait,50,3,18,53.051,1
redis-wait,50,3,19,54.455,1
redis-wait,50,3,20,54.646,1
redis-wait,50,3,21,54.654,1
redis-wait,50,3,22,52.78,1
redis-wait,50,3,23,54.053,1
redis-wait,50,3,24,54.34,1
redis-wait,50,3,25,53.884,1
redis-wait,50,3,26,52.058,1
redis-wait,50,3,27,144.053,1
redis-wait,50,3,28,53.163,1
redis-wait,50,3,29,56.328,1
redis-wait,50,3,30,52.393,1
redis-wait,50,3,31,52.122,1
redis-wait,50,3,32,52.276,1
redis-wait,50,3,33,51.074,1
redis-wait,50,3,34,54.285,1
redis-wait,50,3,35,55.848,1
redis-wait,50,3,36,52.504,1
redis-wait,50,3,37,51.878,1
redis-wait,50,3,38,53.27,1
redis-wait,50,3,39,53.819,1
redis-wait,50,3,40,53.514,1
redis-wait,50,3,41,53.05,1
redis-wait,50,3,42,53.054,1
redis-wait,50,3,43,52.71,1
redis-wait,50,3,44,52.954,1
redis-wait,50,3,45,147.907,1
redis-wait,50,3,46,51.256,1
redis-wait,50,3,47,51.737,1
redis-wait,50,3,48,53.05,1
redis-wait,50,3,49,54.138,1
redis-wait,50,3,50,52.925,1
redis-wait,50,3,51,52.877,1
redis-wait,50,3,52,56.316,1
redis-wait,50,3,53,53.317,1
redis-wait,50,3,54,54.353,1
redis-wait,50,3,55,52.047,1
redis-wait,50,3,56,52.722,1
redis-wait,50,3,57,51.405,1
redis-wait,50,3,58,52.258,1
redis-wait,50,3,59,51.055,1
redis-wait,50,3,60,55.233,1
redis-wait,50,3,61,51.185,1
redis-wait,50,3,62,144.214,1
redis-wait,50,3,63,52.8,1
redis-wait,50,3,64,53.049,1
redis-wait,50,3,65,53.034,1
redis-wait,50,3,66,55.133,1
redis-wait,50,3,67,51.923,1
redis-wait,50,3,68,52.955,1
redis-wait,50,3,69,52.389,1
redis-wait,50,3,70,52.678,1
redis-wait,50,3,71,53.264,1
redis-wait,50,3,72,51.361,1
redis-wait,50,3,73,53.573,1
redis-wait,50,3,74,52.78,1
redis-wait,50,3,75,52.31,1
redis-wait,50,3,76,51.961,1
redis-wait,50,3,77,54.23,1
redis-wait,50,3,78,52.691,1
redis-wait,50,3,79,53.51,1
redis-wait,50,3,80,152.995,1
redis-wait,50,3,81,53.573,1
redis-wait,50,3,82,54.452,1
redis-wait,50,3,83,54.33,1
redis-wait,50,3,84,51.136,1
redis-wait,50,3,85,55.588,1
redis-wait,50,3,86,51.987,1
redis-wait,50,3,87,52.513,1
redis-wait,50,3,88,51.311,1
redis-wait,50,3,89,53.032,1
redis-wait,50,3,90,56.633,1
redis-wait,50,3,91,52.698,1
redis-wait,50,3,92,54.01,1
redis-wait,50,3,93,52.91,1
redis-wait,50,3,94,51.746,1
redis-wait,50,3,95,52.026,1
redis-wait,50,3,96,51.619,1
redis-wait,50,3,97,146.014,1
redis-wait,50,3,98,54.407,1
redis-wait,50,3,99,56.294,1
redis-wait,50,3,100,51.333,1
redis-wait,50,3,101,51.285,1
redis-wait,50,3,102,53.407,1
redis-wait,50,3,103,51.538,1
redis-wait,50,3,104,50.852,1
redis-wait,50,3,105,52.063,1
redis-wait,50,3,106,51.703,1
redis-wait,50,3,107,51.486,1
redis-wait,50,3,108,51.243,1
redis-wait,50,3,109,52.027,1
redis-wait,50,3,110,52.491,1
redis-wait,50,3,111,53.853,1
redis-wait,50,3,112,51.301,1
redis-wait,50,3,113,52.044,1
redis-wait,50,3,114,52.588,1
redis-wait,50,3,115,143.522,1
redis-wait,50,3,116,51.637,1
redis-wait,50,3,117,52.174,1
redis-wait,50,3,118,53.476,1
redis-wait,50,3,119,51.349,1
redis-wait,50,3,120,51.356,1
redis-wait,50,3,121,50.948,1
redis-wait,50,3,122,55.55,1
redis-wait,50,3,123,51.493,1
redis-wait,50,3,124,53.696,1
redis-wait,50,3,125,54.035,1
redis-wait,50,3,126,51.932,1
redis-wait,50,3,127,56.436,1
redis-wait,50,3,128,52.501,1
redis-wait,50,3,129,51.894,1
redis-wait,50,3,130,53.025,1
redis-wait,50,3,131,53.982,1
redis-wait,50,3,132,52.781,1
redis-wait,50,3,133,145.384,1
redis-wait,50,3,134,52.337,1
redis-wait,50,3,135,52.89,1
redis-wait,50,3,136,54.111,1
redis-wait,50,3,137,56.243,1
redis-wait,50,3,138,51.939,1
redis-wait,50,3,139,56.709,1
redis-wait,50,3,140,53.824,1
redis-wait,50,3,141,56.429,1
redis-wait,50,3,142,54.075,1
redis-wait,50,3,143,54.982,1
redis-wait,50,3,144,55.338,1
redis-wait,50,3,145,52.512,1
redis-wait,50,3,146,52.301,1
redis-wait,50,3,147,56.077,1
redis-wait,50,3,148,52.446,1
redis-wait,50,3,149,56.137,1
redis-wait,50,3,150,53.037,1
redis-wait,50,3,151,152.045,1
redis-wait,50,3,152,53.319,1
redis-wait,50,3,153,55.235,1
redis-wait,50,3,154,52.533,1
redis-wait,50,3,155,52.713,1
redis-wait,50,3,156,51.97,1
redis-wait,50,3,157,56.815,1
redis-wait,50,3,158,55.082,1
redis-wait,50,3,159,51.753,1
redis-wait,50,3,160,53.219,1
redis-wait,50,3,161,53.396,1
redis-wait,50,3,162,51.741,1
redis-wait,50,3,163,53.92,1
redis-wait,50,3,164,52.485,1
redis-wait,50,3,165,51.436,1
redis-wait,50,3,166,53.106,1
redis-wait,50,3,167,51.807,1
redis-wait,50,3,168,143.968,1
redis-wait,50,3,169,52.762,1
redis-wait,50,3,170,53.205,1
redis-wait,50,3,171,53.008,1
redis-wait,50,3,172,54.431,1
redis-wait,50,3,173,51.833,1
redis-wait,50,3,174,52.586,1
redis-wait,50,3,175,51.718,1
redis-wait,50,3,176,54.012,1
redis-wait,50,3,177,53.138,1
redis-wait,50,3,178,56.642,1
redis-wait,50,3,179,53.374,1
redis-wait,50,3,180,51.698,1
redis-wait,50,3,181,53.932,1
redis-wait,50,3,182,52.301,1
redis-wait,50,3,183,52.821,1
redis-wait,50,3,184,51.207,1
redis-wait,50,3,185,51.576,1
redis-wait,50,3,186,149.202,1
redis-wait,50,3,187,52.852,1
redis-wait,50,3,188,53.976,1
redis-wait,50,3,189,53.418,1
redis-wait,50,3,190,51.406,1
redis-wait,50,3,191,55.979,1
redis-wait,50,3,192,55.738,1
redis-wait,50,3,193,53.558,1
redis-wait,50,3,194,52.526,1
redis-wait,50,3,195,52.475,1
redis-wait,50,3,196,52.966,1
redis-wait,50,3,197,54.027,1
redis-wait,50,3,198,53.849,1
redis-wait,50,3,199,51.609,1
redis-wait,50,3,200,51.35,1
redis-wait,50,3,201,51.114,1
redis-wait,50,3,202,51.319,1
redis-wait,50,3,203,52.88,1
redis-wait,50,3,204,51.234,1
redis-wait,50,3,205,53.66,1
redis-wait,50,3,206,51.938,1
redis-wait,50,3,207,51.958,1
redis-wait,50,3,208,52.465,1
redis-wait,50,3,209,52.567,1
redis-wait,50,3,210,54.497,1
redis-wait,50,3,211,53.36,1
redis-wait,50,3,212,51.405,1
redis-wait,50,3,213,56.897,1
redis-wait,50,3,214,55.372,1
redis-wait,50,3,215,52.955,1
redis-wait,50,3,216,53.084,1
redis-wait,50,3,217,56.348,1
redis-wait,50,3,218,52.907,1
redis-wait,50,3,219,56.277,1
redis-wait,50,3,220,51.358,1
redis-wait,50,3,221,55.115,1
redis-wait,50,3,222,53.296,1
redis-wait,50,3,223,144.142,1
redis-wait,50,3,224,52.856,1
redis-wait,50,3,225,56.579,1
redis-wait,50,3,226,51.612,1
redis-wait,50,3,227,54.879,1
redis-wait,50,3,228,53.267,1
redis-wait,50,3,229,51.898,1
redis-wait,50,3,230,52.081,1
redis-wait,50,3,231,51.885,1
redis-wait,50,3,232,51.978,1
redis-wait,50,3,233,52.116,1
redis-wait,50,3,234,56.405,1
redis-wait,50,3,235,52.904,1
redis-wait,50,3,236,51.553,1
redis-wait,50,3,237,51.655,1
redis-wait,50,3,238,52.019,1
redis-wait,50,3,239,53.423,1
redis-wait,50,3,240,142.358,1
redis-wait,50,3,241,52.548,1
redis-wait,50,3,242,53.584,1
redis-wait,50,3,243,52.905,1
redis-wait,50,3,244,54.743,1
redis-wait,50,3,245,51.64,1
redis-wait,50,3,246,52.529,1
redis-wait,50,3,247,51.255,1
redis-wait,50,3,248,51.327,1
redis-wait,50,3,249,51.268,1
redis-wait,50,3,250,56.042,1
redis-wait,50,3,251,52.4,1
redis-wait,50,3,252,54.553,1
redis-wait,50,3,253,54.187,1
redis-wait,50,3,254,52.687,1
redis-wait,50,3,255,54.187,1
redis-wait,50,3,256,53.701,1
redis-wait,50,3,257,53.699,1
redis-wait,50,3,258,145.141,1
redis-wait,50,3,259,50.794,1
redis-wait,50,3,260,54.556,1
redis-wait,50,3,261,53.784,1
redis-wait,50,3,262,53.962,1
redis-wait,50,3,263,51.92,1
redis-wait,50,3,264,50.949,1
redis-wait,50,3,265,53.738,1
redis-wait,50,3,266,53.117,1
redis-wait,50,3,267,52.538,1
redis-wait,50,3,268,54.462,1
redis-wait,50,3,269,53.494,1
redis-wait,50,3,270,51.868,1
redis-wait,50,3,271,54.745,1
redis-wait,50,3,272,52.794,1
redis-wait,50,3,273,54.488,1
redis-wait,50,3,274,56.322,1
redis-wait,50,3,275,53.411,1
redis-wait,50,3,276,144.215,1
redis-wait,50,3,277,52.3,1
redis-wait,50,3,278,52.038,1
redis-wait,50,3,279,53.39,1
redis-wait,50,3,280,52.512,1
redis-wait,50,3,281,51.12,1
redis-wait,50,3,282,51.213,1
redis-wait,50,3,283,56.577,1
redis-wait,50,3,284,52.156,1
redis-wait,50,3,285,54.799,1
redis-wait,50,3,286,51.211,1
redis-wait,50,3,287,53.238,1
redis-wait,50,3,288,51.589,1
redis-wait,50,3,289,51.755,1
redis-wait,50,3,290,51.632,1
redis-wait,50,3,291,55.344,1
redis-wait,50,3,292,51.705,1
redis-wait,50,3,293,141.618,1
redis-wait,50,3,294,52.754,1
redis-wait,50,3,295,50.87,1
redis-wait,50,3,296,53.532,1
redis-wait,50,3,297,55.614,1
redis-wait,50,3,298,52.568,1
redis-wait,50,3,299,51.597,1
redis-wait,50,3,300,52.664,1
redis-wait,50,3,301,55.788,1
redis-wait,50,3,302,53.019,1
redis-wait,50,3,303,51.648,1
redis-wait,50,3,304,51.546,1
redis-wait,50,3,305,53.203,1
redis-wait,50,3,306,54.187,1
redis-wait,50,3,307,51.539,1
redis-wait,50,3,308,56.63,1
redis-wait,50,3,309,52.979,1
redis-wait,50,3,310,51.563,1
redis-wait,50,3,311,144.271,1
redis-wait,50,3,312,50.93,1
redis-wait,50,3,313,50.777,1
redis-wait,50,3,314,51.44,1
redis-wait,50,3,315,53.672,1
redis-wait,50,3,316,52.078,1
redis-wait,50,3,317,53.222,1
redis-wait,50,3,318,52.063,1
redis-wait,50,3,319,52.156,1
redis-wait,50,3,320,51.31,1
redis-wait,50,3,321,51.507,1
redis-wait,50,3,322,51.617,1
redis-wait,50,3,323,51.804,1
redis-wait,50,3,324,53.39,1
redis-wait,50,3,325,53.098,1
redis-wait,50,3,326,53.757,1
redis-wait,50,3,327,52.394,1
redis-wait,50,3,328,53.464,1
redis-wait,50,3,329,150.378,1
redis-wait,50,3,330,56.182,1
redis-wait,50,3,331,53.199,1
redis-wait,50,3,332,53.112,1
redis-wait,50,3,333,56.752,1
redis-wait,50,3,334,53.976,1
redis-wait,50,3,335,54.293,1
redis-wait,50,3,336,52.395,1
redis-wait,50,3,337,52.346,1
redis-wait,50,3,338,54.733,1
redis-wait,50,3,339,54.96,1
redis-wait,50,3,340,51.729,1
redis-wait,50,3,341,51.522,1
redis-wait,50,3,342,54.021,1
redis-wait,50,3,343,52.406,1
redis-wait,50,3,344,52.869,1
redis-wait,50,3,345,52.871,1
redis-wait,50,3,346,142.053,1
redis-wait,50,3,347,52.338,1
redis-wait,50,3,348,56.418,1
redis-wait,50,3,349,53.163,1
redis-wait,50,3,350,51.716,1
redis-wait,50,3,351,52.921,1
redis-wait,50,3,352,53.209,1
redis-wait,50,3,353,52.133,1
redis-wait,50,3,354,51.754,1
redis-wait,50,3,355,53.596,1
redis-wait,50,3,356,51.901,1
redis-wait,50,3,357,52.383,1
redis-wait,50,3,358,53.604,1
redis-wait,50,3,359,52.038,1
redis-wait,50,3,360,52.922,1
redis-wait,50,3,361,56.343,1
redis-wait,50,3,362,51.872,1
redis-wait,50,3,363,53.507,1
redis-wait,50,3,364,148.956,1
redis-wait,50,3,365,53.43,1
redis-wait,50,3,366,52.898,1
redis-wait,50,3,367,51.866,1
redis-wait,50,3,368,51.691,1
redis-wait,50,3,369,53.932,1
redis-wait,50,3,370,54.369,1
redis-wait,50,3,371,53.161,1
redis-wait,50,3,372,53.641,1
redis-wait,50,3,373,52.112,1
redis-wait,50,3,374,52.722,1
redis-wait,50,3,375,51.768,1
redis-wait,50,3,376,51.775,1
redis-wait,50,3,377,51.491,1
redis-wait,50,3,378,51.749,1
redis-wait,50,3,379,52.684,1
redis-wait,50,3,380,53.497,1
redis-wait,50,3,381,52.916,1
redis-wait,50,3,382,146.181,1
redis-wait,50,3,383,52.818,1
redis-wait,50,3,384,51.844,1
redis-wait,50,3,385,51.179,1
redis-wait,50,3,386,55.778,1
redis-wait,50,3,387,53.214,1
redis-wait,50,3,388,53.676,1
redis-wait,50,3,389,51.983,1
redis-wait,50,3,390,53.547,1
redis-wait,50,3,391,53.057,1
redis-wait,50,3,392,52.435,1
redis-wait,50,3,393,56.435,1
redis-wait,50,3,394,52.924,1
redis-wait,50,3,395,56.42,1
redis-wait,50,3,396,53.352,1
redis-wait,50,3,397,52.997,1
redis-wait,50,3,398,52.629,1
redis-wait,50,3,399,145.53,1
redis-wait,50,3,400,51.208,1
redis-wait,50,3,401,52.726,1
redis-wait,50,3,402,54.056,1
redis-wait,50,3,403,55.586,1
redis-wait,50,3,404,53.994,1
redis-wait,50,3,405,52.087,1
redis-wait,50,3,406,52.974,1
redis-wait,50,3,407,53.764,1
redis-wait,50,3,408,53.831,1
redis-wait,50,3,409,53.932,1
redis-wait,50,3,410,52.299,1
redis-wait,50,3,411,56.41,1
redis-wait,50,3,412,54.684,1
redis-wait,50,3,413,55.066,1
redis-wait,50,3,414,52.886,1
redis-wait,50,3,415,53.47,1
redis-wait,50,3,416,51.366,1
redis-wait,50,3,417,145.025,1
redis-wait,50,3,418,55.031,1
redis-wait,50,3,419,54.69,1
redis-wait,50,3,420,53.94,1
redis-wait,50,3,421,53.962,1
redis-wait,50,3,422,53.793,1
redis-wait,50,3,423,54.353,1
redis-wait,50,3,424,52.58,1
redis-wait,50,3,425,51.872,1
redis-wait,50,3,426,51.926,1
redis-wait,50,3,427,51.585,1
redis-wait,50,3,428,55.198,1
redis-wait,50,3,429,51.321,1
redis-wait,50,3,430,51.278,1
redis-wait,50,3,431,51.816,1
redis-wait,50,3,432,50.922,1
redis-wait,50,3,433,51.652,1
redis-wait,50,3,434,147.857,1
redis-wait,50,3,435,52.809,1
redis-wait,50,3,436,52.033,1
redis-wait,50,3,437,51.841,1
redis-wait,50,3,438,54.55,1
redis-wait,50,3,439,51.463,1
redis-wait,50,3,440,56.505,1
redis-wait,50,3,441,51.306,1
redis-wait,50,3,442,51.512,1
redis-wait,50,3,443,51.612,1
redis-wait,50,3,444,51.356,1
redis-wait,50,3,445,53.274,1
redis-wait,50,3,446,53.255,1
redis-wait,50,3,447,51.411,1
redis-wait,50,3,448,56.581,1
redis-wait,50,3,449,52.595,1
redis-wait,50,3,450,54.298,1
redis-wait,50,3,451,51.713,1
redis-wait,50,3,452,144.173,1
redis-wait,50,3,453,53.8,1
redis-wait,50,3,454,51.882,1
redis-wait,50,3,455,51.677,1
redis-wait,50,3,456,51.383,1
redis-wait,50,3,457,51.687,1
redis-wait,50,3,458,56.208,1
redis-wait,50,3,459,53.989,1
redis-wait,50,3,460,55.23,1
redis-wait,50,3,461,52.047,1
redis-wait,50,3,462,53.887,1
redis-wait,50,3,463,54.226,1
redis-wait,50,3,464,51.699,1
redis-wait,50,3,465,51.019,1
redis-wait,50,3,466,50.735,1
redis-wait,50,3,467,52.083,1
