mode,delay_ms,run,seq,latency_ms
mongo-w1,0,1,1,9.675
mongo-w1,0,1,2,0.86
mongo-w1,0,1,3,0.444
mongo-w1,0,1,4,0.318
mongo-w1,0,1,5,0.449
mongo-w1,0,1,6,0.341
mongo-w1,0,1,7,0.304
mongo-w1,0,1,8,0.282
mongo-w1,0,1,9,0.497
mongo-w1,0,1,10,0.271
mongo-w1,0,1,11,0.308
mongo-w1,0,1,12,0.287
mongo-w1,0,1,13,0.228
mongo-w1,0,1,14,0.295
mongo-w1,0,1,15,0.251
mongo-w1,0,1,16,0.257
mongo-w1,0,1,17,0.281
mongo-w1,0,1,18,0.261
mongo-w1,0,1,19,0.284
mongo-w1,0,1,20,0.351
mongo-w1,0,1,21,0.434
mongo-w1,0,1,22,0.355
mongo-w1,0,1,23,0.342
mongo-w1,0,1,24,0.35
mongo-w1,0,1,25,0.581
mongo-w1,0,1,26,0.486
mongo-w1,0,1,27,1.071
mongo-w1,0,1,28,0.282
mongo-w1,0,1,29,0.407
mongo-w1,0,1,30,0.447
mongo-w1,0,1,31,0.554
mongo-w1,0,1,32,0.373
mongo-w1,0,1,33,0.487
mongo-w1,0,1,34,0.418
mongo-w1,0,1,35,0.354
mongo-w1,0,1,36,0.326
mongo-w1,0,1,37,0.349
mongo-w1,0,1,38,0.451
mongo-w1,0,1,39,0.399
mongo-w1,0,1,40,0.497
mongo-w1,0,1,41,0.483
mongo-w1,0,1,42,0.373
mongo-w1,0,1,43,0.631
mongo-w1,0,1,44,0.528
mongo-w1,0,1,45,0.418
mongo-w1,0,1,46,0.42
mongo-w1,0,1,47,0.514
mongo-w1,0,1,48,0.436
mongo-w1,0,1,49,0.455
mongo-w1,0,1,50,0.241
mongo-w1,0,1,51,0.572
mongo-w1,0,1,52,0.25
mongo-w1,0,1,53,0.218
mongo-w1,0,1,54,0.258
mongo-w1,0,1,55,0.212
mongo-w1,0,1,56,0.252
mongo-w1,0,1,57,0.25
mongo-w1,0,1,58,0.211
mongo-w1,0,1,59,0.264
mongo-w1,0,1,60,0.26
mongo-w1,0,1,61,0.235
mongo-w1,0,1,62,0.219
mongo-w1,0,1,63,0.261
mongo-w1,0,1,64,0.301
mongo-w1,0,1,65,0.239
mongo-w1,0,1,66,0.232
mongo-w1,0,1,67,0.258
mongo-w1,0,1,68,0.5
mongo-w1,0,1,69,0.728
mongo-w1,0,1,70,0.26
mongo-w1,0,1,71,0.274
mongo-w1,0,1,72,0.402
mongo-w1,0,1,73,0.315
mongo-w1,0,1,74,0.288
mongo-w1,0,1,75,0.255
mongo-w1,0,1,76,0.306
mongo-w1,0,1,77,0.479
mongo-w1,0,1,78,0.274
mongo-w1,0,1,79,0.196
mongo-w1,0,1,80,0.256
mongo-w1,0,1,81,0.428
mongo-w1,0,1,82,0.354
mongo-w1,0,1,83,0.477
mongo-w1,0,1,84,0.454
mongo-w1,0,1,85,0.265
mongo-w1,0,1,86,0.279
mongo-w1,0,1,87,0.25
mongo-w1,0,1,88,0.259
mongo-w1,0,1,89,0.546
mongo-w1,0,1,90,0.342
mongo-w1,0,1,91,0.324
mongo-w1,0,1,92,0.324
mongo-w1,0,1,93,0.225
mongo-w1,0,1,94,0.242
mongo-w1,0,1,95,0.24
mongo-w1,0,1,96,0.322
mongo-w1,0,1,97,0.379
mongo-w1,0,1,98,0.237
mongo-w1,0,1,99,0.43
mongo-w1,0,1,100,0.31
mongo-w1,0,1,101,0.538
mongo-w1,0,1,102,0.388
mongo-w1,0,1,103,0.414
mongo-w1,0,1,104,0.405
mongo-w1,0,1,105,0.346
mongo-w1,0,1,106,0.397
mongo-w1,0,1,107,0.691
mongo-w1,0,1,108,0.248
mongo-w1,0,1,109,0.428
mongo-w1,0,1,110,0.532
mongo-w1,0,1,111,1.04
mongo-w1,0,1,112,0.706
mongo-w1,0,1,113,0.396
mongo-w1,0,1,114,0.627
mongo-w1,0,1,115,0.305
mongo-w1,0,1,116,0.468
mongo-w1,0,1,117,0.415
mongo-w1,0,1,118,0.351
mongo-w1,0,1,119,0.496
mongo-w1,0,1,120,0.287
mongo-w1,0,1,121,0.303
mongo-w1,0,1,122,0.279
mongo-w1,0,1,123,0.338
mongo-w1,0,1,124,0.432
mongo-w1,0,1,125,0.435
mongo-w1,0,1,126,0.301
mongo-w1,0,1,127,0.266
mongo-w1,0,1,128,0.294
mongo-w1,0,1,129,0.236
mongo-w1,0,1,130,0.193
mongo-w1,0,1,131,0.446
mongo-w1,0,1,132,0.366
mongo-w1,0,1,133,0.335
mongo-w1,0,1,134,0.667
mongo-w1,0,1,135,0.313
mongo-w1,0,1,136,0.622
mongo-w1,0,1,137,0.41
mongo-w1,0,1,138,0.491
mongo-w1,0,1,139,0.241
mongo-w1,0,1,140,0.389
mongo-w1,0,1,141,0.341
mongo-w1,0,1,142,0.338
mongo-w1,0,1,143,0.187
mongo-w1,0,1,144,0.22
mongo-w1,0,1,145,0.61
mongo-w1,0,1,146,0.363
mongo-w1,0,1,147,0.275
mongo-w1,0,1,148,0.263
mongo-w1,0,1,149,0.314
mongo-w1,0,1,150,0.692
mongo-w1,0,1,151,0.3
mongo-w1,0,1,152,0.422
mongo-w1,0,1,153,0.43
mongo-w1,0,1,154,0.479
mongo-w1,0,1,155,0.38
mongo-w1,0,1,156,0.444
mongo-w1,0,1,157,0.471
mongo-w1,0,1,158,0.442
mongo-w1,0,1,159,0.522
mongo-w1,0,1,160,0.308
mongo-w1,0,1,161,0.342
mongo-w1,0,1,162,0.227
mongo-w1,0,1,163,0.251
mongo-w1,0,1,164,0.244
mongo-w1,0,1,165,0.314
mongo-w1,0,1,166,0.419
mongo-w1,0,1,167,0.538
mongo-w1,0,1,168,0.303
mongo-w1,0,1,169,0.201
mongo-w1,0,1,170,0.225
mongo-w1,0,1,171,0.36
mongo-w1,0,1,172,0.799
mongo-w1,0,1,173,0.429
mongo-w1,0,1,174,0.365
mongo-w1,0,1,175,0.983
mongo-w1,0,1,176,0.371
mongo-w1,0,1,177,0.319
mongo-w1,0,1,178,0.326
mongo-w1,0,1,179,0.318
mongo-w1,0,1,180,0.192
mongo-w1,0,1,181,0.225
mongo-w1,0,1,182,0.218
mongo-w1,0,1,183,0.714
mongo-w1,0,1,184,0.504
mongo-w1,0,1,185,0.603
mongo-w1,0,1,186,0.488
mongo-w1,0,1,187,0.381
mongo-w1,0,1,188,0.39
mongo-w1,0,1,189,0.459
mongo-w1,0,1,190,0.285
mongo-w1,0,1,191,0.28
mongo-w1,0,1,192,0.313
mongo-w1,0,1,193,0.281
mongo-w1,0,1,194,0.55
mongo-w1,0,1,195,0.33
mongo-w1,0,1,196,0.279
mongo-w1,0,1,197,0.358
mongo-w1,0,1,198,0.374
mongo-w1,0,1,199,0.398
mongo-w1,0,1,200,0.598
mongo-w1,0,1,201,0.399
mongo-w1,0,1,202,0.342
mongo-w1,0,1,203,0.517
mongo-w1,0,1,204,0.578
mongo-w1,0,1,205,0.41
mongo-w1,0,1,206,0.477
mongo-w1,0,1,207,0.381
mongo-w1,0,1,208,0.282
mongo-w1,0,1,209,0.635
mongo-w1,0,1,210,0.501
mongo-w1,0,1,211,0.335
mongo-w1,0,1,212,0.322
mongo-w1,0,1,213,0.832
mongo-w1,0,1,214,0.974
mongo-w1,0,1,215,0.426
mongo-w1,0,1,216,0.319
mongo-w1,0,1,217,0.312
mongo-w1,0,1,218,0.264
mongo-w1,0,1,219,0.325
mongo-w1,0,1,220,0.374
mongo-w1,0,1,221,0.267
mongo-w1,0,1,222,0.344
mongo-w1,0,1,223,0.244
mongo-w1,0,1,224,0.233
mongo-w1,0,1,225,0.212
mongo-w1,0,1,226,0.272
mongo-w1,0,1,227,0.189
mongo-w1,0,1,228,0.283
mongo-w1,0,1,229,0.648
mongo-w1,0,1,230,0.413
mongo-w1,0,1,231,0.387
mongo-w1,0,1,232,0.482
mongo-w1,0,1,233,0.472
mongo-w1,0,1,234,0.59
mongo-w1,0,1,235,0.255
mongo-w1,0,1,236,0.309
mongo-w1,0,1,237,0.24
mongo-w1,0,1,238,0.237
mongo-w1,0,1,239,0.232
mongo-w1,0,1,240,0.695
mongo-w1,0,1,241,0.661
mongo-w1,0,1,242,0.358
mongo-w1,0,1,243,0.696
mongo-w1,0,1,244,0.389
mongo-w1,0,1,245,0.608
mongo-w1,0,1,246,0.494
mongo-w1,0,1,247,0.3
mongo-w1,0,1,248,0.267
mongo-w1,0,1,249,0.327
mongo-w1,0,1,250,0.343
mongo-w1,0,1,251,0.334
mongo-w1,0,1,252,0.316
mongo-w1,0,1,253,0.434
mongo-w1,0,1,254,0.218
mongo-w1,0,1,255,0.361
mongo-w1,0,1,256,0.622
mongo-w1,0,1,257,0.268
mongo-w1,0,1,258,0.303
mongo-w1,0,1,259,0.224
mongo-w1,0,1,260,0.271
mongo-w1,0,1,261,0.229
mongo-w1,0,1,262,0.404
mongo-w1,0,1,263,0.28
mongo-w1,0,1,264,0.256
mongo-w1,0,1,265,0.266
mongo-w1,0,1,266,0.229
mongo-w1,0,1,267,0.227
mongo-w1,0,1,268,0.22
mongo-w1,0,1,269,0.203
mongo-w1,0,1,270,0.191
mongo-w1,0,1,271,0.508
mongo-w1,0,1,272,0.792
mongo-w1,0,1,273,0.64
mongo-w1,0,1,274,0.718
mongo-w1,0,1,275,0.378
mongo-w1,0,1,276,0.355
mongo-w1,0,1,277,0.289
mongo-w1,0,1,278,0.253
mongo-w1,0,1,279,0.687
mongo-w1,0,1,280,0.233
mongo-w1,0,1,281,0.606
mongo-w1,0,1,282,0.387
mongo-w1,0,1,283,0.445
mongo-w1,0,1,284,0.69
mongo-w1,0,1,285,0.431
mongo-w1,0,1,286,0.377
mongo-w1,0,1,287,0.344
mongo-w1,0,1,288,0.361
mongo-w1,0,1,289,0.573
mongo-w1,0,1,290,0.538
mongo-w1,0,1,291,0.327
mongo-w1,0,1,292,0.327
mongo-w1,0,1,293,0.416
mongo-w1,0,1,294,0.354
mongo-w1,0,1,295,0.529
mongo-w1,0,1,296,0.312
mongo-w1,0,1,297,0.426
mongo-w1,0,1,298,0.297
mongo-w1,0,1,299,0.252
mongo-w1,0,1,300,0.328
mongo-w1,0,1,301,0.498
mongo-w1,0,1,302,0.588
mongo-w1,0,1,303,0.501
mongo-w1,0,1,304,0.636
mongo-w1,0,1,305,0.424
mongo-w1,0,1,306,0.545
mongo-w1,0,1,307,0.399
mongo-w1,0,1,308,0.754
mongo-w1,0,1,309,0.417
mongo-w1,0,1,310,0.531
mongo-w1,0,1,311,0.387
mongo-w1,0,1,312,0.51
mongo-w1,0,1,313,0.311
mongo-w1,0,1,314,0.3
mongo-w1,0,1,315,0.552
mongo-w1,0,1,316,0.211
mongo-w1,0,1,317,0.203
mongo-w1,0,1,318,0.274
mongo-w1,0,1,319,0.222
mongo-w1,0,1,320,0.241
mongo-w1,0,1,321,0.223
mongo-w1,0,1,322,0.288
mongo-w1,0,1,323,0.244
mongo-w1,0,1,324,0.399
mongo-w1,0,1,325,0.378
mongo-w1,0,1,326,0.643
mongo-w1,0,1,327,0.3
mongo-w1,0,1,328,0.489
mongo-w1,0,1,329,0.572
mongo-w1,0,1,330,0.465
mongo-w1,0,1,331,0.344
mongo-w1,0,1,332,0.737
mongo-w1,0,1,333,0.659
mongo-w1,0,1,334,0.351
mongo-w1,0,1,335,0.385
mongo-w1,0,1,336,0.357
mongo-w1,0,1,337,0.231
mongo-w1,0,1,338,0.273
mongo-w1,0,1,339,0.224
mongo-w1,0,1,340,0.55
mongo-w1,0,1,341,0.523
mongo-w1,0,1,342,0.313
mongo-w1,0,1,343,0.548
mongo-w1,0,1,344,1.004
mongo-w1,0,1,345,0.496
mongo-w1,0,1,346,0.545
mongo-w1,0,1,347,0.455
mongo-w1,0,1,348,0.273
mongo-w1,0,1,349,0.482
mongo-w1,0,1,350,0.424
mongo-w1,0,1,351,0.649
mongo-w1,0,1,352,0.32
mongo-w1,0,1,353,0.681
mongo-w1,0,1,354,0.478
mongo-w1,0,1,355,0.428
mongo-w1,0,1,356,0.437
mongo-w1,0,1,357,0.546
mongo-w1,0,1,358,0.411
mongo-w1,0,1,359,0.487
mongo-w1,0,1,360,0.447
mongo-w1,0,1,361,0.357
mongo-w1,0,1,362,0.336
mongo-w1,0,1,363,0.314
mongo-w1,0,1,364,0.35
mongo-w1,0,1,365,0.402
mongo-w1,0,1,366,1.07
mongo-w1,0,1,367,0.59
mongo-w1,0,1,368,0.431
mongo-w1,0,1,369,0.516
mongo-w1,0,1,370,0.359
mongo-w1,0,1,371,0.249
mongo-w1,0,1,372,0.277
mongo-w1,0,1,373,0.251
mongo-w1,0,1,374,0.426
mongo-w1,0,1,375,0.271
mongo-w1,0,1,376,0.325
mongo-w1,0,1,377,0.31
mongo-w1,0,1,378,0.297
mongo-w1,0,1,379,0.288
mongo-w1,0,1,380,0.32
mongo-w1,0,1,381,0.525
mongo-w1,0,1,382,0.561
mongo-w1,0,1,383,0.37
mongo-w1,0,1,384,0.457
mongo-w1,0,1,385,0.554
mongo-w1,0,1,386,0.517
mongo-w1,0,1,387,0.496
mongo-w1,0,1,388,0.339
mongo-w1,0,1,389,0.476
mongo-w1,0,1,390,0.402
mongo-w1,0,1,391,0.367
mongo-w1,0,1,392,0.287
mongo-w1,0,1,393,0.353
mongo-w1,0,1,394,0.261
mongo-w1,0,1,395,0.335
mongo-w1,0,1,396,0.773
mongo-w1,0,1,397,0.977
mongo-w1,0,1,398,0.249
mongo-w1,0,1,399,0.468
mongo-w1,0,1,400,0.409
mongo-w1,0,1,401,0.787
mongo-w1,0,1,402,0.495
mongo-w1,0,1,403,0.501
mongo-w1,0,1,404,0.719
mongo-w1,0,1,405,0.256
mongo-w1,0,1,406,0.346
mongo-w1,0,1,407,0.237
mongo-w1,0,1,408,0.258
mongo-w1,0,1,409,0.252
mongo-w1,0,1,410,0.222
mongo-w1,0,1,411,0.31
mongo-w1,0,1,412,0.403
mongo-w1,0,1,413,0.673
mongo-w1,0,1,414,0.294
mongo-w1,0,1,415,0.273
mongo-w1,0,1,416,0.241
mongo-w1,0,1,417,0.351
mongo-w1,0,1,418,0.249
mongo-w1,0,1,419,0.228
mongo-w1,0,1,420,0.21
mongo-w1,0,1,421,0.211
mongo-w1,0,1,422,0.242
mongo-w1,0,1,423,0.208
mongo-w1,0,1,424,0.43
mongo-w1,0,1,425,0.264
mongo-w1,0,1,426,0.246
mongo-w1,0,1,427,0.229
mongo-w1,0,1,428,0.288
mongo-w1,0,1,429,0.222
mongo-w1,0,1,430,0.268
mongo-w1,0,1,431,0.347
mongo-w1,0,1,432,0.391
mongo-w1,0,1,433,0.27
mongo-w1,0,1,434,0.232
mongo-w1,0,1,435,0.257
mongo-w1,0,1,436,0.224
mongo-w1,0,1,437,0.56
mongo-w1,0,1,438,0.276
mongo-w1,0,1,439,0.202
mongo-w1,0,1,440,0.258
mongo-w1,0,1,441,0.178
mongo-w1,0,1,442,0.218
mongo-w1,0,1,443,0.224
mongo-w1,0,1,444,0.388
mongo-w1,0,1,445,0.323
mongo-w1,0,1,446,0.47
mongo-w1,0,1,447,0.247
mongo-w1,0,1,448,0.257
mongo-w1,0,1,449,0.37
mongo-w1,0,1,450,0.246
mongo-w1,0,1,451,0.431
mongo-w1,0,1,452,0.512
mongo-w1,0,1,453,0.227
mongo-w1,0,1,454,0.289
mongo-w1,0,1,455,0.221
mongo-w1,0,1,456,0.276
mongo-w1,0,1,457,0.28
mongo-w1,0,1,458,0.2
mongo-w1,0,1,459,0.201
mongo-w1,0,1,460,0.275
mongo-w1,0,1,461,0.311
mongo-w1,0,1,462,0.283
mongo-w1,0,1,463,0.273
mongo-w1,0,1,464,0.407
mongo-w1,0,1,465,0.262
mongo-w1,0,1,466,0.298
mongo-w1,0,1,467,0.243
mongo-w1,0,2,1,7.714
mongo-w1,0,2,2,0.332
mongo-w1,0,2,3,0.309
mongo-w1,0,2,4,0.329
mongo-w1,0,2,5,0.236
mongo-w1,0,2,6,0.303
mongo-w1,0,2,7,0.362
mongo-w1,0,2,8,0.283
mongo-w1,0,2,9,0.25
mongo-w1,0,2,10,0.262
mongo-w1,0,2,11,0.304
mongo-w1,0,2,12,0.295
mongo-w1,0,2,13,0.295
mongo-w1,0,2,14,0.306
mongo-w1,0,2,15,0.257
mongo-w1,0,2,16,0.227
mongo-w1,0,2,17,0.221
mongo-w1,0,2,18,0.284
mongo-w1,0,2,19,0.283
mongo-w1,0,2,20,0.212
mongo-w1,0,2,21,0.577
mongo-w1,0,2,22,0.424
mongo-w1,0,2,23,0.3
mongo-w1,0,2,24,0.478
mongo-w1,0,2,25,0.264
mongo-w1,0,2,26,0.38
mongo-w1,0,2,27,0.381
mongo-w1,0,2,28,0.273
mongo-w1,0,2,29,0.399
mongo-w1,0,2,30,0.276
mongo-w1,0,2,31,0.298
mongo-w1,0,2,32,0.349
mongo-w1,0,2,33,0.306
mongo-w1,0,2,34,0.324
mongo-w1,0,2,35,0.299
mongo-w1,0,2,36,0.406
mongo-w1,0,2,37,0.295
mongo-w1,0,2,38,0.431
mongo-w1,0,2,39,0.39
mongo-w1,0,2,40,0.377
mongo-w1,0,2,41,0.414
mongo-w1,0,2,42,0.355
mongo-w1,0,2,43,0.346
mongo-w1,0,2,44,0.382
mongo-w1,0,2,45,0.487
mongo-w1,0,2,46,0.351
mongo-w1,0,2,47,0.418
mongo-w1,0,2,48,0.491
mongo-w1,0,2,49,0.391
mongo-w1,0,2,50,0.32
mongo-w1,0,2,51,0.335
mongo-w1,0,2,52,0.504
mongo-w1,0,2,53,0.682
mongo-w1,0,2,54,0.263
mongo-w1,0,2,55,0.511
mongo-w1,0,2,56,0.468
mongo-w1,0,2,57,0.629
mongo-w1,0,2,58,0.489
mongo-w1,0,2,59,0.486
mongo-w1,0,2,60,0.452
mongo-w1,0,2,61,0.641
mongo-w1,0,2,62,0.346
mongo-w1,0,2,63,0.603
mongo-w1,0,2,64,0.518
mongo-w1,0,2,65,0.575
mongo-w1,0,2,66,0.45
mongo-w1,0,2,67,0.386
mongo-w1,0,2,68,0.454
mongo-w1,0,2,69,0.548
mongo-w1,0,2,70,0.315
mongo-w1,0,2,71,0.448
mongo-w1,0,2,72,0.631
mongo-w1,0,2,73,0.791
mongo-w1,0,2,74,0.445
mongo-w1,0,2,75,0.657
mongo-w1,0,2,76,0.654
mongo-w1,0,2,77,0.422
mongo-w1,0,2,78,0.368
mongo-w1,0,2,79,0.494
mongo-w1,0,2,80,0.277
mongo-w1,0,2,81,0.394
mongo-w1,0,2,82,0.242
mongo-w1,0,2,83,0.19
mongo-w1,0,2,84,0.29
mongo-w1,0,2,85,0.257
mongo-w1,0,2,86,0.22
mongo-w1,0,2,87,0.287
mongo-w1,0,2,88,0.261
mongo-w1,0,2,89,0.194
mongo-w1,0,2,90,0.661
mongo-w1,0,2,91,0.251
mongo-w1,0,2,92,0.306
mongo-w1,0,2,93,0.274
mongo-w1,0,2,94,0.277
mongo-w1,0,2,95,0.293
mongo-w1,0,2,96,0.378
mongo-w1,0,2,97,0.247
mongo-w1,0,2,98,0.418
mongo-w1,0,2,99,0.229
mongo-w1,0,2,100,0.229
mongo-w1,0,2,101,0.318
mongo-w1,0,2,102,0.251
mongo-w1,0,2,103,0.476
mongo-w1,0,2,104,0.7
mongo-w1,0,2,105,0.608
mongo-w1,0,2,106,0.392
mongo-w1,0,2,107,0.483
mongo-w1,0,2,108,0.401
mongo-w1,0,2,109,0.305
mongo-w1,0,2,110,0.737
mongo-w1,0,2,111,0.425
mongo-w1,0,2,112,0.25
mongo-w1,0,2,113,0.258
mongo-w1,0,2,114,0.25
mongo-w1,0,2,115,0.26
mongo-w1,0,2,116,0.451
mongo-w1,0,2,117,0.334
mongo-w1,0,2,118,0.576
mongo-w1,0,2,119,0.454
mongo-w1,0,2,120,0.835
mongo-w1,0,2,121,1.306
mongo-w1,0,2,122,0.65
mongo-w1,0,2,123,0.506
mongo-w1,0,2,124,0.424
mongo-w1,0,2,125,0.336
mongo-w1,0,2,126,0.586
mongo-w1,0,2,127,0.3
mongo-w1,0,2,128,0.438
mongo-w1,0,2,129,0.444
mongo-w1,0,2,130,0.726
mongo-w1,0,2,131,0.372
mongo-w1,0,2,132,0.539
mongo-w1,0,2,133,0.328
mongo-w1,0,2,134,0.481
mongo-w1,0,2,135,0.381
mongo-w1,0,2,136,0.643
mongo-w1,0,2,137,0.714
mongo-w1,0,2,138,0.334
mongo-w1,0,2,139,0.464
mongo-w1,0,2,140,0.317
mongo-w1,0,2,141,0.298
mongo-w1,0,2,142,0.44
mongo-w1,0,2,143,0.415
mongo-w1,0,2,144,0.674
mongo-w1,0,2,145,0.311
mongo-w1,0,2,146,0.226
mongo-w1,0,2,147,0.246
mongo-w1,0,2,148,0.52
mongo-w1,0,2,149,0.813
mongo-w1,0,2,150,0.435
mongo-w1,0,2,151,0.578
mongo-w1,0,2,152,0.715
mongo-w1,0,2,153,0.518
mongo-w1,0,2,154,0.419
mongo-w1,0,2,155,0.336
mongo-w1,0,2,156,0.249
mongo-w1,0,2,157,0.31
mongo-w1,0,2,158,0.367
mongo-w1,0,2,159,0.26
mongo-w1,0,2,160,0.304
mongo-w1,0,2,161,0.382
mongo-w1,0,2,162,0.259
mongo-w1,0,2,163,0.295
mongo-w1,0,2,164,0.341
mongo-w1,0,2,165,0.189
mongo-w1,0,2,166,0.186
mongo-w1,0,2,167,0.199
mongo-w1,0,2,168,0.255
mongo-w1,0,2,169,0.236
mongo-w1,0,2,170,0.224
mongo-w1,0,2,171,0.438
mongo-w1,0,2,172,0.234
mongo-w1,0,2,173,0.44
mongo-w1,0,2,174,0.629
mongo-w1,0,2,175,0.288
mongo-w1,0,2,176,0.338
mongo-w1,0,2,177,0.292
mongo-w1,0,2,178,0.287
mongo-w1,0,2,179,0.223
mongo-w1,0,2,180,0.259
mongo-w1,0,2,181,0.312
mongo-w1,0,2,182,0.315
mongo-w1,0,2,183,0.29
mongo-w1,0,2,184,0.374
mongo-w1,0,2,185,0.726
mongo-w1,0,2,186,0.231
mongo-w1,0,2,187,0.224
mongo-w1,0,2,188,0.454
mongo-w1,0,2,189,0.489
mongo-w1,0,2,190,0.477
mongo-w1,0,2,191,0.703
mongo-w1,0,2,192,0.63
mongo-w1,0,2,193,0.7
mongo-w1,0,2,194,0.62
mongo-w1,0,2,195,0.504
mongo-w1,0,2,196,0.428
mongo-w1,0,2,197,0.304
mongo-w1,0,2,198,0.347
mongo-w1,0,2,199,0.296
mongo-w1,0,2,200,0.257
mongo-w1,0,2,201,0.389
mongo-w1,0,2,202,0.511
mongo-w1,0,2,203,0.342
mongo-w1,0,2,204,0.335
mongo-w1,0,2,205,0.379
mongo-w1,0,2,206,0.294
mongo-w1,0,2,207,0.235
mongo-w1,0,2,208,0.349
mongo-w1,0,2,209,0.264
mongo-w1,0,2,210,0.806
mongo-w1,0,2,211,0.266
mongo-w1,0,2,212,0.541
mongo-w1,0,2,213,0.475
mongo-w1,0,2,214,0.512
mongo-w1,0,2,215,0.314
mongo-w1,0,2,216,0.29
mongo-w1,0,2,217,0.227
mongo-w1,0,2,218,0.676
mongo-w1,0,2,219,0.253
mongo-w1,0,2,220,0.341
mongo-w1,0,2,221,0.461
mongo-w1,0,2,222,0.207
mongo-w1,0,2,223,0.262
mongo-w1,0,2,224,0.195
mongo-w1,0,2,225,0.193
mongo-w1,0,2,226,0.21
mongo-w1,0,2,227,0.308
mongo-w1,0,2,228,0.209
mongo-w1,0,2,229,0.279
mongo-w1,0,2,230,0.265
mongo-w1,0,2,231,0.445
mongo-w1,0,2,232,0.301
mongo-w1,0,2,233,0.341
mongo-w1,0,2,234,0.335
mongo-w1,0,2,235,0.309
mongo-w1,0,2,236,0.552
mongo-w1,0,2,237,0.625
mongo-w1,0,2,238,0.558
mongo-w1,0,2,239,0.681
mongo-w1,0,2,240,0.291
mongo-w1,0,2,241,0.253
mongo-w1,0,2,242,0.275
mongo-w1,0,2,243,0.239
mongo-w1,0,2,244,0.318
mongo-w1,0,2,245,0.506
mongo-w1,0,2,246,0.413
mongo-w1,0,2,247,0.478
mongo-w1,0,2,248,0.517
mongo-w1,0,2,249,0.314
mongo-w1,0,2,250,0.247
mongo-w1,0,2,251,0.264
mongo-w1,0,2,252,0.278
mongo-w1,0,2,253,0.432
mongo-w1,0,2,254,0.299
mongo-w1,0,2,255,0.563
mongo-w1,0,2,256,0.507
mongo-w1,0,2,257,0.894
mongo-w1,0,2,258,0.55
mongo-w1,0,2,259,0.455
mongo-w1,0,2,260,0.573
mongo-w1,0,2,261,0.471
mongo-w1,0,2,262,0.434
mongo-w1,0,2,263,0.357
mongo-w1,0,2,264,0.443
mongo-w1,0,2,265,0.312
mongo-w1,0,2,266,0.336
mongo-w1,0,2,267,0.683
mongo-w1,0,2,268,0.478
mongo-w1,0,2,269,0.698
mongo-w1,0,2,270,0.78
mongo-w1,0,2,271,0.627
mongo-w1,0,2,272,0.602
mongo-w1,0,2,273,0.509
mongo-w1,0,2,274,0.406
mongo-w1,0,2,275,0.532
mongo-w1,0,2,276,0.404
mongo-w1,0,2,277,0.729
mongo-w1,0,2,278,0.633
mongo-w1,0,2,279,0.754
mongo-w1,0,2,280,0.409
mongo-w1,0,2,281,0.331
mongo-w1,0,2,282,0.716
mongo-w1,0,2,283,0.698
mongo-w1,0,2,284,0.583
mongo-w1,0,2,285,0.716
mongo-w1,0,2,286,0.462
mongo-w1,0,2,287,0.366
mongo-w1,0,2,288,0.34
mongo-w1,0,2,289,0.351
mongo-w1,0,2,290,0.343
mongo-w1,0,2,291,0.392
mongo-w1,0,2,292,0.297
mongo-w1,0,2,293,0.23
mongo-w1,0,2,294,0.297
mongo-w1,0,2,295,0.294
mongo-w1,0,2,296,0.278
mongo-w1,0,2,297,0.638
mongo-w1,0,2,298,0.621
mongo-w1,0,2,299,0.427
mongo-w1,0,2,300,0.653
mongo-w1,0,2,301,0.722
mongo-w1,0,2,302,0.328
mongo-w1,0,2,303,0.368
mongo-w1,0,2,304,0.512
mongo-w1,0,2,305,0.272
mongo-w1,0,2,306,0.889
mongo-w1,0,2,307,0.485
mongo-w1,0,2,308,0.478
mongo-w1,0,2,309,0.311
mongo-w1,0,2,310,0.35
mongo-w1,0,2,311,0.962
mongo-w1,0,2,312,0.268
mongo-w1,0,2,313,0.605
mongo-w1,0,2,314,0.556
mongo-w1,0,2,315,0.458
mongo-w1,0,2,316,0.282
mongo-w1,0,2,317,0.269
mongo-w1,0,2,318,0.335
mongo-w1,0,2,319,0.284
mongo-w1,0,2,320,0.289
mongo-w1,0,2,321,0.242
mongo-w1,0,2,322,0.281
mongo-w1,0,2,323,0.328
mongo-w1,0,2,324,0.612
mongo-w1,0,2,325,0.482
mongo-w1,0,2,326,0.341
mongo-w1,0,2,327,0.27
mongo-w1,0,2,328,0.394
mongo-w1,0,2,329,0.365
mongo-w1,0,2,330,0.33
mongo-w1,0,2,331,0.509
mongo-w1,0,2,332,0.308
mongo-w1,0,2,333,0.388
mongo-w1,0,2,334,0.443
mongo-w1,0,2,335,0.268
mongo-w1,0,2,336,0.375
mongo-w1,0,2,337,0.493
mongo-w1,0,2,338,0.39
mongo-w1,0,2,339,0.256
mongo-w1,0,2,340,0.762
mongo-w1,0,2,341,0.49
mongo-w1,0,2,342,0.427
mongo-w1,0,2,343,0.4
mongo-w1,0,2,344,0.325
mongo-w1,0,2,345,0.32
mongo-w1,0,2,346,0.306
mongo-w1,0,2,347,0.258
mongo-w1,0,2,348,0.538
mongo-w1,0,2,349,0.318
mongo-w1,0,2,350,0.359
mongo-w1,0,2,351,0.368
mongo-w1,0,2,352,0.314
mongo-w1,0,2,353,0.299
mongo-w1,0,2,354,0.245
mongo-w1,0,2,355,0.642
mongo-w1,0,2,356,0.65
mongo-w1,0,2,357,0.647
mongo-w1,0,2,358,0.931
mongo-w1,0,2,359,0.654
mongo-w1,0,2,360,0.754
mongo-w1,0,2,361,0.442
mongo-w1,0,2,362,0.366
mongo-w1,0,2,363,0.547
mongo-w1,0,2,364,0.365
mongo-w1,0,2,365,0.309
mongo-w1,0,2,366,0.361
mongo-w1,0,2,367,0.37
mongo-w1,0,2,368,0.553
mongo-w1,0,2,369,0.414
mongo-w1,0,2,370,0.508
mongo-w1,0,2,371,0.249
mongo-w1,0,2,372,0.407
mongo-w1,0,2,373,0.291
mongo-w1,0,2,374,0.344
mongo-w1,0,2,375,0.278
mongo-w1,0,2,376,0.321
mongo-w1,0,2,377,0.291
mongo-w1,0,2,378,0.346
mongo-w1,0,2,379,0.308
mongo-w1,0,2,380,0.468
mongo-w1,0,2,381,0.302
mongo-w1,0,2,382,0.45
mongo-w1,0,2,383,0.358
mongo-w1,0,2,384,0.545
mongo-w1,0,2,385,0.271
mongo-w1,0,2,386,0.309
mongo-w1,0,2,387,0.264
mongo-w1,0,2,388,0.443
mongo-w1,0,2,389,0.264
mongo-w1,0,2,390,0.308
mongo-w1,0,2,391,0.384
mongo-w1,0,2,392,0.283
mongo-w1,0,2,393,0.411
mongo-w1,0,2,394,0.369
mongo-w1,0,2,395,0.283
mongo-w1,0,2,396,0.477
mongo-w1,0,2,397,0.609
mongo-w1,0,2,398,0.563
mongo-w1,0,2,399,0.805
mongo-w1,0,2,400,0.647
mongo-w1,0,2,401,0.746
mongo-w1,0,2,402,0.574
mongo-w1,0,2,403,0.376
mongo-w1,0,2,404,0.442
mongo-w1,0,2,405,0.507
mongo-w1,0,2,406,0.468
mongo-w1,0,2,407,0.591
mongo-w1,0,2,408,0.668
mongo-w1,0,2,409,0.351
mongo-w1,0,2,410,0.412
mongo-w1,0,2,411,0.856
mongo-w1,0,2,412,0.426
mongo-w1,0,2,413,0.416
mongo-w1,0,2,414,0.463
mongo-w1,0,2,415,0.373
mongo-w1,0,2,416,0.382
mongo-w1,0,2,417,0.357
mongo-w1,0,2,418,0.694
mongo-w1,0,2,419,0.499
mongo-w1,0,2,420,0.665
mongo-w1,0,2,421,0.373
mongo-w1,0,2,422,0.894
mongo-w1,0,2,423,0.355
mongo-w1,0,2,424,0.461
mongo-w1,0,2,425,0.578
mongo-w1,0,2,426,0.69
mongo-w1,0,2,427,0.437
mongo-w1,0,2,428,0.488
mongo-w1,0,2,429,0.99
mongo-w1,0,2,430,0.785
mongo-w1,0,2,431,0.493
mongo-w1,0,2,432,0.648
mongo-w1,0,2,433,0.58
mongo-w1,0,2,434,0.664
mongo-w1,0,2,435,0.752
mongo-w1,0,2,436,0.419
mongo-w1,0,2,437,0.772
mongo-w1,0,2,438,0.477
mongo-w1,0,2,439,0.539
mongo-w1,0,2,440,0.652
mongo-w1,0,2,441,0.503
mongo-w1,0,2,442,0.486
mongo-w1,0,2,443,0.426
mongo-w1,0,2,444,1.016
mongo-w1,0,2,445,0.596
mongo-w1,0,2,446,0.449
mongo-w1,0,2,447,0.824
mongo-w1,0,2,448,0.548
mongo-w1,0,2,449,0.554
mongo-w1,0,2,450,0.325
mongo-w1,0,2,451,0.34
mongo-w1,0,2,452,0.394
mongo-w1,0,2,453,0.345
mongo-w1,0,2,454,0.353
mongo-w1,0,2,455,0.294
mongo-w1,0,2,456,0.473
mongo-w1,0,2,457,0.376
mongo-w1,0,2,458,0.462
mongo-w1,0,2,459,0.388
mongo-w1,0,2,460,0.405
mongo-w1,0,2,461,1.02
mongo-w1,0,2,462,1.124
mongo-w1,0,2,463,1.047
mongo-w1,0,2,464,0.685
mongo-w1,0,2,465,1.129
mongo-w1,0,2,466,0.777
mongo-w1,0,2,467,0.818
mongo-w1,0,3,1,9.282
mongo-w1,0,3,2,0.562
mongo-w1,0,3,3,0.419
mongo-w1,0,3,4,0.458
mongo-w1,0,3,5,0.404
mongo-w1,0,3,6,0.411
mongo-w1,0,3,7,0.361
mongo-w1,0,3,8,0.395
mongo-w1,0,3,9,0.453
mongo-w1,0,3,10,0.352
mongo-w1,0,3,11,0.451
mongo-w1,0,3,12,0.483
mongo-w1,0,3,13,0.364
mongo-w1,0,3,14,0.409
mongo-w1,0,3,15,0.381
mongo-w1,0,3,16,0.415
mongo-w1,0,3,17,0.372
mongo-w1,0,3,18,0.385
mongo-w1,0,3,19,0.516
mongo-w1,0,3,20,0.356
mongo-w1,0,3,21,0.415
mongo-w1,0,3,22,0.368
mongo-w1,0,3,23,0.296
mongo-w1,0,3,24,0.58
mongo-w1,0,3,25,0.53
mongo-w1,0,3,26,0.77
mongo-w1,0,3,27,0.508
mongo-w1,0,3,28,0.941
mongo-w1,0,3,29,0.39
mongo-w1,0,3,30,0.612
mongo-w1,0,3,31,0.787
mongo-w1,0,3,32,0.55
mongo-w1,0,3,33,0.395
mongo-w1,0,3,34,0.647
mongo-w1,0,3,35,0.653
mongo-w1,0,3,36,0.42
mongo-w1,0,3,37,0.612
mongo-w1,0,3,38,0.441
mongo-w1,0,3,39,0.593
mongo-w1,0,3,40,0.539
mongo-w1,0,3,41,0.465
mongo-w1,0,3,42,0.525
mongo-w1,0,3,43,0.642
mongo-w1,0,3,44,0.821
mongo-w1,0,3,45,0.451
mongo-w1,0,3,46,0.763
mongo-w1,0,3,47,0.938
mongo-w1,0,3,48,0.768
mongo-w1,0,3,49,0.823
mongo-w1,0,3,50,0.661
mongo-w1,0,3,51,0.833
mongo-w1,0,3,52,0.582
mongo-w1,0,3,53,0.704
mongo-w1,0,3,54,0.732
mongo-w1,0,3,55,0.631
mongo-w1,0,3,56,0.595
mongo-w1,0,3,57,0.971
mongo-w1,0,3,58,0.608
mongo-w1,0,3,59,0.417
mongo-w1,0,3,60,0.573
mongo-w1,0,3,61,0.634
mongo-w1,0,3,62,0.559
mongo-w1,0,3,63,0.664
mongo-w1,0,3,64,1.013
mongo-w1,0,3,65,0.75
mongo-w1,0,3,66,0.552
mongo-w1,0,3,67,0.607
mongo-w1,0,3,68,0.704
mongo-w1,0,3,69,0.808
mongo-w1,0,3,70,0.9
mongo-w1,0,3,71,0.438
mongo-w1,0,3,72,0.695
mongo-w1,0,3,73,0.712
mongo-w1,0,3,74,0.775
mongo-w1,0,3,75,0.528
mongo-w1,0,3,76,0.78
mongo-w1,0,3,77,1.151
mongo-w1,0,3,78,0.699
mongo-w1,0,3,79,0.413
mongo-w1,0,3,80,0.744
mongo-w1,0,3,81,0.615
mongo-w1,0,3,82,0.632
mongo-w1,0,3,83,0.618
mongo-w1,0,3,84,0.818
mongo-w1,0,3,85,0.487
mongo-w1,0,3,86,0.608
mongo-w1,0,3,87,0.482
mongo-w1,0,3,88,0.355
mongo-w1,0,3,89,0.776
mongo-w1,0,3,90,0.653
mongo-w1,0,3,91,0.689
mongo-w1,0,3,92,0.552
mongo-w1,0,3,93,0.684
mongo-w1,0,3,94,0.846
mongo-w1,0,3,95,0.412
mongo-w1,0,3,96,0.51
mongo-w1,0,3,97,0.334
mongo-w1,0,3,98,0.595
mongo-w1,0,3,99,0.773
mongo-w1,0,3,100,0.61
mongo-w1,0,3,101,0.587
mongo-w1,0,3,102,0.485
mongo-w1,0,3,103,0.554
mongo-w1,0,3,104,0.519
mongo-w1,0,3,105,0.702
mongo-w1,0,3,106,0.598
mongo-w1,0,3,107,0.421
mongo-w1,0,3,108,0.79
mongo-w1,0,3,109,0.449
mongo-w1,0,3,110,0.638
mongo-w1,0,3,111,0.765
mongo-w1,0,3,112,0.756
mongo-w1,0,3,113,0.983
mongo-w1,0,3,114,0.476
mongo-w1,0,3,115,0.815
mongo-w1,0,3,116,0.564
mongo-w1,0,3,117,0.385
mongo-w1,0,3,118,0.428
mongo-w1,0,3,119,0.527
mongo-w1,0,3,120,0.708
mongo-w1,0,3,121,0.771
mongo-w1,0,3,122,0.468
mongo-w1,0,3,123,0.768
mongo-w1,0,3,124,0.988
mongo-w1,0,3,125,1.064
mongo-w1,0,3,126,0.402
mongo-w1,0,3,127,0.64
mongo-w1,0,3,128,0.825
mongo-w1,0,3,129,0.681
mongo-w1,0,3,130,0.761
mongo-w1,0,3,131,0.455
mongo-w1,0,3,132,1.144
mongo-w1,0,3,133,0.404
mongo-w1,0,3,134,0.476
mongo-w1,0,3,135,0.547
mongo-w1,0,3,136,0.325
mongo-w1,0,3,137,1.014
mongo-w1,0,3,138,0.515
mongo-w1,0,3,139,0.385
mongo-w1,0,3,140,0.466
mongo-w1,0,3,141,0.61
mongo-w1,0,3,142,0.747
mongo-w1,0,3,143,0.324
mongo-w1,0,3,144,0.25
mongo-w1,0,3,145,0.289
mongo-w1,0,3,146,0.3
mongo-w1,0,3,147,0.414
mongo-w1,0,3,148,0.779
mongo-w1,0,3,149,0.701
mongo-w1,0,3,150,0.745
mongo-w1,0,3,151,0.369
mongo-w1,0,3,152,0.575
mongo-w1,0,3,153,0.442
mongo-w1,0,3,154,0.349
mongo-w1,0,3,155,0.468
mongo-w1,0,3,156,0.443
mongo-w1,0,3,157,0.459
mongo-w1,0,3,158,0.397
mongo-w1,0,3,159,0.566
mongo-w1,0,3,160,0.547
mongo-w1,0,3,161,0.321
mongo-w1,0,3,162,0.491
mongo-w1,0,3,163,0.645
mongo-w1,0,3,164,0.614
mongo-w1,0,3,165,0.285
mongo-w1,0,3,166,0.504
mongo-w1,0,3,167,0.504
mongo-w1,0,3,168,0.345
mongo-w1,0,3,169,0.295
mongo-w1,0,3,170,0.429
mongo-w1,0,3,171,0.283
mongo-w1,0,3,172,0.742
mongo-w1,0,3,173,0.319
mongo-w1,0,3,174,0.281
mongo-w1,0,3,175,0.281
mongo-w1,0,3,176,0.475
mongo-w1,0,3,177,0.399
mongo-w1,0,3,178,0.414
mongo-w1,0,3,179,0.362
mongo-w1,0,3,180,0.325
mongo-w1,0,3,181,0.444
mongo-w1,0,3,182,0.788
mongo-w1,0,3,183,0.433
mongo-w1,0,3,184,0.767
mongo-w1,0,3,185,0.718
mongo-w1,0,3,186,1.097
mongo-w1,0,3,187,0.625
mongo-w1,0,3,188,0.811
mongo-w1,0,3,189,0.727
mongo-w1,0,3,190,0.534
mongo-w1,0,3,191,0.399
mongo-w1,0,3,192,0.475
mongo-w1,0,3,193,1.117
mongo-w1,0,3,194,0.477
mongo-w1,0,3,195,0.675
mongo-w1,0,3,196,0.488
mongo-w1,0,3,197,0.847
mongo-w1,0,3,198,0.889
mongo-w1,0,3,199,0.41
mongo-w1,0,3,200,0.438
mongo-w1,0,3,201,0.508
mongo-w1,0,3,202,0.743
mongo-w1,0,3,203,1.089
mongo-w1,0,3,204,0.921
mongo-w1,0,3,205,0.853
mongo-w1,0,3,206,0.461
mongo-w1,0,3,207,0.358
mongo-w1,0,3,208,0.336
mongo-w1,0,3,209,0.501
mongo-w1,0,3,210,0.344
mongo-w1,0,3,211,0.647
mongo-w1,0,3,212,0.364
mongo-w1,0,3,213,0.321
mongo-w1,0,3,214,0.324
mongo-w1,0,3,215,0.319
mongo-w1,0,3,216,0.46
mongo-w1,0,3,217,0.271
mongo-w1,0,3,218,0.291
mongo-w1,0,3,219,0.578
mongo-w1,0,3,220,0.3
mongo-w1,0,3,221,0.278
mongo-w1,0,3,222,0.263
mongo-w1,0,3,223,0.442
mongo-w1,0,3,224,0.477
mongo-w1,0,3,225,0.276
mongo-w1,0,3,226,0.329
mongo-w1,0,3,227,0.272
mongo-w1,0,3,228,0.225
mongo-w1,0,3,229,0.263
mongo-w1,0,3,230,0.5
mongo-w1,0,3,231,0.32
mongo-w1,0,3,232,0.403
mongo-w1,0,3,233,0.578
mongo-w1,0,3,234,0.936
mongo-w1,0,3,235,0.579
mongo-w1,0,3,236,0.483
mongo-w1,0,3,237,0.533
mongo-w1,0,3,238,0.386
mongo-w1,0,3,239,0.279
mongo-w1,0,3,240,0.812
mongo-w1,0,3,241,0.701
mongo-w1,0,3,242,0.406
mongo-w1,0,3,243,0.43
mongo-w1,0,3,244,0.678
mongo-w1,0,3,245,0.577
mongo-w1,0,3,246,0.523
mongo-w1,0,3,247,0.305
mongo-w1,0,3,248,0.425
mongo-w1,0,3,249,1.002
mongo-w1,0,3,250,0.468
mongo-w1,0,3,251,0.744
mongo-w1,0,3,252,0.454
mongo-w1,0,3,253,0.4
mongo-w1,0,3,254,0.885
mongo-w1,0,3,255,0.405
mongo-w1,0,3,256,0.948
mongo-w1,0,3,257,0.547
mongo-w1,0,3,258,0.72
mongo-w1,0,3,259,0.36
mongo-w1,0,3,260,0.346
mongo-w1,0,3,261,1.027
mongo-w1,0,3,262,0.567
mongo-w1,0,3,263,0.335
mongo-w1,0,3,264,0.252
mongo-w1,0,3,265,0.254
mongo-w1,0,3,266,0.392
mongo-w1,0,3,267,0.414
mongo-w1,0,3,268,0.327
mongo-w1,0,3,269,0.376
mongo-w1,0,3,270,0.431
mongo-w1,0,3,271,0.287
mongo-w1,0,3,272,0.378
mongo-w1,0,3,273,0.305
mongo-w1,0,3,274,0.291
mongo-w1,0,3,275,0.256
mongo-w1,0,3,276,0.232
mongo-w1,0,3,277,0.267
mongo-w1,0,3,278,0.224
mongo-w1,0,3,279,0.304
mongo-w1,0,3,280,0.468
mongo-w1,0,3,281,0.426
mongo-w1,0,3,282,0.373
mongo-w1,0,3,283,0.257
mongo-w1,0,3,284,1.136
mongo-w1,0,3,285,0.7
mongo-w1,0,3,286,0.33
mongo-w1,0,3,287,0.498
mongo-w1,0,3,288,0.378
mongo-w1,0,3,289,0.314
mongo-w1,0,3,290,0.322
mongo-w1,0,3,291,0.632
mongo-w1,0,3,292,0.552
mongo-w1,0,3,293,0.477
mongo-w1,0,3,294,0.789
mongo-w1,0,3,295,0.385
mongo-w1,0,3,296,0.321
mongo-w1,0,3,297,0.301
mongo-w1,0,3,298,0.336
mongo-w1,0,3,299,0.332
mongo-w1,0,3,300,0.815
mongo-w1,0,3,301,0.604
mongo-w1,0,3,302,0.694
mongo-w1,0,3,303,0.586
mongo-w1,0,3,304,0.889
mongo-w1,0,3,305,0.832
mongo-w1,0,3,306,0.621
mongo-w1,0,3,307,0.826
mongo-w1,0,3,308,1.177
mongo-w1,0,3,309,0.406
mongo-w1,0,3,310,0.851
mongo-w1,0,3,311,0.647
mongo-w1,0,3,312,0.551
mongo-w1,0,3,313,1.178
mongo-w1,0,3,314,0.488
mongo-w1,0,3,315,0.681
mongo-w1,0,3,316,0.699
mongo-w1,0,3,317,0.977
mongo-w1,0,3,318,0.591
mongo-w1,0,3,319,0.796
mongo-w1,0,3,320,0.621
mongo-w1,0,3,321,0.775
mongo-w1,0,3,322,0.516
mongo-w1,0,3,323,0.33
mongo-w1,0,3,324,0.359
mongo-w1,0,3,325,0.596
mongo-w1,0,3,326,0.899
mongo-w1,0,3,327,0.739
mongo-w1,0,3,328,0.776
mongo-w1,0,3,329,0.986
mongo-w1,0,3,330,0.912
mongo-w1,0,3,331,0.605
mongo-w1,0,3,332,0.736
mongo-w1,0,3,333,0.773
mongo-w1,0,3,334,0.501
mongo-w1,0,3,335,0.779
mongo-w1,0,3,336,0.399
mongo-w1,0,3,337,0.93
mongo-w1,0,3,338,0.551
mongo-w1,0,3,339,0.444
mongo-w1,0,3,340,0.301
mongo-w1,0,3,341,0.426
mongo-w1,0,3,342,0.279
mongo-w1,0,3,343,0.414
mongo-w1,0,3,344,0.836
mongo-w1,0,3,345,0.402
mongo-w1,0,3,346,0.731
mongo-w1,0,3,347,0.326
mongo-w1,0,3,348,0.238
mongo-w1,0,3,349,0.263
mongo-w1,0,3,350,0.305
mongo-w1,0,3,351,0.296
mongo-w1,0,3,352,0.312
mongo-w1,0,3,353,0.371
mongo-w1,0,3,354,0.321
mongo-w1,0,3,355,0.24
mongo-w1,0,3,356,0.685
mongo-w1,0,3,357,0.422
mongo-w1,0,3,358,0.419
mongo-w1,0,3,359,0.446
mongo-w1,0,3,360,0.321
mongo-w1,0,3,361,0.433
mongo-w1,0,3,362,0.457
mongo-w1,0,3,363,0.611
mongo-w1,0,3,364,0.698
mongo-w1,0,3,365,0.33
mongo-w1,0,3,366,0.469
mongo-w1,0,3,367,0.326
mongo-w1,0,3,368,0.266
mongo-w1,0,3,369,0.295
mongo-w1,0,3,370,0.346
mongo-w1,0,3,371,0.326
mongo-w1,0,3,372,0.451
mongo-w1,0,3,373,0.527
mongo-w1,0,3,374,0.49
mongo-w1,0,3,375,0.951
mongo-w1,0,3,376,0.467
mongo-w1,0,3,377,0.526
mongo-w1,0,3,378,0.418
mongo-w1,0,3,379,0.561
mongo-w1,0,3,380,0.507
mongo-w1,0,3,381,0.692
mongo-w1,0,3,382,0.383
mongo-w1,0,3,383,0.486
mongo-w1,0,3,384,0.705
mongo-w1,0,3,385,0.636
mongo-w1,0,3,386,0.389
mongo-w1,0,3,387,0.511
mongo-w1,0,3,388,0.371
mongo-w1,0,3,389,0.865
mongo-w1,0,3,390,0.491
mongo-w1,0,3,391,0.821
mongo-w1,0,3,392,0.466
mongo-w1,0,3,393,0.321
mongo-w1,0,3,394,0.379
mongo-w1,0,3,395,0.345
mongo-w1,0,3,396,0.287
mongo-w1,0,3,397,0.815
mongo-w1,0,3,398,0.4
mongo-w1,0,3,399,0.515
mongo-w1,0,3,400,0.382
mongo-w1,0,3,401,0.492
mongo-w1,0,3,402,0.755
mongo-w1,0,3,403,0.525
mongo-w1,0,3,404,0.295
mongo-w1,0,3,405,0.352
mongo-w1,0,3,406,0.343
mongo-w1,0,3,407,0.372
mongo-w1,0,3,408,0.479
mongo-w1,0,3,409,0.755
mongo-w1,0,3,410,0.632
mongo-w1,0,3,411,0.552
mongo-w1,0,3,412,0.544
mongo-w1,0,3,413,0.449
mongo-w1,0,3,414,0.481
mongo-w1,0,3,415,0.285
mongo-w1,0,3,416,1.005
mongo-w1,0,3,417,0.736
mongo-w1,0,3,418,0.644
mongo-w1,0,3,419,0.781
mongo-w1,0,3,420,0.59
mongo-w1,0,3,421,0.431
mongo-w1,0,3,422,0.733
mongo-w1,0,3,423,0.631
mongo-w1,0,3,424,0.866
mongo-w1,0,3,425,0.951
mongo-w1,0,3,426,0.507
mongo-w1,0,3,427,0.512
mongo-w1,0,3,428,0.393
mongo-w1,0,3,429,0.801
mongo-w1,0,3,430,0.491
mongo-w1,0,3,431,0.785
mongo-w1,0,3,432,0.481
mongo-w1,0,3,433,0.794
mongo-w1,0,3,434,0.428
mongo-w1,0,3,435,0.661
mongo-w1,0,3,436,0.589
mongo-w1,0,3,437,0.671
mongo-w1,0,3,438,0.703
mongo-w1,0,3,439,0.63
mongo-w1,0,3,440,0.666
mongo-w1,0,3,441,0.864
mongo-w1,0,3,442,0.537
mongo-w1,0,3,443,1.193
mongo-w1,0,3,444,0.719
mongo-w1,0,3,445,0.413
mongo-w1,0,3,446,0.423
mongo-w1,0,3,447,0.256
mongo-w1,0,3,448,0.391
mongo-w1,0,3,449,0.314
mongo-w1,0,3,450,0.582
mongo-w1,0,3,451,0.306
mongo-w1,0,3,452,0.466
mongo-w1,0,3,453,0.365
mongo-w1,0,3,454,0.324
mongo-w1,0,3,455,0.229
mongo-w1,0,3,456,0.313
mongo-w1,0,3,457,0.275
mongo-w1,0,3,458,0.386
mongo-w1,0,3,459,0.321
mongo-w1,0,3,460,0.232
mongo-w1,0,3,461,0.297
mongo-w1,0,3,462,0.243
mongo-w1,0,3,463,0.334
mongo-w1,0,3,464,0.455
mongo-w1,0,3,465,0.436
mongo-w1,0,3,466,0.437
mongo-w1,0,3,467,0.593
mongo-majority,0,1,1,15.578
mongo-majority,0,1,2,1.588
mongo-majority,0,1,3,1.911
mongo-majority,0,1,4,1.622
mongo-majority,0,1,5,2.161
mongo-majority,0,1,6,2.468
mongo-majority,0,1,7,1.653
mongo-majority,0,1,8,2.149
mongo-majority,0,1,9,1.386
mongo-majority,0,1,10,1.852
mongo-majority,0,1,11,1.603
mongo-majority,0,1,12,2.223
mongo-majority,0,1,13,1.506
mongo-majority,0,1,14,1.52
mongo-majority,0,1,15,1.851
mongo-majority,0,1,16,1.647
mongo-majority,0,1,17,2.211
mongo-majority,0,1,18,1.47
mongo-majority,0,1,19,1.64
mongo-majority,0,1,20,1.482
mongo-majority,0,1,21,2.175
mongo-majority,0,1,22,1.551
mongo-majority,0,1,23,1.662
mongo-majority,0,1,24,1.618
mongo-majority,0,1,25,1.578
mongo-majority,0,1,26,2.121
mongo-majority,0,1,27,1.4
mongo-majority,0,1,28,1.56
mongo-majority,0,1,29,1.522
mongo-majority,0,1,30,2.233
mongo-majority,0,1,31,1.436
mongo-majority,0,1,32,1.561
mongo-majority,0,1,33,1.327
mongo-majority,0,1,34,1.444
mongo-majority,0,1,35,2.076
mongo-majority,0,1,36,1.2
mongo-majority,0,1,37,1.655
mongo-majority,0,1,38,1.385
mongo-majority,0,1,39,1.26
mongo-majority,0,1,40,1.756
mongo-majority,0,1,41,1.253
mongo-majority,0,1,42,1.571
mongo-majority,0,1,43,1.278
mongo-majority,0,1,44,1.918
mongo-majority,0,1,45,1.299
mongo-majority,0,1,46,1.363
mongo-majority,0,1,47,1.572
mongo-majority,0,1,48,1.332
mongo-majority,0,1,49,1.989
mongo-majority,0,1,50,1.153
mongo-majority,0,1,51,1.44
mongo-majority,0,1,52,1.369
mongo-majority,0,1,53,1.842
mongo-majority,0,1,54,1.244
mongo-majority,0,1,55,1.406
mongo-majority,0,1,56,1.382
mongo-majority,0,1,57,1.287
mongo-majority,0,1,58,1.983
mongo-majority,0,1,59,1.194
mongo-majority,0,1,60,1.274
mongo-majority,0,1,61,1.256
mongo-majority,0,1,62,1.899
mongo-majority,0,1,63,1.427
mongo-majority,0,1,64,1.339
mongo-majority,0,1,65,1.339
mongo-majority,0,1,66,1.316
mongo-majority,0,1,67,2.055
mongo-majority,0,1,68,1.202
mongo-majority,0,1,69,1.473
mongo-majority,0,1,70,1.45
mongo-majority,0,1,71,1.596
mongo-majority,0,1,72,1.917
mongo-majority,0,1,73,1.149
mongo-majority,0,1,74,1.414
mongo-majority,0,1,75,1.357
mongo-majority,0,1,76,1.922
mongo-majority,0,1,77,1.257
mongo-majority,0,1,78,1.269
mongo-majority,0,1,79,1.462
mongo-majority,0,1,80,1.292
mongo-majority,0,1,81,1.884
mongo-majority,0,1,82,1.227
mongo-majority,0,1,83,1.347
mongo-majority,0,1,84,1.416
mongo-majority,0,1,85,2.39
mongo-majority,0,1,86,1.159
mongo-majority,0,1,87,1.286
mongo-majority,0,1,88,1.412
mongo-majority,0,1,89,1.372
mongo-majority,0,1,90,1.87
mongo-majority,0,1,91,1.167
mongo-majority,0,1,92,1.35
mongo-majority,0,1,93,1.358
mongo-majority,0,1,94,1.877
mongo-majority,0,1,95,1.244
mongo-majority,0,1,96,1.383
mongo-majority,0,1,97,1.404
mongo-majority,0,1,98,1.38
mongo-majority,0,1,99,1.982
mongo-majority,0,1,100,1.225
mongo-majority,0,1,101,1.413
mongo-majority,0,1,102,1.376
mongo-majority,0,1,103,1.388
mongo-majority,0,1,104,1.919
mongo-majority,0,1,105,1.3
mongo-majority,0,1,106,1.478
mongo-majority,0,1,107,1.434
mongo-majority,0,1,108,1.838
mongo-majority,0,1,109,1.155
mongo-majority,0,1,110,1.505
mongo-majority,0,1,111,1.345
mongo-majority,0,1,112,1.662
mongo-majority,0,1,113,1.858
mongo-majority,0,1,114,1.266
mongo-majority,0,1,115,1.295
mongo-majority,0,1,116,1.48
mongo-majority,0,1,117,1.967
mongo-majority,0,1,118,1.161
mongo-majority,0,1,119,1.423
mongo-majority,0,1,120,1.302
mongo-majority,0,1,121,1.432
mongo-majority,0,1,122,2.006
mongo-majority,0,1,123,1.156
mongo-majority,0,1,124,1.258
mongo-majority,0,1,125,1.48
mongo-majority,0,1,126,1.769
mongo-majority,0,1,127,1.488
mongo-majority,0,1,128,1.164
mongo-majority,0,1,129,1.515
mongo-majority,0,1,130,1.293
mongo-majority,0,1,131,1.823
mongo-majority,0,1,132,1.249
mongo-majority,0,1,133,1.411
mongo-majority,0,1,134,1.358
mongo-majority,0,1,135,1.369
mongo-majority,0,1,136,1.946
mongo-majority,0,1,137,1.238
mongo-majority,0,1,138,1.909
mongo-majority,0,1,139,1.168
mongo-majority,0,1,140,1.941
mongo-majority,0,1,141,1.129
mongo-majority,0,1,142,1.293
mongo-majority,0,1,143,1.696
mongo-majority,0,1,144,1.235
mongo-majority,0,1,145,1.863
mongo-majority,0,1,146,1.221
mongo-majority,0,1,147,1.408
mongo-majority,0,1,148,1.341
mongo-majority,0,1,149,1.959
mongo-majority,0,1,150,1.166
mongo-majority,0,1,151,1.567
mongo-majority,0,1,152,1.366
mongo-majority,0,1,153,1.336
mongo-majority,0,1,154,1.891
mongo-majority,0,1,155,1.194
mongo-majority,0,1,156,1.455
mongo-majority,0,1,157,1.255
mongo-majority,0,1,158,1.99
mongo-majority,0,1,159,1.231
mongo-majority,0,1,160,1.643
mongo-majority,0,1,161,1.21
mongo-majority,0,1,162,1.338
mongo-majority,0,1,163,1.925
mongo-majority,0,1,164,1.199
mongo-majority,0,1,165,1.787
mongo-majority,0,1,166,1.481
mongo-majority,0,1,167,1.209
mongo-majority,0,1,168,1.888
mongo-majority,0,1,169,1.445
mongo-majority,0,1,170,1.446
mongo-majority,0,1,171,1.308
mongo-majority,0,1,172,1.829
mongo-majority,0,1,173,1.195
mongo-majority,0,1,174,1.636
mongo-majority,0,1,175,1.518
mongo-majority,0,1,176,1.339
mongo-majority,0,1,177,1.97
mongo-majority,0,1,178,1.312
mongo-majority,0,1,179,1.329
mongo-majority,0,1,180,1.271
mongo-majority,0,1,181,1.879
mongo-majority,0,1,182,1.317
mongo-majority,0,1,183,1.35
mongo-majority,0,1,184,1.372
mongo-majority,0,1,185,1.394
mongo-majority,0,1,186,2.218
mongo-majority,0,1,187,1.372
mongo-majority,0,1,188,1.218
mongo-majority,0,1,189,1.479
mongo-majority,0,1,190,1.823
mongo-majority,0,1,191,1.394
mongo-majority,0,1,192,1.317
mongo-majority,0,1,193,1.354
mongo-majority,0,1,194,1.388
mongo-majority,0,1,195,2.135
mongo-majority,0,1,196,1.294
mongo-majority,0,1,197,1.448
mongo-majority,0,1,198,1.254
mongo-majority,0,1,199,1.284
mongo-majority,0,1,200,1.971
mongo-majority,0,1,201,1.208
mongo-majority,0,1,202,1.421
mongo-majority,0,1,203,1.257
mongo-majority,0,1,204,1.964
mongo-majority,0,1,205,1.091
mongo-majority,0,1,206,1.321
mongo-majority,0,1,207,1.44
mongo-majority,0,1,208,1.259
mongo-majority,0,1,209,2.002
mongo-majority,0,1,210,1.416
mongo-majority,0,1,211,1.966
mongo-majority,0,1,212,1.412
mongo-majority,0,1,213,2.324
mongo-majority,0,1,214,1.266
mongo-majority,0,1,215,1.509
mongo-majority,0,1,216,1.273
mongo-majority,0,1,217,1.409
mongo-majority,0,1,218,2.061
mongo-majority,0,1,219,1.231
mongo-majority,0,1,220,1.5
mongo-majority,0,1,221,1.621
mongo-majority,0,1,222,2.027
mongo-majority,0,1,223,1.541
mongo-majority,0,1,224,1.299
mongo-majority,0,1,225,1.348
mongo-majority,0,1,226,1.506
mongo-majority,0,1,227,1.917
mongo-majority,0,1,228,1.212
mongo-majority,0,1,229,1.715
mongo-majority,0,1,230,2.158
mongo-majority,0,1,231,1.269
mongo-majority,0,1,232,2.15
mongo-majority,0,1,233,1.242
mongo-majority,0,1,234,1.963
mongo-majority,0,1,235,1.3
mongo-majority,0,1,236,1.936
mongo-majority,0,1,237,1.144
mongo-majority,0,1,238,1.419
mongo-majority,0,1,239,1.3
mongo-majority,0,1,240,1.273
mongo-majority,0,1,241,2.027
mongo-majority,0,1,242,1.203
mongo-majority,0,1,243,1.422
mongo-majority,0,1,244,1.37
mongo-majority,0,1,245,2.017
mongo-majority,0,1,246,1.169
mongo-majority,0,1,247,1.291
mongo-majority,0,1,248,1.341
mongo-majority,0,1,249,1.373
mongo-majority,0,1,250,2.211
mongo-majority,0,1,251,1.196
mongo-majority,0,1,252,1.372
mongo-majority,0,1,253,1.814
mongo-majority,0,1,254,1.981
mongo-majority,0,1,255,1.453
mongo-majority,0,1,256,1.216
mongo-majority,0,1,257,1.496
mongo-majority,0,1,258,1.649
mongo-majority,0,1,259,1.826
mongo-majority,0,1,260,1.263
mongo-majority,0,1,261,1.408
mongo-majority,0,1,262,1.374
mongo-majority,0,1,263,1.577
mongo-majority,0,1,264,1.721
mongo-majority,0,1,265,1.236
mongo-majority,0,1,266,1.509
mongo-majority,0,1,267,1.454
mongo-majority,0,1,268,2.026
mongo-majority,0,1,269,1.258
mongo-majority,0,1,270,1.399
mongo-majority,0,1,271,1.651
mongo-majority,0,1,272,1.263
mongo-majority,0,1,273,1.795
mongo-majority,0,1,274,1.188
mongo-majority,0,1,275,1.382
mongo-majority,0,1,276,1.527
mongo-majority,0,1,277,2.131
mongo-majority,0,1,278,1.191
mongo-majority,0,1,279,1.35
mongo-majority,0,1,280,1.45
mongo-majority,0,1,281,1.524
mongo-majority,0,1,282,1.704
mongo-majority,0,1,283,1.278
mongo-majority,0,1,284,1.427
mongo-majority,0,1,285,1.501
mongo-majority,0,1,286,2.026
mongo-majority,0,1,287,1.292
mongo-majority,0,1,288,1.291
mongo-majority,0,1,289,1.364
mongo-majority,0,1,290,1.414
mongo-majority,0,1,291,1.864
mongo-majority,0,1,292,1.301
mongo-majority,0,1,293,1.311
mongo-majority,0,1,294,1.341
mongo-majority,0,1,295,1.389
mongo-majority,0,1,296,1.955
mongo-majority,0,1,297,1.145
mongo-majority,0,1,298,1.536
mongo-majority,0,1,299,1.316
mongo-majority,0,1,300,1.872
mongo-majority,0,1,301,1.175
mongo-majority,0,1,302,1.462
mongo-majority,0,1,303,1.551
mongo-majority,0,1,304,1.368
mongo-majority,0,1,305,2.123
mongo-majority,0,1,306,1.251
mongo-majority,0,1,307,1.326
mongo-majority,0,1,308,1.514
mongo-majority,0,1,309,1.961
mongo-majority,0,1,310,1.194
mongo-majority,0,1,311,1.481
mongo-majority,0,1,312,1.644
mongo-majority,0,1,313,1.38
mongo-majority,0,1,314,1.76
mongo-majority,0,1,315,1.202
mongo-majority,0,1,316,1.311
mongo-majority,0,1,317,1.439
mongo-majority,0,1,318,2.052
mongo-majority,0,1,319,1.569
mongo-majority,0,1,320,1.245
mongo-majority,0,1,321,1.386
mongo-majority,0,1,322,1.571
mongo-majority,0,1,323,1.849
mongo-majority,0,1,324,1.174
mongo-majority,0,1,325,1.564
mongo-majority,0,1,326,1.245
mongo-majority,0,1,327,1.287
mongo-majority,0,1,328,1.894
mongo-majority,0,1,329,1.161
mongo-majority,0,1,330,1.391
mongo-majority,0,1,331,1.418
mongo-majority,0,1,332,1.905
mongo-majority,0,1,333,1.126
mongo-majority,0,1,334,1.311
mongo-majority,0,1,335,1.458
mongo-majority,0,1,336,1.217
mongo-majority,0,1,337,1.778
mongo-majority,0,1,338,1.266
mongo-majority,0,1,339,1.366
mongo-majority,0,1,340,1.241
mongo-majority,0,1,341,2.064
mongo-majority,0,1,342,1.295
mongo-majority,0,1,343,1.634
mongo-majority,0,1,344,1.673
mongo-majority,0,1,345,1.447
mongo-majority,0,1,346,2.169
mongo-majority,0,1,347,1.818
mongo-majority,0,1,348,1.488
mongo-majority,0,1,349,1.71
mongo-majority,0,1,350,2.412
mongo-majority,0,1,351,1.511
mongo-majority,0,1,352,1.668
mongo-majority,0,1,353,1.583
mongo-majority,0,1,354,1.453
mongo-majority,0,1,355,2.204
mongo-majority,0,1,356,1.311
mongo-majority,0,1,357,1.361
mongo-majority,0,1,358,1.327
mongo-majority,0,1,359,1.275
mongo-majority,0,1,360,2.158
mongo-majority,0,1,361,1.407
mongo-majority,0,1,362,1.571
mongo-majority,0,1,363,1.442
mongo-majority,0,1,364,1.832
mongo-majority,0,1,365,1.252
mongo-majority,0,1,366,1.451
mongo-majority,0,1,367,1.397
mongo-majority,0,1,368,1.352
mongo-majority,0,1,369,2.089
mongo-majority,0,1,370,1.174
mongo-majority,0,1,371,1.45
mongo-majority,0,1,372,1.243
mongo-majority,0,1,373,1.785
mongo-majority,0,1,374,1.263
mongo-majority,0,1,375,1.437
mongo-majority,0,1,376,1.347
mongo-majority,0,1,377,1.341
mongo-majority,0,1,378,2.053
mongo-majority,0,1,379,1.169
mongo-majority,0,1,380,1.356
mongo-majority,0,1,381,1.256
mongo-majority,0,1,382,1.949
mongo-majority,0,1,383,1.452
mongo-majority,0,1,384,1.207
mongo-majority,0,1,385,1.372
mongo-majority,0,1,386,1.234
mongo-majority,0,1,387,1.744
mongo-majority,0,1,388,1.221
mongo-majority,0,1,389,1.442
mongo-majority,0,1,390,1.318
mongo-majority,0,1,391,1.463
mongo-majority,0,1,392,1.931
mongo-majority,0,1,393,1.182
mongo-majority,0,1,394,1.432
mongo-majority,0,1,395,1.367
mongo-majority,0,1,396,2.249
mongo-majority,0,1,397,1.177
mongo-majority,0,1,398,1.3
mongo-majority,0,1,399,1.426
mongo-majority,0,1,400,1.439
mongo-majority,0,1,401,1.858
mongo-majority,0,1,402,1.24
mongo-majority,0,1,403,1.302
mongo-majority,0,1,404,1.337
mongo-majority,0,1,405,2.129
mongo-majority,0,1,406,1.249
mongo-majority,0,1,407,1.271
mongo-majority,0,1,408,1.423
mongo-majority,0,1,409,1.382
mongo-majority,0,1,410,1.833
mongo-majority,0,1,411,1.17
mongo-majority,0,1,412,1.335
mongo-majority,0,1,413,1.246
mongo-majority,0,1,414,2.02
mongo-majority,0,1,415,1.259
mongo-majority,0,1,416,1.475
mongo-majority,0,1,417,1.211
mongo-majority,0,1,418,1.441
mongo-majority,0,1,419,2.01
mongo-majority,0,1,420,1.163
mongo-majority,0,1,421,1.468
mongo-majority,0,1,422,1.294
mongo-majority,0,1,423,1.587
mongo-majority,0,1,424,1.754
mongo-majority,0,1,425,1.195
mongo-majority,0,1,426,1.493
mongo-majority,0,1,427,1.388
mongo-majority,0,1,428,1.841
mongo-majority,0,1,429,1.209
mongo-majority,0,1,430,1.37
mongo-majority,0,1,431,1.401
mongo-majority,0,1,432,1.342
mongo-majority,0,1,433,2.571
mongo-majority,0,1,434,1.198
mongo-majority,0,1,435,1.415
mongo-majority,0,1,436,1.391
mongo-majority,0,1,437,1.884
mongo-majority,0,1,438,1.339
mongo-majority,0,1,439,1.333
mongo-majority,0,1,440,1.267
mongo-majority,0,1,441,1.665
mongo-majority,0,1,442,1.823
mongo-majority,0,1,443,1.143
mongo-majority,0,1,444,1.26
mongo-majority,0,1,445,1.3
mongo-majority,0,1,446,2.017
mongo-majority,0,1,447,1.355
mongo-majority,0,1,448,1.237
mongo-majority,0,1,449,1.43
mongo-majority,0,1,450,1.487
mongo-majority,0,1,451,1.931
mongo-majority,0,1,452,1.152
mongo-majority,0,1,453,1.455
mongo-majority,0,1,454,1.329
mongo-majority,0,1,455,1.449
mongo-majority,0,1,456,1.799
mongo-majority,0,1,457,1.186
mongo-majority,0,1,458,1.625
mongo-majority,0,1,459,1.367
mongo-majority,0,1,460,1.823
mongo-majority,0,1,461,1.176
mongo-majority,0,1,462,2.169
mongo-majority,0,1,463,1.525
mongo-majority,0,1,464,1.536
mongo-majority,0,1,465,1.814
mongo-majority,0,1,466,1.183
mongo-majority,0,1,467,1.467
mongo-majority,0,2,1,13.159
mongo-majority,0,2,2,1.905
mongo-majority,0,2,3,1.381
mongo-majority,0,2,4,1.202
mongo-majority,0,2,5,1.841
mongo-majority,0,2,6,2.771
mongo-majority,0,2,7,1.373
mongo-majority,0,2,8,1.554
mongo-majority,0,2,9,1.382
mongo-majority,0,2,10,1.664
mongo-majority,0,2,11,1.874
mongo-majority,0,2,12,1.302
mongo-majority,0,2,13,1.273
mongo-majority,0,2,14,1.287
mongo-majority,0,2,15,2.044
mongo-majority,0,2,16,1.407
mongo-majority,0,2,17,1.537
mongo-majority,0,2,18,1.22
mongo-majority,0,2,19,1.55
mongo-majority,0,2,20,1.981
mongo-majority,0,2,21,1.252
mongo-majority,0,2,22,1.28
mongo-majority,0,2,23,1.598
mongo-majority,0,2,24,1.367
mongo-majority,0,2,25,1.914
mongo-majority,0,2,26,1.287
mongo-majority,0,2,27,1.419
mongo-majority,0,2,28,1.367
mongo-majority,0,2,29,1.853
mongo-majority,0,2,30,1.28
mongo-majority,0,2,31,1.314
mongo-majority,0,2,32,1.432
mongo-majority,0,2,33,1.843
mongo-majority,0,2,34,1.828
mongo-majority,0,2,35,1.456
mongo-majority,0,2,36,1.205
mongo-majority,0,2,37,1.456
mongo-majority,0,2,38,1.823
mongo-majority,0,2,39,1.457
mongo-majority,0,2,40,1.266
mongo-majority,0,2,41,1.408
mongo-majority,0,2,42,1.466
mongo-majority,0,2,43,1.87
mongo-majority,0,2,44,1.458
mongo-majority,0,2,45,1.284
mongo-majority,0,2,46,1.348
mongo-majority,0,2,47,1.796
mongo-majority,0,2,48,1.327
mongo-majority,0,2,49,1.401
mongo-majority,0,2,50,1.262
mongo-majority,0,2,51,1.516
mongo-majority,0,2,52,1.833
mongo-majority,0,2,53,1.123
mongo-majority,0,2,54,1.403
mongo-majority,0,2,55,1.723
mongo-majority,0,2,56,1.245
mongo-majority,0,2,57,1.853
mongo-majority,0,2,58,1.236
mongo-majority,0,2,59,1.372
mongo-majority,0,2,60,1.881
mongo-majority,0,2,61,1.679
mongo-majority,0,2,62,1.167
mongo-majority,0,2,63,1.272
mongo-majority,0,2,64,1.437
mongo-majority,0,2,65,1.482
mongo-majority,0,2,66,1.933
mongo-majority,0,2,67,1.194
mongo-majority,0,2,68,1.308
mongo-majority,0,2,69,1.674
mongo-majority,0,2,70,2.503
mongo-majority,0,2,71,1.364
mongo-majority,0,2,72,1.323
mongo-majority,0,2,73,1.496
mongo-majority,0,2,74,1.284
mongo-majority,0,2,75,1.904
mongo-majority,0,2,76,1.31
mongo-majority,0,2,77,1.5
mongo-majority,0,2,78,1.233
mongo-majority,0,2,79,1.841
mongo-majority,0,2,80,1.177
mongo-majority,0,2,81,1.421
mongo-majority,0,2,82,1.25
mongo-majority,0,2,83,1.288
mongo-majority,0,2,84,1.95
mongo-majority,0,2,85,1.143
mongo-majority,0,2,86,1.54
mongo-majority,0,2,87,1.259
mongo-majority,0,2,88,1.349
mongo-majority,0,2,89,2.82
mongo-majority,0,2,90,1.315
mongo-majority,0,2,91,1.28
mongo-majority,0,2,92,1.425
mongo-majority,0,2,93,1.882
mongo-majority,0,2,94,1.19
mongo-majority,0,2,95,1.528
mongo-majority,0,2,96,1.26
mongo-majority,0,2,97,1.481
mongo-majority,0,2,98,1.859
mongo-majority,0,2,99,1.198
mongo-majority,0,2,100,1.411
mongo-majority,0,2,101,1.435
mongo-majority,0,2,102,1.817
mongo-majority,0,2,103,1.325
mongo-majority,0,2,104,1.234
mongo-majority,0,2,105,1.291
mongo-majority,0,2,106,1.333
mongo-majority,0,2,107,1.918
mongo-majority,0,2,108,1.232
mongo-majority,0,2,109,1.455
mongo-majority,0,2,110,1.316
mongo-majority,0,2,111,1.918
mongo-majority,0,2,112,1.112
mongo-majority,0,2,113,1.43
mongo-majority,0,2,114,1.374
mongo-majority,0,2,115,1.267
mongo-majority,0,2,116,1.901
mongo-majority,0,2,117,1.307
mongo-majority,0,2,118,1.387
mongo-majority,0,2,119,1.608
mongo-majority,0,2,120,1.305
mongo-majority,0,2,121,1.813
mongo-majority,0,2,122,1.242
mongo-majority,0,2,123,1.396
mongo-majority,0,2,124,1.516
mongo-majority,0,2,125,1.784
mongo-majority,0,2,126,1.128
mongo-majority,0,2,127,1.926
mongo-majority,0,2,128,1.253
mongo-majority,0,2,129,1.351
mongo-majority,0,2,130,1.993
mongo-majority,0,2,131,1.162
mongo-majority,0,2,132,1.465
mongo-majority,0,2,133,1.348
mongo-majority,0,2,134,1.851
mongo-majority,0,2,135,1.258
mongo-majority,0,2,136,1.258
mongo-majority,0,2,137,1.516
mongo-majority,0,2,138,1.316
mongo-majority,0,2,139,1.731
mongo-majority,0,2,140,1.382
mongo-majority,0,2,141,1.55
mongo-majority,0,2,142,1.364
mongo-majority,0,2,143,1.841
mongo-majority,0,2,144,1.227
mongo-majority,0,2,145,1.407
mongo-majority,0,2,146,1.558
mongo-majority,0,2,147,1.497
mongo-majority,0,2,148,1.9
mongo-majority,0,2,149,1.248
mongo-majority,0,2,150,1.419
mongo-majority,0,2,151,1.418
mongo-majority,0,2,152,1.538
mongo-majority,0,2,153,1.768
mongo-majority,0,2,154,1.189
mongo-majority,0,2,155,1.486
mongo-majority,0,2,156,1.447
mongo-majority,0,2,157,1.771
mongo-majority,0,2,158,1.159
mongo-majority,0,2,159,1.436
mongo-majority,0,2,160,1.303
mongo-majority,0,2,161,1.408
mongo-majority,0,2,162,1.932
mongo-majority,0,2,163,1.166
mongo-majority,0,2,164,1.556
mongo-majority,0,2,165,1.259
mongo-majority,0,2,166,1.918
mongo-majority,0,2,167,1.449
mongo-majority,0,2,168,1.312
mongo-majority,0,2,169,1.466
mongo-majority,0,2,170,1.325
mongo-majority,0,2,171,1.946
mongo-majority,0,2,172,2.159
mongo-majority,0,2,173,1.285
mongo-majority,0,2,174,1.481
mongo-majority,0,2,175,1.898
mongo-majority,0,2,176,1.213
mongo-majority,0,2,177,1.516
mongo-majority,0,2,178,1.509
mongo-majority,0,2,179,1.349
mongo-majority,0,2,180,2.066
mongo-majority,0,2,181,1.125
mongo-majority,0,2,182,1.625
mongo-majority,0,2,183,1.318
mongo-majority,0,2,184,1.378
mongo-majority,0,2,185,1.891
mongo-majority,0,2,186,1.192
mongo-majority,0,2,187,1.42
mongo-majority,0,2,188,1.512
mongo-majority,0,2,189,1.737
mongo-majority,0,2,190,1.202
mongo-majority,0,2,191,1.509
mongo-majority,0,2,192,1.28
mongo-majority,0,2,193,1.401
mongo-majority,0,2,194,1.948
mongo-majority,0,2,195,1.168
mongo-majority,0,2,196,1.384
mongo-majority,0,2,197,1.334
mongo-majority,0,2,198,2.148
mongo-majority,0,2,199,1.228
mongo-majority,0,2,200,1.277
mongo-majority,0,2,201,1.456
mongo-majority,0,2,202,1.309
mongo-majority,0,2,203,1.951
mongo-majority,0,2,204,1.378
mongo-majority,0,2,205,1.212
mongo-majority,0,2,206,1.332
mongo-majority,0,2,207,1.843
mongo-majority,0,2,208,1.255
mongo-majority,0,2,209,1.398
mongo-majority,0,2,210,1.352
mongo-majority,0,2,211,1.381
mongo-majority,0,2,212,1.803
mongo-majority,0,2,213,1.225
mongo-majority,0,2,214,1.286
mongo-majority,0,2,215,1.523
mongo-majority,0,2,216,1.265
mongo-majority,0,2,217,1.889
mongo-majority,0,2,218,1.132
mongo-majority,0,2,219,1.554
mongo-majority,0,2,220,1.322
mongo-majority,0,2,221,1.898
mongo-majority,0,2,222,1.212
mongo-majority,0,2,223,1.646
mongo-majority,0,2,224,1.161
mongo-majority,0,2,225,1.421
mongo-majority,0,2,226,1.809
mongo-majority,0,2,227,1.215
mongo-majority,0,2,228,1.568
mongo-majority,0,2,229,1.213
mongo-majority,0,2,230,1.832
mongo-majority,0,2,231,1.49
mongo-majority,0,2,232,1.46
mongo-majority,0,2,233,1.406
mongo-majority,0,2,234,1.423
mongo-majority,0,2,235,2.061
mongo-majority,0,2,236,1.249
mongo-majority,0,2,237,1.427
mongo-majority,0,2,238,1.385
mongo-majority,0,2,239,2.027
mongo-majority,0,2,240,1.295
mongo-majority,0,2,241,1.499
mongo-majority,0,2,242,1.377
mongo-majority,0,2,243,1.519
mongo-majority,0,2,244,1.839
mongo-majority,0,2,245,1.293
mongo-majority,0,2,246,1.559
mongo-majority,0,2,247,1.311
mongo-majority,0,2,248,1.406
mongo-majority,0,2,249,1.911
mongo-majority,0,2,250,1.231
mongo-majority,0,2,251,1.496
mongo-majority,0,2,252,1.395
mongo-majority,0,2,253,1.784
mongo-majority,0,2,254,1.244
mongo-majority,0,2,255,1.652
mongo-majority,0,2,256,1.252
mongo-majority,0,2,257,1.621
mongo-majority,0,2,258,1.898
mongo-majority,0,2,259,1.222
mongo-majority,0,2,260,1.571
mongo-majority,0,2,261,1.213
mongo-majority,0,2,262,1.908
mongo-majority,0,2,263,1.424
mongo-majority,0,2,264,1.225
mongo-majority,0,2,265,1.446
mongo-majority,0,2,266,1.456
mongo-majority,0,2,267,1.948
mongo-majority,0,2,268,1.28
mongo-majority,0,2,269,1.337
mongo-majority,0,2,270,1.404
mongo-majority,0,2,271,1.862
mongo-majority,0,2,272,1.203
mongo-majority,0,2,273,1.403
mongo-majority,0,2,274,1.366
mongo-majority,0,2,275,1.314
mongo-majority,0,2,276,1.845
mongo-majority,0,2,277,1.245
mongo-majority,0,2,278,1.384
mongo-majority,0,2,279,1.458
mongo-majority,0,2,280,1.285
mongo-majority,0,2,281,1.934
mongo-majority,0,2,282,1.184
mongo-majority,0,2,283,1.323
mongo-majority,0,2,284,1.491
mongo-majority,0,2,285,1.871
mongo-majority,0,2,286,1.229
mongo-majority,0,2,287,1.504
mongo-majority,0,2,288,1.283
mongo-majority,0,2,289,1.568
mongo-majority,0,2,290,1.943
mongo-majority,0,2,291,1.21
mongo-majority,0,2,292,1.559
mongo-majority,0,2,293,1.307
mongo-majority,0,2,294,1.942
mongo-majority,0,2,295,1.343
mongo-majority,0,2,296,1.303
mongo-majority,0,2,297,1.434
mongo-majority,0,2,298,1.253
mongo-majority,0,2,299,1.961
mongo-majority,0,2,300,1.287
mongo-majority,0,2,301,1.642
mongo-majority,0,2,302,1.245
mongo-majority,0,2,303,1.85
mongo-majority,0,2,304,1.227
mongo-majority,0,2,305,1.427
mongo-majority,0,2,306,1.504
mongo-majority,0,2,307,1.274
mongo-majority,0,2,308,1.981
mongo-majority,0,2,309,1.227
mongo-majority,0,2,310,1.435
mongo-majority,0,2,311,1.429
mongo-majority,0,2,312,1.289
mongo-majority,0,2,313,1.868
mongo-majority,0,2,314,1.289
mongo-majority,0,2,315,1.64
mongo-majority,0,2,316,1.585
mongo-majority,0,2,317,1.714
mongo-majority,0,2,318,1.277
mongo-majority,0,2,319,1.451
mongo-majority,0,2,320,1.286
mongo-majority,0,2,321,1.342
mongo-majority,0,2,322,1.876
mongo-majority,0,2,323,1.201
mongo-majority,0,2,324,1.519
mongo-majority,0,2,325,1.159
mongo-majority,0,2,326,1.945
mongo-majority,0,2,327,1.235
mongo-majority,0,2,328,1.489
mongo-majority,0,2,329,1.455
mongo-majority,0,2,330,1.244
mongo-majority,0,2,331,1.848
mongo-majority,0,2,332,1.25
mongo-majority,0,2,333,1.585
mongo-majority,0,2,334,1.268
mongo-majority,0,2,335,1.943
mongo-majority,0,2,336,1.199
mongo-majority,0,2,337,1.64
mongo-majority,0,2,338,1.335
mongo-majority,0,2,339,1.281
mongo-majority,0,2,340,1.867
mongo-majority,0,2,341,1.188
mongo-majority,0,2,342,1.475
mongo-majority,0,2,343,1.517
mongo-majority,0,2,344,1.267
mongo-majority,0,2,345,1.959
mongo-majority,0,2,346,1.233
mongo-majority,0,2,347,1.519
mongo-majority,0,2,348,1.321
mongo-majority,0,2,349,1.846
mongo-majority,0,2,350,1.218
mongo-majority,0,2,351,1.449
mongo-majority,0,2,352,1.306
mongo-majority,0,2,353,1.43
mongo-majority,0,2,354,1.882
mongo-majority,0,2,355,1.163
mongo-majority,0,2,356,1.498
mongo-majority,0,2,357,1.431
mongo-majority,0,2,358,1.903
mongo-majority,0,2,359,1.408
mongo-majority,0,2,360,1.268
mongo-majority,0,2,361,1.504
mongo-majority,0,2,362,1.256
mongo-majority,0,2,363,1.913
mongo-majority,0,2,364,1.285
mongo-majority,0,2,365,1.361
mongo-majority,0,2,366,1.345
mongo-majority,0,2,367,1.864
mongo-majority,0,2,368,1.246
mongo-majority,0,2,369,1.388
mongo-majority,0,2,370,1.525
mongo-majority,0,2,371,1.417
mongo-majority,0,2,372,1.817
mongo-majority,0,2,373,1.164
mongo-majority,0,2,374,1.354
mongo-majority,0,2,375,1.613
mongo-majority,0,2,376,1.298
mongo-majority,0,2,377,1.845
mongo-majority,0,2,378,1.176
mongo-majority,0,2,379,1.237
mongo-majority,0,2,380,1.593
mongo-majority,0,2,381,1.831
mongo-majority,0,2,382,1.159
mongo-majority,0,2,383,1.508
mongo-majority,0,2,384,1.356
mongo-majority,0,2,385,1.413
mongo-majority,0,2,386,1.842
mongo-majority,0,2,387,1.138
mongo-majority,0,2,388,1.507
mongo-majority,0,2,389,1.259
mongo-majority,0,2,390,1.879
mongo-majority,0,2,391,1.388
mongo-majority,0,2,392,1.218
mongo-majority,0,2,393,1.601
mongo-majority,0,2,394,1.376
mongo-majority,0,2,395,1.795
mongo-majority,0,2,396,1.36
mongo-majority,0,2,397,1.34
mongo-majority,0,2,398,1.372
mongo-majority,0,2,399,1.926
mongo-majority,0,2,400,1.428
mongo-majority,0,2,401,1.355
mongo-majority,0,2,402,1.495
mongo-majority,0,2,403,1.3
mongo-majority,0,2,404,1.899
mongo-majority,0,2,405,1.291
mongo-majority,0,2,406,1.499
mongo-majority,0,2,407,1.394
mongo-majority,0,2,408,1.38
mongo-majority,0,2,409,1.805
mongo-majority,0,2,410,1.181
mongo-majority,0,2,411,1.556
mongo-majority,0,2,412,1.383
mongo-majority,0,2,413,1.925
mongo-majority,0,2,414,1.318
mongo-majority,0,2,415,1.506
mongo-majority,0,2,416,1.326
mongo-majority,0,2,417,1.367
mongo-majority,0,2,418,1.986
mongo-majority,0,2,419,1.164
mongo-majority,0,2,420,1.471
mongo-majority,0,2,421,1.274
mongo-majority,0,2,422,1.944
mongo-majority,0,2,423,1.433
mongo-majority,0,2,424,1.32
mongo-majority,0,2,425,1.352
mongo-majority,0,2,426,1.345
mongo-majority,0,2,427,1.863
mongo-majority,0,2,428,1.231
mongo-majority,0,2,429,1.555
mongo-majority,0,2,430,1.235
mongo-majority,0,2,431,1.847
mongo-majority,0,2,432,1.212
mongo-majority,0,2,433,1.62
mongo-majority,0,2,434,1.466
mongo-majority,0,2,435,1.429
mongo-majority,0,2,436,1.945
mongo-majority,0,2,437,1.157
mongo-majority,0,2,438,1.414
mongo-majority,0,2,439,1.513
mongo-majority,0,2,440,1.247
mongo-majority,0,2,441,1.819
mongo-majority,0,2,442,1.237
mongo-majority,0,2,443,1.526
mongo-majority,0,2,444,1.539
mongo-majority,0,2,445,1.863
mongo-majority,0,2,446,1.208
mongo-majority,0,2,447,1.52
mongo-majority,0,2,448,1.388
mongo-majority,0,2,449,1.32
mongo-majority,0,2,450,1.848
mongo-majority,0,2,451,1.314
mongo-majority,0,2,452,1.449
mongo-majority,0,2,453,1.326
mongo-majority,0,2,454,1.896
mongo-majority,0,2,455,1.425
mongo-majority,0,2,456,1.197
mongo-majority,0,2,457,1.382
mongo-majority,0,2,458,1.362
mongo-majority,0,2,459,1.915
mongo-majority,0,2,460,1.22
mongo-majority,0,2,461,1.435
mongo-majority,0,2,462,1.241
mongo-majority,0,2,463,1.8
mongo-majority,0,2,464,1.14
mongo-majority,0,2,465,1.436
mongo-majority,0,2,466,1.634
mongo-majority,0,2,467,1.196
mongo-majority,0,3,1,12.756
mongo-majority,0,3,2,1.43
mongo-majority,0,3,3,1.42
mongo-majority,0,3,4,1.48
mongo-majority,0,3,5,2.372
mongo-majority,0,3,6,1.318
mongo-majority,0,3,7,1.367
mongo-majority,0,3,8,1.49
mongo-majority,0,3,9,1.68
mongo-majority,0,3,10,1.735
mongo-majority,0,3,11,1.137
mongo-majority,0,3,12,1.342
mongo-majority,0,3,13,1.404
mongo-majority,0,3,14,1.953
mongo-majority,0,3,15,1.16
mongo-majority,0,3,16,1.331
mongo-majority,0,3,17,1.462
mongo-majority,0,3,18,1.306
mongo-majority,0,3,19,1.871
mongo-majority,0,3,20,1.34
mongo-majority,0,3,21,1.434
mongo-majority,0,3,22,1.392
mongo-majority,0,3,23,1.908
mongo-majority,0,3,24,1.297
mongo-majority,0,3,25,1.349
mongo-majority,0,3,26,1.489
mongo-majority,0,3,27,1.455
mongo-majority,0,3,28,1.818
mongo-majority,0,3,29,1.189
mongo-majority,0,3,30,1.493
mongo-majority,0,3,31,1.386
mongo-majority,0,3,32,1.915
mongo-majority,0,3,33,1.103
mongo-majority,0,3,34,1.411
mongo-majority,0,3,35,1.372
mongo-majority,0,3,36,1.942
mongo-majority,0,3,37,1.778
mongo-majority,0,3,38,1.161
mongo-majority,0,3,39,1.251
mongo-majority,0,3,40,1.419
mongo-majority,0,3,41,1.389
mongo-majority,0,3,42,1.768
mongo-majority,0,3,43,1.219
mongo-majority,0,3,44,1.27
mongo-majority,0,3,45,1.395
mongo-majority,0,3,46,1.924
mongo-majority,0,3,47,1.195
mongo-majority,0,3,48,1.4
mongo-majority,0,3,49,1.515
mongo-majority,0,3,50,1.29
mongo-majority,0,3,51,1.799
mongo-majority,0,3,52,1.216
mongo-majority,0,3,53,1.315
mongo-majority,0,3,54,1.476
mongo-majority,0,3,55,1.864
mongo-majority,0,3,56,1.196
mongo-majority,0,3,57,1.464
mongo-majority,0,3,58,1.397
mongo-majority,0,3,59,1.384
mongo-majority,0,3,60,1.793
mongo-majority,0,3,61,1.306
mongo-majority,0,3,62,1.416
mongo-majority,0,3,63,1.618
mongo-majority,0,3,64,1.745
mongo-majority,0,3,65,1.222
mongo-majority,0,3,66,1.128
mongo-majority,0,3,67,1.408
mongo-majority,0,3,68,1.461
mongo-majority,0,3,69,1.875
mongo-majority,0,3,70,1.195
mongo-majority,0,3,71,1.343
mongo-majority,0,3,72,1.402
mongo-majority,0,3,73,1.404
mongo-majority,0,3,74,1.959
mongo-majority,0,3,75,1.182
mongo-majority,0,3,76,1.285
mongo-majority,0,3,77,1.371
mongo-majority,0,3,78,2.116
mongo-majority,0,3,79,1.074
mongo-majority,0,3,80,1.293
mongo-majority,0,3,81,1.484
mongo-majority,0,3,82,1.249
mongo-majority,0,3,83,1.79
mongo-majority,0,3,84,1.294
mongo-majority,0,3,85,1.411
mongo-majority,0,3,86,1.657
mongo-majority,0,3,87,1.857
mongo-majority,0,3,88,1.113
mongo-majority,0,3,89,1.515
mongo-majority,0,3,90,1.384
mongo-majority,0,3,91,1.514
mongo-majority,0,3,92,1.949
mongo-majority,0,3,93,1.19
mongo-majority,0,3,94,1.45
mongo-majority,0,3,95,1.474
mongo-majority,0,3,96,2.045
mongo-majority,0,3,97,1.103
mongo-majority,0,3,98,1.3
mongo-majority,0,3,99,1.361
mongo-majority,0,3,100,1.935
mongo-majority,0,3,101,1.702
mongo-majority,0,3,102,1.148
mongo-majority,0,3,103,1.268
mongo-majority,0,3,104,1.463
mongo-majority,0,3,105,1.402
mongo-majority,0,3,106,1.981
mongo-majority,0,3,107,1.103
mongo-majority,0,3,108,1.293
mongo-majority,0,3,109,1.404
mongo-majority,0,3,110,2.282
mongo-majority,0,3,111,1.245
mongo-majority,0,3,112,1.322
mongo-majority,0,3,113,1.613
mongo-majority,0,3,114,1.298
mongo-majority,0,3,115,1.99
mongo-majority,0,3,116,1.272
mongo-majority,0,3,117,1.354
mongo-majority,0,3,118,1.572
mongo-majority,0,3,119,1.812
mongo-majority,0,3,120,1.246
mongo-majority,0,3,121,1.425
mongo-majority,0,3,122,1.807
mongo-majority,0,3,123,1.32
mongo-majority,0,3,124,1.885
mongo-majority,0,3,125,1.184
mongo-majority,0,3,126,1.339
mongo-majority,0,3,127,1.441
mongo-majority,0,3,128,1.914
mongo-majority,0,3,129,1.235
mongo-majority,0,3,130,1.522
mongo-majority,0,3,131,1.479
mongo-majority,0,3,132,1.759
mongo-majority,0,3,133,1.707
mongo-majority,0,3,134,1.182
mongo-majority,0,3,135,1.477
mongo-majority,0,3,136,1.278
mongo-majority,0,3,137,1.586
mongo-majority,0,3,138,1.781
mongo-majority,0,3,139,1.349
mongo-majority,0,3,140,1.353
mongo-majority,0,3,141,1.423
mongo-majority,0,3,142,1.941
mongo-majority,0,3,143,1.241
mongo-majority,0,3,144,1.357
mongo-majority,0,3,145,1.737
mongo-majority,0,3,146,1.297
mongo-majority,0,3,147,1.89
mongo-majority,0,3,148,1.275
mongo-majority,0,3,149,1.456
mongo-majority,0,3,150,1.523
mongo-majority,0,3,151,1.83
mongo-majority,0,3,152,1.22
mongo-majority,0,3,153,1.332
mongo-majority,0,3,154,1.489
mongo-majority,0,3,155,1.184
mongo-majority,0,3,156,1.966
mongo-majority,0,3,157,1.197
mongo-majority,0,3,158,1.462
mongo-majority,0,3,159,1.439
mongo-majority,0,3,160,1.806
mongo-majority,0,3,161,1.165
mongo-majority,0,3,162,1.243
mongo-majority,0,3,163,1.538
mongo-majority,0,3,164,1.631
mongo-majority,0,3,165,2.043
mongo-majority,0,3,166,1.171
mongo-majority,0,3,167,1.329
mongo-majority,0,3,168,1.557
mongo-majority,0,3,169,1.302
mongo-majority,0,3,170,1.737
mongo-majority,0,3,171,1.221
mongo-majority,0,3,172,1.381
mongo-majority,0,3,173,1.315
mongo-majority,0,3,174,2.048
mongo-majority,0,3,175,2.133
mongo-majority,0,3,176,1.501
mongo-majority,0,3,177,1.51
mongo-majority,0,3,178,1.326
mongo-majority,0,3,179,1.939
mongo-majority,0,3,180,1.336
mongo-majority,0,3,181,1.427
mongo-majority,0,3,182,1.293
mongo-majority,0,3,183,2.04
mongo-majority,0,3,184,1.198
mongo-majority,0,3,185,1.691
mongo-majority,0,3,186,1.319
mongo-majority,0,3,187,1.476
mongo-majority,0,3,188,2.683
mongo-majority,0,3,189,2.054
mongo-majority,0,3,190,1.812
mongo-majority,0,3,191,1.893
mongo-majority,0,3,192,2.741
mongo-majority,0,3,193,1.741
mongo-majority,0,3,194,1.767
mongo-majority,0,3,195,1.973
mongo-majority,0,3,196,2.181
mongo-majority,0,3,197,2.388
mongo-majority,0,3,198,1.625
mongo-majority,0,3,199,1.918
mongo-majority,0,3,200,1.958
mongo-majority,0,3,201,2.783
mongo-majority,0,3,202,8.524
mongo-majority,0,3,203,5.892
mongo-majority,0,3,204,5.309
mongo-majority,0,3,205,11.397
mongo-majority,0,3,206,8.16
mongo-majority,0,3,207,2.899
mongo-majority,0,3,208,2.176
mongo-majority,0,3,209,2.535
mongo-majority,0,3,210,2.989
mongo-majority,0,3,211,6.742
mongo-majority,0,3,212,1.965
mongo-majority,0,3,213,1.667
mongo-majority,0,3,214,1.779
mongo-majority,0,3,215,1.897
mongo-majority,0,3,216,1.303
mongo-majority,0,3,217,1.406
mongo-majority,0,3,218,1.47
mongo-majority,0,3,219,1.957
mongo-majority,0,3,220,2.177
mongo-majority,0,3,221,1.197
mongo-majority,0,3,222,1.479
mongo-majority,0,3,223,1.472
mongo-majority,0,3,224,1.99
mongo-majority,0,3,225,1.4
mongo-majority,0,3,226,1.319
mongo-majority,0,3,227,1.492
mongo-majority,0,3,228,1.709
mongo-majority,0,3,229,2.7
mongo-majority,0,3,230,1.397
mongo-majority,0,3,231,1.562
mongo-majority,0,3,232,1.477
mongo-majority,0,3,233,1.548
mongo-majority,0,3,234,1.854
mongo-majority,0,3,235,1.311
mongo-majority,0,3,236,1.336
mongo-majority,0,3,237,1.571
mongo-majority,0,3,238,2.064
mongo-majority,0,3,239,1.677
mongo-majority,0,3,240,1.54
mongo-majority,0,3,241,1.324
mongo-majority,0,3,242,1.399
mongo-majority,0,3,243,1.992
mongo-majority,0,3,244,1.344
mongo-majority,0,3,245,1.365
mongo-majority,0,3,246,1.442
mongo-majority,0,3,247,1.878
mongo-majority,0,3,248,1.195
mongo-majority,0,3,249,1.805
mongo-majority,0,3,250,1.771
mongo-majority,0,3,251,1.608
mongo-majority,0,3,252,1.869
mongo-majority,0,3,253,1.158
mongo-majority,0,3,254,1.463
mongo-majority,0,3,255,1.311
mongo-majority,0,3,256,2.017
mongo-majority,0,3,257,1.163
mongo-majority,0,3,258,1.277
mongo-majority,0,3,259,1.254
mongo-majority,0,3,260,1.656
mongo-majority,0,3,261,2.233
mongo-majority,0,3,262,1.564
mongo-majority,0,3,263,1.469
mongo-majority,0,3,264,1.552
mongo-majority,0,3,265,1.337
mongo-majority,0,3,266,2.077
mongo-majority,0,3,267,1.236
mongo-majority,0,3,268,1.322
mongo-majority,0,3,269,1.353
mongo-majority,0,3,270,2.124
mongo-majority,0,3,271,1.472
mongo-majority,0,3,272,1.823
mongo-majority,0,3,273,1.715
mongo-majority,0,3,274,1.433
mongo-majority,0,3,275,2.133
mongo-majority,0,3,276,1.256
mongo-majority,0,3,277,1.43
mongo-majority,0,3,278,1.46
mongo-majority,0,3,279,1.815
mongo-majority,0,3,280,1.148
mongo-majority,0,3,281,1.749
mongo-majority,0,3,282,2.149
mongo-majority,0,3,283,1.421
mongo-majority,0,3,284,2.053
mongo-majority,0,3,285,1.253
mongo-majority,0,3,286,1.512
mongo-majority,0,3,287,1.409
mongo-majority,0,3,288,1.847
mongo-majority,0,3,289,1.16
mongo-majority,0,3,290,1.467
mongo-majority,0,3,291,1.393
mongo-majority,0,3,292,2.026
mongo-majority,0,3,293,2.399
mongo-majority,0,3,294,1.248
mongo-majority,0,3,295,1.337
mongo-majority,0,3,296,1.342
mongo-majority,0,3,297,1.483
mongo-majority,0,3,298,1.934
mongo-majority,0,3,299,1.196
mongo-majority,0,3,300,1.412
mongo-majority,0,3,301,1.439
mongo-majority,0,3,302,2.213
mongo-majority,0,3,303,1.372
mongo-majority,0,3,304,1.344
mongo-majority,0,3,305,1.54
mongo-majority,0,3,306,1.315
mongo-majority,0,3,307,1.818
mongo-majority,0,3,308,1.237
mongo-majority,0,3,309,1.312
mongo-majority,0,3,310,1.406
mongo-majority,0,3,311,2.065
mongo-majority,0,3,312,1.194
mongo-majority,0,3,313,1.883
mongo-majority,0,3,314,1.839
mongo-majority,0,3,315,1.331
mongo-majority,0,3,316,1.829
mongo-majority,0,3,317,1.118
mongo-majority,0,3,318,1.77
mongo-majority,0,3,319,1.481
mongo-majority,0,3,320,1.77
mongo-majority,0,3,321,1.263
mongo-majority,0,3,322,1.366
mongo-majority,0,3,323,1.275
mongo-majority,0,3,324,1.943
mongo-majority,0,3,325,1.916
mongo-majority,0,3,326,1.23
mongo-majority,0,3,327,1.474
mongo-majority,0,3,328,1.591
mongo-majority,0,3,329,1.45
mongo-majority,0,3,330,2.094
mongo-majority,0,3,331,1.198
mongo-majority,0,3,332,1.354
mongo-majority,0,3,333,1.608
mongo-majority,0,3,334,2.065
mongo-majority,0,3,335,1.615
mongo-majority,0,3,336,1.315
mongo-majority,0,3,337,1.528
mongo-majority,0,3,338,1.481
mongo-majority,0,3,339,1.766
mongo-majority,0,3,340,1.392
mongo-majority,0,3,341,1.265
mongo-majority,0,3,342,1.585
mongo-majority,0,3,343,1.876
mongo-majority,0,3,344,1.204
mongo-majority,0,3,345,1.549
mongo-majority,0,3,346,1.605
mongo-majority,0,3,347,1.307
mongo-majority,0,3,348,2.132
mongo-majority,0,3,349,1.207
mongo-majority,0,3,350,1.702
mongo-majority,0,3,351,1.271
mongo-majority,0,3,352,1.92
mongo-majority,0,3,353,1.183
mongo-majority,0,3,354,1.261
mongo-majority,0,3,355,1.267
mongo-majority,0,3,356,1.927
mongo-majority,0,3,357,1.743
mongo-majority,0,3,358,1.113
mongo-majority,0,3,359,1.3
mongo-majority,0,3,360,1.48
mongo-majority,0,3,361,1.478
mongo-majority,0,3,362,1.871
mongo-majority,0,3,363,1.144
mongo-majority,0,3,364,1.366
mongo-majority,0,3,365,1.493
mongo-majority,0,3,366,2.08
mongo-majority,0,3,367,1.196
mongo-majority,0,3,368,1.375
mongo-majority,0,3,369,1.619
mongo-majority,0,3,370,1.194
mongo-majority,0,3,371,1.85
mongo-majority,0,3,372,1.254
mongo-majority,0,3,373,1.389
mongo-majority,0,3,374,1.615
mongo-majority,0,3,375,1.979
mongo-majority,0,3,376,1.429
mongo-majority,0,3,377,1.635
mongo-majority,0,3,378,1.784
mongo-majority,0,3,379,1.549
mongo-majority,0,3,380,2.071
mongo-majority,0,3,381,1.391
mongo-majority,0,3,382,1.638
mongo-majority,0,3,383,1.529
mongo-majority,0,3,384,2.543
mongo-majority,0,3,385,1.286
mongo-majority,0,3,386,1.557
mongo-majority,0,3,387,1.585
mongo-majority,0,3,388,1.91
mongo-majority,0,3,389,2.158
mongo-majority,0,3,390,1.511
mongo-majority,0,3,391,1.599
mongo-majority,0,3,392,1.771
mongo-majority,0,3,393,1.547
mongo-majority,0,3,394,2.151
mongo-majority,0,3,395,1.433
mongo-majority,0,3,396,1.758
mongo-majority,0,3,397,1.791
mongo-majority,0,3,398,2.249
mongo-majority,0,3,399,1.356
mongo-majority,0,3,400,1.586
mongo-majority,0,3,401,1.687
mongo-majority,0,3,402,1.465
mongo-majority,0,3,403,2.43
mongo-majority,0,3,404,1.547
mongo-majority,0,3,405,1.586
mongo-majority,0,3,406,1.673
mongo-majority,0,3,407,2.376
mongo-majority,0,3,408,1.416
mongo-majority,0,3,409,1.751
mongo-majority,0,3,410,1.637
mongo-majority,0,3,411,2.003
mongo-majority,0,3,412,2.566
mongo-majority,0,3,413,1.6
mongo-majority,0,3,414,1.896
mongo-majority,0,3,415,2.213
mongo-majority,0,3,416,2.458
mongo-majority,0,3,417,1.938
mongo-majority,0,3,418,1.794
mongo-majority,0,3,419,1.811
mongo-majority,0,3,420,2.743
mongo-majority,0,3,421,2.506
mongo-majority,0,3,422,1.581
mongo-majority,0,3,423,1.983
mongo-majority,0,3,424,2.161
mongo-majority,0,3,425,1.871
mongo-majority,0,3,426,2.569
mongo-majority,0,3,427,1.655
mongo-majority,0,3,428,1.76
mongo-majority,0,3,429,2.152
mongo-majority,0,3,430,2.513
mongo-majority,0,3,431,1.734
mongo-majority,0,3,432,1.854
mongo-majority,0,3,433,2.014
mongo-majority,0,3,434,1.743
mongo-majority,0,3,435,2.572
mongo-majority,0,3,436,1.711
mongo-majority,0,3,437,2.076
mongo-majority,0,3,438,2.191
mongo-majority,0,3,439,2.642
mongo-majority,0,3,440,1.724
mongo-majority,0,3,441,2.191
mongo-majority,0,3,442,1.871
mongo-majority,0,3,443,1.816
mongo-majority,0,3,444,2.518
mongo-majority,0,3,445,1.909
mongo-majority,0,3,446,1.848
mongo-majority,0,3,447,1.981
mongo-majority,0,3,448,2.482
mongo-majority,0,3,449,1.696
mongo-majority,0,3,450,2.016
mongo-majority,0,3,451,1.926
mongo-majority,0,3,452,1.746
mongo-majority,0,3,453,2.155
mongo-majority,0,3,454,1.38
mongo-majority,0,3,455,1.736
mongo-majority,0,3,456,1.622
mongo-majority,0,3,457,1.69
mongo-majority,0,3,458,2.279
mongo-majority,0,3,459,1.315
mongo-majority,0,3,460,1.773
mongo-majority,0,3,461,1.446
mongo-majority,0,3,462,2.202
mongo-majority,0,3,463,1.525
mongo-majority,0,3,464,1.423
mongo-majority,0,3,465,2.016
mongo-majority,0,3,466,1.39
mongo-majority,0,3,467,2.172
mongo-w1,2,1,1,10.933
mongo-w1,2,1,2,0.688
mongo-w1,2,1,3,0.64
mongo-w1,2,1,4,0.498
mongo-w1,2,1,5,0.37
mongo-w1,2,1,6,0.434
mongo-w1,2,1,7,0.268
mongo-w1,2,1,8,0.231
mongo-w1,2,1,9,0.35
mongo-w1,2,1,10,0.433
mongo-w1,2,1,11,0.313
mongo-w1,2,1,12,0.547
mongo-w1,2,1,13,0.335
mongo-w1,2,1,14,0.253
mongo-w1,2,1,15,0.333
mongo-w1,2,1,16,0.471
mongo-w1,2,1,17,0.5
mongo-w1,2,1,18,0.552
mongo-w1,2,1,19,0.379
mongo-w1,2,1,20,0.723
mongo-w1,2,1,21,0.526
mongo-w1,2,1,22,0.46
mongo-w1,2,1,23,0.432
mongo-w1,2,1,24,0.345
mongo-w1,2,1,25,1.198
mongo-w1,2,1,26,0.327
mongo-w1,2,1,27,0.296
mongo-w1,2,1,28,0.273
mongo-w1,2,1,29,0.534
mongo-w1,2,1,30,1.045
mongo-w1,2,1,31,0.418
mongo-w1,2,1,32,0.67
mongo-w1,2,1,33,0.357
mongo-w1,2,1,34,1.637
mongo-w1,2,1,35,1.054
mongo-w1,2,1,36,1.217
mongo-w1,2,1,37,0.428
mongo-w1,2,1,38,0.325
mongo-w1,2,1,39,0.439
mongo-w1,2,1,40,0.639
mongo-w1,2,1,41,0.331
mongo-w1,2,1,42,0.324
mongo-w1,2,1,43,0.288
mongo-w1,2,1,44,0.358
mongo-w1,2,1,45,0.666
mongo-w1,2,1,46,0.765
mongo-w1,2,1,47,0.38
mongo-w1,2,1,48,0.348
mongo-w1,2,1,49,0.683
mongo-w1,2,1,50,0.796
mongo-w1,2,1,51,0.82
mongo-w1,2,1,52,0.763
mongo-w1,2,1,53,0.696
mongo-w1,2,1,54,0.441
mongo-w1,2,1,55,0.332
mongo-w1,2,1,56,0.398
mongo-w1,2,1,57,0.481
mongo-w1,2,1,58,0.639
mongo-w1,2,1,59,0.584
mongo-w1,2,1,60,0.403
mongo-w1,2,1,61,0.544
mongo-w1,2,1,62,0.744
mongo-w1,2,1,63,0.541
mongo-w1,2,1,64,0.504
mongo-w1,2,1,65,0.567
mongo-w1,2,1,66,0.474
mongo-w1,2,1,67,0.564
mongo-w1,2,1,68,0.51
mongo-w1,2,1,69,0.511
mongo-w1,2,1,70,0.425
mongo-w1,2,1,71,0.531
mongo-w1,2,1,72,0.413
mongo-w1,2,1,73,0.353
mongo-w1,2,1,74,0.408
mongo-w1,2,1,75,0.542
mongo-w1,2,1,76,1.105
mongo-w1,2,1,77,0.375
mongo-w1,2,1,78,0.712
mongo-w1,2,1,79,0.406
mongo-w1,2,1,80,0.338
mongo-w1,2,1,81,0.749
mongo-w1,2,1,82,0.437
mongo-w1,2,1,83,0.482
mongo-w1,2,1,84,0.538
mongo-w1,2,1,85,0.315
mongo-w1,2,1,86,0.392
mongo-w1,2,1,87,0.569
mongo-w1,2,1,88,0.508
mongo-w1,2,1,89,0.956
mongo-w1,2,1,90,0.493
mongo-w1,2,1,91,0.542
mongo-w1,2,1,92,0.677
mongo-w1,2,1,93,0.504
mongo-w1,2,1,94,1.099
mongo-w1,2,1,95,0.421
mongo-w1,2,1,96,0.559
mongo-w1,2,1,97,0.387
mongo-w1,2,1,98,0.766
mongo-w1,2,1,99,0.422
mongo-w1,2,1,100,0.498
mongo-w1,2,1,101,0.387
mongo-w1,2,1,102,0.582
mongo-w1,2,1,103,0.858
mongo-w1,2,1,104,0.508
mongo-w1,2,1,105,0.662
mongo-w1,2,1,106,0.747
mongo-w1,2,1,107,0.656
mongo-w1,2,1,108,0.586
mongo-w1,2,1,109,0.539
mongo-w1,2,1,110,0.329
mongo-w1,2,1,111,0.46
mongo-w1,2,1,112,0.258
mongo-w1,2,1,113,0.326
mongo-w1,2,1,114,0.728
mongo-w1,2,1,115,0.767
mongo-w1,2,1,116,0.292
mongo-w1,2,1,117,0.513
mongo-w1,2,1,118,0.307
mongo-w1,2,1,119,0.402
mongo-w1,2,1,120,0.307
mongo-w1,2,1,121,0.743
mongo-w1,2,1,122,0.7
mongo-w1,2,1,123,0.626
mongo-w1,2,1,124,0.642
mongo-w1,2,1,125,0.447
mongo-w1,2,1,126,1.398
mongo-w1,2,1,127,0.818
mongo-w1,2,1,128,0.913
mongo-w1,2,1,129,0.484
mongo-w1,2,1,130,0.393
mongo-w1,2,1,131,0.445
mongo-w1,2,1,132,0.967
mongo-w1,2,1,133,0.408
mongo-w1,2,1,134,0.64
mongo-w1,2,1,135,0.789
mongo-w1,2,1,136,0.642
mongo-w1,2,1,137,0.444
mongo-w1,2,1,138,0.324
mongo-w1,2,1,139,0.382
mongo-w1,2,1,140,0.85
mongo-w1,2,1,141,0.745
mongo-w1,2,1,142,0.648
mongo-w1,2,1,143,0.621
mongo-w1,2,1,144,0.348
mongo-w1,2,1,145,0.424
mongo-w1,2,1,146,0.372
mongo-w1,2,1,147,0.515
mongo-w1,2,1,148,0.322
mongo-w1,2,1,149,0.445
mongo-w1,2,1,150,0.508
mongo-w1,2,1,151,0.373
mongo-w1,2,1,152,0.444
mongo-w1,2,1,153,0.555
mongo-w1,2,1,154,0.434
mongo-w1,2,1,155,1.016
mongo-w1,2,1,156,0.428
mongo-w1,2,1,157,0.508
mongo-w1,2,1,158,1.577
mongo-w1,2,1,159,0.401
mongo-w1,2,1,160,0.831
mongo-w1,2,1,161,0.317
mongo-w1,2,1,162,0.417
mongo-w1,2,1,163,1.403
mongo-w1,2,1,164,0.384
mongo-w1,2,1,165,0.438
mongo-w1,2,1,166,0.728
mongo-w1,2,1,167,0.54
mongo-w1,2,1,168,0.739
mongo-w1,2,1,169,0.814
mongo-w1,2,1,170,1.374
mongo-w1,2,1,171,0.687
mongo-w1,2,1,172,0.651
mongo-w1,2,1,173,0.492
mongo-w1,2,1,174,0.603
mongo-w1,2,1,175,0.38
mongo-w1,2,1,176,0.454
mongo-w1,2,1,177,0.545
mongo-w1,2,1,178,0.79
mongo-w1,2,1,179,0.568
mongo-w1,2,1,180,1.786
mongo-w1,2,1,181,0.474
mongo-w1,2,1,182,0.293
mongo-w1,2,1,183,0.687
mongo-w1,2,1,184,0.345
mongo-w1,2,1,185,1.218
mongo-w1,2,1,186,0.348
mongo-w1,2,1,187,0.529
mongo-w1,2,1,188,0.714
mongo-w1,2,1,189,1.019
mongo-w1,2,1,190,0.475
mongo-w1,2,1,191,0.367
mongo-w1,2,1,192,0.36
mongo-w1,2,1,193,0.518
mongo-w1,2,1,194,0.331
mongo-w1,2,1,195,0.457
mongo-w1,2,1,196,0.364
mongo-w1,2,1,197,0.444
mongo-w1,2,1,198,0.432
mongo-w1,2,1,199,0.397
mongo-w1,2,1,200,0.71
mongo-w1,2,1,201,0.385
mongo-w1,2,1,202,1.641
mongo-w1,2,1,203,0.454
mongo-w1,2,1,204,0.386
mongo-w1,2,1,205,0.369
mongo-w1,2,1,206,0.696
mongo-w1,2,1,207,0.873
mongo-w1,2,1,208,0.968
mongo-w1,2,1,209,0.824
mongo-w1,2,1,210,2.137
mongo-w1,2,1,211,0.335
mongo-w1,2,1,212,0.662
mongo-w1,2,1,213,0.485
mongo-w1,2,1,214,0.401
mongo-w1,2,1,215,0.649
mongo-w1,2,1,216,0.479
mongo-w1,2,1,217,0.422
mongo-w1,2,1,218,0.68
mongo-w1,2,1,219,0.453
mongo-w1,2,1,220,0.313
mongo-w1,2,1,221,0.794
mongo-w1,2,1,222,0.545
mongo-w1,2,1,223,0.39
mongo-w1,2,1,224,0.942
mongo-w1,2,1,225,1.108
mongo-w1,2,1,226,0.554
mongo-w1,2,1,227,0.73
mongo-w1,2,1,228,0.657
mongo-w1,2,1,229,0.509
mongo-w1,2,1,230,0.917
mongo-w1,2,1,231,0.465
mongo-w1,2,1,232,0.686
mongo-w1,2,1,233,0.377
mongo-w1,2,1,234,0.582
mongo-w1,2,1,235,0.344
mongo-w1,2,1,236,0.471
mongo-w1,2,1,237,0.377
mongo-w1,2,1,238,0.6
mongo-w1,2,1,239,0.421
mongo-w1,2,1,240,0.545
mongo-w1,2,1,241,0.731
mongo-w1,2,1,242,0.69
mongo-w1,2,1,243,0.687
mongo-w1,2,1,244,0.322
mongo-w1,2,1,245,0.439
mongo-w1,2,1,246,0.742
mongo-w1,2,1,247,0.502
mongo-w1,2,1,248,0.957
mongo-w1,2,1,249,0.77
mongo-w1,2,1,250,0.457
mongo-w1,2,1,251,1.246
mongo-w1,2,1,252,0.729
mongo-w1,2,1,253,1.247
mongo-w1,2,1,254,0.504
mongo-w1,2,1,255,0.408
mongo-w1,2,1,256,0.4
mongo-w1,2,1,257,0.443
mongo-w1,2,1,258,0.571
mongo-w1,2,1,259,0.434
mongo-w1,2,1,260,0.58
mongo-w1,2,1,261,0.973
mongo-w1,2,1,262,0.493
mongo-w1,2,1,263,0.808
mongo-w1,2,1,264,0.979
mongo-w1,2,1,265,0.713
mongo-w1,2,1,266,0.579
mongo-w1,2,1,267,0.435
mongo-w1,2,1,268,1.136
mongo-w1,2,1,269,0.926
mongo-w1,2,1,270,0.673
mongo-w1,2,1,271,0.423
mongo-w1,2,1,272,1.166
mongo-w1,2,1,273,0.421
mongo-w1,2,1,274,0.456
mongo-w1,2,1,275,0.401
mongo-w1,2,1,276,0.571
mongo-w1,2,1,277,0.624
mongo-w1,2,1,278,0.572
mongo-w1,2,1,279,0.539
mongo-w1,2,1,280,0.568
mongo-w1,2,1,281,0.915
mongo-w1,2,1,282,0.425
mongo-w1,2,1,283,0.529
mongo-w1,2,1,284,0.768
mongo-w1,2,1,285,0.374
mongo-w1,2,1,286,0.597
mongo-w1,2,1,287,0.496
mongo-w1,2,1,288,0.456
mongo-w1,2,1,289,0.449
mongo-w1,2,1,290,0.576
mongo-w1,2,1,291,0.417
mongo-w1,2,1,292,0.713
mongo-w1,2,1,293,0.384
mongo-w1,2,1,294,0.383
mongo-w1,2,1,295,0.306
mongo-w1,2,1,296,0.437
mongo-w1,2,1,297,0.36
mongo-w1,2,1,298,0.324
mongo-w1,2,1,299,0.399
mongo-w1,2,1,300,0.428
mongo-w1,2,1,301,0.464
mongo-w1,2,1,302,0.497
mongo-w1,2,1,303,0.661
mongo-w1,2,1,304,0.808
mongo-w1,2,1,305,0.587
mongo-w1,2,1,306,0.487
mongo-w1,2,1,307,0.352
mongo-w1,2,1,308,0.527
mongo-w1,2,1,309,0.449
mongo-w1,2,1,310,0.466
mongo-w1,2,1,311,0.525
mongo-w1,2,1,312,0.5
mongo-w1,2,1,313,0.417
mongo-w1,2,1,314,0.565
mongo-w1,2,1,315,0.358
mongo-w1,2,1,316,0.724
mongo-w1,2,1,317,0.724
mongo-w1,2,1,318,0.754
mongo-w1,2,1,319,0.37
mongo-w1,2,1,320,0.336
mongo-w1,2,1,321,19.935
mongo-w1,2,1,322,0.418
mongo-w1,2,1,323,0.295
mongo-w1,2,1,324,0.487
mongo-w1,2,1,325,0.53
mongo-w1,2,1,326,0.432
mongo-w1,2,1,327,0.36
mongo-w1,2,1,328,0.34
mongo-w1,2,1,329,0.403
mongo-w1,2,1,330,0.538
mongo-w1,2,1,331,0.579
mongo-w1,2,1,332,0.525
mongo-w1,2,1,333,0.697
mongo-w1,2,1,334,0.604
mongo-w1,2,1,335,0.408
mongo-w1,2,1,336,0.377
mongo-w1,2,1,337,0.492
mongo-w1,2,1,338,0.421
mongo-w1,2,1,339,0.288
mongo-w1,2,1,340,0.595
mongo-w1,2,1,341,0.279
mongo-w1,2,1,342,0.36
mongo-w1,2,1,343,0.336
mongo-w1,2,1,344,0.706
mongo-w1,2,1,345,0.695
mongo-w1,2,1,346,0.32
mongo-w1,2,1,347,0.468
mongo-w1,2,1,348,0.427
mongo-w1,2,1,349,0.431
mongo-w1,2,1,350,0.466
mongo-w1,2,1,351,0.428
mongo-w1,2,1,352,0.334
mongo-w1,2,1,353,0.282
mongo-w1,2,1,354,0.383
mongo-w1,2,1,355,0.766
mongo-w1,2,1,356,0.33
mongo-w1,2,1,357,0.591
mongo-w1,2,1,358,0.388
mongo-w1,2,1,359,0.651
mongo-w1,2,1,360,0.598
mongo-w1,2,1,361,0.6
mongo-w1,2,1,362,0.328
mongo-w1,2,1,363,0.24
mongo-w1,2,1,364,0.294
mongo-w1,2,1,365,0.338
mongo-w1,2,1,366,0.366
mongo-w1,2,1,367,0.334
mongo-w1,2,1,368,0.388
mongo-w1,2,1,369,0.398
mongo-w1,2,1,370,0.285
mongo-w1,2,1,371,0.247
mongo-w1,2,1,372,0.473
mongo-w1,2,1,373,0.32
mongo-w1,2,1,374,0.406
mongo-w1,2,1,375,0.362
mongo-w1,2,1,376,0.633
mongo-w1,2,1,377,0.484
mongo-w1,2,1,378,0.421
mongo-w1,2,1,379,0.537
mongo-w1,2,1,380,0.286
mongo-w1,2,1,381,0.525
mongo-w1,2,1,382,0.419
mongo-w1,2,1,383,0.474
mongo-w1,2,1,384,0.454
mongo-w1,2,1,385,0.608
mongo-w1,2,1,386,0.372
mongo-w1,2,1,387,0.854
mongo-w1,2,1,388,0.941
mongo-w1,2,1,389,0.33
mongo-w1,2,1,390,0.435
mongo-w1,2,1,391,0.337
mongo-w1,2,1,392,0.383
mongo-w1,2,1,393,0.555
mongo-w1,2,1,394,0.641
mongo-w1,2,1,395,0.672
mongo-w1,2,1,396,0.533
mongo-w1,2,1,397,0.645
mongo-w1,2,1,398,0.735
mongo-w1,2,1,399,1.042
mongo-w1,2,1,400,0.64
mongo-w1,2,1,401,0.371
mongo-w1,2,1,402,0.574
mongo-w1,2,1,403,0.484
mongo-w1,2,1,404,0.917
mongo-w1,2,1,405,0.601
mongo-w1,2,1,406,0.361
mongo-w1,2,1,407,0.462
mongo-w1,2,1,408,1.034
mongo-w1,2,1,409,0.431
mongo-w1,2,1,410,0.594
mongo-w1,2,1,411,0.704
mongo-w1,2,1,412,0.52
mongo-w1,2,1,413,0.423
mongo-w1,2,1,414,0.777
mongo-w1,2,1,415,0.41
mongo-w1,2,1,416,0.391
mongo-w1,2,1,417,0.598
mongo-w1,2,1,418,0.536
mongo-w1,2,1,419,0.315
mongo-w1,2,1,420,0.354
mongo-w1,2,1,421,0.362
mongo-w1,2,1,422,0.455
mongo-w1,2,1,423,0.639
mongo-w1,2,1,424,0.271
mongo-w1,2,1,425,0.745
mongo-w1,2,1,426,0.561
mongo-w1,2,1,427,0.28
mongo-w1,2,1,428,0.575
mongo-w1,2,1,429,0.606
mongo-w1,2,1,430,0.409
mongo-w1,2,1,431,0.296
mongo-w1,2,1,432,0.737
mongo-w1,2,1,433,0.713
mongo-w1,2,1,434,0.288
mongo-w1,2,1,435,0.353
mongo-w1,2,1,436,0.286
mongo-w1,2,1,437,0.354
mongo-w1,2,1,438,0.674
mongo-w1,2,1,439,0.412
mongo-w1,2,1,440,0.426
mongo-w1,2,1,441,0.464
mongo-w1,2,1,442,0.308
mongo-w1,2,1,443,0.319
mongo-w1,2,1,444,0.49
mongo-w1,2,1,445,0.41
mongo-w1,2,1,446,0.343
mongo-w1,2,1,447,0.755
mongo-w1,2,1,448,0.425
mongo-w1,2,1,449,0.567
mongo-w1,2,1,450,0.743
mongo-w1,2,1,451,0.935
mongo-w1,2,1,452,0.521
mongo-w1,2,1,453,0.548
mongo-w1,2,1,454,0.399
mongo-w1,2,1,455,0.408
mongo-w1,2,1,456,0.791
mongo-w1,2,1,457,0.54
mongo-w1,2,1,458,0.737
mongo-w1,2,1,459,0.431
mongo-w1,2,1,460,0.586
mongo-w1,2,1,461,0.403
mongo-w1,2,1,462,0.552
mongo-w1,2,1,463,0.657
mongo-w1,2,1,464,0.546
mongo-w1,2,1,465,0.663
mongo-w1,2,1,466,0.642
mongo-w1,2,1,467,0.495
mongo-w1,2,2,1,8.153
mongo-w1,2,2,2,0.466
mongo-w1,2,2,3,0.398
mongo-w1,2,2,4,0.432
mongo-w1,2,2,5,0.321
mongo-w1,2,2,6,0.367
mongo-w1,2,2,7,0.279
mongo-w1,2,2,8,0.289
mongo-w1,2,2,9,0.284
mongo-w1,2,2,10,0.381
mongo-w1,2,2,11,0.312
mongo-w1,2,2,12,0.315
mongo-w1,2,2,13,0.281
mongo-w1,2,2,14,0.293
mongo-w1,2,2,15,0.283
mongo-w1,2,2,16,0.33
mongo-w1,2,2,17,0.254
mongo-w1,2,2,18,0.411
mongo-w1,2,2,19,0.315
mongo-w1,2,2,20,0.367
mongo-w1,2,2,21,0.486
mongo-w1,2,2,22,0.432
mongo-w1,2,2,23,0.364
mongo-w1,2,2,24,0.511
mongo-w1,2,2,25,0.257
mongo-w1,2,2,26,0.463
mongo-w1,2,2,27,0.37
mongo-w1,2,2,28,0.25
mongo-w1,2,2,29,0.592
mongo-w1,2,2,30,0.366
mongo-w1,2,2,31,0.45
mongo-w1,2,2,32,0.336
mongo-w1,2,2,33,0.599
mongo-w1,2,2,34,0.493
mongo-w1,2,2,35,0.394
mongo-w1,2,2,36,0.359
mongo-w1,2,2,37,0.376
mongo-w1,2,2,38,0.474
mongo-w1,2,2,39,0.503
mongo-w1,2,2,40,0.289
mongo-w1,2,2,41,0.612
mongo-w1,2,2,42,0.452
mongo-w1,2,2,43,0.436
mongo-w1,2,2,44,0.386
mongo-w1,2,2,45,0.652
mongo-w1,2,2,46,0.51
mongo-w1,2,2,47,0.376
mongo-w1,2,2,48,0.352
mongo-w1,2,2,49,0.428
mongo-w1,2,2,50,0.638
mongo-w1,2,2,51,0.66
mongo-w1,2,2,52,0.406
mongo-w1,2,2,53,0.998
mongo-w1,2,2,54,0.432
mongo-w1,2,2,55,0.506
mongo-w1,2,2,56,0.61
mongo-w1,2,2,57,1.051
mongo-w1,2,2,58,0.533
mongo-w1,2,2,59,0.362
mongo-w1,2,2,60,0.463
mongo-w1,2,2,61,0.571
mongo-w1,2,2,62,0.74
mongo-w1,2,2,63,0.48
mongo-w1,2,2,64,0.637
mongo-w1,2,2,65,0.562
mongo-w1,2,2,66,0.471
mongo-w1,2,2,67,0.41
mongo-w1,2,2,68,1.041
mongo-w1,2,2,69,0.834
mongo-w1,2,2,70,0.534
mongo-w1,2,2,71,0.999
mongo-w1,2,2,72,0.378
mongo-w1,2,2,73,0.516
mongo-w1,2,2,74,0.373
mongo-w1,2,2,75,0.435
mongo-w1,2,2,76,0.527
mongo-w1,2,2,77,0.427
mongo-w1,2,2,78,0.789
mongo-w1,2,2,79,0.364
mongo-w1,2,2,80,0.47
mongo-w1,2,2,81,0.339
mongo-w1,2,2,82,0.387
mongo-w1,2,2,83,0.43
mongo-w1,2,2,84,0.255
mongo-w1,2,2,85,0.869
mongo-w1,2,2,86,0.513
mongo-w1,2,2,87,0.31
mongo-w1,2,2,88,0.738
mongo-w1,2,2,89,0.441
mongo-w1,2,2,90,0.551
mongo-w1,2,2,91,0.527
mongo-w1,2,2,92,0.358
mongo-w1,2,2,93,0.614
mongo-w1,2,2,94,0.517
mongo-w1,2,2,95,0.416
mongo-w1,2,2,96,0.507
mongo-w1,2,2,97,0.715
mongo-w1,2,2,98,0.403
mongo-w1,2,2,99,0.415
mongo-w1,2,2,100,0.554
mongo-w1,2,2,101,0.635
mongo-w1,2,2,102,0.567
mongo-w1,2,2,103,0.587
mongo-w1,2,2,104,1.147
mongo-w1,2,2,105,0.507
mongo-w1,2,2,106,0.37
mongo-w1,2,2,107,2.096
mongo-w1,2,2,108,0.516
mongo-w1,2,2,109,0.767
mongo-w1,2,2,110,0.635
mongo-w1,2,2,111,0.511
mongo-w1,2,2,112,0.312
mongo-w1,2,2,113,0.741
mongo-w1,2,2,114,0.364
mongo-w1,2,2,115,0.43
mongo-w1,2,2,116,0.681
mongo-w1,2,2,117,0.423
mongo-w1,2,2,118,0.371
mongo-w1,2,2,119,0.459
mongo-w1,2,2,120,0.55
mongo-w1,2,2,121,0.56
mongo-w1,2,2,122,0.328
mongo-w1,2,2,123,0.413
mongo-w1,2,2,124,0.388
mongo-w1,2,2,125,0.431
mongo-w1,2,2,126,0.512
mongo-w1,2,2,127,0.533
mongo-w1,2,2,128,0.375
mongo-w1,2,2,129,0.845
mongo-w1,2,2,130,0.9
mongo-w1,2,2,131,0.508
mongo-w1,2,2,132,0.512
mongo-w1,2,2,133,0.551
mongo-w1,2,2,134,0.394
mongo-w1,2,2,135,0.352
mongo-w1,2,2,136,0.455
mongo-w1,2,2,137,0.843
mongo-w1,2,2,138,0.534
mongo-w1,2,2,139,0.418
mongo-w1,2,2,140,0.422
mongo-w1,2,2,141,0.401
mongo-w1,2,2,142,0.458
mongo-w1,2,2,143,0.593
mongo-w1,2,2,144,0.372
mongo-w1,2,2,145,0.797
mongo-w1,2,2,146,0.615
mongo-w1,2,2,147,0.586
mongo-w1,2,2,148,0.465
mongo-w1,2,2,149,0.343
mongo-w1,2,2,150,0.656
mongo-w1,2,2,151,0.308
mongo-w1,2,2,152,0.567
mongo-w1,2,2,153,0.804
mongo-w1,2,2,154,0.599
mongo-w1,2,2,155,0.324
mongo-w1,2,2,156,0.28
mongo-w1,2,2,157,0.461
mongo-w1,2,2,158,0.491
mongo-w1,2,2,159,0.302
mongo-w1,2,2,160,0.479
mongo-w1,2,2,161,0.497
mongo-w1,2,2,162,0.553
mongo-w1,2,2,163,0.337
mongo-w1,2,2,164,0.254
mongo-w1,2,2,165,0.567
mongo-w1,2,2,166,0.741
mongo-w1,2,2,167,0.721
mongo-w1,2,2,168,0.326
mongo-w1,2,2,169,0.292
mongo-w1,2,2,170,0.211
mongo-w1,2,2,171,0.621
mongo-w1,2,2,172,0.493
mongo-w1,2,2,173,0.378
mongo-w1,2,2,174,0.416
mongo-w1,2,2,175,0.438
mongo-w1,2,2,176,0.429
mongo-w1,2,2,177,0.435
mongo-w1,2,2,178,0.486
mongo-w1,2,2,179,0.355
mongo-w1,2,2,180,0.628
mongo-w1,2,2,181,0.468
mongo-w1,2,2,182,0.406
mongo-w1,2,2,183,0.599
mongo-w1,2,2,184,0.82
mongo-w1,2,2,185,0.827
mongo-w1,2,2,186,0.487
mongo-w1,2,2,187,0.784
mongo-w1,2,2,188,0.401
mongo-w1,2,2,189,0.739
mongo-w1,2,2,190,0.663
mongo-w1,2,2,191,0.8
mongo-w1,2,2,192,0.313
mongo-w1,2,2,193,0.4
mongo-w1,2,2,194,0.314
mongo-w1,2,2,195,0.752
mongo-w1,2,2,196,0.75
mongo-w1,2,2,197,1.108
mongo-w1,2,2,198,0.454
mongo-w1,2,2,199,0.5
mongo-w1,2,2,200,0.424
mongo-w1,2,2,201,0.364
mongo-w1,2,2,202,0.584
mongo-w1,2,2,203,0.586
mongo-w1,2,2,204,0.612
mongo-w1,2,2,205,0.546
mongo-w1,2,2,206,0.49
mongo-w1,2,2,207,0.431
mongo-w1,2,2,208,0.774
mongo-w1,2,2,209,0.715
mongo-w1,2,2,210,0.503
mongo-w1,2,2,211,0.325
mongo-w1,2,2,212,0.26
mongo-w1,2,2,213,0.31
mongo-w1,2,2,214,0.726
mongo-w1,2,2,215,0.539
mongo-w1,2,2,216,0.419
mongo-w1,2,2,217,0.375
mongo-w1,2,2,218,0.743
mongo-w1,2,2,219,0.561
mongo-w1,2,2,220,0.546
mongo-w1,2,2,221,0.471
mongo-w1,2,2,222,0.681
mongo-w1,2,2,223,0.32
mongo-w1,2,2,224,0.556
mongo-w1,2,2,225,0.368
mongo-w1,2,2,226,0.388
mongo-w1,2,2,227,0.487
mongo-w1,2,2,228,0.517
mongo-w1,2,2,229,0.81
mongo-w1,2,2,230,0.725
mongo-w1,2,2,231,0.547
mongo-w1,2,2,232,0.542
mongo-w1,2,2,233,0.563
mongo-w1,2,2,234,0.66
mongo-w1,2,2,235,0.311
mongo-w1,2,2,236,0.544
mongo-w1,2,2,237,0.29
mongo-w1,2,2,238,0.227
mongo-w1,2,2,239,0.635
mongo-w1,2,2,240,0.587
mongo-w1,2,2,241,0.626
mongo-w1,2,2,242,0.55
mongo-w1,2,2,243,0.7
mongo-w1,2,2,244,0.599
mongo-w1,2,2,245,0.479
mongo-w1,2,2,246,0.691
mongo-w1,2,2,247,0.688
mongo-w1,2,2,248,0.723
mongo-w1,2,2,249,0.792
mongo-w1,2,2,250,0.548
mongo-w1,2,2,251,0.539
mongo-w1,2,2,252,0.585
mongo-w1,2,2,253,0.667
mongo-w1,2,2,254,0.479
mongo-w1,2,2,255,0.758
mongo-w1,2,2,256,0.532
mongo-w1,2,2,257,0.594
mongo-w1,2,2,258,1.147
mongo-w1,2,2,259,1.533
mongo-w1,2,2,260,1.167
mongo-w1,2,2,261,1.095
mongo-w1,2,2,262,0.886
mongo-w1,2,2,263,0.391
mongo-w1,2,2,264,1.04
mongo-w1,2,2,265,0.839
mongo-w1,2,2,266,0.766
mongo-w1,2,2,267,0.868
mongo-w1,2,2,268,0.786
mongo-w1,2,2,269,0.577
mongo-w1,2,2,270,0.666
mongo-w1,2,2,271,0.565
mongo-w1,2,2,272,0.507
mongo-w1,2,2,273,0.366
mongo-w1,2,2,274,0.846
mongo-w1,2,2,275,0.763
mongo-w1,2,2,276,2.477
mongo-w1,2,2,277,1.323
mongo-w1,2,2,278,1.138
mongo-w1,2,2,279,0.969
mongo-w1,2,2,280,0.466
mongo-w1,2,2,281,0.67
mongo-w1,2,2,282,0.663
mongo-w1,2,2,283,0.66
mongo-w1,2,2,284,0.492
mongo-w1,2,2,285,0.524
mongo-w1,2,2,286,0.605
mongo-w1,2,2,287,0.743
mongo-w1,2,2,288,0.456
mongo-w1,2,2,289,0.649
mongo-w1,2,2,290,0.607
mongo-w1,2,2,291,0.428
mongo-w1,2,2,292,0.562
mongo-w1,2,2,293,0.879
mongo-w1,2,2,294,0.582
mongo-w1,2,2,295,0.538
mongo-w1,2,2,296,0.672
mongo-w1,2,2,297,0.541
mongo-w1,2,2,298,0.663
mongo-w1,2,2,299,0.912
mongo-w1,2,2,300,0.941
mongo-w1,2,2,301,0.946
mongo-w1,2,2,302,0.717
mongo-w1,2,2,303,0.573
mongo-w1,2,2,304,0.603
mongo-w1,2,2,305,0.604
mongo-w1,2,2,306,0.569
mongo-w1,2,2,307,0.626
mongo-w1,2,2,308,0.386
mongo-w1,2,2,309,0.372
mongo-w1,2,2,310,0.444
mongo-w1,2,2,311,0.785
mongo-w1,2,2,312,0.796
mongo-w1,2,2,313,0.448
mongo-w1,2,2,314,0.343
mongo-w1,2,2,315,0.7
mongo-w1,2,2,316,0.985
mongo-w1,2,2,317,0.442
mongo-w1,2,2,318,0.529
mongo-w1,2,2,319,0.859
mongo-w1,2,2,320,0.74
mongo-w1,2,2,321,0.815
mongo-w1,2,2,322,0.89
mongo-w1,2,2,323,0.598
mongo-w1,2,2,324,0.496
mongo-w1,2,2,325,0.91
mongo-w1,2,2,326,0.584
mongo-w1,2,2,327,0.511
mongo-w1,2,2,328,0.821
mongo-w1,2,2,329,0.437
mongo-w1,2,2,330,0.72
mongo-w1,2,2,331,0.529
mongo-w1,2,2,332,0.42
mongo-w1,2,2,333,0.46
mongo-w1,2,2,334,0.444
mongo-w1,2,2,335,0.563
mongo-w1,2,2,336,0.516
mongo-w1,2,2,337,0.613
mongo-w1,2,2,338,0.378
mongo-w1,2,2,339,0.507
mongo-w1,2,2,340,0.46
mongo-w1,2,2,341,0.461
mongo-w1,2,2,342,0.365
mongo-w1,2,2,343,1.041
mongo-w1,2,2,344,0.539
mongo-w1,2,2,345,0.555
mongo-w1,2,2,346,0.554
mongo-w1,2,2,347,0.473
mongo-w1,2,2,348,0.481
mongo-w1,2,2,349,0.299
mongo-w1,2,2,350,0.323
mongo-w1,2,2,351,0.439
mongo-w1,2,2,352,0.791
mongo-w1,2,2,353,0.654
mongo-w1,2,2,354,0.66
mongo-w1,2,2,355,0.487
mongo-w1,2,2,356,0.462
mongo-w1,2,2,357,0.453
mongo-w1,2,2,358,0.408
mongo-w1,2,2,359,0.287
mongo-w1,2,2,360,0.471
mongo-w1,2,2,361,0.464
mongo-w1,2,2,362,0.452
mongo-w1,2,2,363,0.66
mongo-w1,2,2,364,0.535
mongo-w1,2,2,365,0.534
mongo-w1,2,2,366,0.381
mongo-w1,2,2,367,0.31
mongo-w1,2,2,368,0.981
mongo-w1,2,2,369,0.554
mongo-w1,2,2,370,0.579
mongo-w1,2,2,371,0.74
mongo-w1,2,2,372,0.488
mongo-w1,2,2,373,0.793
mongo-w1,2,2,374,0.609
mongo-w1,2,2,375,0.538
mongo-w1,2,2,376,0.61
mongo-w1,2,2,377,0.596
mongo-w1,2,2,378,0.577
mongo-w1,2,2,379,0.365
mongo-w1,2,2,380,0.692
mongo-w1,2,2,381,0.535
mongo-w1,2,2,382,0.661
mongo-w1,2,2,383,0.601
mongo-w1,2,2,384,0.488
mongo-w1,2,2,385,0.514
mongo-w1,2,2,386,0.371
mongo-w1,2,2,387,0.516
mongo-w1,2,2,388,0.655
mongo-w1,2,2,389,0.734
mongo-w1,2,2,390,0.607
mongo-w1,2,2,391,0.367
mongo-w1,2,2,392,0.303
mongo-w1,2,2,393,0.355
mongo-w1,2,2,394,0.265
mongo-w1,2,2,395,0.321
mongo-w1,2,2,396,0.937
mongo-w1,2,2,397,0.595
mongo-w1,2,2,398,0.434
mongo-w1,2,2,399,0.498
mongo-w1,2,2,400,0.333
mongo-w1,2,2,401,0.563
mongo-w1,2,2,402,0.652
mongo-w1,2,2,403,0.646
mongo-w1,2,2,404,0.558
mongo-w1,2,2,405,0.487
mongo-w1,2,2,406,0.629
mongo-w1,2,2,407,0.83
mongo-w1,2,2,408,0.454
mongo-w1,2,2,409,0.56
mongo-w1,2,2,410,0.384
mongo-w1,2,2,411,0.385
mongo-w1,2,2,412,0.648
mongo-w1,2,2,413,0.58
mongo-w1,2,2,414,0.381
mongo-w1,2,2,415,0.471
mongo-w1,2,2,416,0.457
mongo-w1,2,2,417,0.328
mongo-w1,2,2,418,0.652
mongo-w1,2,2,419,0.633
mongo-w1,2,2,420,0.603
mongo-w1,2,2,421,0.729
mongo-w1,2,2,422,0.315
mongo-w1,2,2,423,0.45
mongo-w1,2,2,424,0.305
mongo-w1,2,2,425,0.4
mongo-w1,2,2,426,0.431
mongo-w1,2,2,427,0.283
mongo-w1,2,2,428,0.321
mongo-w1,2,2,429,0.328
mongo-w1,2,2,430,0.5
mongo-w1,2,2,431,0.544
mongo-w1,2,2,432,0.751
mongo-w1,2,2,433,0.562
mongo-w1,2,2,434,0.629
mongo-w1,2,2,435,0.549
mongo-w1,2,2,436,0.746
mongo-w1,2,2,437,0.797
mongo-w1,2,2,438,0.537
mongo-w1,2,2,439,1.115
mongo-w1,2,2,440,0.829
mongo-w1,2,2,441,0.461
mongo-w1,2,2,442,0.438
mongo-w1,2,2,443,0.703
mongo-w1,2,2,444,0.529
mongo-w1,2,2,445,0.453
mongo-w1,2,2,446,0.316
mongo-w1,2,2,447,0.378
mongo-w1,2,2,448,0.457
mongo-w1,2,2,449,0.765
mongo-w1,2,2,450,0.504
mongo-w1,2,2,451,0.541
mongo-w1,2,2,452,0.482
mongo-w1,2,2,453,0.507
mongo-w1,2,2,454,0.918
mongo-w1,2,2,455,0.563
mongo-w1,2,2,456,0.55
mongo-w1,2,2,457,0.459
mongo-w1,2,2,458,0.466
mongo-w1,2,2,459,0.431
mongo-w1,2,2,460,0.745
mongo-w1,2,2,461,1.019
mongo-w1,2,2,462,0.662
mongo-w1,2,2,463,0.522
mongo-w1,2,2,464,0.493
mongo-w1,2,2,465,0.325
mongo-w1,2,2,466,0.536
mongo-w1,2,2,467,0.422
mongo-w1,2,3,1,8.015
mongo-w1,2,3,2,1.189
mongo-w1,2,3,3,0.524
mongo-w1,2,3,4,0.322
mongo-w1,2,3,5,0.813
mongo-w1,2,3,6,0.474
mongo-w1,2,3,7,0.809
mongo-w1,2,3,8,0.572
mongo-w1,2,3,9,0.443
mongo-w1,2,3,10,0.63
mongo-w1,2,3,11,0.943
mongo-w1,2,3,12,0.787
mongo-w1,2,3,13,0.874
mongo-w1,2,3,14,0.381
mongo-w1,2,3,15,0.847
mongo-w1,2,3,16,0.497
mongo-w1,2,3,17,0.359
mongo-w1,2,3,18,0.404
mongo-w1,2,3,19,1.032
mongo-w1,2,3,20,0.682
mongo-w1,2,3,21,0.311
mongo-w1,2,3,22,0.532
mongo-w1,2,3,23,0.533
mongo-w1,2,3,24,0.623
mongo-w1,2,3,25,0.322
mongo-w1,2,3,26,0.593
mongo-w1,2,3,27,0.402
mongo-w1,2,3,28,0.937
mongo-w1,2,3,29,0.466
mongo-w1,2,3,30,0.361
mongo-w1,2,3,31,0.248
mongo-w1,2,3,32,0.708
mongo-w1,2,3,33,0.472
mongo-w1,2,3,34,0.522
mongo-w1,2,3,35,0.413
mongo-w1,2,3,36,0.477
mongo-w1,2,3,37,0.344
mongo-w1,2,3,38,0.598
mongo-w1,2,3,39,0.293
mongo-w1,2,3,40,0.241
mongo-w1,2,3,41,0.354
mongo-w1,2,3,42,0.63
mongo-w1,2,3,43,0.764
mongo-w1,2,3,44,0.482
mongo-w1,2,3,45,0.518
mongo-w1,2,3,46,0.646
mongo-w1,2,3,47,0.289
mongo-w1,2,3,48,0.802
mongo-w1,2,3,49,0.379
mongo-w1,2,3,50,0.488
mongo-w1,2,3,51,1.022
mongo-w1,2,3,52,0.591
mongo-w1,2,3,53,1.195
mongo-w1,2,3,54,0.755
mongo-w1,2,3,55,0.52
mongo-w1,2,3,56,0.456
mongo-w1,2,3,57,0.434
mongo-w1,2,3,58,0.796
mongo-w1,2,3,59,0.553
mongo-w1,2,3,60,0.698
mongo-w1,2,3,61,0.553
mongo-w1,2,3,62,0.592
mongo-w1,2,3,63,0.472
mongo-w1,2,3,64,0.929
mongo-w1,2,3,65,0.44
mongo-w1,2,3,66,0.437
mongo-w1,2,3,67,0.421
mongo-w1,2,3,68,0.412
mongo-w1,2,3,69,3.191
mongo-w1,2,3,70,0.584
mongo-w1,2,3,71,0.452
mongo-w1,2,3,72,0.346
mongo-w1,2,3,73,0.404
mongo-w1,2,3,74,0.499
mongo-w1,2,3,75,0.371
mongo-w1,2,3,76,0.283
mongo-w1,2,3,77,0.593
mongo-w1,2,3,78,0.745
mongo-w1,2,3,79,0.555
mongo-w1,2,3,80,0.789
mongo-w1,2,3,81,0.39
mongo-w1,2,3,82,2.037
mongo-w1,2,3,83,0.357
mongo-w1,2,3,84,0.4
mongo-w1,2,3,85,0.67
mongo-w1,2,3,86,0.378
mongo-w1,2,3,87,0.353
mongo-w1,2,3,88,0.388
mongo-w1,2,3,89,0.304
mongo-w1,2,3,90,1.05
mongo-w1,2,3,91,0.683
mongo-w1,2,3,92,0.262
mongo-w1,2,3,93,0.45
mongo-w1,2,3,94,0.544
mongo-w1,2,3,95,1.109
mongo-w1,2,3,96,0.405
mongo-w1,2,3,97,0.565
mongo-w1,2,3,98,0.54
mongo-w1,2,3,99,0.744
mongo-w1,2,3,100,0.524
mongo-w1,2,3,101,0.35
mongo-w1,2,3,102,0.427
mongo-w1,2,3,103,0.576
mongo-w1,2,3,104,0.314
mongo-w1,2,3,105,0.553
mongo-w1,2,3,106,0.455
mongo-w1,2,3,107,0.47
mongo-w1,2,3,108,0.363
mongo-w1,2,3,109,0.385
mongo-w1,2,3,110,0.598
mongo-w1,2,3,111,0.313
mongo-w1,2,3,112,0.714
mongo-w1,2,3,113,0.498
mongo-w1,2,3,114,0.359
mongo-w1,2,3,115,0.438
mongo-w1,2,3,116,0.289
mongo-w1,2,3,117,0.477
mongo-w1,2,3,118,0.564
mongo-w1,2,3,119,0.428
mongo-w1,2,3,120,0.358
mongo-w1,2,3,121,0.517
mongo-w1,2,3,122,0.432
mongo-w1,2,3,123,0.413
mongo-w1,2,3,124,0.445
mongo-w1,2,3,125,0.397
mongo-w1,2,3,126,0.453
mongo-w1,2,3,127,0.913
mongo-w1,2,3,128,0.491
mongo-w1,2,3,129,0.496
mongo-w1,2,3,130,0.641
mongo-w1,2,3,131,0.419
mongo-w1,2,3,132,0.446
mongo-w1,2,3,133,0.515
mongo-w1,2,3,134,0.341
mongo-w1,2,3,135,0.536
mongo-w1,2,3,136,0.693
mongo-w1,2,3,137,0.869
mongo-w1,2,3,138,0.623
mongo-w1,2,3,139,0.503
mongo-w1,2,3,140,0.48
mongo-w1,2,3,141,0.506
mongo-w1,2,3,142,0.499
mongo-w1,2,3,143,0.321
mongo-w1,2,3,144,0.489
mongo-w1,2,3,145,0.623
mongo-w1,2,3,146,0.438
mongo-w1,2,3,147,0.434
mongo-w1,2,3,148,0.437
mongo-w1,2,3,149,0.337
mongo-w1,2,3,150,0.323
mongo-w1,2,3,151,0.339
mongo-w1,2,3,152,0.644
mongo-w1,2,3,153,0.419
mongo-w1,2,3,154,0.759
mongo-w1,2,3,155,0.791
mongo-w1,2,3,156,0.547
mongo-w1,2,3,157,0.534
mongo-w1,2,3,158,0.531
mongo-w1,2,3,159,0.564
mongo-w1,2,3,160,0.841
mongo-w1,2,3,161,0.515
mongo-w1,2,3,162,0.645
mongo-w1,2,3,163,1.237
mongo-w1,2,3,164,0.771
mongo-w1,2,3,165,0.779
mongo-w1,2,3,166,0.428
mongo-w1,2,3,167,0.461
mongo-w1,2,3,168,0.743
mongo-w1,2,3,169,0.452
mongo-w1,2,3,170,0.62
mongo-w1,2,3,171,0.49
mongo-w1,2,3,172,0.585
mongo-w1,2,3,173,0.328
mongo-w1,2,3,174,0.433
mongo-w1,2,3,175,0.44
mongo-w1,2,3,176,0.739
mongo-w1,2,3,177,0.331
mongo-w1,2,3,178,0.336
mongo-w1,2,3,179,0.481
mongo-w1,2,3,180,0.328
mongo-w1,2,3,181,0.627
mongo-w1,2,3,182,0.739
mongo-w1,2,3,183,0.383
mongo-w1,2,3,184,0.473
mongo-w1,2,3,185,0.773
mongo-w1,2,3,186,0.476
mongo-w1,2,3,187,0.509
mongo-w1,2,3,188,0.504
mongo-w1,2,3,189,0.44
mongo-w1,2,3,190,0.502
mongo-w1,2,3,191,0.489
mongo-w1,2,3,192,0.345
mongo-w1,2,3,193,0.375
mongo-w1,2,3,194,0.381
mongo-w1,2,3,195,0.544
mongo-w1,2,3,196,0.805
mongo-w1,2,3,197,0.965
mongo-w1,2,3,198,0.453
mongo-w1,2,3,199,1.59
mongo-w1,2,3,200,0.936
mongo-w1,2,3,201,0.442
mongo-w1,2,3,202,0.859
mongo-w1,2,3,203,0.427
mongo-w1,2,3,204,0.579
mongo-w1,2,3,205,0.387
mongo-w1,2,3,206,0.283
mongo-w1,2,3,207,0.707
mongo-w1,2,3,208,0.55
mongo-w1,2,3,209,0.348
mongo-w1,2,3,210,0.71
mongo-w1,2,3,211,0.546
mongo-w1,2,3,212,0.635
mongo-w1,2,3,213,0.576
mongo-w1,2,3,214,0.606
mongo-w1,2,3,215,0.762
mongo-w1,2,3,216,0.52
mongo-w1,2,3,217,0.579
mongo-w1,2,3,218,0.509
mongo-w1,2,3,219,0.459
mongo-w1,2,3,220,0.313
mongo-w1,2,3,221,0.555
mongo-w1,2,3,222,0.295
mongo-w1,2,3,223,0.499
mongo-w1,2,3,224,0.755
mongo-w1,2,3,225,0.426
mongo-w1,2,3,226,0.603
mongo-w1,2,3,227,0.648
mongo-w1,2,3,228,0.433
mongo-w1,2,3,229,0.376
mongo-w1,2,3,230,0.553
mongo-w1,2,3,231,0.499
mongo-w1,2,3,232,0.338
mongo-w1,2,3,233,0.298
mongo-w1,2,3,234,0.615
mongo-w1,2,3,235,0.555
mongo-w1,2,3,236,0.366
mongo-w1,2,3,237,0.313
mongo-w1,2,3,238,0.358
mongo-w1,2,3,239,0.375
mongo-w1,2,3,240,0.767
mongo-w1,2,3,241,0.463
mongo-w1,2,3,242,0.634
mongo-w1,2,3,243,0.71
mongo-w1,2,3,244,0.645
mongo-w1,2,3,245,0.44
mongo-w1,2,3,246,0.285
mongo-w1,2,3,247,0.329
mongo-w1,2,3,248,0.371
mongo-w1,2,3,249,0.39
mongo-w1,2,3,250,0.57
mongo-w1,2,3,251,0.324
mongo-w1,2,3,252,0.491
mongo-w1,2,3,253,0.416
mongo-w1,2,3,254,0.518
mongo-w1,2,3,255,0.739
mongo-w1,2,3,256,0.563
mongo-w1,2,3,257,0.377
mongo-w1,2,3,258,0.366
mongo-w1,2,3,259,0.29
mongo-w1,2,3,260,0.294
mongo-w1,2,3,261,0.265
mongo-w1,2,3,262,0.28
mongo-w1,2,3,263,0.317
mongo-w1,2,3,264,0.304
mongo-w1,2,3,265,0.339
mongo-w1,2,3,266,0.681
mongo-w1,2,3,267,0.402
mongo-w1,2,3,268,0.374
mongo-w1,2,3,269,0.868
mongo-w1,2,3,270,0.406
mongo-w1,2,3,271,0.509
mongo-w1,2,3,272,0.759
mongo-w1,2,3,273,0.354
mongo-w1,2,3,274,0.284
mongo-w1,2,3,275,0.281
mongo-w1,2,3,276,0.277
mongo-w1,2,3,277,0.784
mongo-w1,2,3,278,0.387
mongo-w1,2,3,279,0.414
mongo-w1,2,3,280,0.64
mongo-w1,2,3,281,0.642
mongo-w1,2,3,282,0.554
mongo-w1,2,3,283,0.358
mongo-w1,2,3,284,0.402
mongo-w1,2,3,285,0.607
mongo-w1,2,3,286,0.597
mongo-w1,2,3,287,0.461
mongo-w1,2,3,288,0.43
mongo-w1,2,3,289,0.371
mongo-w1,2,3,290,0.481
mongo-w1,2,3,291,0.444
mongo-w1,2,3,292,1.601
mongo-w1,2,3,293,0.395
mongo-w1,2,3,294,0.304
mongo-w1,2,3,295,0.472
mongo-w1,2,3,296,0.463
mongo-w1,2,3,297,0.277
mongo-w1,2,3,298,0.296
mongo-w1,2,3,299,0.458
mongo-w1,2,3,300,0.518
mongo-w1,2,3,301,0.536
mongo-w1,2,3,302,0.377
mongo-w1,2,3,303,0.505
mongo-w1,2,3,304,0.406
mongo-w1,2,3,305,0.521
mongo-w1,2,3,306,0.575
mongo-w1,2,3,307,0.372
mongo-w1,2,3,308,0.41
mongo-w1,2,3,309,0.582
mongo-w1,2,3,310,0.3
mongo-w1,2,3,311,0.501
mongo-w1,2,3,312,0.426
mongo-w1,2,3,313,0.398
mongo-w1,2,3,314,0.683
mongo-w1,2,3,315,0.618
mongo-w1,2,3,316,0.416
mongo-w1,2,3,317,0.758
mongo-w1,2,3,318,0.553
mongo-w1,2,3,319,0.431
mongo-w1,2,3,320,0.316
mongo-w1,2,3,321,0.793
mongo-w1,2,3,322,0.499
mongo-w1,2,3,323,0.821
mongo-w1,2,3,324,0.389
mongo-w1,2,3,325,0.447
mongo-w1,2,3,326,0.494
mongo-w1,2,3,327,0.498
mongo-w1,2,3,328,0.517
mongo-w1,2,3,329,0.506
mongo-w1,2,3,330,0.66
mongo-w1,2,3,331,0.442
mongo-w1,2,3,332,0.332
mongo-w1,2,3,333,0.486
mongo-w1,2,3,334,0.409
mongo-w1,2,3,335,0.406
mongo-w1,2,3,336,0.581
mongo-w1,2,3,337,0.323
mongo-w1,2,3,338,0.355
mongo-w1,2,3,339,0.437
mongo-w1,2,3,340,0.706
mongo-w1,2,3,341,0.545
mongo-w1,2,3,342,0.435
mongo-w1,2,3,343,0.363
mongo-w1,2,3,344,0.637
mongo-w1,2,3,345,0.561
mongo-w1,2,3,346,0.551
mongo-w1,2,3,347,0.449
mongo-w1,2,3,348,0.519
mongo-w1,2,3,349,0.393
mongo-w1,2,3,350,0.469
mongo-w1,2,3,351,0.58
mongo-w1,2,3,352,0.468
mongo-w1,2,3,353,0.484
mongo-w1,2,3,354,0.602
mongo-w1,2,3,355,0.321
mongo-w1,2,3,356,0.532
mongo-w1,2,3,357,0.343
mongo-w1,2,3,358,0.655
mongo-w1,2,3,359,0.724
mongo-w1,2,3,360,0.396
mongo-w1,2,3,361,0.387
mongo-w1,2,3,362,0.289
mongo-w1,2,3,363,0.637
mongo-w1,2,3,364,0.507
mongo-w1,2,3,365,0.32
mongo-w1,2,3,366,0.227
mongo-w1,2,3,367,0.23
mongo-w1,2,3,368,0.419
mongo-w1,2,3,369,0.741
mongo-w1,2,3,370,0.348
mongo-w1,2,3,371,0.526
mongo-w1,2,3,372,0.296
mongo-w1,2,3,373,0.223
mongo-w1,2,3,374,0.244
mongo-w1,2,3,375,0.438
mongo-w1,2,3,376,0.252
mongo-w1,2,3,377,0.616
mongo-w1,2,3,378,0.377
mongo-w1,2,3,379,0.706
mongo-w1,2,3,380,0.821
mongo-w1,2,3,381,0.636
mongo-w1,2,3,382,0.542
mongo-w1,2,3,383,0.572
mongo-w1,2,3,384,0.421
mongo-w1,2,3,385,0.375
mongo-w1,2,3,386,0.457
mongo-w1,2,3,387,0.671
mongo-w1,2,3,388,0.416
mongo-w1,2,3,389,0.307
mongo-w1,2,3,390,0.318
mongo-w1,2,3,391,0.628
mongo-w1,2,3,392,0.462
mongo-w1,2,3,393,0.421
mongo-w1,2,3,394,0.374
mongo-w1,2,3,395,0.344
mongo-w1,2,3,396,0.272
mongo-w1,2,3,397,0.586
mongo-w1,2,3,398,0.528
mongo-w1,2,3,399,0.372
mongo-w1,2,3,400,0.449
mongo-w1,2,3,401,0.312
mongo-w1,2,3,402,0.504
mongo-w1,2,3,403,0.403
mongo-w1,2,3,404,0.452
mongo-w1,2,3,405,0.323
mongo-w1,2,3,406,0.602
mongo-w1,2,3,407,0.536
mongo-w1,2,3,408,0.606
mongo-w1,2,3,409,0.299
mongo-w1,2,3,410,0.617
mongo-w1,2,3,411,0.617
mongo-w1,2,3,412,0.474
mongo-w1,2,3,413,0.761
mongo-w1,2,3,414,0.579
mongo-w1,2,3,415,0.639
mongo-w1,2,3,416,0.598
mongo-w1,2,3,417,0.455
mongo-w1,2,3,418,0.292
mongo-w1,2,3,419,0.914
mongo-w1,2,3,420,0.301
mongo-w1,2,3,421,0.637
mongo-w1,2,3,422,0.329
mongo-w1,2,3,423,0.488
mongo-w1,2,3,424,0.302
mongo-w1,2,3,425,0.484
mongo-w1,2,3,426,0.601
mongo-w1,2,3,427,0.749
mongo-w1,2,3,428,0.706
mongo-w1,2,3,429,1.065
mongo-w1,2,3,430,0.783
mongo-w1,2,3,431,0.654
mongo-w1,2,3,432,0.802
mongo-w1,2,3,433,0.371
mongo-w1,2,3,434,0.404
mongo-w1,2,3,435,0.497
mongo-w1,2,3,436,0.45
mongo-w1,2,3,437,0.393
mongo-w1,2,3,438,0.366
mongo-w1,2,3,439,0.331
mongo-w1,2,3,440,0.635
mongo-w1,2,3,441,0.804
mongo-w1,2,3,442,0.462
mongo-w1,2,3,443,0.41
mongo-w1,2,3,444,0.733
mongo-w1,2,3,445,0.514
mongo-w1,2,3,446,0.397
mongo-w1,2,3,447,0.405
mongo-w1,2,3,448,0.397
mongo-w1,2,3,449,0.611
mongo-w1,2,3,450,0.557
mongo-w1,2,3,451,0.311
mongo-w1,2,3,452,0.408
mongo-w1,2,3,453,0.352
mongo-w1,2,3,454,0.408
mongo-w1,2,3,455,0.511
mongo-w1,2,3,456,0.435
mongo-w1,2,3,457,0.412
mongo-w1,2,3,458,0.395
mongo-w1,2,3,459,0.272
mongo-w1,2,3,460,0.272
mongo-w1,2,3,461,0.236
mongo-w1,2,3,462,0.252
mongo-w1,2,3,463,0.222
mongo-w1,2,3,464,0.234
mongo-w1,2,3,465,0.228
mongo-w1,2,3,466,0.232
mongo-w1,2,3,467,0.19
mongo-majority,2,1,1,20.994
mongo-majority,2,1,2,6.747
mongo-majority,2,1,3,4.586
mongo-majority,2,1,4,4.861
mongo-majority,2,1,5,5.126
mongo-majority,2,1,6,3.945
mongo-majority,2,1,7,4.568
mongo-majority,2,1,8,4.594
mongo-majority,2,1,9,4.605
mongo-majority,2,1,10,4.471
mongo-majority,2,1,11,4.674
mongo-majority,2,1,12,4.927
mongo-majority,2,1,13,5.524
mongo-majority,2,1,14,5.389
mongo-majority,2,1,15,4.907
mongo-majority,2,1,16,4.577
mongo-majority,2,1,17,4.537
mongo-majority,2,1,18,4.661
mongo-majority,2,1,19,4.703
mongo-majority,2,1,20,4.537
mongo-majority,2,1,21,4.548
mongo-majority,2,1,22,4.736
mongo-majority,2,1,23,4.749
mongo-majority,2,1,24,5.967
mongo-majority,2,1,25,6.159
mongo-majority,2,1,26,7.559
mongo-majority,2,1,27,6.179
mongo-majority,2,1,28,4.877
mongo-majority,2,1,29,4.537
mongo-majority,2,1,30,4.511
mongo-majority,2,1,31,4.883
mongo-majority,2,1,32,4.511
mongo-majority,2,1,33,7.947
mongo-majority,2,1,34,6.914
mongo-majority,2,1,35,5.054
mongo-majority,2,1,36,4.584
mongo-majority,2,1,37,4.75
mongo-majority,2,1,38,5.09
mongo-majority,2,1,39,4.509
mongo-majority,2,1,40,4.651
mongo-majority,2,1,41,4.955
mongo-majority,2,1,42,4.562
mongo-majority,2,1,43,4.522
mongo-majority,2,1,44,5.297
mongo-majority,2,1,45,7.338
mongo-majority,2,1,46,5.413
mongo-majority,2,1,47,5.382
mongo-majority,2,1,48,5.618
mongo-majority,2,1,49,6.761
mongo-majority,2,1,50,5.403
mongo-majority,2,1,51,5.368
mongo-majority,2,1,52,4.558
mongo-majority,2,1,53,4.861
mongo-majority,2,1,54,4.4
mongo-majority,2,1,55,4.616
mongo-majority,2,1,56,4.389
mongo-majority,2,1,57,4.734
mongo-majority,2,1,58,4.344
mongo-majority,2,1,59,7.062
mongo-majority,2,1,60,6.446
mongo-majority,2,1,61,4.54
mongo-majority,2,1,62,4.541
mongo-majority,2,1,63,5.256
mongo-majority,2,1,64,4.134
mongo-majority,2,1,65,4.496
mongo-majority,2,1,66,4.639
mongo-majority,2,1,67,5.374
mongo-majority,2,1,68,4.35
mongo-majority,2,1,69,4.652
mongo-majority,2,1,70,4.713
mongo-majority,2,1,71,4.575
mongo-majority,2,1,72,4.408
mongo-majority,2,1,73,4.976
mongo-majority,2,1,74,4.312
mongo-majority,2,1,75,4.391
mongo-majority,2,1,76,4.585
mongo-majority,2,1,77,4.914
mongo-majority,2,1,78,4.442
mongo-majority,2,1,79,4.858
mongo-majority,2,1,80,4.569
mongo-majority,2,1,81,5.38
mongo-majority,2,1,82,4.246
mongo-majority,2,1,83,5.716
mongo-majority,2,1,84,5.439
mongo-majority,2,1,85,5.451
mongo-majority,2,1,86,4.59
mongo-majority,2,1,87,4.874
mongo-majority,2,1,88,4.932
mongo-majority,2,1,89,4.515
mongo-majority,2,1,90,4.631
mongo-majority,2,1,91,4.863
mongo-majority,2,1,92,13.689
mongo-majority,2,1,93,4.333
mongo-majority,2,1,94,4.511
mongo-majority,2,1,95,4.621
mongo-majority,2,1,96,4.59
mongo-majority,2,1,97,4.786
mongo-majority,2,1,98,4.772
mongo-majority,2,1,99,5.577
mongo-majority,2,1,100,5.593
mongo-majority,2,1,101,4.615
mongo-majority,2,1,102,4.418
mongo-majority,2,1,103,4.432
mongo-majority,2,1,104,4.516
mongo-majority,2,1,105,4.48
mongo-majority,2,1,106,4.7
mongo-majority,2,1,107,4.599
mongo-majority,2,1,108,4.438
mongo-majority,2,1,109,4.545
mongo-majority,2,1,110,4.502
mongo-majority,2,1,111,4.8
mongo-majority,2,1,112,4.474
mongo-majority,2,1,113,4.498
mongo-majority,2,1,114,4.433
mongo-majority,2,1,115,4.629
mongo-majority,2,1,116,4.341
mongo-majority,2,1,117,4.733
mongo-majority,2,1,118,4.414
mongo-majority,2,1,119,4.45
mongo-majority,2,1,120,4.508
mongo-majority,2,1,121,4.488
mongo-majority,2,1,122,4.635
mongo-majority,2,1,123,4.575
mongo-majority,2,1,124,4.827
mongo-majority,2,1,125,4.496
mongo-majority,2,1,126,4.391
mongo-majority,2,1,127,4.603
mongo-majority,2,1,128,4.585
mongo-majority,2,1,129,4.529
mongo-majority,2,1,130,4.726
mongo-majority,2,1,131,4.255
mongo-majority,2,1,132,4.428
mongo-majority,2,1,133,4.415
mongo-majority,2,1,134,4.417
mongo-majority,2,1,135,4.549
mongo-majority,2,1,136,4.475
mongo-majority,2,1,137,4.36
mongo-majority,2,1,138,4.664
mongo-majority,2,1,139,4.6
mongo-majority,2,1,140,4.598
mongo-majority,2,1,141,4.566
mongo-majority,2,1,142,4.473
mongo-majority,2,1,143,4.546
mongo-majority,2,1,144,4.448
mongo-majority,2,1,145,4.442
mongo-majority,2,1,146,4.439
mongo-majority,2,1,147,4.389
mongo-majority,2,1,148,4.798
mongo-majority,2,1,149,4.418
mongo-majority,2,1,150,4.534
mongo-majority,2,1,151,4.756
mongo-majority,2,1,152,4.41
mongo-majority,2,1,153,4.494
mongo-majority,2,1,154,4.429
mongo-majority,2,1,155,4.485
mongo-majority,2,1,156,4.466
mongo-majority,2,1,157,4.661
mongo-majority,2,1,158,4.411
mongo-majority,2,1,159,4.705
mongo-majority,2,1,160,4.471
mongo-majority,2,1,161,4.512
mongo-majority,2,1,162,4.445
mongo-majority,2,1,163,4.445
mongo-majority,2,1,164,4.431
mongo-majority,2,1,165,4.446
mongo-majority,2,1,166,4.414
mongo-majority,2,1,167,4.415
mongo-majority,2,1,168,4.512
mongo-majority,2,1,169,4.752
mongo-majority,2,1,170,4.717
mongo-majority,2,1,171,4.545
mongo-majority,2,1,172,4.459
mongo-majority,2,1,173,4.838
mongo-majority,2,1,174,4.628
mongo-majority,2,1,175,4.476
mongo-majority,2,1,176,4.724
mongo-majority,2,1,177,4.597
mongo-majority,2,1,178,4.961
mongo-majority,2,1,179,5.696
mongo-majority,2,1,180,5.588
mongo-majority,2,1,181,4.869
mongo-majority,2,1,182,4.41
mongo-majority,2,1,183,4.599
mongo-majority,2,1,184,4.488
mongo-majority,2,1,185,4.527
mongo-majority,2,1,186,4.478
mongo-majority,2,1,187,4.585
mongo-majority,2,1,188,4.569
mongo-majority,2,1,189,4.663
mongo-majority,2,1,190,4.602
mongo-majority,2,1,191,4.789
mongo-majority,2,1,192,4.605
mongo-majority,2,1,193,4.599
mongo-majority,2,1,194,4.678
mongo-majority,2,1,195,5.502
mongo-majority,2,1,196,5.691
mongo-majority,2,1,197,4.547
mongo-majority,2,1,198,4.472
mongo-majority,2,1,199,4.471
mongo-majority,2,1,200,4.615
mongo-majority,2,1,201,5.106
mongo-majority,2,1,202,4.374
mongo-majority,2,1,203,4.625
mongo-majority,2,1,204,4.436
mongo-majority,2,1,205,4.742
mongo-majority,2,1,206,4.417
mongo-majority,2,1,207,4.763
mongo-majority,2,1,208,4.565
mongo-majority,2,1,209,4.516
mongo-majority,2,1,210,4.594
mongo-majority,2,1,211,4.674
mongo-majority,2,1,212,4.974
mongo-majority,2,1,213,4.516
mongo-majority,2,1,214,6.406
mongo-majority,2,1,215,5.996
mongo-majority,2,1,216,4.58
mongo-majority,2,1,217,5.128
mongo-majority,2,1,218,5.121
mongo-majority,2,1,219,4.637
mongo-majority,2,1,220,4.826
mongo-majority,2,1,221,6.544
mongo-majority,2,1,222,4.635
mongo-majority,2,1,223,6.111
mongo-majority,2,1,224,5.274
mongo-majority,2,1,225,4.543
mongo-majority,2,1,226,5.207
mongo-majority,2,1,227,7.652
mongo-majority,2,1,228,5.23
mongo-majority,2,1,229,6.16
mongo-majority,2,1,230,5.018
mongo-majority,2,1,231,5.119
mongo-majority,2,1,232,4.547
mongo-majority,2,1,233,4.471
mongo-majority,2,1,234,4.884
mongo-majority,2,1,235,5.084
mongo-majority,2,1,236,6.967
mongo-majority,2,1,237,6.875
mongo-majority,2,1,238,4.741
mongo-majority,2,1,239,5.133
mongo-majority,2,1,240,5.077
mongo-majority,2,1,241,7.696
mongo-majority,2,1,242,5.783
mongo-majority,2,1,243,6.181
mongo-majority,2,1,244,4.96
mongo-majority,2,1,245,4.52
mongo-majority,2,1,246,4.543
mongo-majority,2,1,247,4.598
mongo-majority,2,1,248,4.645
mongo-majority,2,1,249,5.343
mongo-majority,2,1,250,6.762
mongo-majority,2,1,251,5.048
mongo-majority,2,1,252,5.973
mongo-majority,2,1,253,6.07
mongo-majority,2,1,254,4.875
mongo-majority,2,1,255,4.837
mongo-majority,2,1,256,4.468
mongo-majority,2,1,257,4.646
mongo-majority,2,1,258,4.451
mongo-majority,2,1,259,5.44
mongo-majority,2,1,260,4.435
mongo-majority,2,1,261,5.97
mongo-majority,2,1,262,6.854
mongo-majority,2,1,263,5.548
mongo-majority,2,1,264,4.338
mongo-majority,2,1,265,4.821
mongo-majority,2,1,266,4.519
mongo-majority,2,1,267,4.766
mongo-majority,2,1,268,5.011
mongo-majority,2,1,269,4.339
mongo-majority,2,1,270,4.883
mongo-majority,2,1,271,4.808
mongo-majority,2,1,272,7.313
mongo-majority,2,1,273,5.203
mongo-majority,2,1,274,4.473
mongo-majority,2,1,275,7.776
mongo-majority,2,1,276,6.134
mongo-majority,2,1,277,7.215
mongo-majority,2,1,278,6.456
mongo-majority,2,1,279,4.7
mongo-majority,2,1,280,4.925
mongo-majority,2,1,281,4.871
mongo-majority,2,1,282,7.271
mongo-majority,2,1,283,6.606
mongo-majority,2,1,284,4.655
mongo-majority,2,1,285,4.915
mongo-majority,2,1,286,7.143
mongo-majority,2,1,287,6.43
mongo-majority,2,1,288,7.175
mongo-majority,2,1,289,7.115
mongo-majority,2,1,290,4.817
mongo-majority,2,1,291,5.383
mongo-majority,2,1,292,7.339
mongo-majority,2,1,293,5.073
mongo-majority,2,1,294,7.118
mongo-majority,2,1,295,5.948
mongo-majority,2,1,296,5.589
mongo-majority,2,1,297,7.064
mongo-majority,2,1,298,6.269
mongo-majority,2,1,299,5.571
mongo-majority,2,1,300,7.161
mongo-majority,2,1,301,7.298
mongo-majority,2,1,302,7.464
mongo-majority,2,1,303,6.356
mongo-majority,2,1,304,5.03
mongo-majority,2,1,305,4.521
mongo-majority,2,1,306,4.888
mongo-majority,2,1,307,4.48
mongo-majority,2,1,308,4.669
mongo-majority,2,1,309,5.076
mongo-majority,2,1,310,4.626
mongo-majority,2,1,311,4.633
mongo-majority,2,1,312,5.741
mongo-majority,2,1,313,5.57
mongo-majority,2,1,314,4.765
mongo-majority,2,1,315,4.678
mongo-majority,2,1,316,4.706
mongo-majority,2,1,317,4.402
mongo-majority,2,1,318,4.441
mongo-majority,2,1,319,4.606
mongo-majority,2,1,320,4.822
mongo-majority,2,1,321,4.485
mongo-majority,2,1,322,4.684
mongo-majority,2,1,323,5.121
mongo-majority,2,1,324,4.395
mongo-majority,2,1,325,6.095
mongo-majority,2,1,326,4.922
mongo-majority,2,1,327,5.855
mongo-majority,2,1,328,4.735
mongo-majority,2,1,329,7.126
mongo-majority,2,1,330,6.489
mongo-majority,2,1,331,4.86
mongo-majority,2,1,332,8.549
mongo-majority,2,1,333,6.121
mongo-majority,2,1,334,8.073
mongo-majority,2,1,335,5.073
mongo-majority,2,1,336,7.29
mongo-majority,2,1,337,7.508
mongo-majority,2,1,338,6.499
mongo-majority,2,1,339,6.964
mongo-majority,2,1,340,8.468
mongo-majority,2,1,341,6.245
mongo-majority,2,1,342,10.675
mongo-majority,2,1,343,8.538
mongo-majority,2,1,344,4.627
mongo-majority,2,1,345,8.906
mongo-majority,2,1,346,7.117
mongo-majority,2,1,347,7.454
mongo-majority,2,1,348,6.503
mongo-majority,2,1,349,5.254
mongo-majority,2,1,350,6.963
mongo-majority,2,1,351,6.443
mongo-majority,2,1,352,9.829
mongo-majority,2,1,353,5.088
mongo-majority,2,1,354,7.01
mongo-majority,2,1,355,7.202
mongo-majority,2,1,356,7.267
mongo-majority,2,1,357,7.453
mongo-majority,2,1,358,6.54
mongo-majority,2,1,359,7.832
mongo-majority,2,1,360,5.154
mongo-majority,2,1,361,6.602
mongo-majority,2,1,362,4.717
mongo-majority,2,1,363,4.589
mongo-majority,2,1,364,7.8
mongo-majority,2,1,365,5.196
mongo-majority,2,1,366,6.614
mongo-majority,2,1,367,5.211
mongo-majority,2,1,368,4.657
mongo-majority,2,1,369,5.267
mongo-majority,2,1,370,4.829
mongo-majority,2,1,371,4.906
mongo-majority,2,1,372,4.747
mongo-majority,2,1,373,7.815
mongo-majority,2,1,374,7.859
mongo-majority,2,1,375,5.999
mongo-majority,2,1,376,5.951
mongo-majority,2,1,377,4.535
mongo-majority,2,1,378,7.828
mongo-majority,2,1,379,6.609
mongo-majority,2,1,380,6.539
mongo-majority,2,1,381,5.174
mongo-majority,2,1,382,7.013
mongo-majority,2,1,383,6.07
mongo-majority,2,1,384,5.62
mongo-majority,2,1,385,4.54
mongo-majority,2,1,386,4.595
mongo-majority,2,1,387,4.725
mongo-majority,2,1,388,4.459
mongo-majority,2,1,389,4.651
mongo-majority,2,1,390,4.506
mongo-majority,2,1,391,4.766
mongo-majority,2,1,392,4.603
mongo-majority,2,1,393,4.58
mongo-majority,2,1,394,5.661
mongo-majority,2,1,395,5.313
mongo-majority,2,1,396,4.796
mongo-majority,2,1,397,4.501
mongo-majority,2,1,398,4.589
mongo-majority,2,1,399,4.558
mongo-majority,2,1,400,4.509
mongo-majority,2,1,401,4.529
mongo-majority,2,1,402,4.587
mongo-majority,2,1,403,4.698
mongo-majority,2,1,404,4.404
mongo-majority,2,1,405,4.875
mongo-majority,2,1,406,4.842
mongo-majority,2,1,407,4.946
mongo-majority,2,1,408,5.32
mongo-majority,2,1,409,8.256
mongo-majority,2,1,410,8.925
mongo-majority,2,1,411,5.974
mongo-majority,2,1,412,6.643
mongo-majority,2,1,413,5.454
mongo-majority,2,1,414,7.513
mongo-majority,2,1,415,6.269
mongo-majority,2,1,416,5.903
mongo-majority,2,1,417,5.055
mongo-majority,2,1,418,8.742
mongo-majority,2,1,419,8.209
mongo-majority,2,1,420,5.74
mongo-majority,2,1,421,5.104
mongo-majority,2,1,422,5.055
mongo-majority,2,1,423,4.655
mongo-majority,2,1,424,4.475
mongo-majority,2,1,425,4.521
mongo-majority,2,1,426,4.484
mongo-majority,2,1,427,4.444
mongo-majority,2,1,428,4.541
mongo-majority,2,1,429,4.634
mongo-majority,2,1,430,4.529
mongo-majority,2,1,431,4.65
mongo-majority,2,1,432,4.352
mongo-majority,2,1,433,4.53
mongo-majority,2,1,434,4.556
mongo-majority,2,1,435,4.598
mongo-majority,2,1,436,4.752
mongo-majority,2,1,437,4.706
mongo-majority,2,1,438,5.3
mongo-majority,2,1,439,5.223
mongo-majority,2,1,440,5.061
mongo-majority,2,1,441,4.809
mongo-majority,2,1,442,4.883
mongo-majority,2,1,443,4.544
mongo-majority,2,1,444,4.979
mongo-majority,2,1,445,4.982
mongo-majority,2,1,446,4.941
mongo-majority,2,1,447,6.101
mongo-majority,2,1,448,5.635
mongo-majority,2,1,449,5.28
mongo-majority,2,1,450,4.686
mongo-majority,2,1,451,4.737
mongo-majority,2,1,452,4.536
mongo-majority,2,1,453,4.571
mongo-majority,2,1,454,4.796
mongo-majority,2,1,455,4.804
mongo-majority,2,1,456,4.464
mongo-majority,2,1,457,4.702
mongo-majority,2,1,458,4.678
mongo-majority,2,1,459,4.739
mongo-majority,2,1,460,4.648
mongo-majority,2,1,461,4.552
mongo-majority,2,1,462,5.676
mongo-majority,2,1,463,5.464
mongo-majority,2,1,464,4.905
mongo-majority,2,1,465,4.478
mongo-majority,2,1,466,4.844
mongo-majority,2,1,467,4.754
mongo-majority,2,2,1,18.935
mongo-majority,2,2,2,6.31
mongo-majority,2,2,3,4.877
mongo-majority,2,2,4,4.37
mongo-majority,2,2,5,4.47
mongo-majority,2,2,6,4.673
mongo-majority,2,2,7,4.62
mongo-majority,2,2,8,4.59
mongo-majority,2,2,9,4.487
mongo-majority,2,2,10,4.7
mongo-majority,2,2,11,4.417
mongo-majority,2,2,12,4.687
mongo-majority,2,2,13,4.588
mongo-majority,2,2,14,4.555
mongo-majority,2,2,15,4.377
mongo-majority,2,2,16,4.646
mongo-majority,2,2,17,4.501
mongo-majority,2,2,18,4.628
mongo-majority,2,2,19,4.661
mongo-majority,2,2,20,4.513
mongo-majority,2,2,21,4.52
mongo-majority,2,2,22,4.502
mongo-majority,2,2,23,4.959
mongo-majority,2,2,24,4.539
mongo-majority,2,2,25,4.987
mongo-majority,2,2,26,4.872
mongo-majority,2,2,27,4.532
mongo-majority,2,2,28,5.206
mongo-majority,2,2,29,5.386
mongo-majority,2,2,30,4.672
mongo-majority,2,2,31,4.537
mongo-majority,2,2,32,4.485
mongo-majority,2,2,33,4.582
mongo-majority,2,2,34,4.396
mongo-majority,2,2,35,4.489
mongo-majority,2,2,36,4.488
mongo-majority,2,2,37,4.501
mongo-majority,2,2,38,4.438
mongo-majority,2,2,39,4.622
mongo-majority,2,2,40,4.415
mongo-majority,2,2,41,4.822
mongo-majority,2,2,42,4.484
mongo-majority,2,2,43,4.751
mongo-majority,2,2,44,4.679
mongo-majority,2,2,45,4.718
mongo-majority,2,2,46,4.829
mongo-majority,2,2,47,5.436
mongo-majority,2,2,48,5.647
mongo-majority,2,2,49,4.438
mongo-majority,2,2,50,4.617
mongo-majority,2,2,51,4.45
mongo-majority,2,2,52,4.527
mongo-majority,2,2,53,4.672
mongo-majority,2,2,54,4.636
mongo-majority,2,2,55,4.457
mongo-majority,2,2,56,4.544
mongo-majority,2,2,57,4.739
mongo-majority,2,2,58,4.763
mongo-majority,2,2,59,4.534
mongo-majority,2,2,60,5.347
mongo-majority,2,2,61,5.609
mongo-majority,2,2,62,4.398
mongo-majority,2,2,63,4.481
mongo-majority,2,2,64,4.651
mongo-majority,2,2,65,4.443
mongo-majority,2,2,66,4.466
mongo-majority,2,2,67,4.431
mongo-majority,2,2,68,4.426
mongo-majority,2,2,69,4.377
mongo-majority,2,2,70,4.849
mongo-majority,2,2,71,4.851
mongo-majority,2,2,72,4.529
mongo-majority,2,2,73,4.372
mongo-majority,2,2,74,4.993
mongo-majority,2,2,75,4.536
mongo-majority,2,2,76,4.517
mongo-majority,2,2,77,4.675
mongo-majority,2,2,78,4.675
mongo-majority,2,2,79,4.894
mongo-majority,2,2,80,4.821
mongo-majority,2,2,81,4.521
mongo-majority,2,2,82,5.666
mongo-majority,2,2,83,5.19
mongo-majority,2,2,84,4.708
mongo-majority,2,2,85,4.447
mongo-majority,2,2,86,4.457
mongo-majority,2,2,87,4.437
mongo-majority,2,2,88,4.474
mongo-majority,2,2,89,4.377
mongo-majority,2,2,90,4.456
mongo-majority,2,2,91,4.469
mongo-majority,2,2,92,4.411
mongo-majority,2,2,93,4.437
mongo-majority,2,2,94,4.503
mongo-majority,2,2,95,4.533
mongo-majority,2,2,96,4.54
mongo-majority,2,2,97,4.406
mongo-majority,2,2,98,4.447
mongo-majority,2,2,99,4.618
mongo-majority,2,2,100,4.581
mongo-majority,2,2,101,4.39
mongo-majority,2,2,102,4.471
mongo-majority,2,2,103,4.468
mongo-majority,2,2,104,4.523
mongo-majority,2,2,105,4.787
mongo-majority,2,2,106,4.294
mongo-majority,2,2,107,4.57
mongo-majority,2,2,108,4.361
mongo-majority,2,2,109,4.416
mongo-majority,2,2,110,4.413
mongo-majority,2,2,111,4.546
mongo-majority,2,2,112,4.806
mongo-majority,2,2,113,4.569
mongo-majority,2,2,114,4.747
mongo-majority,2,2,115,4.607
mongo-majority,2,2,116,4.635
mongo-majority,2,2,117,4.49
mongo-majority,2,2,118,4.417
mongo-majority,2,2,119,4.626
mongo-majority,2,2,120,4.507
mongo-majority,2,2,121,4.452
mongo-majority,2,2,122,4.738
mongo-majority,2,2,123,4.888
mongo-majority,2,2,124,4.739
mongo-majority,2,2,125,4.553
mongo-majority,2,2,126,4.627
mongo-majority,2,2,127,4.425
mongo-majority,2,2,128,4.526
mongo-majority,2,2,129,4.572
mongo-majority,2,2,130,5.544
mongo-majority,2,2,131,5.602
mongo-majority,2,2,132,5.189
mongo-majority,2,2,133,4.656
mongo-majority,2,2,134,4.471
mongo-majority,2,2,135,4.938
mongo-majority,2,2,136,4.834
mongo-majority,2,2,137,4.361
mongo-majority,2,2,138,4.519
mongo-majority,2,2,139,4.838
mongo-majority,2,2,140,4.477
mongo-majority,2,2,141,5.002
mongo-majority,2,2,142,4.793
mongo-majority,2,2,143,4.677
mongo-majority,2,2,144,5.709
mongo-majority,2,2,145,5.186
mongo-majority,2,2,146,4.673
mongo-majority,2,2,147,4.835
mongo-majority,2,2,148,4.602
mongo-majority,2,2,149,4.753
mongo-majority,2,2,150,4.535
mongo-majority,2,2,151,4.548
mongo-majority,2,2,152,4.418
mongo-majority,2,2,153,4.56
mongo-majority,2,2,154,4.556
mongo-majority,2,2,155,4.477
mongo-majority,2,2,156,4.681
mongo-majority,2,2,157,4.402
mongo-majority,2,2,158,4.609
mongo-majority,2,2,159,5.91
mongo-majority,2,2,160,7.529
mongo-majority,2,2,161,5.12
mongo-majority,2,2,162,4.503
mongo-majority,2,2,163,4.482
mongo-majority,2,2,164,4.509
mongo-majority,2,2,165,4.406
mongo-majority,2,2,166,4.484
mongo-majority,2,2,167,4.399
mongo-majority,2,2,168,4.44
mongo-majority,2,2,169,4.463
mongo-majority,2,2,170,4.431
mongo-majority,2,2,171,4.371
mongo-majority,2,2,172,4.414
mongo-majority,2,2,173,4.571
mongo-majority,2,2,174,4.894
mongo-majority,2,2,175,4.822
mongo-majority,2,2,176,4.512
mongo-majority,2,2,177,4.877
mongo-majority,2,2,178,4.718
mongo-majority,2,2,179,5.33
mongo-majority,2,2,180,5.545
mongo-majority,2,2,181,5.193
mongo-majority,2,2,182,4.325
mongo-majority,2,2,183,4.453
mongo-majority,2,2,184,4.421
mongo-majority,2,2,185,4.487
mongo-majority,2,2,186,4.516
mongo-majority,2,2,187,4.513
mongo-majority,2,2,188,4.517
mongo-majority,2,2,189,4.568
mongo-majority,2,2,190,4.821
mongo-majority,2,2,191,4.933
mongo-majority,2,2,192,5.166
mongo-majority,2,2,193,4.435
mongo-majority,2,2,194,5.668
mongo-majority,2,2,195,5.399
mongo-majority,2,2,196,5.332
mongo-majority,2,2,197,4.586
mongo-majority,2,2,198,4.695
mongo-majority,2,2,199,4.505
mongo-majority,2,2,200,4.449
mongo-majority,2,2,201,4.519
mongo-majority,2,2,202,4.832
mongo-majority,2,2,203,4.257
mongo-majority,2,2,204,4.505
mongo-majority,2,2,205,4.965
mongo-majority,2,2,206,4.773
mongo-majority,2,2,207,4.517
mongo-majority,2,2,208,4.563
mongo-majority,2,2,209,4.627
mongo-majority,2,2,210,4.516
mongo-majority,2,2,211,4.636
mongo-majority,2,2,212,5.098
mongo-majority,2,2,213,4.992
mongo-majority,2,2,214,4.538
mongo-majority,2,2,215,5.482
mongo-majority,2,2,216,5.889
mongo-majority,2,2,217,4.575
mongo-majority,2,2,218,4.432
mongo-majority,2,2,219,4.565
mongo-majority,2,2,220,4.661
mongo-majority,2,2,221,4.478
mongo-majority,2,2,222,4.427
mongo-majority,2,2,223,4.732
mongo-majority,2,2,224,4.764
mongo-majority,2,2,225,4.897
mongo-majority,2,2,226,4.732
mongo-majority,2,2,227,5.559
mongo-majority,2,2,228,5.724
mongo-majority,2,2,229,4.472
mongo-majority,2,2,230,4.595
mongo-majority,2,2,231,4.437
mongo-majority,2,2,232,4.467
mongo-majority,2,2,233,4.509
mongo-majority,2,2,234,4.717
mongo-majority,2,2,235,4.314
mongo-majority,2,2,236,4.535
mongo-majority,2,2,237,5.105
mongo-majority,2,2,238,4.413
mongo-majority,2,2,239,4.597
mongo-majority,2,2,240,4.447
mongo-majority,2,2,241,4.874
mongo-majority,2,2,242,4.551
mongo-majority,2,2,243,4.769
mongo-majority,2,2,244,4.767
mongo-majority,2,2,245,5.436
mongo-majority,2,2,246,5.251
mongo-majority,2,2,247,4.518
mongo-majority,2,2,248,4.381
mongo-majority,2,2,249,4.495
mongo-majority,2,2,250,4.565
mongo-majority,2,2,251,4.673
mongo-majority,2,2,252,4.61
mongo-majority,2,2,253,4.741
mongo-majority,2,2,254,4.685
mongo-majority,2,2,255,4.54
mongo-majority,2,2,256,4.727
mongo-majority,2,2,257,4.635
mongo-majority,2,2,258,4.575
mongo-majority,2,2,259,4.768
mongo-majority,2,2,260,4.645
mongo-majority,2,2,261,4.447
mongo-majority,2,2,262,4.713
mongo-majority,2,2,263,4.318
mongo-majority,2,2,264,4.603
mongo-majority,2,2,265,4.446
mongo-majority,2,2,266,4.518
mongo-majority,2,2,267,4.496
mongo-majority,2,2,268,4.56
mongo-majority,2,2,269,4.449
mongo-majority,2,2,270,4.629
mongo-majority,2,2,271,4.372
mongo-majority,2,2,272,4.522
mongo-majority,2,2,273,4.671
mongo-majority,2,2,274,4.693
mongo-majority,2,2,275,4.729
mongo-majority,2,2,276,4.558
mongo-majority,2,2,277,4.469
mongo-majority,2,2,278,4.416
mongo-majority,2,2,279,4.735
mongo-majority,2,2,280,4.54
mongo-majority,2,2,281,4.642
mongo-majority,2,2,282,4.65
mongo-majority,2,2,283,4.49
mongo-majority,2,2,284,4.519
mongo-majority,2,2,285,4.407
mongo-majority,2,2,286,4.452
mongo-majority,2,2,287,4.466
mongo-majority,2,2,288,5.26
mongo-majority,2,2,289,4.517
mongo-majority,2,2,290,4.454
mongo-majority,2,2,291,4.703
mongo-majority,2,2,292,4.811
mongo-majority,2,2,293,5.568
mongo-majority,2,2,294,5.247
mongo-majority,2,2,295,4.965
mongo-majority,2,2,296,4.895
mongo-majority,2,2,297,4.437
mongo-majority,2,2,298,4.733
mongo-majority,2,2,299,4.529
mongo-majority,2,2,300,4.671
mongo-majority,2,2,301,4.396
mongo-majority,2,2,302,4.629
mongo-majority,2,2,303,5.221
mongo-majority,2,2,304,5.59
mongo-majority,2,2,305,4.839
mongo-majority,2,2,306,5.171
mongo-majority,2,2,307,4.48
mongo-majority,2,2,308,4.528
mongo-majority,2,2,309,4.476
mongo-majority,2,2,310,4.817
mongo-majority,2,2,311,4.601
mongo-majority,2,2,312,4.554
mongo-majority,2,2,313,4.654
mongo-majority,2,2,314,4.582
mongo-majority,2,2,315,4.547
mongo-majority,2,2,316,4.706
mongo-majority,2,2,317,4.458
mongo-majority,2,2,318,4.614
mongo-majority,2,2,319,4.584
mongo-majority,2,2,320,4.631
mongo-majority,2,2,321,4.616
mongo-majority,2,2,322,4.431
mongo-majority,2,2,323,4.447
mongo-majority,2,2,324,4.578
mongo-majority,2,2,325,4.669
mongo-majority,2,2,326,4.402
mongo-majority,2,2,327,4.609
mongo-majority,2,2,328,4.694
mongo-majority,2,2,329,4.51
mongo-majority,2,2,330,4.537
mongo-majority,2,2,331,4.535
mongo-majority,2,2,332,4.412
mongo-majority,2,2,333,4.422
mongo-majority,2,2,334,4.432
mongo-majority,2,2,335,4.533
mongo-majority,2,2,336,4.447
mongo-majority,2,2,337,4.457
mongo-majority,2,2,338,4.552
mongo-majority,2,2,339,4.72
mongo-majority,2,2,340,4.583
mongo-majority,2,2,341,4.67
mongo-majority,2,2,342,4.776
mongo-majority,2,2,343,4.735
mongo-majority,2,2,344,5.351
mongo-majority,2,2,345,5.544
mongo-majority,2,2,346,4.775
mongo-majority,2,2,347,4.653
mongo-majority,2,2,348,4.641
mongo-majority,2,2,349,4.432
mongo-majority,2,2,350,4.642
mongo-majority,2,2,351,4.402
mongo-majority,2,2,352,4.625
mongo-majority,2,2,353,4.577
mongo-majority,2,2,354,4.679
mongo-majority,2,2,355,4.676
mongo-majority,2,2,356,4.432
mongo-majority,2,2,357,4.467
mongo-majority,2,2,358,4.474
mongo-majority,2,2,359,4.471
mongo-majority,2,2,360,4.844
mongo-majority,2,2,361,4.932
mongo-majority,2,2,362,4.802
mongo-majority,2,2,363,5.016
mongo-majority,2,2,364,5.32
mongo-majority,2,2,365,5.6
mongo-majority,2,2,366,4.828
mongo-majority,2,2,367,4.652
mongo-majority,2,2,368,4.456
mongo-majority,2,2,369,4.748
mongo-majority,2,2,370,4.561
mongo-majority,2,2,371,4.445
mongo-majority,2,2,372,4.643
mongo-majority,2,2,373,4.802
mongo-majority,2,2,374,4.913
mongo-majority,2,2,375,9.742
mongo-majority,2,2,376,7.9
mongo-majority,2,2,377,5.869
mongo-majority,2,2,378,4.443
mongo-majority,2,2,379,4.493
mongo-majority,2,2,380,4.513
mongo-majority,2,2,381,4.636
mongo-majority,2,2,382,4.387
mongo-majority,2,2,383,4.876
mongo-majority,2,2,384,4.808
mongo-majority,2,2,385,4.471
mongo-majority,2,2,386,5.458
mongo-majority,2,2,387,5.548
mongo-majority,2,2,388,4.812
mongo-majority,2,2,389,5.283
mongo-majority,2,2,390,4.506
mongo-majority,2,2,391,4.528
mongo-majority,2,2,392,4.623
mongo-majority,2,2,393,4.619
mongo-majority,2,2,394,4.466
mongo-majority,2,2,395,4.464
mongo-majority,2,2,396,4.468
mongo-majority,2,2,397,4.662
mongo-majority,2,2,398,4.388
mongo-majority,2,2,399,4.708
mongo-majority,2,2,400,4.523
mongo-majority,2,2,401,4.656
mongo-majority,2,2,402,4.439
mongo-majority,2,2,403,4.659
mongo-majority,2,2,404,4.512
mongo-majority,2,2,405,4.636
mongo-majority,2,2,406,4.833
mongo-majority,2,2,407,4.526
mongo-majority,2,2,408,5.206
mongo-majority,2,2,409,5.418
mongo-majority,2,2,410,4.926
mongo-majority,2,2,411,4.531
mongo-majority,2,2,412,4.473
mongo-majority,2,2,413,4.648
mongo-majority,2,2,414,4.584
mongo-majority,2,2,415,4.669
mongo-majority,2,2,416,4.624
mongo-majority,2,2,417,4.518
mongo-majority,2,2,418,4.647
mongo-majority,2,2,419,4.617
mongo-majority,2,2,420,4.734
mongo-majority,2,2,421,4.515
mongo-majority,2,2,422,4.454
mongo-majority,2,2,423,4.767
mongo-majority,2,2,424,4.685
mongo-majority,2,2,425,4.411
mongo-majority,2,2,426,4.424
mongo-majority,2,2,427,4.476
mongo-majority,2,2,428,4.45
mongo-majority,2,2,429,4.548
mongo-majority,2,2,430,4.7
mongo-majority,2,2,431,4.588
mongo-majority,2,2,432,4.409
mongo-majority,2,2,433,4.764
mongo-majority,2,2,434,4.459
mongo-majority,2,2,435,4.406
mongo-majority,2,2,436,4.571
mongo-majority,2,2,437,4.623
mongo-majority,2,2,438,4.459
mongo-majority,2,2,439,4.52
mongo-majority,2,2,440,4.656
mongo-majority,2,2,441,4.607
mongo-majority,2,2,442,4.585
mongo-majority,2,2,443,4.928
mongo-majority,2,2,444,4.613
mongo-majority,2,2,445,5.71
mongo-majority,2,2,446,4.935
mongo-majority,2,2,447,4.79
mongo-majority,2,2,448,4.558
mongo-majority,2,2,449,4.603
mongo-majority,2,2,450,5.31
mongo-majority,2,2,451,4.473
mongo-majority,2,2,452,4.708
mongo-majority,2,2,453,4.77
mongo-majority,2,2,454,4.631
mongo-majority,2,2,455,5.342
mongo-majority,2,2,456,5.466
mongo-majority,2,2,457,5.212
mongo-majority,2,2,458,4.618
mongo-majority,2,2,459,4.702
mongo-majority,2,2,460,4.541
mongo-majority,2,2,461,4.659
mongo-majority,2,2,462,4.421
mongo-majority,2,2,463,4.446
mongo-majority,2,2,464,4.455
mongo-majority,2,2,465,4.461
mongo-majority,2,2,466,4.446
mongo-majority,2,2,467,4.486
mongo-majority,2,3,1,17.731
mongo-majority,2,3,2,5.855
mongo-majority,2,3,3,4.629
mongo-majority,2,3,4,4.595
mongo-majority,2,3,5,4.525
mongo-majority,2,3,6,4.414
mongo-majority,2,3,7,4.399
mongo-majority,2,3,8,4.645
mongo-majority,2,3,9,4.379
mongo-majority,2,3,10,4.736
mongo-majority,2,3,11,4.306
mongo-majority,2,3,12,4.584
mongo-majority,2,3,13,4.53
mongo-majority,2,3,14,4.523
mongo-majority,2,3,15,4.462
mongo-majority,2,3,16,4.573
mongo-majority,2,3,17,4.684
mongo-majority,2,3,18,4.577
mongo-majority,2,3,19,4.47
mongo-majority,2,3,20,4.455
mongo-majority,2,3,21,4.631
mongo-majority,2,3,22,5.107
mongo-majority,2,3,23,4.711
mongo-majority,2,3,24,4.488
mongo-majority,2,3,25,5.151
mongo-majority,2,3,26,5.141
mongo-majority,2,3,27,5.558
mongo-majority,2,3,28,5.419
mongo-majority,2,3,29,4.473
mongo-majority,2,3,30,4.684
mongo-majority,2,3,31,4.36
mongo-majority,2,3,32,4.401
mongo-majority,2,3,33,4.457
mongo-majority,2,3,34,4.582
mongo-majority,2,3,35,4.634
mongo-majority,2,3,36,4.36
mongo-majority,2,3,37,4.514
mongo-majority,2,3,38,4.301
mongo-majority,2,3,39,4.46
mongo-majority,2,3,40,4.444
mongo-majority,2,3,41,4.62
mongo-majority,2,3,42,4.834
mongo-majority,2,3,43,5.344
mongo-majority,2,3,44,4.296
mongo-majority,2,3,45,4.719
mongo-majority,2,3,46,4.514
mongo-majority,2,3,47,4.843
mongo-majority,2,3,48,4.958
mongo-majority,2,3,49,4.221
mongo-majority,2,3,50,4.594
mongo-majority,2,3,51,5.336
mongo-majority,2,3,52,6.565
mongo-majority,2,3,53,4.557
mongo-majority,2,3,54,4.431
mongo-majority,2,3,55,5.273
mongo-majority,2,3,56,4.511
mongo-majority,2,3,57,4.611
mongo-majority,2,3,58,4.834
mongo-majority,2,3,59,4.71
mongo-majority,2,3,60,4.495
mongo-majority,2,3,61,5.371
mongo-majority,2,3,62,5.594
mongo-majority,2,3,63,4.597
mongo-majority,2,3,64,4.503
mongo-majority,2,3,65,4.865
mongo-majority,2,3,66,4.633
mongo-majority,2,3,67,4.368
mongo-majority,2,3,68,4.654
mongo-majority,2,3,69,5.077
mongo-majority,2,3,70,4.329
mongo-majority,2,3,71,4.549
mongo-majority,2,3,72,5.084
mongo-majority,2,3,73,4.653
mongo-majority,2,3,74,4.426
mongo-majority,2,3,75,4.917
mongo-majority,2,3,76,5.109
mongo-majority,2,3,77,5.597
mongo-majority,2,3,78,5.065
mongo-majority,2,3,79,5.526
mongo-majority,2,3,80,4.593
mongo-majority,2,3,81,4.487
mongo-majority,2,3,82,5.306
mongo-majority,2,3,83,6.639
mongo-majority,2,3,84,5.582
mongo-majority,2,3,85,5.679
mongo-majority,2,3,86,4.597
mongo-majority,2,3,87,4.504
mongo-majority,2,3,88,4.388
mongo-majority,2,3,89,4.808
mongo-majority,2,3,90,4.45
mongo-majority,2,3,91,4.539
mongo-majority,2,3,92,4.753
mongo-majority,2,3,93,4.705
mongo-majority,2,3,94,4.701
mongo-majority,2,3,95,4.525
mongo-majority,2,3,96,4.821
mongo-majority,2,3,97,4.775
mongo-majority,2,3,98,5.295
mongo-majority,2,3,99,5.705
mongo-majority,2,3,100,4.474
mongo-majority,2,3,101,4.397
mongo-majority,2,3,102,4.437
mongo-majority,2,3,103,4.514
mongo-majority,2,3,104,4.554
mongo-majority,2,3,105,4.857
mongo-majority,2,3,106,4.626
mongo-majority,2,3,107,4.791
mongo-majority,2,3,108,4.57
mongo-majority,2,3,109,5.406
mongo-majority,2,3,110,5.422
mongo-majority,2,3,111,4.701
mongo-majority,2,3,112,4.434
mongo-majority,2,3,113,4.565
mongo-majority,2,3,114,4.383
mongo-majority,2,3,115,4.696
mongo-majority,2,3,116,4.591
mongo-majority,2,3,117,4.523
mongo-majority,2,3,118,4.427
mongo-majority,2,3,119,4.534
mongo-majority,2,3,120,4.66
mongo-majority,2,3,121,4.45
mongo-majority,2,3,122,4.439
mongo-majority,2,3,123,4.432
mongo-majority,2,3,124,4.567
mongo-majority,2,3,125,4.459
mongo-majority,2,3,126,4.437
mongo-majority,2,3,127,4.441
mongo-majority,2,3,128,4.572
mongo-majority,2,3,129,4.44
mongo-majority,2,3,130,4.588
mongo-majority,2,3,131,4.499
mongo-majority,2,3,132,4.534
mongo-majority,2,3,133,4.445
mongo-majority,2,3,134,4.46
mongo-majority,2,3,135,4.439
mongo-majority,2,3,136,4.4
mongo-majority,2,3,137,4.497
mongo-majority,2,3,138,4.477
mongo-majority,2,3,139,4.55
mongo-majority,2,3,140,4.438
mongo-majority,2,3,141,4.587
mongo-majority,2,3,142,4.379
mongo-majority,2,3,143,4.423
mongo-majority,2,3,144,4.434
mongo-majority,2,3,145,4.531
mongo-majority,2,3,146,4.332
mongo-majority,2,3,147,4.507
mongo-majority,2,3,148,4.488
mongo-majority,2,3,149,4.526
mongo-majority,2,3,150,4.63
mongo-majority,2,3,151,4.601
mongo-majority,2,3,152,4.346
mongo-majority,2,3,153,4.381
mongo-majority,2,3,154,4.648
mongo-majority,2,3,155,4.457
mongo-majority,2,3,156,4.513
mongo-majority,2,3,157,4.626
mongo-majority,2,3,158,4.432
mongo-majority,2,3,159,4.488
mongo-majority,2,3,160,4.432
mongo-majority,2,3,161,4.553
mongo-majority,2,3,162,4.488
mongo-majority,2,3,163,4.412
mongo-majority,2,3,164,4.502
mongo-majority,2,3,165,4.469
mongo-majority,2,3,166,4.485
mongo-majority,2,3,167,4.451
mongo-majority,2,3,168,4.573
mongo-majority,2,3,169,4.51
mongo-majority,2,3,170,4.8
mongo-majority,2,3,171,4.529
mongo-majority,2,3,172,4.811
mongo-majority,2,3,173,4.736
mongo-majority,2,3,174,5.285
mongo-majority,2,3,175,5.234
mongo-majority,2,3,176,4.63
mongo-majority,2,3,177,4.57
mongo-majority,2,3,178,4.491
mongo-majority,2,3,179,4.659
mongo-majority,2,3,180,4.456
mongo-majority,2,3,181,4.648
mongo-majority,2,3,182,4.569
mongo-majority,2,3,183,4.37
mongo-majority,2,3,184,4.599
mongo-majority,2,3,185,4.344
mongo-majority,2,3,186,4.629
mongo-majority,2,3,187,4.375
mongo-majority,2,3,188,4.577
mongo-majority,2,3,189,4.68
mongo-majority,2,3,190,4.589
mongo-majority,2,3,191,4.633
mongo-majority,2,3,192,4.341
mongo-majority,2,3,193,4.456
mongo-majority,2,3,194,4.927
mongo-majority,2,3,195,4.583
mongo-majority,2,3,196,4.676
mongo-majority,2,3,197,5.855
mongo-majority,2,3,198,5.422
mongo-majority,2,3,199,5.358
mongo-majority,2,3,200,4.544
mongo-majority,2,3,201,4.726
mongo-majority,2,3,202,4.405
mongo-majority,2,3,203,4.649
mongo-majority,2,3,204,4.564
mongo-majority,2,3,205,4.503
mongo-majority,2,3,206,4.447
mongo-majority,2,3,207,4.566
mongo-majority,2,3,208,4.604
mongo-majority,2,3,209,4.708
mongo-majority,2,3,210,4.501
mongo-majority,2,3,211,4.621
mongo-majority,2,3,212,4.829
mongo-majority,2,3,213,4.743
mongo-majority,2,3,214,5.512
mongo-majority,2,3,215,5.796
mongo-majority,2,3,216,4.765
mongo-majority,2,3,217,4.346
mongo-majority,2,3,218,5.018
mongo-majority,2,3,219,4.203
mongo-majority,2,3,220,4.633
mongo-majority,2,3,221,4.777
mongo-majority,2,3,222,4.6
mongo-majority,2,3,223,4.654
mongo-majority,2,3,224,4.504
mongo-majority,2,3,225,5.453
mongo-majority,2,3,226,5.701
mongo-majority,2,3,227,4.346
mongo-majority,2,3,228,4.537
mongo-majority,2,3,229,4.45
mongo-majority,2,3,230,4.453
mongo-majority,2,3,231,4.453
mongo-majority,2,3,232,4.432
mongo-majority,2,3,233,4.502
mongo-majority,2,3,234,4.428
mongo-majority,2,3,235,4.569
mongo-majority,2,3,236,4.403
mongo-majority,2,3,237,4.766
mongo-majority,2,3,238,4.526
mongo-majority,2,3,239,4.834
mongo-majority,2,3,240,6.104
mongo-majority,2,3,241,5.182
mongo-majority,2,3,242,5.109
mongo-majority,2,3,243,4.445
mongo-majority,2,3,244,4.591
mongo-majority,2,3,245,4.387
mongo-majority,2,3,246,4.544
mongo-majority,2,3,247,4.419
mongo-majority,2,3,248,4.405
mongo-majority,2,3,249,4.506
mongo-majority,2,3,250,4.649
mongo-majority,2,3,251,4.493
mongo-majority,2,3,252,4.499
mongo-majority,2,3,253,4.482
mongo-majority,2,3,254,4.429
mongo-majority,2,3,255,4.488
mongo-majority,2,3,256,4.616
mongo-majority,2,3,257,4.388
mongo-majority,2,3,258,4.522
mongo-majority,2,3,259,4.658
mongo-majority,2,3,260,4.631
mongo-majority,2,3,261,4.641
mongo-majority,2,3,262,4.447
mongo-majority,2,3,263,4.695
mongo-majority,2,3,264,4.477
mongo-majority,2,3,265,4.388
mongo-majority,2,3,266,4.426
mongo-majority,2,3,267,4.659
mongo-majority,2,3,268,4.524
mongo-majority,2,3,269,4.371
mongo-majority,2,3,270,4.461
mongo-majority,2,3,271,4.528
mongo-majority,2,3,272,4.462
mongo-majority,2,3,273,4.697
mongo-majority,2,3,274,4.742
mongo-majority,2,3,275,4.787
mongo-majority,2,3,276,4.623
mongo-majority,2,3,277,5.273
mongo-majority,2,3,278,5.265
mongo-majority,2,3,279,4.583
mongo-majority,2,3,280,4.531
mongo-majority,2,3,281,4.461
mongo-majority,2,3,282,4.692
mongo-majority,2,3,283,4.469
mongo-majority,2,3,284,4.676
mongo-majority,2,3,285,4.551
mongo-majority,2,3,286,4.671
mongo-majority,2,3,287,4.741
mongo-majority,2,3,288,4.68
mongo-majority,2,3,289,4.401
mongo-majority,2,3,290,4.594
mongo-majority,2,3,291,4.558
mongo-majority,2,3,292,4.752
mongo-majority,2,3,293,4.431
mongo-majority,2,3,294,4.468
mongo-majority,2,3,295,4.458
mongo-majority,2,3,296,4.671
mongo-majority,2,3,297,4.39
mongo-majority,2,3,298,4.492
mongo-majority,2,3,299,4.402
mongo-majority,2,3,300,4.445
mongo-majority,2,3,301,4.441
mongo-majority,2,3,302,4.428
mongo-majority,2,3,303,4.436
mongo-majority,2,3,304,4.587
mongo-majority,2,3,305,4.512
mongo-majority,2,3,306,4.453
mongo-majority,2,3,307,4.505
mongo-majority,2,3,308,4.633
mongo-majority,2,3,309,4.41
mongo-majority,2,3,310,4.579
mongo-majority,2,3,311,4.456
mongo-majority,2,3,312,4.48
mongo-majority,2,3,313,4.521
mongo-majority,2,3,314,4.643
mongo-majority,2,3,315,4.611
mongo-majority,2,3,316,4.593
mongo-majority,2,3,317,4.713
mongo-majority,2,3,318,4.717
mongo-majority,2,3,319,4.509
mongo-majority,2,3,320,5.413
mongo-majority,2,3,321,5.495
mongo-majority,2,3,322,4.605
mongo-majority,2,3,323,4.474
mongo-majority,2,3,324,4.546
mongo-majority,2,3,325,4.599
mongo-majority,2,3,326,4.603
mongo-majority,2,3,327,4.429
mongo-majority,2,3,328,4.601
mongo-majority,2,3,329,4.464
mongo-majority,2,3,330,4.636
mongo-majority,2,3,331,4.419
mongo-majority,2,3,332,4.403
mongo-majority,2,3,333,4.461
mongo-majority,2,3,334,4.619
mongo-majority,2,3,335,4.454
mongo-majority,2,3,336,4.737
mongo-majority,2,3,337,4.45
mongo-majority,2,3,338,4.448
mongo-majority,2,3,339,4.434
mongo-majority,2,3,340,4.661
mongo-majority,2,3,341,4.405
mongo-majority,2,3,342,4.501
mongo-majority,2,3,343,4.427
mongo-majority,2,3,344,4.623
mongo-majority,2,3,345,4.381
mongo-majority,2,3,346,4.45
mongo-majority,2,3,347,4.463
mongo-majority,2,3,348,4.483
mongo-majority,2,3,349,4.429
mongo-majority,2,3,350,4.573
mongo-majority,2,3,351,4.427
mongo-majority,2,3,352,4.901
mongo-majority,2,3,353,4.755
mongo-majority,2,3,354,4.865
mongo-majority,2,3,355,4.59
mongo-majority,2,3,356,5.2
mongo-majority,2,3,357,5.526
mongo-majority,2,3,358,4.631
mongo-majority,2,3,359,4.394
mongo-majority,2,3,360,4.362
mongo-majority,2,3,361,4.387
mongo-majority,2,3,362,4.503
mongo-majority,2,3,363,4.883
mongo-majority,2,3,364,4.441
mongo-majority,2,3,365,4.731
mongo-majority,2,3,366,5.28
mongo-majority,2,3,367,8.072
mongo-majority,2,3,368,5.079
mongo-majority,2,3,369,4.895
mongo-majority,2,3,370,5.339
mongo-majority,2,3,371,7.914
mongo-majority,2,3,372,5.832
mongo-majority,2,3,373,7.126
mongo-majority,2,3,374,4.562
mongo-majority,2,3,375,5.296
mongo-majority,2,3,376,4.571
mongo-majority,2,3,377,4.597
mongo-majority,2,3,378,5.46
mongo-majority,2,3,379,5.07
mongo-majority,2,3,380,5.904
mongo-majority,2,3,381,4.974
mongo-majority,2,3,382,6.252
mongo-majority,2,3,383,4.384
mongo-majority,2,3,384,4.706
mongo-majority,2,3,385,4.725
mongo-majority,2,3,386,4.517
mongo-majority,2,3,387,4.54
mongo-majority,2,3,388,5.763
mongo-majority,2,3,389,4.45
mongo-majority,2,3,390,5.622
mongo-majority,2,3,391,5.266
mongo-majority,2,3,392,4.926
mongo-majority,2,3,393,4.356
mongo-majority,2,3,394,4.956
mongo-majority,2,3,395,4.721
mongo-majority,2,3,396,4.494
mongo-majority,2,3,397,4.449
mongo-majority,2,3,398,4.734
mongo-majority,2,3,399,4.786
mongo-majority,2,3,400,4.507
mongo-majority,2,3,401,4.582
mongo-majority,2,3,402,6.099
mongo-majority,2,3,403,5.522
mongo-majority,2,3,404,4.58
mongo-majority,2,3,405,5.761
mongo-majority,2,3,406,4.54
mongo-majority,2,3,407,4.7
mongo-majority,2,3,408,5.271
mongo-majority,2,3,409,6.713
mongo-majority,2,3,410,4.373
mongo-majority,2,3,411,5.621
mongo-majority,2,3,412,7.882
mongo-majority,2,3,413,4.354
mongo-majority,2,3,414,4.853
mongo-majority,2,3,415,4.756
mongo-majority,2,3,416,4.709
mongo-majority,2,3,417,4.619
mongo-majority,2,3,418,6.156
mongo-majority,2,3,419,4.429
mongo-majority,2,3,420,5.841
mongo-majority,2,3,421,9.198
mongo-majority,2,3,422,4.363
mongo-majority,2,3,423,5.509
mongo-majority,2,3,424,7.525
mongo-majority,2,3,425,4.437
mongo-majority,2,3,426,5.245
mongo-majority,2,3,427,4.436
mongo-majority,2,3,428,4.5
mongo-majority,2,3,429,4.568
mongo-majority,2,3,430,5.614
mongo-majority,2,3,431,4.389
mongo-majority,2,3,432,4.611
mongo-majority,2,3,433,5.976
mongo-majority,2,3,434,5.659
mongo-majority,2,3,435,5.073
mongo-majority,2,3,436,4.925
mongo-majority,2,3,437,4.415
mongo-majority,2,3,438,4.711
mongo-majority,2,3,439,4.612
mongo-majority,2,3,440,4.822
mongo-majority,2,3,441,4.44
mongo-majority,2,3,442,4.433
mongo-majority,2,3,443,5.665
mongo-majority,2,3,444,7.069
mongo-majority,2,3,445,5.429
mongo-majority,2,3,446,6.615
mongo-majority,2,3,447,4.364
mongo-majority,2,3,448,4.565
mongo-majority,2,3,449,4.687
mongo-majority,2,3,450,4.448
mongo-majority,2,3,451,4.57
mongo-majority,2,3,452,4.646
mongo-majority,2,3,453,5.853
mongo-majority,2,3,454,5.527
mongo-majority,2,3,455,4.741
mongo-majority,2,3,456,4.534
mongo-majority,2,3,457,4.38
mongo-majority,2,3,458,4.443
mongo-majority,2,3,459,4.364
mongo-majority,2,3,460,4.518
mongo-majority,2,3,461,4.445
mongo-majority,2,3,462,4.452
mongo-majority,2,3,463,4.489
mongo-majority,2,3,464,4.819
mongo-majority,2,3,465,4.425
mongo-majority,2,3,466,4.53
mongo-majority,2,3,467,4.491
mongo-w1,10,1,1,11.325
mongo-w1,10,1,2,0.778
mongo-w1,10,1,3,0.85
mongo-w1,10,1,4,1.111
mongo-w1,10,1,5,2.338
mongo-w1,10,1,6,1.596
mongo-w1,10,1,7,0.486
mongo-w1,10,1,8,0.341
mongo-w1,10,1,9,0.362
mongo-w1,10,1,10,0.445
mongo-w1,10,1,11,0.391
mongo-w1,10,1,12,0.257
mongo-w1,10,1,13,0.275
mongo-w1,10,1,14,0.32
mongo-w1,10,1,15,0.362
mongo-w1,10,1,16,0.359
mongo-w1,10,1,17,0.234
mongo-w1,10,1,18,0.43
mongo-w1,10,1,19,0.357
mongo-w1,10,1,20,0.267
mongo-w1,10,1,21,0.383
mongo-w1,10,1,22,0.395
mongo-w1,10,1,23,0.326
mongo-w1,10,1,24,0.289
mongo-w1,10,1,25,0.312
mongo-w1,10,1,26,0.285
mongo-w1,10,1,27,0.403
mongo-w1,10,1,28,0.303
mongo-w1,10,1,29,0.496
mongo-w1,10,1,30,0.555
mongo-w1,10,1,31,0.299
mongo-w1,10,1,32,0.562
mongo-w1,10,1,33,0.441
mongo-w1,10,1,34,0.334
mongo-w1,10,1,35,0.34
mongo-w1,10,1,36,0.291
mongo-w1,10,1,37,0.308
mongo-w1,10,1,38,0.357
mongo-w1,10,1,39,0.321
mongo-w1,10,1,40,0.383
mongo-w1,10,1,41,0.869
mongo-w1,10,1,42,0.619
mongo-w1,10,1,43,0.826
mongo-w1,10,1,44,0.354
mongo-w1,10,1,45,0.697
mongo-w1,10,1,46,0.414
mongo-w1,10,1,47,0.53
mongo-w1,10,1,48,0.36
mongo-w1,10,1,49,0.502
mongo-w1,10,1,50,0.378
mongo-w1,10,1,51,1.156
mongo-w1,10,1,52,0.443
mongo-w1,10,1,53,0.413
mongo-w1,10,1,54,0.459
mongo-w1,10,1,55,0.281
mongo-w1,10,1,56,0.317
mongo-w1,10,1,57,0.312
mongo-w1,10,1,58,0.379
mongo-w1,10,1,59,0.269
mongo-w1,10,1,60,0.352
mongo-w1,10,1,61,0.347
mongo-w1,10,1,62,0.3
mongo-w1,10,1,63,0.569
mongo-w1,10,1,64,0.34
mongo-w1,10,1,65,0.375
mongo-w1,10,1,66,0.621
mongo-w1,10,1,67,0.405
mongo-w1,10,1,68,0.474
mongo-w1,10,1,69,0.496
mongo-w1,10,1,70,0.462
mongo-w1,10,1,71,0.332
mongo-w1,10,1,72,0.311
mongo-w1,10,1,73,0.436
mongo-w1,10,1,74,0.3
mongo-w1,10,1,75,0.301
mongo-w1,10,1,76,0.279
mongo-w1,10,1,77,1.465
mongo-w1,10,1,78,0.88
mongo-w1,10,1,79,0.495
mongo-w1,10,1,80,0.254
mongo-w1,10,1,81,0.317
mongo-w1,10,1,82,0.435
mongo-w1,10,1,83,0.47
mongo-w1,10,1,84,0.426
mongo-w1,10,1,85,0.271
mongo-w1,10,1,86,0.285
mongo-w1,10,1,87,0.346
mongo-w1,10,1,88,0.37
mongo-w1,10,1,89,0.352
mongo-w1,10,1,90,0.315
mongo-w1,10,1,91,0.333
mongo-w1,10,1,92,0.417
mongo-w1,10,1,93,0.505
mongo-w1,10,1,94,0.441
mongo-w1,10,1,95,0.485
mongo-w1,10,1,96,0.36
mongo-w1,10,1,97,0.569
mongo-w1,10,1,98,0.492
mongo-w1,10,1,99,0.617
mongo-w1,10,1,100,0.351
mongo-w1,10,1,101,0.447
mongo-w1,10,1,102,0.407
mongo-w1,10,1,103,0.422
mongo-w1,10,1,104,0.4
mongo-w1,10,1,105,0.373
mongo-w1,10,1,106,0.304
mongo-w1,10,1,107,0.307
mongo-w1,10,1,108,0.363
mongo-w1,10,1,109,0.352
mongo-w1,10,1,110,0.303
mongo-w1,10,1,111,0.346
mongo-w1,10,1,112,0.3
mongo-w1,10,1,113,0.309
mongo-w1,10,1,114,0.402
mongo-w1,10,1,115,0.364
mongo-w1,10,1,116,0.326
mongo-w1,10,1,117,0.305
mongo-w1,10,1,118,0.289
mongo-w1,10,1,119,0.272
mongo-w1,10,1,120,0.259
mongo-w1,10,1,121,0.276
mongo-w1,10,1,122,0.283
mongo-w1,10,1,123,0.247
mongo-w1,10,1,124,0.214
mongo-w1,10,1,125,0.248
mongo-w1,10,1,126,0.323
mongo-w1,10,1,127,0.308
mongo-w1,10,1,128,0.228
mongo-w1,10,1,129,0.261
mongo-w1,10,1,130,0.311
mongo-w1,10,1,131,0.31
mongo-w1,10,1,132,0.3
mongo-w1,10,1,133,0.295
mongo-w1,10,1,134,0.234
mongo-w1,10,1,135,0.19
mongo-w1,10,1,136,0.199
mongo-w1,10,1,137,0.256
mongo-w1,10,1,138,0.38
mongo-w1,10,1,139,0.353
mongo-w1,10,1,140,0.31
mongo-w1,10,1,141,0.425
mongo-w1,10,1,142,0.295
mongo-w1,10,1,143,0.251
mongo-w1,10,1,144,0.23
mongo-w1,10,1,145,0.217
mongo-w1,10,1,146,0.269
mongo-w1,10,1,147,0.291
mongo-w1,10,1,148,0.314
mongo-w1,10,1,149,0.519
mongo-w1,10,1,150,0.43
mongo-w1,10,1,151,0.384
mongo-w1,10,1,152,0.275
mongo-w1,10,1,153,0.344
mongo-w1,10,1,154,0.237
mongo-w1,10,1,155,0.281
mongo-w1,10,1,156,0.293
mongo-w1,10,1,157,0.528
mongo-w1,10,1,158,0.385
mongo-w1,10,1,159,0.433
mongo-w1,10,1,160,0.553
mongo-w1,10,1,161,0.559
mongo-w1,10,1,162,0.446
mongo-w1,10,1,163,0.327
mongo-w1,10,1,164,0.402
mongo-w1,10,1,165,0.54
mongo-w1,10,1,166,0.369
mongo-w1,10,1,167,0.332
mongo-w1,10,1,168,0.339
mongo-w1,10,1,169,0.282
mongo-w1,10,1,170,0.296
mongo-w1,10,1,171,0.306
mongo-w1,10,1,172,0.253
mongo-w1,10,1,173,0.436
mongo-w1,10,1,174,0.305
mongo-w1,10,1,175,0.299
mongo-w1,10,1,176,0.265
mongo-w1,10,1,177,0.399
mongo-w1,10,1,178,0.344
mongo-w1,10,1,179,0.327
mongo-w1,10,1,180,0.428
mongo-w1,10,1,181,0.334
mongo-w1,10,1,182,0.311
mongo-w1,10,1,183,0.333
mongo-w1,10,1,184,0.296
mongo-w1,10,1,185,0.268
mongo-w1,10,1,186,0.28
mongo-w1,10,1,187,0.296
mongo-w1,10,1,188,0.246
mongo-w1,10,1,189,0.25
mongo-w1,10,1,190,0.289
mongo-w1,10,1,191,0.274
mongo-w1,10,1,192,0.273
mongo-w1,10,1,193,0.275
mongo-w1,10,1,194,0.335
mongo-w1,10,1,195,0.206
mongo-w1,10,1,196,0.182
mongo-w1,10,1,197,0.194
mongo-w1,10,1,198,0.295
mongo-w1,10,1,199,0.341
mongo-w1,10,1,200,0.315
mongo-w1,10,1,201,0.29
mongo-w1,10,1,202,0.249
mongo-w1,10,1,203,0.243
mongo-w1,10,1,204,0.305
mongo-w1,10,1,205,0.33
mongo-w1,10,1,206,0.279
mongo-w1,10,1,207,0.255
mongo-w1,10,1,208,0.361
mongo-w1,10,1,209,0.428
mongo-w1,10,1,210,0.401
mongo-w1,10,1,211,0.276
mongo-w1,10,1,212,0.352
mongo-w1,10,1,213,0.448
mongo-w1,10,1,214,0.381
mongo-w1,10,1,215,0.438
mongo-w1,10,1,216,0.426
mongo-w1,10,1,217,0.258
mongo-w1,10,1,218,0.334
mongo-w1,10,1,219,0.356
mongo-w1,10,1,220,0.228
mongo-w1,10,1,221,0.286
mongo-w1,10,1,222,0.377
mongo-w1,10,1,223,0.44
mongo-w1,10,1,224,0.428
mongo-w1,10,1,225,0.43
mongo-w1,10,1,226,0.3
mongo-w1,10,1,227,0.33
mongo-w1,10,1,228,0.363
mongo-w1,10,1,229,0.352
mongo-w1,10,1,230,0.348
mongo-w1,10,1,231,0.292
mongo-w1,10,1,232,0.281
mongo-w1,10,1,233,0.268
mongo-w1,10,1,234,0.3
mongo-w1,10,1,235,0.304
mongo-w1,10,1,236,0.288
mongo-w1,10,1,237,0.373
mongo-w1,10,1,238,0.244
mongo-w1,10,1,239,0.229
mongo-w1,10,1,240,0.244
mongo-w1,10,1,241,0.277
mongo-w1,10,1,242,0.299
mongo-w1,10,1,243,0.324
mongo-w1,10,1,244,0.326
mongo-w1,10,1,245,0.314
mongo-w1,10,1,246,0.302
mongo-w1,10,1,247,0.348
mongo-w1,10,1,248,0.348
mongo-w1,10,1,249,0.254
mongo-w1,10,1,250,0.329
mongo-w1,10,1,251,0.29
mongo-w1,10,1,252,0.312
mongo-w1,10,1,253,0.295
mongo-w1,10,1,254,0.359
mongo-w1,10,1,255,0.342
mongo-w1,10,1,256,0.333
mongo-w1,10,1,257,0.32
mongo-w1,10,1,258,0.32
mongo-w1,10,1,259,0.279
mongo-w1,10,1,260,0.237
mongo-w1,10,1,261,0.241
mongo-w1,10,1,262,0.264
mongo-w1,10,1,263,0.33
mongo-w1,10,1,264,0.284
mongo-w1,10,1,265,0.244
mongo-w1,10,1,266,0.303
mongo-w1,10,1,267,0.323
mongo-w1,10,1,268,0.307
mongo-w1,10,1,269,0.277
mongo-w1,10,1,270,0.344
mongo-w1,10,1,271,0.294
mongo-w1,10,1,272,0.259
mongo-w1,10,1,273,0.377
mongo-w1,10,1,274,0.715
mongo-w1,10,1,275,1.98
mongo-w1,10,1,276,0.851
mongo-w1,10,1,277,0.659
mongo-w1,10,1,278,0.468
mongo-w1,10,1,279,0.348
mongo-w1,10,1,280,0.295
mongo-w1,10,1,281,0.335
mongo-w1,10,1,282,0.257
mongo-w1,10,1,283,0.245
mongo-w1,10,1,284,0.311
mongo-w1,10,1,285,0.284
mongo-w1,10,1,286,0.283
mongo-w1,10,1,287,0.299
mongo-w1,10,1,288,0.229
mongo-w1,10,1,289,0.359
mongo-w1,10,1,290,0.32
mongo-w1,10,1,291,0.33
mongo-w1,10,1,292,0.404
mongo-w1,10,1,293,0.356
mongo-w1,10,1,294,0.356
mongo-w1,10,1,295,0.313
mongo-w1,10,1,296,0.376
mongo-w1,10,1,297,0.411
mongo-w1,10,1,298,0.458
mongo-w1,10,1,299,0.319
mongo-w1,10,1,300,0.415
mongo-w1,10,1,301,0.284
mongo-w1,10,1,302,0.378
mongo-w1,10,1,303,0.373
mongo-w1,10,1,304,0.305
mongo-w1,10,1,305,0.38
mongo-w1,10,1,306,0.387
mongo-w1,10,1,307,0.295
mongo-w1,10,1,308,0.487
mongo-w1,10,1,309,0.303
mongo-w1,10,1,310,0.387
mongo-w1,10,1,311,0.312
mongo-w1,10,1,312,0.401
mongo-w1,10,1,313,0.34
mongo-w1,10,1,314,0.262
mongo-w1,10,1,315,0.408
mongo-w1,10,1,316,0.395
mongo-w1,10,1,317,0.327
mongo-w1,10,1,318,0.332
mongo-w1,10,1,319,0.335
mongo-w1,10,1,320,0.348
mongo-w1,10,1,321,0.284
mongo-w1,10,1,322,0.404
mongo-w1,10,1,323,0.445
mongo-w1,10,1,324,0.341
mongo-w1,10,1,325,0.694
mongo-w1,10,1,326,0.468
mongo-w1,10,1,327,0.387
mongo-w1,10,1,328,0.305
mongo-w1,10,1,329,0.419
mongo-w1,10,1,330,0.496
mongo-w1,10,1,331,0.404
mongo-w1,10,1,332,0.417
mongo-w1,10,1,333,0.327
mongo-w1,10,1,334,0.424
mongo-w1,10,1,335,0.366
mongo-w1,10,1,336,0.339
mongo-w1,10,1,337,0.389
mongo-w1,10,1,338,0.591
mongo-w1,10,1,339,0.456
mongo-w1,10,1,340,0.404
mongo-w1,10,1,341,0.269
mongo-w1,10,1,342,0.315
mongo-w1,10,1,343,0.363
mongo-w1,10,1,344,0.33
mongo-w1,10,1,345,0.617
mongo-w1,10,1,346,0.352
mongo-w1,10,1,347,0.38
mongo-w1,10,1,348,0.323
mongo-w1,10,1,349,0.268
mongo-w1,10,1,350,0.304
mongo-w1,10,1,351,0.42
mongo-w1,10,1,352,0.243
mongo-w1,10,1,353,0.313
mongo-w1,10,1,354,0.271
mongo-w1,10,1,355,0.247
mongo-w1,10,1,356,0.24
mongo-w1,10,1,357,0.316
mongo-w1,10,1,358,0.456
mongo-w1,10,1,359,0.373
mongo-w1,10,1,360,0.329
mongo-w1,10,1,361,0.404
mongo-w1,10,1,362,0.28
mongo-w1,10,1,363,0.456
mongo-w1,10,1,364,0.354
mongo-w1,10,1,365,0.376
mongo-w1,10,1,366,0.355
mongo-w1,10,1,367,0.294
mongo-w1,10,1,368,0.331
mongo-w1,10,1,369,0.377
mongo-w1,10,1,370,0.283
mongo-w1,10,1,371,0.292
mongo-w1,10,1,372,0.323
mongo-w1,10,1,373,0.405
mongo-w1,10,1,374,0.428
mongo-w1,10,1,375,0.288
mongo-w1,10,1,376,0.255
mongo-w1,10,1,377,0.533
mongo-w1,10,1,378,0.284
mongo-w1,10,1,379,0.23
mongo-w1,10,1,380,0.293
mongo-w1,10,1,381,0.238
mongo-w1,10,1,382,0.238
mongo-w1,10,1,383,0.561
mongo-w1,10,1,384,0.374
mongo-w1,10,1,385,0.375
mongo-w1,10,1,386,0.627
mongo-w1,10,1,387,1.2
mongo-w1,10,1,388,0.547
mongo-w1,10,1,389,0.481
mongo-w1,10,1,390,0.556
mongo-w1,10,1,391,0.374
mongo-w1,10,1,392,0.33
mongo-w1,10,1,393,0.327
mongo-w1,10,1,394,0.332
mongo-w1,10,1,395,0.325
mongo-w1,10,1,396,0.376
mongo-w1,10,1,397,0.326
mongo-w1,10,1,398,0.282
mongo-w1,10,1,399,0.366
mongo-w1,10,1,400,0.291
mongo-w1,10,1,401,0.254
mongo-w1,10,1,402,0.311
mongo-w1,10,1,403,0.35
mongo-w1,10,1,404,0.285
mongo-w1,10,1,405,0.336
mongo-w1,10,1,406,0.308
mongo-w1,10,1,407,0.307
mongo-w1,10,1,408,0.342
mongo-w1,10,1,409,0.281
mongo-w1,10,1,410,0.286
mongo-w1,10,1,411,0.328
mongo-w1,10,1,412,0.302
mongo-w1,10,1,413,0.417
mongo-w1,10,1,414,0.391
mongo-w1,10,1,415,0.424
mongo-w1,10,1,416,0.412
mongo-w1,10,1,417,0.388
mongo-w1,10,1,418,0.294
mongo-w1,10,1,419,0.36
mongo-w1,10,1,420,0.325
mongo-w1,10,1,421,0.396
mongo-w1,10,1,422,0.409
mongo-w1,10,1,423,0.286
mongo-w1,10,1,424,0.253
mongo-w1,10,1,425,0.344
mongo-w1,10,1,426,0.293
mongo-w1,10,1,427,0.294
mongo-w1,10,1,428,0.332
mongo-w1,10,1,429,0.391
mongo-w1,10,1,430,0.304
mongo-w1,10,1,431,0.566
mongo-w1,10,1,432,0.317
mongo-w1,10,1,433,0.329
mongo-w1,10,1,434,0.395
mongo-w1,10,1,435,0.313
mongo-w1,10,1,436,0.421
mongo-w1,10,1,437,0.335
mongo-w1,10,1,438,0.291
mongo-w1,10,1,439,0.251
mongo-w1,10,1,440,0.268
mongo-w1,10,1,441,0.294
mongo-w1,10,1,442,0.214
mongo-w1,10,1,443,0.314
mongo-w1,10,1,444,0.503
mongo-w1,10,1,445,0.329
mongo-w1,10,1,446,0.533
mongo-w1,10,1,447,0.385
mongo-w1,10,1,448,0.6
mongo-w1,10,1,449,0.372
mongo-w1,10,1,450,0.663
mongo-w1,10,1,451,0.405
mongo-w1,10,1,452,0.299
mongo-w1,10,1,453,0.367
mongo-w1,10,1,454,0.276
mongo-w1,10,1,455,0.303
mongo-w1,10,1,456,0.327
mongo-w1,10,1,457,0.372
mongo-w1,10,1,458,0.359
mongo-w1,10,1,459,0.333
mongo-w1,10,1,460,0.255
mongo-w1,10,1,461,0.309
mongo-w1,10,1,462,0.359
mongo-w1,10,1,463,0.336
mongo-w1,10,1,464,0.371
mongo-w1,10,1,465,0.366
mongo-w1,10,1,466,0.315
mongo-w1,10,1,467,0.341
mongo-w1,10,2,1,7.616
mongo-w1,10,2,2,0.523
mongo-w1,10,2,3,0.483
mongo-w1,10,2,4,0.471
mongo-w1,10,2,5,0.333
mongo-w1,10,2,6,0.376
mongo-w1,10,2,7,0.288
mongo-w1,10,2,8,0.415
mongo-w1,10,2,9,0.339
mongo-w1,10,2,10,0.272
mongo-w1,10,2,11,0.289
mongo-w1,10,2,12,0.277
mongo-w1,10,2,13,0.288
mongo-w1,10,2,14,0.303
mongo-w1,10,2,15,0.266
mongo-w1,10,2,16,0.281
mongo-w1,10,2,17,0.321
mongo-w1,10,2,18,0.34
mongo-w1,10,2,19,0.287
mongo-w1,10,2,20,0.258
mongo-w1,10,2,21,0.3
mongo-w1,10,2,22,0.293
mongo-w1,10,2,23,0.263
mongo-w1,10,2,24,0.378
mongo-w1,10,2,25,0.305
mongo-w1,10,2,26,0.327
mongo-w1,10,2,27,0.478
mongo-w1,10,2,28,0.349
mongo-w1,10,2,29,0.237
mongo-w1,10,2,30,0.278
mongo-w1,10,2,31,0.312
mongo-w1,10,2,32,0.295
mongo-w1,10,2,33,0.319
mongo-w1,10,2,34,0.381
mongo-w1,10,2,35,1.006
mongo-w1,10,2,36,0.583
mongo-w1,10,2,37,0.365
mongo-w1,10,2,38,0.414
mongo-w1,10,2,39,0.355
mongo-w1,10,2,40,0.274
mongo-w1,10,2,41,0.322
mongo-w1,10,2,42,0.372
mongo-w1,10,2,43,0.596
mongo-w1,10,2,44,0.401
mongo-w1,10,2,45,0.575
mongo-w1,10,2,46,0.306
mongo-w1,10,2,47,0.482
mongo-w1,10,2,48,0.315
mongo-w1,10,2,49,0.536
mongo-w1,10,2,50,0.356
mongo-w1,10,2,51,0.582
mongo-w1,10,2,52,0.376
mongo-w1,10,2,53,0.524
mongo-w1,10,2,54,0.648
mongo-w1,10,2,55,0.329
mongo-w1,10,2,56,0.518
mongo-w1,10,2,57,0.42
mongo-w1,10,2,58,0.315
mongo-w1,10,2,59,0.37
mongo-w1,10,2,60,0.395
mongo-w1,10,2,61,0.64
mongo-w1,10,2,62,0.592
mongo-w1,10,2,63,0.35
mongo-w1,10,2,64,0.447
mongo-w1,10,2,65,0.371
mongo-w1,10,2,66,0.319
mongo-w1,10,2,67,0.362
mongo-w1,10,2,68,0.407
mongo-w1,10,2,69,0.27
mongo-w1,10,2,70,0.981
mongo-w1,10,2,71,0.433
mongo-w1,10,2,72,0.436
mongo-w1,10,2,73,0.434
mongo-w1,10,2,74,0.273
mongo-w1,10,2,75,0.496
mongo-w1,10,2,76,0.512
mongo-w1,10,2,77,0.229
mongo-w1,10,2,78,0.284
mongo-w1,10,2,79,0.351
mongo-w1,10,2,80,0.369
mongo-w1,10,2,81,0.326
mongo-w1,10,2,82,0.349
mongo-w1,10,2,83,0.326
mongo-w1,10,2,84,0.369
mongo-w1,10,2,85,0.37
mongo-w1,10,2,86,0.356
mongo-w1,10,2,87,0.288
mongo-w1,10,2,88,0.288
mongo-w1,10,2,89,0.392
mongo-w1,10,2,90,0.296
mongo-w1,10,2,91,0.245
mongo-w1,10,2,92,0.241
mongo-w1,10,2,93,0.441
mongo-w1,10,2,94,0.609
mongo-w1,10,2,95,0.343
mongo-w1,10,2,96,0.322
mongo-w1,10,2,97,0.513
mongo-w1,10,2,98,0.321
mongo-w1,10,2,99,0.327
mongo-w1,10,2,100,0.626
mongo-w1,10,2,101,0.381
mongo-w1,10,2,102,0.284
mongo-w1,10,2,103,0.435
mongo-w1,10,2,104,0.382
mongo-w1,10,2,105,0.434
mongo-w1,10,2,106,0.341
mongo-w1,10,2,107,0.356
mongo-w1,10,2,108,0.447
mongo-w1,10,2,109,0.402
mongo-w1,10,2,110,0.533
mongo-w1,10,2,111,0.604
mongo-w1,10,2,112,0.414
mongo-w1,10,2,113,0.454
mongo-w1,10,2,114,0.581
mongo-w1,10,2,115,0.304
mongo-w1,10,2,116,0.307
mongo-w1,10,2,117,0.348
mongo-w1,10,2,118,0.289
mongo-w1,10,2,119,0.575
mongo-w1,10,2,120,0.362
mongo-w1,10,2,121,0.372
mongo-w1,10,2,122,0.317
mongo-w1,10,2,123,0.397
mongo-w1,10,2,124,0.342
mongo-w1,10,2,125,0.337
mongo-w1,10,2,126,0.316
mongo-w1,10,2,127,0.282
mongo-w1,10,2,128,0.353
mongo-w1,10,2,129,0.307
mongo-w1,10,2,130,0.284
mongo-w1,10,2,131,0.289
mongo-w1,10,2,132,0.409
mongo-w1,10,2,133,0.282
mongo-w1,10,2,134,0.347
mongo-w1,10,2,135,0.362
mongo-w1,10,2,136,0.308
mongo-w1,10,2,137,0.364
mongo-w1,10,2,138,0.366
mongo-w1,10,2,139,0.296
mongo-w1,10,2,140,0.277
mongo-w1,10,2,141,0.28
mongo-w1,10,2,142,0.315
mongo-w1,10,2,143,0.393
mongo-w1,10,2,144,0.357
mongo-w1,10,2,145,0.304
mongo-w1,10,2,146,0.425
mongo-w1,10,2,147,0.348
mongo-w1,10,2,148,0.362
mongo-w1,10,2,149,0.392
mongo-w1,10,2,150,0.378
mongo-w1,10,2,151,0.497
mongo-w1,10,2,152,0.365
mongo-w1,10,2,153,0.278
mongo-w1,10,2,154,0.256
mongo-w1,10,2,155,0.385
mongo-w1,10,2,156,0.364
mongo-w1,10,2,157,0.312
mongo-w1,10,2,158,0.445
mongo-w1,10,2,159,0.281
mongo-w1,10,2,160,0.343
mongo-w1,10,2,161,0.423
mongo-w1,10,2,162,0.602
mongo-w1,10,2,163,0.348
mongo-w1,10,2,164,0.366
mongo-w1,10,2,165,0.395
mongo-w1,10,2,166,0.465
mongo-w1,10,2,167,0.496
mongo-w1,10,2,168,0.275
mongo-w1,10,2,169,0.458
mongo-w1,10,2,170,0.398
mongo-w1,10,2,171,0.305
mongo-w1,10,2,172,0.493
mongo-w1,10,2,173,0.536
mongo-w1,10,2,174,0.291
mongo-w1,10,2,175,0.299
mongo-w1,10,2,176,0.382
mongo-w1,10,2,177,0.331
mongo-w1,10,2,178,0.362
mongo-w1,10,2,179,0.359
mongo-w1,10,2,180,0.268
mongo-w1,10,2,181,0.439
mongo-w1,10,2,182,0.352
mongo-w1,10,2,183,0.366
mongo-w1,10,2,184,0.27
mongo-w1,10,2,185,0.401
mongo-w1,10,2,186,0.347
mongo-w1,10,2,187,0.52
mongo-w1,10,2,188,0.284
mongo-w1,10,2,189,0.291
mongo-w1,10,2,190,0.373
mongo-w1,10,2,191,0.345
mongo-w1,10,2,192,0.348
mongo-w1,10,2,193,0.29
mongo-w1,10,2,194,0.237
mongo-w1,10,2,195,0.479
mongo-w1,10,2,196,0.332
mongo-w1,10,2,197,0.324
mongo-w1,10,2,198,0.376
mongo-w1,10,2,199,0.369
mongo-w1,10,2,200,0.35
mongo-w1,10,2,201,0.249
mongo-w1,10,2,202,0.255
mongo-w1,10,2,203,0.201
mongo-w1,10,2,204,0.427
mongo-w1,10,2,205,0.354
mongo-w1,10,2,206,0.387
mongo-w1,10,2,207,0.416
mongo-w1,10,2,208,0.326
mongo-w1,10,2,209,0.445
mongo-w1,10,2,210,0.26
mongo-w1,10,2,211,0.471
mongo-w1,10,2,212,0.408
mongo-w1,10,2,213,0.3
mongo-w1,10,2,214,0.29
mongo-w1,10,2,215,0.393
mongo-w1,10,2,216,0.382
mongo-w1,10,2,217,0.366
mongo-w1,10,2,218,0.5
mongo-w1,10,2,219,0.498
mongo-w1,10,2,220,0.361
mongo-w1,10,2,221,0.673
mongo-w1,10,2,222,0.4
mongo-w1,10,2,223,0.414
mongo-w1,10,2,224,0.411
mongo-w1,10,2,225,0.573
mongo-w1,10,2,226,0.469
mongo-w1,10,2,227,0.556
mongo-w1,10,2,228,0.39
mongo-w1,10,2,229,0.303
mongo-w1,10,2,230,0.372
mongo-w1,10,2,231,0.319
mongo-w1,10,2,232,0.3
mongo-w1,10,2,233,0.286
mongo-w1,10,2,234,0.436
mongo-w1,10,2,235,0.318
mongo-w1,10,2,236,0.27
mongo-w1,10,2,237,0.385
mongo-w1,10,2,238,0.267
mongo-w1,10,2,239,0.269
mongo-w1,10,2,240,0.281
mongo-w1,10,2,241,0.323
mongo-w1,10,2,242,0.348
mongo-w1,10,2,243,0.53
mongo-w1,10,2,244,0.326
mongo-w1,10,2,245,0.272
mongo-w1,10,2,246,0.387
mongo-w1,10,2,247,0.296
mongo-w1,10,2,248,0.32
mongo-w1,10,2,249,0.287
mongo-w1,10,2,250,0.355
mongo-w1,10,2,251,0.367
mongo-w1,10,2,252,0.278
mongo-w1,10,2,253,0.458
mongo-w1,10,2,254,0.296
mongo-w1,10,2,255,0.681
mongo-w1,10,2,256,0.387
mongo-w1,10,2,257,0.454
mongo-w1,10,2,258,0.359
mongo-w1,10,2,259,0.423
mongo-w1,10,2,260,0.365
mongo-w1,10,2,261,0.585
mongo-w1,10,2,262,0.355
mongo-w1,10,2,263,0.341
mongo-w1,10,2,264,0.639
mongo-w1,10,2,265,0.328
mongo-w1,10,2,266,0.327
mongo-w1,10,2,267,0.602
mongo-w1,10,2,268,0.429
mongo-w1,10,2,269,0.287
mongo-w1,10,2,270,0.488
mongo-w1,10,2,271,0.375
mongo-w1,10,2,272,0.432
mongo-w1,10,2,273,0.36
mongo-w1,10,2,274,0.325
mongo-w1,10,2,275,0.349
mongo-w1,10,2,276,0.539
mongo-w1,10,2,277,0.468
mongo-w1,10,2,278,0.314
mongo-w1,10,2,279,0.305
mongo-w1,10,2,280,0.568
mongo-w1,10,2,281,0.586
mongo-w1,10,2,282,0.273
mongo-w1,10,2,283,0.376
mongo-w1,10,2,284,0.298
mongo-w1,10,2,285,0.286
mongo-w1,10,2,286,0.482
mongo-w1,10,2,287,0.348
mongo-w1,10,2,288,0.353
mongo-w1,10,2,289,0.316
mongo-w1,10,2,290,0.388
mongo-w1,10,2,291,0.295
mongo-w1,10,2,292,0.461
mongo-w1,10,2,293,0.395
mongo-w1,10,2,294,0.384
mongo-w1,10,2,295,0.313
mongo-w1,10,2,296,0.359
mongo-w1,10,2,297,0.334
mongo-w1,10,2,298,0.348
mongo-w1,10,2,299,0.343
mongo-w1,10,2,300,0.33
mongo-w1,10,2,301,0.282
mongo-w1,10,2,302,0.29
mongo-w1,10,2,303,0.417
mongo-w1,10,2,304,0.367
mongo-w1,10,2,305,0.34
mongo-w1,10,2,306,0.397
mongo-w1,10,2,307,0.364
mongo-w1,10,2,308,0.3
mongo-w1,10,2,309,0.24
mongo-w1,10,2,310,0.239
mongo-w1,10,2,311,0.253
mongo-w1,10,2,312,0.273
mongo-w1,10,2,313,0.439
mongo-w1,10,2,314,0.385
mongo-w1,10,2,315,0.441
mongo-w1,10,2,316,0.373
mongo-w1,10,2,317,0.492
mongo-w1,10,2,318,0.332
mongo-w1,10,2,319,0.432
mongo-w1,10,2,320,0.389
mongo-w1,10,2,321,0.549
mongo-w1,10,2,322,0.309
mongo-w1,10,2,323,0.55
mongo-w1,10,2,324,0.427
mongo-w1,10,2,325,0.495
mongo-w1,10,2,326,0.279
mongo-w1,10,2,327,0.504
mongo-w1,10,2,328,0.421
mongo-w1,10,2,329,0.604
mongo-w1,10,2,330,0.474
mongo-w1,10,2,331,0.461
mongo-w1,10,2,332,0.51
mongo-w1,10,2,333,0.401
mongo-w1,10,2,334,0.319
mongo-w1,10,2,335,0.303
mongo-w1,10,2,336,0.381
mongo-w1,10,2,337,0.318
mongo-w1,10,2,338,0.39
mongo-w1,10,2,339,0.319
mongo-w1,10,2,340,0.346
mongo-w1,10,2,341,0.514
mongo-w1,10,2,342,0.376
mongo-w1,10,2,343,0.387
mongo-w1,10,2,344,0.365
mongo-w1,10,2,345,0.327
mongo-w1,10,2,346,0.362
mongo-w1,10,2,347,0.445
mongo-w1,10,2,348,0.394
mongo-w1,10,2,349,0.361
mongo-w1,10,2,350,0.275
mongo-w1,10,2,351,0.331
mongo-w1,10,2,352,0.361
mongo-w1,10,2,353,0.324
mongo-w1,10,2,354,0.357
mongo-w1,10,2,355,0.301
mongo-w1,10,2,356,0.351
mongo-w1,10,2,357,0.36
mongo-w1,10,2,358,0.39
mongo-w1,10,2,359,0.412
mongo-w1,10,2,360,0.36
mongo-w1,10,2,361,0.307
mongo-w1,10,2,362,0.263
mongo-w1,10,2,363,0.39
mongo-w1,10,2,364,0.587
mongo-w1,10,2,365,0.632
mongo-w1,10,2,366,0.312
mongo-w1,10,2,367,0.32
mongo-w1,10,2,368,0.553
mongo-w1,10,2,369,0.367
mongo-w1,10,2,370,0.439
mongo-w1,10,2,371,0.347
mongo-w1,10,2,372,0.429
mongo-w1,10,2,373,0.498
mongo-w1,10,2,374,0.459
mongo-w1,10,2,375,0.429
mongo-w1,10,2,376,0.334
mongo-w1,10,2,377,0.364
mongo-w1,10,2,378,0.478
mongo-w1,10,2,379,0.72
mongo-w1,10,2,380,0.481
mongo-w1,10,2,381,0.378
mongo-w1,10,2,382,0.312
mongo-w1,10,2,383,0.477
mongo-w1,10,2,384,0.408
mongo-w1,10,2,385,0.326
mongo-w1,10,2,386,0.274
mongo-w1,10,2,387,0.402
mongo-w1,10,2,388,0.335
mongo-w1,10,2,389,0.266
mongo-w1,10,2,390,0.218
mongo-w1,10,2,391,0.529
mongo-w1,10,2,392,0.292
mongo-w1,10,2,393,0.317
mongo-w1,10,2,394,0.268
mongo-w1,10,2,395,0.315
mongo-w1,10,2,396,0.413
mongo-w1,10,2,397,0.358
mongo-w1,10,2,398,0.296
mongo-w1,10,2,399,0.365
mongo-w1,10,2,400,0.358
mongo-w1,10,2,401,0.293
mongo-w1,10,2,402,0.333
mongo-w1,10,2,403,0.294
mongo-w1,10,2,404,0.312
mongo-w1,10,2,405,0.382
mongo-w1,10,2,406,0.268
mongo-w1,10,2,407,0.331
mongo-w1,10,2,408,0.325
mongo-w1,10,2,409,0.303
mongo-w1,10,2,410,0.584
mongo-w1,10,2,411,0.611
mongo-w1,10,2,412,0.603
mongo-w1,10,2,413,0.503
mongo-w1,10,2,414,0.534
mongo-w1,10,2,415,0.37
mongo-w1,10,2,416,0.424
mongo-w1,10,2,417,0.688
mongo-w1,10,2,418,0.373
mongo-w1,10,2,419,0.362
mongo-w1,10,2,420,0.376
mongo-w1,10,2,421,0.494
mongo-w1,10,2,422,0.443
mongo-w1,10,2,423,0.393
mongo-w1,10,2,424,0.325
mongo-w1,10,2,425,0.334
mongo-w1,10,2,426,0.343
mongo-w1,10,2,427,0.45
mongo-w1,10,2,428,0.343
mongo-w1,10,2,429,0.421
mongo-w1,10,2,430,0.435
mongo-w1,10,2,431,0.415
mongo-w1,10,2,432,0.265
mongo-w1,10,2,433,0.307
mongo-w1,10,2,434,0.285
mongo-w1,10,2,435,0.245
mongo-w1,10,2,436,0.653
mongo-w1,10,2,437,0.341
mongo-w1,10,2,438,0.231
mongo-w1,10,2,439,0.246
mongo-w1,10,2,440,0.261
mongo-w1,10,2,441,0.291
mongo-w1,10,2,442,0.26
mongo-w1,10,2,443,0.201
mongo-w1,10,2,444,0.32
mongo-w1,10,2,445,0.298
mongo-w1,10,2,446,0.525
mongo-w1,10,2,447,0.346
mongo-w1,10,2,448,0.302
mongo-w1,10,2,449,0.425
mongo-w1,10,2,450,0.288
mongo-w1,10,2,451,0.264
mongo-w1,10,2,452,0.266
mongo-w1,10,2,453,0.344
mongo-w1,10,2,454,0.348
mongo-w1,10,2,455,0.318
mongo-w1,10,2,456,0.372
mongo-w1,10,2,457,0.335
mongo-w1,10,2,458,0.335
mongo-w1,10,2,459,0.422
mongo-w1,10,2,460,0.393
mongo-w1,10,2,461,0.352
mongo-w1,10,2,462,0.351
mongo-w1,10,2,463,0.384
mongo-w1,10,2,464,0.479
mongo-w1,10,2,465,0.609
mongo-w1,10,2,466,0.416
mongo-w1,10,2,467,0.406
mongo-w1,10,3,1,7.592
mongo-w1,10,3,2,0.381
mongo-w1,10,3,3,0.316
mongo-w1,10,3,4,0.463
mongo-w1,10,3,5,0.329
mongo-w1,10,3,6,0.276
mongo-w1,10,3,7,0.352
mongo-w1,10,3,8,0.255
mongo-w1,10,3,9,0.255
mongo-w1,10,3,10,0.295
mongo-w1,10,3,11,0.313
mongo-w1,10,3,12,0.247
mongo-w1,10,3,13,0.277
mongo-w1,10,3,14,0.28
mongo-w1,10,3,15,0.299
mongo-w1,10,3,16,0.251
mongo-w1,10,3,17,0.31
mongo-w1,10,3,18,0.322
mongo-w1,10,3,19,0.246
mongo-w1,10,3,20,0.258
mongo-w1,10,3,21,0.362
mongo-w1,10,3,22,0.657
mongo-w1,10,3,23,0.291
mongo-w1,10,3,24,0.358
mongo-w1,10,3,25,0.392
mongo-w1,10,3,26,0.401
mongo-w1,10,3,27,0.281
mongo-w1,10,3,28,0.477
mongo-w1,10,3,29,0.233
mongo-w1,10,3,30,0.184
mongo-w1,10,3,31,0.221
mongo-w1,10,3,32,0.325
mongo-w1,10,3,33,0.285
mongo-w1,10,3,34,0.506
mongo-w1,10,3,35,0.28
mongo-w1,10,3,36,0.812
mongo-w1,10,3,37,0.468
mongo-w1,10,3,38,0.388
mongo-w1,10,3,39,0.362
mongo-w1,10,3,40,0.347
mongo-w1,10,3,41,0.406
mongo-w1,10,3,42,0.37
mongo-w1,10,3,43,0.332
mongo-w1,10,3,44,0.411
mongo-w1,10,3,45,0.337
mongo-w1,10,3,46,0.458
mongo-w1,10,3,47,0.329
mongo-w1,10,3,48,0.326
mongo-w1,10,3,49,0.484
mongo-w1,10,3,50,0.538
mongo-w1,10,3,51,0.561
mongo-w1,10,3,52,0.324
mongo-w1,10,3,53,0.402
mongo-w1,10,3,54,0.378
mongo-w1,10,3,55,0.328
mongo-w1,10,3,56,0.338
mongo-w1,10,3,57,0.395
mongo-w1,10,3,58,0.328
mongo-w1,10,3,59,0.352
mongo-w1,10,3,60,0.377
mongo-w1,10,3,61,0.518
mongo-w1,10,3,62,0.319
mongo-w1,10,3,63,0.472
mongo-w1,10,3,64,0.558
mongo-w1,10,3,65,0.449
mongo-w1,10,3,66,0.33
mongo-w1,10,3,67,0.455
mongo-w1,10,3,68,0.316
mongo-w1,10,3,69,0.483
mongo-w1,10,3,70,0.355
mongo-w1,10,3,71,0.478
mongo-w1,10,3,72,0.381
mongo-w1,10,3,73,0.288
mongo-w1,10,3,74,0.668
mongo-w1,10,3,75,0.388
mongo-w1,10,3,76,0.672
mongo-w1,10,3,77,0.441
mongo-w1,10,3,78,0.5
mongo-w1,10,3,79,0.435
mongo-w1,10,3,80,0.429
mongo-w1,10,3,81,0.418
mongo-w1,10,3,82,0.394
mongo-w1,10,3,83,0.691
mongo-w1,10,3,84,0.599
mongo-w1,10,3,85,0.551
mongo-w1,10,3,86,0.307
mongo-w1,10,3,87,0.346
mongo-w1,10,3,88,0.414
mongo-w1,10,3,89,0.365
mongo-w1,10,3,90,0.268
mongo-w1,10,3,91,0.597
mongo-w1,10,3,92,0.39
mongo-w1,10,3,93,0.356
mongo-w1,10,3,94,0.548
mongo-w1,10,3,95,0.266
mongo-w1,10,3,96,0.372
mongo-w1,10,3,97,0.412
mongo-w1,10,3,98,0.272
mongo-w1,10,3,99,0.487
mongo-w1,10,3,100,0.357
mongo-w1,10,3,101,0.467
mongo-w1,10,3,102,0.301
mongo-w1,10,3,103,0.276
mongo-w1,10,3,104,0.518
mongo-w1,10,3,105,0.391
mongo-w1,10,3,106,0.431
mongo-w1,10,3,107,0.398
mongo-w1,10,3,108,0.625
mongo-w1,10,3,109,0.318
mongo-w1,10,3,110,0.424
mongo-w1,10,3,111,0.483
mongo-w1,10,3,112,0.462
mongo-w1,10,3,113,0.349
mongo-w1,10,3,114,0.297
mongo-w1,10,3,115,0.36
mongo-w1,10,3,116,0.427
mongo-w1,10,3,117,0.36
mongo-w1,10,3,118,0.306
mongo-w1,10,3,119,0.466
mongo-w1,10,3,120,0.401
mongo-w1,10,3,121,0.477
mongo-w1,10,3,122,0.386
mongo-w1,10,3,123,0.297
mongo-w1,10,3,124,0.417
mongo-w1,10,3,125,0.478
mongo-w1,10,3,126,0.461
mongo-w1,10,3,127,0.528
mongo-w1,10,3,128,0.503
mongo-w1,10,3,129,0.642
mongo-w1,10,3,130,0.381
mongo-w1,10,3,131,0.464
mongo-w1,10,3,132,0.515
mongo-w1,10,3,133,0.508
mongo-w1,10,3,134,0.394
mongo-w1,10,3,135,0.394
mongo-w1,10,3,136,0.321
mongo-w1,10,3,137,0.439
mongo-w1,10,3,138,0.267
mongo-w1,10,3,139,0.574
mongo-w1,10,3,140,0.364
mongo-w1,10,3,141,0.369
mongo-w1,10,3,142,0.497
mongo-w1,10,3,143,0.504
mongo-w1,10,3,144,0.47
mongo-w1,10,3,145,0.319
mongo-w1,10,3,146,0.398
mongo-w1,10,3,147,0.365
mongo-w1,10,3,148,0.279
mongo-w1,10,3,149,0.517
mongo-w1,10,3,150,0.389
mongo-w1,10,3,151,0.368
mongo-w1,10,3,152,0.274
mongo-w1,10,3,153,0.483
mongo-w1,10,3,154,0.484
mongo-w1,10,3,155,0.543
mongo-w1,10,3,156,0.562
mongo-w1,10,3,157,0.757
mongo-w1,10,3,158,0.465
mongo-w1,10,3,159,0.465
mongo-w1,10,3,160,0.397
mongo-w1,10,3,161,0.425
mongo-w1,10,3,162,0.356
mongo-w1,10,3,163,0.256
mongo-w1,10,3,164,0.327
mongo-w1,10,3,165,0.359
mongo-w1,10,3,166,0.369
mongo-w1,10,3,167,0.453
mongo-w1,10,3,168,0.645
mongo-w1,10,3,169,0.376
mongo-w1,10,3,170,0.831
mongo-w1,10,3,171,0.41
mongo-w1,10,3,172,0.499
mongo-w1,10,3,173,0.291
mongo-w1,10,3,174,0.361
mongo-w1,10,3,175,0.753
mongo-w1,10,3,176,0.51
mongo-w1,10,3,177,0.357
mongo-w1,10,3,178,0.375
mongo-w1,10,3,179,0.398
mongo-w1,10,3,180,0.292
mongo-w1,10,3,181,0.252
mongo-w1,10,3,182,0.344
mongo-w1,10,3,183,0.331
mongo-w1,10,3,184,0.651
mongo-w1,10,3,185,0.401
mongo-w1,10,3,186,0.379
mongo-w1,10,3,187,0.428
mongo-w1,10,3,188,0.528
mongo-w1,10,3,189,0.322
mongo-w1,10,3,190,0.482
mongo-w1,10,3,191,0.503
mongo-w1,10,3,192,0.488
mongo-w1,10,3,193,0.369
mongo-w1,10,3,194,0.479
mongo-w1,10,3,195,0.436
mongo-w1,10,3,196,0.295
mongo-w1,10,3,197,0.342
mongo-w1,10,3,198,0.353
mongo-w1,10,3,199,0.56
mongo-w1,10,3,200,0.427
mongo-w1,10,3,201,0.379
mongo-w1,10,3,202,0.676
mongo-w1,10,3,203,0.54
mongo-w1,10,3,204,0.58
mongo-w1,10,3,205,0.357
mongo-w1,10,3,206,0.607
mongo-w1,10,3,207,0.475
mongo-w1,10,3,208,0.516
mongo-w1,10,3,209,0.424
mongo-w1,10,3,210,0.663
mongo-w1,10,3,211,0.445
mongo-w1,10,3,212,0.578
mongo-w1,10,3,213,0.445
mongo-w1,10,3,214,0.438
mongo-w1,10,3,215,0.33
mongo-w1,10,3,216,0.682
mongo-w1,10,3,217,0.41
mongo-w1,10,3,218,0.277
mongo-w1,10,3,219,0.329
mongo-w1,10,3,220,0.325
mongo-w1,10,3,221,0.348
mongo-w1,10,3,222,0.35
mongo-w1,10,3,223,0.496
mongo-w1,10,3,224,0.485
mongo-w1,10,3,225,0.384
mongo-w1,10,3,226,0.297
mongo-w1,10,3,227,0.307
mongo-w1,10,3,228,0.296
mongo-w1,10,3,229,0.309
mongo-w1,10,3,230,0.543
mongo-w1,10,3,231,0.607
mongo-w1,10,3,232,0.575
mongo-w1,10,3,233,0.374
mongo-w1,10,3,234,0.347
mongo-w1,10,3,235,0.396
mongo-w1,10,3,236,0.5
mongo-w1,10,3,237,0.554
mongo-w1,10,3,238,0.396
mongo-w1,10,3,239,0.328
mongo-w1,10,3,240,0.509
mongo-w1,10,3,241,0.453
mongo-w1,10,3,242,0.477
mongo-w1,10,3,243,0.364
mongo-w1,10,3,244,0.32
mongo-w1,10,3,245,0.38
mongo-w1,10,3,246,0.308
mongo-w1,10,3,247,0.386
mongo-w1,10,3,248,0.364
mongo-w1,10,3,249,0.446
mongo-w1,10,3,250,0.4
mongo-w1,10,3,251,0.42
mongo-w1,10,3,252,0.337
mongo-w1,10,3,253,0.466
mongo-w1,10,3,254,0.371
mongo-w1,10,3,255,0.356
mongo-w1,10,3,256,0.217
mongo-w1,10,3,257,0.632
mongo-w1,10,3,258,0.315
mongo-w1,10,3,259,0.443
mongo-w1,10,3,260,0.327
mongo-w1,10,3,261,0.454
mongo-w1,10,3,262,0.512
mongo-w1,10,3,263,0.396
mongo-w1,10,3,264,0.332
mongo-w1,10,3,265,0.388
mongo-w1,10,3,266,0.675
mongo-w1,10,3,267,0.542
mongo-w1,10,3,268,0.327
mongo-w1,10,3,269,0.495
mongo-w1,10,3,270,0.352
mongo-w1,10,3,271,0.437
mongo-w1,10,3,272,0.499
mongo-w1,10,3,273,0.7
mongo-w1,10,3,274,0.417
mongo-w1,10,3,275,0.452
mongo-w1,10,3,276,0.692
mongo-w1,10,3,277,0.464
mongo-w1,10,3,278,0.539
mongo-w1,10,3,279,0.542
mongo-w1,10,3,280,0.455
mongo-w1,10,3,281,0.61
mongo-w1,10,3,282,0.378
mongo-w1,10,3,283,0.439
mongo-w1,10,3,284,0.451
mongo-w1,10,3,285,0.51
mongo-w1,10,3,286,0.342
mongo-w1,10,3,287,0.467
mongo-w1,10,3,288,0.411
mongo-w1,10,3,289,0.436
mongo-w1,10,3,290,0.444
mongo-w1,10,3,291,0.383
mongo-w1,10,3,292,0.534
mongo-w1,10,3,293,0.511
mongo-w1,10,3,294,0.456
mongo-w1,10,3,295,0.503
mongo-w1,10,3,296,0.304
mongo-w1,10,3,297,0.279
mongo-w1,10,3,298,0.586
mongo-w1,10,3,299,0.493
mongo-w1,10,3,300,0.731
mongo-w1,10,3,301,0.329
mongo-w1,10,3,302,0.463
mongo-w1,10,3,303,0.459
mongo-w1,10,3,304,0.236
mongo-w1,10,3,305,0.479
mongo-w1,10,3,306,0.338
mongo-w1,10,3,307,0.453
mongo-w1,10,3,308,0.307
mongo-w1,10,3,309,0.507
mongo-w1,10,3,310,0.494
mongo-w1,10,3,311,0.385
mongo-w1,10,3,312,0.67
mongo-w1,10,3,313,0.436
mongo-w1,10,3,314,0.484
mongo-w1,10,3,315,0.51
mongo-w1,10,3,316,0.464
mongo-w1,10,3,317,0.577
mongo-w1,10,3,318,0.709
mongo-w1,10,3,319,0.59
mongo-w1,10,3,320,0.409
mongo-w1,10,3,321,0.404
mongo-w1,10,3,322,0.424
mongo-w1,10,3,323,0.35
mongo-w1,10,3,324,0.435
mongo-w1,10,3,325,0.38
mongo-w1,10,3,326,0.34
mongo-w1,10,3,327,0.503
mongo-w1,10,3,328,0.665
mongo-w1,10,3,329,0.697
mongo-w1,10,3,330,0.694
mongo-w1,10,3,331,0.986
mongo-w1,10,3,332,0.575
mongo-w1,10,3,333,0.819
mongo-w1,10,3,334,0.968
mongo-w1,10,3,335,0.414
mongo-w1,10,3,336,0.509
mongo-w1,10,3,337,0.514
mongo-w1,10,3,338,0.504
mongo-w1,10,3,339,0.367
mongo-w1,10,3,340,0.414
mongo-w1,10,3,341,0.363
mongo-w1,10,3,342,0.478
mongo-w1,10,3,343,0.59
mongo-w1,10,3,344,0.486
mongo-w1,10,3,345,0.481
mongo-w1,10,3,346,0.482
mongo-w1,10,3,347,0.346
mongo-w1,10,3,348,0.766
mongo-w1,10,3,349,0.773
mongo-w1,10,3,350,0.501
mongo-w1,10,3,351,0.478
mongo-w1,10,3,352,0.509
mongo-w1,10,3,353,0.492
mongo-w1,10,3,354,0.544
mongo-w1,10,3,355,0.463
mongo-w1,10,3,356,0.404
mongo-w1,10,3,357,0.502
mongo-w1,10,3,358,0.435
mongo-w1,10,3,359,0.418
mongo-w1,10,3,360,0.41
mongo-w1,10,3,361,0.74
mongo-w1,10,3,362,0.457
mongo-w1,10,3,363,0.427
mongo-w1,10,3,364,0.349
mongo-w1,10,3,365,0.375
mongo-w1,10,3,366,0.234
mongo-w1,10,3,367,0.451
mongo-w1,10,3,368,0.493
mongo-w1,10,3,369,0.378
mongo-w1,10,3,370,0.329
mongo-w1,10,3,371,0.506
mongo-w1,10,3,372,0.328
mongo-w1,10,3,373,0.849
mongo-w1,10,3,374,0.546
mongo-w1,10,3,375,0.473
mongo-w1,10,3,376,0.861
mongo-w1,10,3,377,0.58
mongo-w1,10,3,378,0.852
mongo-w1,10,3,379,0.356
mongo-w1,10,3,380,0.596
mongo-w1,10,3,381,0.571
mongo-w1,10,3,382,0.5
mongo-w1,10,3,383,0.736
mongo-w1,10,3,384,0.623
mongo-w1,10,3,385,0.399
mongo-w1,10,3,386,0.436
mongo-w1,10,3,387,0.485
mongo-w1,10,3,388,0.473
mongo-w1,10,3,389,0.666
mongo-w1,10,3,390,0.447
mongo-w1,10,3,391,0.348
mongo-w1,10,3,392,0.315
mongo-w1,10,3,393,0.323
mongo-w1,10,3,394,0.347
mongo-w1,10,3,395,0.453
mongo-w1,10,3,396,0.408
mongo-w1,10,3,397,0.336
mongo-w1,10,3,398,0.451
mongo-w1,10,3,399,0.491
mongo-w1,10,3,400,0.419
mongo-w1,10,3,401,0.508
mongo-w1,10,3,402,0.719
mongo-w1,10,3,403,0.305
mongo-w1,10,3,404,0.398
mongo-w1,10,3,405,0.535
mongo-w1,10,3,406,0.366
mongo-w1,10,3,407,0.637
mongo-w1,10,3,408,0.428
mongo-w1,10,3,409,0.38
mongo-w1,10,3,410,0.475
mongo-w1,10,3,411,0.3
mongo-w1,10,3,412,0.789
mongo-w1,10,3,413,0.81
mongo-w1,10,3,414,0.448
mongo-w1,10,3,415,0.572
mongo-w1,10,3,416,0.795
mongo-w1,10,3,417,0.539
mongo-w1,10,3,418,0.584
mongo-w1,10,3,419,0.5
mongo-w1,10,3,420,0.669
mongo-w1,10,3,421,0.661
mongo-w1,10,3,422,0.44
mongo-w1,10,3,423,0.667
mongo-w1,10,3,424,0.549
mongo-w1,10,3,425,0.636
mongo-w1,10,3,426,0.425
mongo-w1,10,3,427,0.515
mongo-w1,10,3,428,0.563
mongo-w1,10,3,429,0.54
mongo-w1,10,3,430,0.674
mongo-w1,10,3,431,0.736
mongo-w1,10,3,432,1.047
mongo-w1,10,3,433,0.644
mongo-w1,10,3,434,0.762
mongo-w1,10,3,435,0.97
mongo-w1,10,3,436,0.542
mongo-w1,10,3,437,0.576
mongo-w1,10,3,438,0.839
mongo-w1,10,3,439,0.534
mongo-w1,10,3,440,0.582
mongo-w1,10,3,441,0.615
mongo-w1,10,3,442,0.407
mongo-w1,10,3,443,0.639
mongo-w1,10,3,444,0.74
mongo-w1,10,3,445,0.697
mongo-w1,10,3,446,0.476
mongo-w1,10,3,447,0.718
mongo-w1,10,3,448,0.682
mongo-w1,10,3,449,0.775
mongo-w1,10,3,450,0.814
mongo-w1,10,3,451,0.646
mongo-w1,10,3,452,0.677
mongo-w1,10,3,453,0.648
mongo-w1,10,3,454,0.528
mongo-w1,10,3,455,0.52
mongo-w1,10,3,456,0.731
mongo-w1,10,3,457,0.408
mongo-w1,10,3,458,0.639
mongo-w1,10,3,459,0.733
mongo-w1,10,3,460,0.766
mongo-w1,10,3,461,0.523
mongo-w1,10,3,462,0.646
mongo-w1,10,3,463,0.773
mongo-w1,10,3,464,0.887
mongo-w1,10,3,465,0.456
mongo-w1,10,3,466,0.75
mongo-w1,10,3,467,0.674
mongo-majority,10,1,1,30.9
mongo-majority,10,1,2,21.944
mongo-majority,10,1,3,22.514
mongo-majority,10,1,4,22.278
mongo-majority,10,1,5,22.502
mongo-majority,10,1,6,23.401
mongo-majority,10,1,7,23.36
mongo-majority,10,1,8,25.636
mongo-majority,10,1,9,23.593
mongo-majority,10,1,10,22.0
mongo-majority,10,1,11,21.602
mongo-majority,10,1,12,21.429
mongo-majority,10,1,13,22.086
mongo-majority,10,1,14,21.868
mongo-majority,10,1,15,23.34
mongo-majority,10,1,16,22.714
mongo-majority,10,1,17,22.644
mongo-majority,10,1,18,21.656
mongo-majority,10,1,19,21.646
mongo-majority,10,1,20,21.214
mongo-majority,10,1,21,22.61
mongo-majority,10,1,22,20.765
mongo-majority,10,1,23,22.514
mongo-majority,10,1,24,22.12
mongo-majority,10,1,25,22.258
mongo-majority,10,1,26,23.199
mongo-majority,10,1,27,22.209
mongo-majority,10,1,28,22.22
mongo-majority,10,1,29,20.773
mongo-majority,10,1,30,21.07
mongo-majority,10,1,31,24.15
mongo-majority,10,1,32,21.258
mongo-majority,10,1,33,20.798
mongo-majority,10,1,34,20.915
mongo-majority,10,1,35,22.377
mongo-majority,10,1,36,21.701
mongo-majority,10,1,37,21.612
mongo-majority,10,1,38,21.178
mongo-majority,10,1,39,22.275
mongo-majority,10,1,40,21.515
mongo-majority,10,1,41,23.036
mongo-majority,10,1,42,23.204
mongo-majority,10,1,43,23.517
mongo-majority,10,1,44,21.175
mongo-majority,10,1,45,22.191
mongo-majority,10,1,46,23.886
mongo-majority,10,1,47,21.811
mongo-majority,10,1,48,23.178
mongo-majority,10,1,49,26.4
mongo-majority,10,1,50,22.831
mongo-majority,10,1,51,21.876
mongo-majority,10,1,52,22.114
mongo-majority,10,1,53,23.686
mongo-majority,10,1,54,22.789
mongo-majority,10,1,55,25.457
mongo-majority,10,1,56,25.741
mongo-majority,10,1,57,22.462
mongo-majority,10,1,58,21.472
mongo-majority,10,1,59,20.97
mongo-majority,10,1,60,20.941
mongo-majority,10,1,61,22.925
mongo-majority,10,1,62,23.724
mongo-majority,10,1,63,24.633
mongo-majority,10,1,64,24.859
mongo-majority,10,1,65,23.763
mongo-majority,10,1,66,23.35
mongo-majority,10,1,67,22.655
mongo-majority,10,1,68,22.399
mongo-majority,10,1,69,22.76
mongo-majority,10,1,70,25.66
mongo-majority,10,1,71,24.514
mongo-majority,10,1,72,22.225
mongo-majority,10,1,73,22.788
mongo-majority,10,1,74,21.628
mongo-majority,10,1,75,22.63
mongo-majority,10,1,76,22.656
mongo-majority,10,1,77,20.973
mongo-majority,10,1,78,22.387
mongo-majority,10,1,79,21.049
mongo-majority,10,1,80,22.435
mongo-majority,10,1,81,23.676
mongo-majority,10,1,82,21.337
mongo-majority,10,1,83,21.272
mongo-majority,10,1,84,21.964
mongo-majority,10,1,85,22.424
mongo-majority,10,1,86,21.195
mongo-majority,10,1,87,21.403
mongo-majority,10,1,88,21.619
mongo-majority,10,1,89,21.65
mongo-majority,10,1,90,21.771
mongo-majority,10,1,91,21.74
mongo-majority,10,1,92,21.611
mongo-majority,10,1,93,23.141
mongo-majority,10,1,94,22.76
mongo-majority,10,1,95,22.644
mongo-majority,10,1,96,22.711
mongo-majority,10,1,97,23.631
mongo-majority,10,1,98,23.395
mongo-majority,10,1,99,22.576
mongo-majority,10,1,100,22.653
mongo-majority,10,1,101,22.939
mongo-majority,10,1,102,21.556
mongo-majority,10,1,103,24.161
mongo-majority,10,1,104,21.705
mongo-majority,10,1,105,21.547
mongo-majority,10,1,106,21.881
mongo-majority,10,1,107,22.372
mongo-majority,10,1,108,21.419
mongo-majority,10,1,109,22.176
mongo-majority,10,1,110,23.579
mongo-majority,10,1,111,25.787
mongo-majority,10,1,112,22.579
mongo-majority,10,1,113,22.07
mongo-majority,10,1,114,23.574
mongo-majority,10,1,115,22.292
mongo-majority,10,1,116,22.023
mongo-majority,10,1,117,22.511
mongo-majority,10,1,118,21.762
mongo-majority,10,1,119,25.606
mongo-majority,10,1,120,27.168
mongo-majority,10,1,121,23.145
mongo-majority,10,1,122,24.024
mongo-majority,10,1,123,22.045
mongo-majority,10,1,124,21.912
mongo-majority,10,1,125,23.18
mongo-majority,10,1,126,20.78
mongo-majority,10,1,127,20.933
mongo-majority,10,1,128,21.251
mongo-majority,10,1,129,22.719
mongo-majority,10,1,130,22.01
mongo-majority,10,1,131,21.193
mongo-majority,10,1,132,20.749
mongo-majority,10,1,133,20.988
mongo-majority,10,1,134,20.522
mongo-majority,10,1,135,20.88
mongo-majority,10,1,136,20.788
mongo-majority,10,1,137,21.581
mongo-majority,10,1,138,21.271
mongo-majority,10,1,139,21.733
mongo-majority,10,1,140,22.651
mongo-majority,10,1,141,24.861
mongo-majority,10,1,142,26.298
mongo-majority,10,1,143,24.559
mongo-majority,10,1,144,23.252
mongo-majority,10,1,145,22.321
mongo-majority,10,1,146,20.812
mongo-majority,10,1,147,24.674
mongo-majority,10,1,148,22.053
mongo-majority,10,1,149,22.917
mongo-majority,10,1,150,21.656
mongo-majority,10,1,151,23.961
mongo-majority,10,1,152,21.807
mongo-majority,10,1,153,29.144
mongo-majority,10,1,154,26.063
mongo-majority,10,1,155,20.49
mongo-majority,10,1,156,24.842
mongo-majority,10,1,157,22.044
mongo-majority,10,1,158,21.672
mongo-majority,10,1,159,23.446
mongo-majority,10,1,160,22.331
mongo-majority,10,1,161,24.43
mongo-majority,10,1,162,22.397
mongo-majority,10,1,163,21.929
mongo-majority,10,1,164,22.538
mongo-majority,10,1,165,23.117
mongo-majority,10,1,166,23.693
mongo-majority,10,1,167,23.322
mongo-majority,10,1,168,22.504
mongo-majority,10,1,169,25.142
mongo-majority,10,1,170,22.183
mongo-majority,10,1,171,22.079
mongo-majority,10,1,172,21.286
mongo-majority,10,1,173,21.717
mongo-majority,10,1,174,22.001
mongo-majority,10,1,175,22.054
mongo-majority,10,1,176,23.433
mongo-majority,10,1,177,23.613
mongo-majority,10,1,178,23.789
mongo-majority,10,1,179,21.958
mongo-majority,10,1,180,23.946
mongo-majority,10,1,181,21.397
mongo-majority,10,1,182,22.065
mongo-majority,10,1,183,24.181
mongo-majority,10,1,184,21.773
mongo-majority,10,1,185,21.934
mongo-majority,10,1,186,21.768
mongo-majority,10,1,187,22.85
mongo-majority,10,1,188,21.111
mongo-majority,10,1,189,21.549
mongo-majority,10,1,190,20.458
mongo-majority,10,1,191,20.672
mongo-majority,10,1,192,21.491
mongo-majority,10,1,193,21.919
mongo-majority,10,1,194,22.243
mongo-majority,10,1,195,20.926
mongo-majority,10,1,196,20.775
mongo-majority,10,1,197,20.618
mongo-majority,10,1,198,21.154
mongo-majority,10,1,199,20.589
mongo-majority,10,1,200,21.234
mongo-majority,10,1,201,21.296
mongo-majority,10,1,202,22.699
mongo-majority,10,1,203,21.404
mongo-majority,10,1,204,15.843
mongo-majority,10,1,205,17.034
mongo-majority,10,1,206,20.916
mongo-majority,10,1,207,23.231
mongo-majority,10,1,208,24.113
mongo-majority,10,1,209,25.37
mongo-majority,10,1,210,23.982
mongo-majority,10,1,211,22.865
mongo-majority,10,1,212,23.123
mongo-majority,10,1,213,23.388
mongo-majority,10,1,214,21.514
mongo-majority,10,1,215,21.447
mongo-majority,10,1,216,21.486
mongo-majority,10,1,217,22.107
mongo-majority,10,1,218,21.704
mongo-majority,10,1,219,21.172
mongo-majority,10,1,220,20.622
mongo-majority,10,1,221,22.993
mongo-majority,10,1,222,21.348
mongo-majority,10,1,223,21.668
mongo-majority,10,1,224,24.735
mongo-majority,10,1,225,20.746
mongo-majority,10,1,226,20.958
mongo-majority,10,1,227,23.991
mongo-majority,10,1,228,20.587
mongo-majority,10,1,229,21.63
mongo-majority,10,1,230,21.393
mongo-majority,10,1,231,21.194
mongo-majority,10,1,232,23.249
mongo-majority,10,1,233,24.677
mongo-majority,10,1,234,22.979
mongo-majority,10,1,235,20.922
mongo-majority,10,1,236,23.98
mongo-majority,10,1,237,21.864
mongo-majority,10,1,238,22.869
mongo-majority,10,1,239,23.282
mongo-majority,10,1,240,21.676
mongo-majority,10,1,241,21.67
mongo-majority,10,1,242,21.653
mongo-majority,10,1,243,22.959
mongo-majority,10,1,244,20.862
mongo-majority,10,1,245,20.711
mongo-majority,10,1,246,21.962
mongo-majority,10,1,247,22.53
mongo-majority,10,1,248,24.269
mongo-majority,10,1,249,23.676
mongo-majority,10,1,250,21.876
mongo-majority,10,1,251,22.626
mongo-majority,10,1,252,21.454
mongo-majority,10,1,253,23.514
mongo-majority,10,1,254,22.164
mongo-majority,10,1,255,21.917
mongo-majority,10,1,256,22.646
mongo-majority,10,1,257,22.643
mongo-majority,10,1,258,23.337
mongo-majority,10,1,259,23.765
mongo-majority,10,1,260,22.336
mongo-majority,10,1,261,21.973
mongo-majority,10,1,262,23.072
mongo-majority,10,1,263,23.663
mongo-majority,10,1,264,21.552
mongo-majority,10,1,265,23.689
mongo-majority,10,1,266,24.473
mongo-majority,10,1,267,22.938
mongo-majority,10,1,268,23.004
mongo-majority,10,1,269,23.573
mongo-majority,10,1,270,21.797
mongo-majority,10,1,271,22.307
mongo-majority,10,1,272,21.585
mongo-majority,10,1,273,22.636
mongo-majority,10,1,274,23.575
mongo-majority,10,1,275,24.23
mongo-majority,10,1,276,21.25
mongo-majority,10,1,277,24.505
mongo-majority,10,1,278,22.939
mongo-majority,10,1,279,22.17
mongo-majority,10,1,280,22.123
mongo-majority,10,1,281,23.469
mongo-majority,10,1,282,21.124
mongo-majority,10,1,283,22.36
mongo-majority,10,1,284,21.698
mongo-majority,10,1,285,22.921
mongo-majority,10,1,286,20.817
mongo-majority,10,1,287,23.403
mongo-majority,10,1,288,21.493
mongo-majority,10,1,289,20.536
mongo-majority,10,1,290,23.963
mongo-majority,10,1,291,20.807
mongo-majority,10,1,292,23.924
mongo-majority,10,1,293,23.373
mongo-majority,10,1,294,15.117
mongo-majority,10,1,295,17.375
mongo-majority,10,1,296,25.051
mongo-majority,10,1,297,24.579
mongo-majority,10,1,298,25.33
mongo-majority,10,1,299,24.987
mongo-majority,10,1,300,21.582
mongo-majority,10,1,301,23.079
mongo-majority,10,1,302,21.52
mongo-majority,10,1,303,21.474
mongo-majority,10,1,304,24.186
mongo-majority,10,1,305,23.209
mongo-majority,10,1,306,23.97
mongo-majority,10,1,307,24.856
mongo-majority,10,1,308,25.307
mongo-majority,10,1,309,27.3
mongo-majority,10,1,310,24.876
mongo-majority,10,1,311,27.728
mongo-majority,10,1,312,26.091
mongo-majority,10,1,313,25.199
mongo-majority,10,1,314,27.38
mongo-majority,10,1,315,25.523
mongo-majority,10,1,316,25.679
mongo-majority,10,1,317,25.815
mongo-majority,10,1,318,26.04
mongo-majority,10,1,319,26.889
mongo-majority,10,1,320,27.938
mongo-majority,10,1,321,26.42
mongo-majority,10,1,322,23.284
mongo-majority,10,1,323,25.92
mongo-majority,10,1,324,26.588
mongo-majority,10,1,325,27.869
mongo-majority,10,1,326,26.107
mongo-majority,10,1,327,26.004
mongo-majority,10,1,328,28.44
mongo-majority,10,1,329,27.066
mongo-majority,10,1,330,26.377
mongo-majority,10,1,331,28.252
mongo-majority,10,1,332,28.359
mongo-majority,10,1,333,25.965
mongo-majority,10,1,334,26.094
mongo-majority,10,1,335,24.732
mongo-majority,10,1,336,27.342
mongo-majority,10,1,337,28.276
mongo-majority,10,1,338,26.863
mongo-majority,10,1,339,25.975
mongo-majority,10,1,340,25.318
mongo-majority,10,1,341,27.437
mongo-majority,10,1,342,25.701
mongo-majority,10,1,343,26.196
mongo-majority,10,1,344,25.859
mongo-majority,10,1,345,28.748
mongo-majority,10,1,346,25.756
mongo-majority,10,1,347,25.39
mongo-majority,10,1,348,25.108
mongo-majority,10,1,349,24.609
mongo-majority,10,1,350,24.478
mongo-majority,10,1,351,27.708
mongo-majority,10,1,352,33.152
mongo-majority,10,1,353,29.194
mongo-majority,10,1,354,26.075
mongo-majority,10,1,355,25.558
mongo-majority,10,1,356,26.683
mongo-majority,10,1,357,26.339
mongo-majority,10,1,358,27.05
mongo-majority,10,1,359,28.458
mongo-majority,10,1,360,25.215
mongo-majority,10,1,361,25.932
mongo-majority,10,1,362,26.048
mongo-majority,10,1,363,25.365
mongo-majority,10,1,364,26.082
mongo-majority,10,1,365,27.522
mongo-majority,10,1,366,26.558
mongo-majority,10,1,367,25.77
mongo-majority,10,1,368,25.892
mongo-majority,10,1,369,25.351
mongo-majority,10,1,370,25.127
mongo-majority,10,1,371,24.449
mongo-majority,10,1,372,16.811
mongo-majority,10,1,373,20.958
mongo-majority,10,1,374,25.497
mongo-majority,10,1,375,27.492
mongo-majority,10,1,376,26.35
mongo-majority,10,1,377,26.05
mongo-majority,10,1,378,26.202
mongo-majority,10,1,379,26.016
mongo-majority,10,1,380,16.238
mongo-majority,10,1,381,19.655
mongo-majority,10,1,382,26.203
mongo-majority,10,1,383,26.417
mongo-majority,10,1,384,25.908
mongo-majority,10,1,385,25.878
mongo-majority,10,1,386,27.354
mongo-majority,10,1,387,26.08
mongo-majority,10,1,388,28.549
mongo-majority,10,1,389,26.752
mongo-majority,10,1,390,26.145
mongo-majority,10,1,391,26.991
mongo-majority,10,1,392,25.527
mongo-majority,10,1,393,25.525
mongo-majority,10,1,394,26.318
mongo-majority,10,1,395,26.324
mongo-majority,10,1,396,25.811
mongo-majority,10,1,397,26.024
mongo-majority,10,1,398,27.666
mongo-majority,10,1,399,27.127
mongo-majority,10,1,400,25.571
mongo-majority,10,1,401,26.905
mongo-majority,10,1,402,25.515
mongo-majority,10,1,403,27.467
mongo-majority,10,1,404,25.847
mongo-majority,10,1,405,25.292
mongo-majority,10,1,406,27.562
mongo-majority,10,1,407,25.842
mongo-majority,10,1,408,25.106
mongo-majority,10,1,409,25.913
mongo-majority,10,1,410,30.896
mongo-majority,10,1,411,25.411
mongo-majority,10,1,412,25.249
mongo-majority,10,1,413,25.45
mongo-majority,10,1,414,25.877
mongo-majority,10,1,415,26.173
mongo-majority,10,1,416,28.985
mongo-majority,10,1,417,26.875
mongo-majority,10,1,418,25.012
mongo-majority,10,1,419,24.996
mongo-majority,10,1,420,25.472
mongo-majority,10,1,421,24.874
mongo-majority,10,1,422,25.632
mongo-majority,10,1,423,25.102
mongo-majority,10,1,424,26.9
mongo-majority,10,1,425,26.136
mongo-majority,10,1,426,26.197
mongo-majority,10,1,427,26.873
mongo-majority,10,1,428,25.748
mongo-majority,10,1,429,25.195
mongo-majority,10,1,430,25.944
mongo-majority,10,1,431,24.924
mongo-majority,10,1,432,25.277
mongo-majority,10,1,433,25.715
mongo-majority,10,1,434,29.022
mongo-majority,10,1,435,29.49
mongo-majority,10,1,436,27.724
mongo-majority,10,1,437,26.772
mongo-majority,10,1,438,25.029
mongo-majority,10,1,439,26.671
mongo-majority,10,1,440,27.14
mongo-majority,10,1,441,39.077
mongo-majority,10,1,442,25.417
mongo-majority,10,1,443,23.956
mongo-majority,10,1,444,24.739
mongo-majority,10,1,445,24.467
mongo-majority,10,1,446,25.621
mongo-majority,10,1,447,25.059
mongo-majority,10,1,448,27.156
mongo-majority,10,1,449,25.714
mongo-majority,10,1,450,27.428
mongo-majority,10,1,451,25.968
mongo-majority,10,1,452,25.62
mongo-majority,10,1,453,26.014
mongo-majority,10,1,454,25.491
mongo-majority,10,1,455,25.528
mongo-majority,10,1,456,24.194
mongo-majority,10,1,457,25.523
mongo-majority,10,1,458,25.131
mongo-majority,10,1,459,25.299
mongo-majority,10,1,460,25.031
mongo-majority,10,1,461,26.814
mongo-majority,10,1,462,28.218
mongo-majority,10,1,463,25.839
mongo-majority,10,1,464,25.947
mongo-majority,10,1,465,27.357
mongo-majority,10,1,466,25.612
mongo-majority,10,1,467,25.934
mongo-majority,10,2,1,41.887
mongo-majority,10,2,2,22.876
mongo-majority,10,2,3,24.151
mongo-majority,10,2,4,22.956
mongo-majority,10,2,5,26.689
mongo-majority,10,2,6,26.002
mongo-majority,10,2,7,24.79
mongo-majority,10,2,8,27.009
mongo-majority,10,2,9,24.574
mongo-majority,10,2,10,23.546
mongo-majority,10,2,11,23.652
mongo-majority,10,2,12,24.979
mongo-majority,10,2,13,26.962
mongo-majority,10,2,14,25.364
mongo-majority,10,2,15,25.774
mongo-majority,10,2,16,25.395
mongo-majority,10,2,17,27.304
mongo-majority,10,2,18,25.574
mongo-majority,10,2,19,25.774
mongo-majority,10,2,20,26.233
mongo-majority,10,2,21,27.291
mongo-majority,10,2,22,26.491
mongo-majority,10,2,23,25.205
mongo-majority,10,2,24,26.09
mongo-majority,10,2,25,23.199
mongo-majority,10,2,26,26.36
mongo-majority,10,2,27,25.486
mongo-majority,10,2,28,25.189
mongo-majority,10,2,29,25.828
mongo-majority,10,2,30,24.776
mongo-majority,10,2,31,25.221
mongo-majority,10,2,32,26.082
mongo-majority,10,2,33,25.613
mongo-majority,10,2,34,28.034
mongo-majority,10,2,35,26.425
mongo-majority,10,2,36,25.424
mongo-majority,10,2,37,25.398
mongo-majority,10,2,38,25.378
mongo-majority,10,2,39,25.532
mongo-majority,10,2,40,27.437
mongo-majority,10,2,41,26.415
mongo-majority,10,2,42,27.81
mongo-majority,10,2,43,26.131
mongo-majority,10,2,44,25.442
mongo-majority,10,2,45,27.174
mongo-majority,10,2,46,26.516
mongo-majority,10,2,47,26.45
mongo-majority,10,2,48,26.629
mongo-majority,10,2,49,25.952
mongo-majority,10,2,50,25.587
mongo-majority,10,2,51,25.86
mongo-majority,10,2,52,25.31
mongo-majority,10,2,53,25.721
mongo-majority,10,2,54,25.632
mongo-majority,10,2,55,28.25
mongo-majority,10,2,56,26.488
mongo-majority,10,2,57,26.689
mongo-majority,10,2,58,21.326
mongo-majority,10,2,59,26.252
mongo-majority,10,2,60,26.115
mongo-majority,10,2,61,26.155
mongo-majority,10,2,62,26.32
mongo-majority,10,2,63,29.382
mongo-majority,10,2,64,27.845
mongo-majority,10,2,65,24.458
mongo-majority,10,2,66,22.816
mongo-majority,10,2,67,22.975
mongo-majority,10,2,68,21.961
mongo-majority,10,2,69,21.742
mongo-majority,10,2,70,21.862
mongo-majority,10,2,71,21.577
mongo-majority,10,2,72,21.649
mongo-majority,10,2,73,21.692
mongo-majority,10,2,74,23.004
mongo-majority,10,2,75,22.224
mongo-majority,10,2,76,22.028
mongo-majority,10,2,77,21.98
mongo-majority,10,2,78,22.903
mongo-majority,10,2,79,26.225
mongo-majority,10,2,80,24.796
mongo-majority,10,2,81,25.987
mongo-majority,10,2,82,26.295
mongo-majority,10,2,83,28.291
mongo-majority,10,2,84,28.237
mongo-majority,10,2,85,26.817
mongo-majority,10,2,86,26.04
mongo-majority,10,2,87,25.676
mongo-majority,10,2,88,25.812
mongo-majority,10,2,89,25.289
mongo-majority,10,2,90,26.714
mongo-majority,10,2,91,27.196
mongo-majority,10,2,92,27.779
mongo-majority,10,2,93,29.243
mongo-majority,10,2,94,27.027
mongo-majority,10,2,95,26.853
mongo-majority,10,2,96,26.943
mongo-majority,10,2,97,25.121
mongo-majority,10,2,98,26.45
mongo-majority,10,2,99,25.335
mongo-majority,10,2,100,25.412
mongo-majority,10,2,101,25.752
mongo-majority,10,2,102,25.843
mongo-majority,10,2,103,26.141
mongo-majority,10,2,104,15.872
mongo-majority,10,2,105,21.258
mongo-majority,10,2,106,26.046
mongo-majority,10,2,107,26.5
mongo-majority,10,2,108,25.801
mongo-majority,10,2,109,23.504
mongo-majority,10,2,110,23.066
mongo-majority,10,2,111,24.33
mongo-majority,10,2,112,25.143
mongo-majority,10,2,113,27.553
mongo-majority,10,2,114,25.531
mongo-majority,10,2,115,24.851
mongo-majority,10,2,116,25.731
mongo-majority,10,2,117,24.472
mongo-majority,10,2,118,25.728
mongo-majority,10,2,119,27.144
mongo-majority,10,2,120,28.135
mongo-majority,10,2,121,25.583
mongo-majority,10,2,122,27.978
mongo-majority,10,2,123,25.458
mongo-majority,10,2,124,25.705
mongo-majority,10,2,125,25.1
mongo-majority,10,2,126,26.345
mongo-majority,10,2,127,27.702
mongo-majority,10,2,128,27.136
mongo-majority,10,2,129,26.555
mongo-majority,10,2,130,25.734
mongo-majority,10,2,131,24.722
mongo-majority,10,2,132,28.904
mongo-majority,10,2,133,27.736
mongo-majority,10,2,134,25.711
mongo-majority,10,2,135,24.726
mongo-majority,10,2,136,25.848
mongo-majority,10,2,137,25.083
mongo-majority,10,2,138,26.352
mongo-majority,10,2,139,26.989
mongo-majority,10,2,140,27.458
mongo-majority,10,2,141,25.637
mongo-majority,10,2,142,26.2
mongo-majority,10,2,143,25.982
mongo-majority,10,2,144,38.174
mongo-majority,10,2,145,25.803
mongo-majority,10,2,146,27.426
mongo-majority,10,2,147,28.944
mongo-majority,10,2,148,22.641
mongo-majority,10,2,149,23.907
mongo-majority,10,2,150,22.474
mongo-majority,10,2,151,22.214
mongo-majority,10,2,152,23.093
mongo-majority,10,2,153,23.456
mongo-majority,10,2,154,22.17
mongo-majority,10,2,155,22.76
mongo-majority,10,2,156,23.946
mongo-majority,10,2,157,22.856
mongo-majority,10,2,158,24.78
mongo-majority,10,2,159,24.582
mongo-majority,10,2,160,24.714
mongo-majority,10,2,161,25.28
mongo-majority,10,2,162,24.77
mongo-majority,10,2,163,25.582
mongo-majority,10,2,164,25.414
mongo-majority,10,2,165,27.496
mongo-majority,10,2,166,27.397
mongo-majority,10,2,167,26.515
mongo-majority,10,2,168,26.413
mongo-majority,10,2,169,25.616
mongo-majority,10,2,170,30.788
mongo-majority,10,2,171,25.504
mongo-majority,10,2,172,25.334
mongo-majority,10,2,173,26.517
mongo-majority,10,2,174,26.532
mongo-majority,10,2,175,27.516
mongo-majority,10,2,176,25.466
mongo-majority,10,2,177,26.078
mongo-majority,10,2,178,27.315
mongo-majority,10,2,179,25.777
mongo-majority,10,2,180,25.959
mongo-majority,10,2,181,30.217
mongo-majority,10,2,182,19.849
mongo-majority,10,2,183,16.135
mongo-majority,10,2,184,25.991
mongo-majority,10,2,185,25.746
mongo-majority,10,2,186,26.14
mongo-majority,10,2,187,25.918
mongo-majority,10,2,188,25.533
mongo-majority,10,2,189,26.51
mongo-majority,10,2,190,27.207
mongo-majority,10,2,191,26.308
mongo-majority,10,2,192,25.575
mongo-majority,10,2,193,28.028
mongo-majority,10,2,194,25.917
mongo-majority,10,2,195,25.818
mongo-majority,10,2,196,27.309
mongo-majority,10,2,197,25.473
mongo-majority,10,2,198,26.94
mongo-majority,10,2,199,26.337
mongo-majority,10,2,200,25.859
mongo-majority,10,2,201,26.093
mongo-majority,10,2,202,26.543
mongo-majority,10,2,203,26.329
mongo-majority,10,2,204,25.798
mongo-majority,10,2,205,27.143
mongo-majority,10,2,206,25.132
mongo-majority,10,2,207,25.685
mongo-majority,10,2,208,25.223
mongo-majority,10,2,209,26.403
mongo-majority,10,2,210,24.2
mongo-majority,10,2,211,24.28
mongo-majority,10,2,212,25.356
mongo-majority,10,2,213,25.859
mongo-majority,10,2,214,26.417
mongo-majority,10,2,215,26.619
mongo-majority,10,2,216,27.532
mongo-majority,10,2,217,26.109
mongo-majority,10,2,218,24.938
mongo-majority,10,2,219,26.5
mongo-majority,10,2,220,26.082
mongo-majority,10,2,221,25.381
mongo-majority,10,2,222,27.04
mongo-majority,10,2,223,21.65
mongo-majority,10,2,224,16.051
mongo-majority,10,2,225,26.292
mongo-majority,10,2,226,25.388
mongo-majority,10,2,227,25.962
mongo-majority,10,2,228,24.901
mongo-majority,10,2,229,25.178
mongo-majority,10,2,230,26.813
mongo-majority,10,2,231,28.724
mongo-majority,10,2,232,24.994
mongo-majority,10,2,233,24.191
mongo-majority,10,2,234,24.626
mongo-majority,10,2,235,27.274
mongo-majority,10,2,236,27.235
mongo-majority,10,2,237,27.786
mongo-majority,10,2,238,27.689
mongo-majority,10,2,239,26.742
mongo-majority,10,2,240,27.574
mongo-majority,10,2,241,27.651
mongo-majority,10,2,242,26.652
mongo-majority,10,2,243,25.014
mongo-majority,10,2,244,26.216
mongo-majority,10,2,245,24.615
mongo-majority,10,2,246,27.615
mongo-majority,10,2,247,26.052
mongo-majority,10,2,248,27.373
mongo-majority,10,2,249,26.719
mongo-majority,10,2,250,25.201
mongo-majority,10,2,251,25.104
mongo-majority,10,2,252,25.964
mongo-majority,10,2,253,25.096
mongo-majority,10,2,254,25.883
mongo-majority,10,2,255,25.661
mongo-majority,10,2,256,27.897
mongo-majority,10,2,257,25.565
mongo-majority,10,2,258,25.406
mongo-majority,10,2,259,25.544
mongo-majority,10,2,260,24.653
mongo-majority,10,2,261,26.156
mongo-majority,10,2,262,25.412
mongo-majority,10,2,263,24.939
mongo-majority,10,2,264,27.286
mongo-majority,10,2,265,27.265
mongo-majority,10,2,266,26.072
mongo-majority,10,2,267,28.283
mongo-majority,10,2,268,25.353
mongo-majority,10,2,269,26.231
mongo-majority,10,2,270,26.906
mongo-majority,10,2,271,25.328
mongo-majority,10,2,272,25.396
mongo-majority,10,2,273,27.161
mongo-majority,10,2,274,25.683
mongo-majority,10,2,275,25.701
mongo-majority,10,2,276,25.682
mongo-majority,10,2,277,25.583
mongo-majority,10,2,278,25.052
mongo-majority,10,2,279,27.778
mongo-majority,10,2,280,28.146
mongo-majority,10,2,281,29.093
mongo-majority,10,2,282,27.483
mongo-majority,10,2,283,25.84
mongo-majority,10,2,284,25.633
mongo-majority,10,2,285,27.451
mongo-majority,10,2,286,25.942
mongo-majority,10,2,287,25.973
mongo-majority,10,2,288,25.504
mongo-majority,10,2,289,27.283
mongo-majority,10,2,290,26.798
mongo-majority,10,2,291,25.897
mongo-majority,10,2,292,26.737
mongo-majority,10,2,293,25.035
mongo-majority,10,2,294,26.708
mongo-majority,10,2,295,27.207
mongo-majority,10,2,296,26.176
mongo-majority,10,2,297,26.368
mongo-majority,10,2,298,26.451
mongo-majority,10,2,299,27.085
mongo-majority,10,2,300,21.78
mongo-majority,10,2,301,26.01
mongo-majority,10,2,302,25.714
mongo-majority,10,2,303,26.852
mongo-majority,10,2,304,25.636
mongo-majority,10,2,305,26.09
mongo-majority,10,2,306,26.792
mongo-majority,10,2,307,26.925
mongo-majority,10,2,308,26.453
mongo-majority,10,2,309,28.137
mongo-majority,10,2,310,26.36
mongo-majority,10,2,311,26.427
mongo-majority,10,2,312,25.865
mongo-majority,10,2,313,26.664
mongo-majority,10,2,314,29.118
mongo-majority,10,2,315,26.359
mongo-majority,10,2,316,25.548
mongo-majority,10,2,317,25.715
mongo-majority,10,2,318,26.53
mongo-majority,10,2,319,25.575
mongo-majority,10,2,320,25.512
mongo-majority,10,2,321,23.767
mongo-majority,10,2,322,25.369
mongo-majority,10,2,323,24.987
mongo-majority,10,2,324,33.382
mongo-majority,10,2,325,29.874
mongo-majority,10,2,326,26.673
mongo-majority,10,2,327,26.398
mongo-majority,10,2,328,27.722
mongo-majority,10,2,329,26.453
mongo-majority,10,2,330,23.914
mongo-majority,10,2,331,26.954
mongo-majority,10,2,332,25.792
mongo-majority,10,2,333,24.671
mongo-majority,10,2,334,25.497
mongo-majority,10,2,335,24.273
mongo-majority,10,2,336,23.929
mongo-majority,10,2,337,25.81
mongo-majority,10,2,338,26.285
mongo-majority,10,2,339,25.305
mongo-majority,10,2,340,24.802
mongo-majority,10,2,341,25.763
mongo-majority,10,2,342,26.418
mongo-majority,10,2,343,27.771
mongo-majority,10,2,344,26.12
mongo-majority,10,2,345,26.263
mongo-majority,10,2,346,25.439
mongo-majority,10,2,347,26.345
mongo-majority,10,2,348,28.859
mongo-majority,10,2,349,27.704
mongo-majority,10,2,350,26.175
mongo-majority,10,2,351,26.23
mongo-majority,10,2,352,25.229
mongo-majority,10,2,353,27.506
mongo-majority,10,2,354,26.292
mongo-majority,10,2,355,25.769
mongo-majority,10,2,356,25.598
mongo-majority,10,2,357,25.884
mongo-majority,10,2,358,25.51
mongo-majority,10,2,359,27.597
mongo-majority,10,2,360,26.569
mongo-majority,10,2,361,26.753
mongo-majority,10,2,362,26.927
mongo-majority,10,2,363,26.321
mongo-majority,10,2,364,27.034
mongo-majority,10,2,365,26.893
mongo-majority,10,2,366,27.146
mongo-majority,10,2,367,27.18
mongo-majority,10,2,368,26.604
mongo-majority,10,2,369,23.72
mongo-majority,10,2,370,29.34
mongo-majority,10,2,371,25.095
mongo-majority,10,2,372,23.344
mongo-majority,10,2,373,26.377
mongo-majority,10,2,374,26.349
mongo-majority,10,2,375,23.491
mongo-majority,10,2,376,24.033
mongo-majority,10,2,377,14.044
mongo-majority,10,2,378,21.797
mongo-majority,10,2,379,24.131
mongo-majority,10,2,380,24.123
mongo-majority,10,2,381,25.121
mongo-majority,10,2,382,25.88
mongo-majority,10,2,383,25.523
mongo-majority,10,2,384,26.766
mongo-majority,10,2,385,27.472
mongo-majority,10,2,386,25.292
mongo-majority,10,2,387,25.76
mongo-majority,10,2,388,25.402
mongo-majority,10,2,389,26.127
mongo-majority,10,2,390,25.625
mongo-majority,10,2,391,25.487
mongo-majority,10,2,392,25.217
mongo-majority,10,2,393,25.359
mongo-majority,10,2,394,26.146
mongo-majority,10,2,395,26.269
mongo-majority,10,2,396,27.205
mongo-majority,10,2,397,24.852
mongo-majority,10,2,398,25.879
mongo-majority,10,2,399,26.295
mongo-majority,10,2,400,25.684
mongo-majority,10,2,401,25.804
mongo-majority,10,2,402,24.771
mongo-majority,10,2,403,26.8
mongo-majority,10,2,404,25.904
mongo-majority,10,2,405,26.777
mongo-majority,10,2,406,26.623
mongo-majority,10,2,407,27.373
mongo-majority,10,2,408,24.925
mongo-majority,10,2,409,27.365
mongo-majority,10,2,410,26.6
mongo-majority,10,2,411,24.984
mongo-majority,10,2,412,26.316
mongo-majority,10,2,413,25.047
mongo-majority,10,2,414,25.454
mongo-majority,10,2,415,25.489
mongo-majority,10,2,416,26.922
mongo-majority,10,2,417,25.13
mongo-majority,10,2,418,26.473
mongo-majority,10,2,419,25.414
mongo-majority,10,2,420,25.567
mongo-majority,10,2,421,26.033
mongo-majority,10,2,422,25.086
mongo-majority,10,2,423,26.639
mongo-majority,10,2,424,25.83
mongo-majority,10,2,425,25.185
mongo-majority,10,2,426,24.758
mongo-majority,10,2,427,26.442
mongo-majority,10,2,428,25.947
mongo-majority,10,2,429,26.702
mongo-majority,10,2,430,28.5
mongo-majority,10,2,431,27.355
mongo-majority,10,2,432,24.525
mongo-majority,10,2,433,25.26
mongo-majority,10,2,434,25.443
mongo-majority,10,2,435,25.76
mongo-majority,10,2,436,25.718
mongo-majority,10,2,437,27.138
mongo-majority,10,2,438,25.742
mongo-majority,10,2,439,25.962
mongo-majority,10,2,440,24.702
mongo-majority,10,2,441,25.278
mongo-majority,10,2,442,26.316
mongo-majority,10,2,443,26.401
mongo-majority,10,2,444,26.138
mongo-majority,10,2,445,26.579
mongo-majority,10,2,446,26.243
mongo-majority,10,2,447,25.086
mongo-majority,10,2,448,25.883
mongo-majority,10,2,449,24.991
mongo-majority,10,2,450,26.008
mongo-majority,10,2,451,25.213
mongo-majority,10,2,452,25.227
mongo-majority,10,2,453,23.752
mongo-majority,10,2,454,22.869
mongo-majority,10,2,455,22.598
mongo-majority,10,2,456,22.128
mongo-majority,10,2,457,21.894
mongo-majority,10,2,458,21.747
mongo-majority,10,2,459,22.074
mongo-majority,10,2,460,21.956
mongo-majority,10,2,461,21.878
mongo-majority,10,2,462,21.964
mongo-majority,10,2,463,23.298
mongo-majority,10,2,464,22.435
mongo-majority,10,2,465,23.332
mongo-majority,10,2,466,22.08
mongo-majority,10,2,467,24.302
mongo-majority,10,3,1,38.285
mongo-majority,10,3,2,22.21
mongo-majority,10,3,3,22.242
mongo-majority,10,3,4,22.698
mongo-majority,10,3,5,24.007
mongo-majority,10,3,6,25.246
mongo-majority,10,3,7,25.561
mongo-majority,10,3,8,25.972
mongo-majority,10,3,9,27.425
mongo-majority,10,3,10,25.663
mongo-majority,10,3,11,25.066
mongo-majority,10,3,12,25.276
mongo-majority,10,3,13,25.546
mongo-majority,10,3,14,25.163
mongo-majority,10,3,15,25.302
mongo-majority,10,3,16,24.825
mongo-majority,10,3,17,26.032
mongo-majority,10,3,18,25.998
mongo-majority,10,3,19,27.791
mongo-majority,10,3,20,26.107
mongo-majority,10,3,21,26.23
mongo-majority,10,3,22,34.083
mongo-majority,10,3,23,24.67
mongo-majority,10,3,24,31.277
mongo-majority,10,3,25,25.482
mongo-majority,10,3,26,29.506
mongo-majority,10,3,27,23.614
mongo-majority,10,3,28,25.764
mongo-majority,10,3,29,24.299
mongo-majority,10,3,30,24.556
mongo-majority,10,3,31,24.475
mongo-majority,10,3,32,24.885
mongo-majority,10,3,33,25.052
mongo-majority,10,3,34,25.201
mongo-majority,10,3,35,25.957
mongo-majority,10,3,36,25.587
mongo-majority,10,3,37,25.868
mongo-majority,10,3,38,25.264
mongo-majority,10,3,39,27.7
mongo-majority,10,3,40,25.437
mongo-majority,10,3,41,26.041
mongo-majority,10,3,42,26.903
mongo-majority,10,3,43,25.078
mongo-majority,10,3,44,26.97
mongo-majority,10,3,45,26.373
mongo-majority,10,3,46,25.981
mongo-majority,10,3,47,25.716
mongo-majority,10,3,48,25.757
mongo-majority,10,3,49,29.631
mongo-majority,10,3,50,26.76
mongo-majority,10,3,51,26.812
mongo-majority,10,3,52,25.81
mongo-majority,10,3,53,24.868
mongo-majority,10,3,54,25.288
mongo-majority,10,3,55,26.203
mongo-majority,10,3,56,27.504
mongo-majority,10,3,57,25.095
mongo-majority,10,3,58,24.943
mongo-majority,10,3,59,24.945
mongo-majority,10,3,60,26.423
mongo-majority,10,3,61,27.537
mongo-majority,10,3,62,23.548
mongo-majority,10,3,63,22.331
mongo-majority,10,3,64,22.388
mongo-majority,10,3,65,22.736
mongo-majority,10,3,66,22.697
mongo-majority,10,3,67,23.419
mongo-majority,10,3,68,22.19
mongo-majority,10,3,69,22.014
mongo-majority,10,3,70,22.066
mongo-majority,10,3,71,22.129
mongo-majority,10,3,72,24.74
mongo-majority,10,3,73,22.247
mongo-majority,10,3,74,22.2
mongo-majority,10,3,75,22.352
mongo-majority,10,3,76,22.909
mongo-majority,10,3,77,24.827
mongo-majority,10,3,78,23.29
mongo-majority,10,3,79,24.169
mongo-majority,10,3,80,23.236
mongo-majority,10,3,81,22.966
mongo-majority,10,3,82,23.668
mongo-majority,10,3,83,23.5
mongo-majority,10,3,84,23.033
mongo-majority,10,3,85,23.423
mongo-majority,10,3,86,22.847
mongo-majority,10,3,87,23.533
mongo-majority,10,3,88,24.117
mongo-majority,10,3,89,23.716
mongo-majority,10,3,90,23.778
mongo-majority,10,3,91,23.564
mongo-majority,10,3,92,23.776
mongo-majority,10,3,93,24.242
mongo-majority,10,3,94,23.689
mongo-majority,10,3,95,22.793
mongo-majority,10,3,96,22.402
mongo-majority,10,3,97,23.307
mongo-majority,10,3,98,23.756
mongo-majority,10,3,99,23.303
mongo-majority,10,3,100,23.563
mongo-majority,10,3,101,22.508
mongo-majority,10,3,102,22.37
mongo-majority,10,3,103,22.018
mongo-majority,10,3,104,22.392
mongo-majority,10,3,105,25.232
mongo-majority,10,3,106,24.847
mongo-majority,10,3,107,25.261
mongo-majority,10,3,108,19.421
mongo-majority,10,3,109,16.377
mongo-majority,10,3,110,25.829
mongo-majority,10,3,111,24.456
mongo-majority,10,3,112,26.101
mongo-majority,10,3,113,26.136
mongo-majority,10,3,114,25.691
mongo-majority,10,3,115,25.846
mongo-majority,10,3,116,26.837
mongo-majority,10,3,117,26.816
mongo-majority,10,3,118,26.525
mongo-majority,10,3,119,26.32
mongo-majority,10,3,120,25.078
mongo-majority,10,3,121,25.102
mongo-majority,10,3,122,27.537
mongo-majority,10,3,123,27.143
mongo-majority,10,3,124,26.533
mongo-majority,10,3,125,26.624
mongo-majority,10,3,126,26.902
mongo-majority,10,3,127,25.666
mongo-majority,10,3,128,26.985
mongo-majority,10,3,129,27.309
mongo-majority,10,3,130,26.837
mongo-majority,10,3,131,25.653
mongo-majority,10,3,132,25.456
mongo-majority,10,3,133,28.941
mongo-majority,10,3,134,27.305
mongo-majority,10,3,135,25.806
mongo-majority,10,3,136,26.679
mongo-majority,10,3,137,25.724
mongo-majority,10,3,138,25.341
mongo-majority,10,3,139,24.889
mongo-majority,10,3,140,27.13
mongo-majority,10,3,141,24.975
mongo-majority,10,3,142,26.835
mongo-majority,10,3,143,26.964
mongo-majority,10,3,144,26.368
mongo-majority,10,3,145,25.798
mongo-majority,10,3,146,25.73
mongo-majority,10,3,147,25.936
mongo-majority,10,3,148,25.359
mongo-majority,10,3,149,25.872
mongo-majority,10,3,150,26.916
mongo-majority,10,3,151,26.282
mongo-majority,10,3,152,25.584
mongo-majority,10,3,153,30.706
mongo-majority,10,3,154,25.611
mongo-majority,10,3,155,26.371
mongo-majority,10,3,156,26.423
mongo-majority,10,3,157,26.014
mongo-majority,10,3,158,25.714
mongo-majority,10,3,159,26.436
mongo-majority,10,3,160,27.284
mongo-majority,10,3,161,25.77
mongo-majority,10,3,162,26.05
mongo-majority,10,3,163,25.889
mongo-majority,10,3,164,26.648
mongo-majority,10,3,165,25.392
mongo-majority,10,3,166,25.992
mongo-majority,10,3,167,25.927
mongo-majority,10,3,168,28.664
mongo-majority,10,3,169,26.155
mongo-majority,10,3,170,25.082
mongo-majority,10,3,171,25.812
mongo-majority,10,3,172,25.356
mongo-majority,10,3,173,30.659
mongo-majority,10,3,174,25.498
mongo-majority,10,3,175,26.069
mongo-majority,10,3,176,26.675
mongo-majority,10,3,177,25.993
mongo-majority,10,3,178,27.081
mongo-majority,10,3,179,25.926
mongo-majority,10,3,180,26.457
mongo-majority,10,3,181,26.145
mongo-majority,10,3,182,25.628
mongo-majority,10,3,183,25.746
mongo-majority,10,3,184,25.159
mongo-majority,10,3,185,23.686
mongo-majority,10,3,186,25.308
mongo-majority,10,3,187,27.385
mongo-majority,10,3,188,29.087
mongo-majority,10,3,189,25.034
mongo-majority,10,3,190,25.989
mongo-majority,10,3,191,26.234
mongo-majority,10,3,192,26.939
mongo-majority,10,3,193,27.895
mongo-majority,10,3,194,26.53
mongo-majority,10,3,195,25.573
mongo-majority,10,3,196,26.071
mongo-majority,10,3,197,27.8
mongo-majority,10,3,198,25.981
mongo-majority,10,3,199,27.497
mongo-majority,10,3,200,25.44
mongo-majority,10,3,201,26.706
mongo-majority,10,3,202,25.992
mongo-majority,10,3,203,26.457
mongo-majority,10,3,204,27.18
mongo-majority,10,3,205,25.691
mongo-majority,10,3,206,25.966
mongo-majority,10,3,207,25.376
mongo-majority,10,3,208,25.917
mongo-majority,10,3,209,28.504
mongo-majority,10,3,210,25.482
mongo-majority,10,3,211,25.829
mongo-majority,10,3,212,25.871
mongo-majority,10,3,213,25.42
mongo-majority,10,3,214,26.244
mongo-majority,10,3,215,26.694
mongo-majority,10,3,216,24.7
mongo-majority,10,3,217,26.141
mongo-majority,10,3,218,26.821
mongo-majority,10,3,219,25.929
mongo-majority,10,3,220,27.358
mongo-majority,10,3,221,25.454
mongo-majority,10,3,222,25.411
mongo-majority,10,3,223,25.627
mongo-majority,10,3,224,25.607
mongo-majority,10,3,225,16.791
mongo-majority,10,3,226,21.107
mongo-majority,10,3,227,25.733
mongo-majority,10,3,228,26.233
mongo-majority,10,3,229,25.713
mongo-majority,10,3,230,26.245
mongo-majority,10,3,231,25.728
mongo-majority,10,3,232,25.45
mongo-majority,10,3,233,25.822
mongo-majority,10,3,234,26.282
mongo-majority,10,3,235,25.805
mongo-majority,10,3,236,25.442
mongo-majority,10,3,237,26.526
mongo-majority,10,3,238,25.563
mongo-majority,10,3,239,25.515
mongo-majority,10,3,240,24.661
mongo-majority,10,3,241,24.965
mongo-majority,10,3,242,25.877
mongo-majority,10,3,243,26.926
mongo-majority,10,3,244,25.545
mongo-majority,10,3,245,26.969
mongo-majority,10,3,246,26.559
mongo-majority,10,3,247,25.097
mongo-majority,10,3,248,25.593
mongo-majority,10,3,249,24.988
mongo-majority,10,3,250,25.07
mongo-majority,10,3,251,24.95
mongo-majority,10,3,252,24.837
mongo-majority,10,3,253,25.06
mongo-majority,10,3,254,26.34
mongo-majority,10,3,255,24.588
mongo-majority,10,3,256,24.793
mongo-majority,10,3,257,25.984
mongo-majority,10,3,258,26.902
mongo-majority,10,3,259,26.509
mongo-majority,10,3,260,26.92
mongo-majority,10,3,261,27.293
mongo-majority,10,3,262,25.964
mongo-majority,10,3,263,19.041
mongo-majority,10,3,264,16.71
mongo-majority,10,3,265,25.144
mongo-majority,10,3,266,25.46
mongo-majority,10,3,267,26.405
mongo-majority,10,3,268,26.815
mongo-majority,10,3,269,26.251
mongo-majority,10,3,270,26.367
mongo-majority,10,3,271,25.882
mongo-majority,10,3,272,25.941
mongo-majority,10,3,273,26.689
mongo-majority,10,3,274,25.409
mongo-majority,10,3,275,26.771
mongo-majority,10,3,276,25.864
mongo-majority,10,3,277,25.151
mongo-majority,10,3,278,26.501
mongo-majority,10,3,279,27.871
mongo-majority,10,3,280,25.831
mongo-majority,10,3,281,25.905
mongo-majority,10,3,282,25.917
mongo-majority,10,3,283,26.475
mongo-majority,10,3,284,25.539
mongo-majority,10,3,285,26.138
mongo-majority,10,3,286,28.166
mongo-majority,10,3,287,25.562
mongo-majority,10,3,288,25.078
mongo-majority,10,3,289,26.251
mongo-majority,10,3,290,25.154
mongo-majority,10,3,291,25.237
mongo-majority,10,3,292,26.191
mongo-majority,10,3,293,27.308
mongo-majority,10,3,294,25.444
mongo-majority,10,3,295,26.586
mongo-majority,10,3,296,27.892
mongo-majority,10,3,297,26.371
mongo-majority,10,3,298,26.766
mongo-majority,10,3,299,29.131
mongo-majority,10,3,300,25.806
mongo-majority,10,3,301,27.21
mongo-majority,10,3,302,24.91
mongo-majority,10,3,303,25.051
mongo-majority,10,3,304,25.583
mongo-majority,10,3,305,25.951
mongo-majority,10,3,306,25.299
mongo-majority,10,3,307,25.705
mongo-majority,10,3,308,26.185
mongo-majority,10,3,309,25.773
mongo-majority,10,3,310,25.267
mongo-majority,10,3,311,24.027
mongo-majority,10,3,312,24.992
mongo-majority,10,3,313,25.682
mongo-majority,10,3,314,25.064
mongo-majority,10,3,315,25.462
mongo-majority,10,3,316,25.743
mongo-majority,10,3,317,25.824
mongo-majority,10,3,318,25.72
mongo-majority,10,3,319,25.467
mongo-majority,10,3,320,25.169
mongo-majority,10,3,321,27.093
mongo-majority,10,3,322,24.287
mongo-majority,10,3,323,23.245
mongo-majority,10,3,324,25.061
mongo-majority,10,3,325,27.012
mongo-majority,10,3,326,25.645
mongo-majority,10,3,327,62.086
mongo-majority,10,3,328,29.007
mongo-majority,10,3,329,25.134
mongo-majority,10,3,330,25.836
mongo-majority,10,3,331,25.612
mongo-majority,10,3,332,26.398
mongo-majority,10,3,333,24.952
mongo-majority,10,3,334,25.128
mongo-majority,10,3,335,25.389
mongo-majority,10,3,336,24.992
mongo-majority,10,3,337,26.111
mongo-majority,10,3,338,24.945
mongo-majority,10,3,339,25.363
mongo-majority,10,3,340,14.401
mongo-majority,10,3,341,21.168
mongo-majority,10,3,342,25.472
mongo-majority,10,3,343,25.357
mongo-majority,10,3,344,27.326
mongo-majority,10,3,345,25.516
mongo-majority,10,3,346,26.32
mongo-majority,10,3,347,26.852
mongo-majority,10,3,348,25.198
mongo-majority,10,3,349,25.871
mongo-majority,10,3,350,26.235
mongo-majority,10,3,351,32.211
mongo-majority,10,3,352,28.38
mongo-majority,10,3,353,26.699
mongo-majority,10,3,354,27.092
mongo-majority,10,3,355,25.369
mongo-majority,10,3,356,25.874
mongo-majority,10,3,357,27.99
mongo-majority,10,3,358,26.192
mongo-majority,10,3,359,28.115
mongo-majority,10,3,360,26.64
mongo-majority,10,3,361,25.273
mongo-majority,10,3,362,27.228
mongo-majority,10,3,363,26.19
mongo-majority,10,3,364,27.354
mongo-majority,10,3,365,25.882
mongo-majority,10,3,366,26.392
mongo-majority,10,3,367,26.87
mongo-majority,10,3,368,26.029
mongo-majority,10,3,369,27.081
mongo-majority,10,3,370,26.991
mongo-majority,10,3,371,25.277
mongo-majority,10,3,372,24.288
mongo-majority,10,3,373,24.916
mongo-majority,10,3,374,26.451
mongo-majority,10,3,375,25.639
mongo-majority,10,3,376,25.833
mongo-majority,10,3,377,23.205
mongo-majority,10,3,378,23.265
mongo-majority,10,3,379,22.711
mongo-majority,10,3,380,22.055
mongo-majority,10,3,381,23.573
mongo-majority,10,3,382,22.367
mongo-majority,10,3,383,21.981
mongo-majority,10,3,384,21.639
mongo-majority,10,3,385,21.49
mongo-majority,10,3,386,23.798
mongo-majority,10,3,387,21.807
mongo-majority,10,3,388,22.129
mongo-majority,10,3,389,22.206
mongo-majority,10,3,390,22.892
mongo-majority,10,3,391,25.899
mongo-majority,10,3,392,24.397
mongo-majority,10,3,393,25.575
mongo-majority,10,3,394,25.558
mongo-majority,10,3,395,24.491
mongo-majority,10,3,396,27.955
mongo-majority,10,3,397,26.081
mongo-majority,10,3,398,26.198
mongo-majority,10,3,399,26.876
mongo-majority,10,3,400,26.096
mongo-majority,10,3,401,27.523
mongo-majority,10,3,402,27.405
mongo-majority,10,3,403,25.689
mongo-majority,10,3,404,25.169
mongo-majority,10,3,405,27.154
mongo-majority,10,3,406,26.874
mongo-majority,10,3,407,26.445
mongo-majority,10,3,408,28.43
mongo-majority,10,3,409,26.393
mongo-majority,10,3,410,28.26
mongo-majority,10,3,411,27.748
mongo-majority,10,3,412,27.61
mongo-majority,10,3,413,26.517
mongo-majority,10,3,414,26.662
mongo-majority,10,3,415,27.228
mongo-majority,10,3,416,26.136
mongo-majority,10,3,417,27.732
mongo-majority,10,3,418,25.414
mongo-majority,10,3,419,26.379
mongo-majority,10,3,420,24.108
mongo-majority,10,3,421,24.445
mongo-majority,10,3,422,23.741
mongo-majority,10,3,423,26.838
mongo-majority,10,3,424,28.079
mongo-majority,10,3,425,25.741
mongo-majority,10,3,426,25.408
mongo-majority,10,3,427,25.299
mongo-majority,10,3,428,26.678
mongo-majority,10,3,429,26.732
mongo-majority,10,3,430,29.812
mongo-majority,10,3,431,25.823
mongo-majority,10,3,432,26.183
mongo-majority,10,3,433,27.182
mongo-majority,10,3,434,26.759
mongo-majority,10,3,435,28.267
mongo-majority,10,3,436,27.293
mongo-majority,10,3,437,25.992
mongo-majority,10,3,438,26.771
mongo-majority,10,3,439,26.241
mongo-majority,10,3,440,25.669
mongo-majority,10,3,441,25.687
mongo-majority,10,3,442,27.474
mongo-majority,10,3,443,29.268
mongo-majority,10,3,444,25.24
mongo-majority,10,3,445,26.79
mongo-majority,10,3,446,26.103
mongo-majority,10,3,447,25.547
mongo-majority,10,3,448,25.876
mongo-majority,10,3,449,26.17
mongo-majority,10,3,450,26.363
mongo-majority,10,3,451,16.566
mongo-majority,10,3,452,22.07
mongo-majority,10,3,453,30.705
mongo-majority,10,3,454,26.712
mongo-majority,10,3,455,26.012
mongo-majority,10,3,456,25.131
mongo-majority,10,3,457,24.948
mongo-majority,10,3,458,23.108
mongo-majority,10,3,459,22.979
mongo-majority,10,3,460,22.066
mongo-majority,10,3,461,24.517
mongo-majority,10,3,462,23.641
mongo-majority,10,3,463,22.705
mongo-majority,10,3,464,22.192
mongo-majority,10,3,465,21.971
mongo-majority,10,3,466,21.924
mongo-majority,10,3,467,22.239
mongo-w1,50,1,1,13.449
mongo-w1,50,1,2,1.115
mongo-w1,50,1,3,0.809
mongo-w1,50,1,4,1.148
mongo-w1,50,1,5,0.516
mongo-w1,50,1,6,0.705
mongo-w1,50,1,7,0.61
mongo-w1,50,1,8,0.559
mongo-w1,50,1,9,0.431
mongo-w1,50,1,10,0.382
mongo-w1,50,1,11,0.467
mongo-w1,50,1,12,0.608
mongo-w1,50,1,13,0.523
mongo-w1,50,1,14,0.449
mongo-w1,50,1,15,0.398
mongo-w1,50,1,16,0.648
mongo-w1,50,1,17,0.852
mongo-w1,50,1,18,0.788
mongo-w1,50,1,19,1.059
mongo-w1,50,1,20,0.483
mongo-w1,50,1,21,0.572
mongo-w1,50,1,22,0.694
mongo-w1,50,1,23,0.378
mongo-w1,50,1,24,0.31
mongo-w1,50,1,25,0.282
mongo-w1,50,1,26,0.298
mongo-w1,50,1,27,0.277
mongo-w1,50,1,28,0.304
mongo-w1,50,1,29,0.327
mongo-w1,50,1,30,0.3
mongo-w1,50,1,31,0.268
mongo-w1,50,1,32,0.344
mongo-w1,50,1,33,0.295
mongo-w1,50,1,34,0.297
mongo-w1,50,1,35,0.283
mongo-w1,50,1,36,0.363
mongo-w1,50,1,37,0.495
mongo-w1,50,1,38,0.364
mongo-w1,50,1,39,0.265
mongo-w1,50,1,40,0.26
mongo-w1,50,1,41,0.465
mongo-w1,50,1,42,0.288
mongo-w1,50,1,43,0.293
mongo-w1,50,1,44,0.328
mongo-w1,50,1,45,0.263
mongo-w1,50,1,46,0.249
mongo-w1,50,1,47,0.258
mongo-w1,50,1,48,0.29
mongo-w1,50,1,49,0.231
mongo-w1,50,1,50,0.185
mongo-w1,50,1,51,0.179
mongo-w1,50,1,52,0.172
mongo-w1,50,1,53,0.218
mongo-w1,50,1,54,0.256
mongo-w1,50,1,55,0.226
mongo-w1,50,1,56,0.177
mongo-w1,50,1,57,0.174
mongo-w1,50,1,58,0.475
mongo-w1,50,1,59,0.491
mongo-w1,50,1,60,0.651
mongo-w1,50,1,61,0.429
mongo-w1,50,1,62,0.5
mongo-w1,50,1,63,0.567
mongo-w1,50,1,64,0.35
mongo-w1,50,1,65,0.247
mongo-w1,50,1,66,0.191
mongo-w1,50,1,67,0.268
mongo-w1,50,1,68,0.262
mongo-w1,50,1,69,0.254
mongo-w1,50,1,70,0.249
mongo-w1,50,1,71,0.281
mongo-w1,50,1,72,0.355
mongo-w1,50,1,73,0.307
mongo-w1,50,1,74,0.316
mongo-w1,50,1,75,0.253
mongo-w1,50,1,76,0.247
mongo-w1,50,1,77,0.249
mongo-w1,50,1,78,0.252
mongo-w1,50,1,79,0.273
mongo-w1,50,1,80,0.254
mongo-w1,50,1,81,0.25
mongo-w1,50,1,82,0.255
mongo-w1,50,1,83,0.188
mongo-w1,50,1,84,0.178
mongo-w1,50,1,85,0.174
mongo-w1,50,1,86,0.174
mongo-w1,50,1,87,0.228
mongo-w1,50,1,88,0.21
mongo-w1,50,1,89,0.184
mongo-w1,50,1,90,0.21
mongo-w1,50,1,91,0.27
mongo-w1,50,1,92,0.282
mongo-w1,50,1,93,0.547
mongo-w1,50,1,94,0.325
mongo-w1,50,1,95,0.263
mongo-w1,50,1,96,0.221
mongo-w1,50,1,97,0.196
mongo-w1,50,1,98,0.246
mongo-w1,50,1,99,0.257
mongo-w1,50,1,100,0.191
mongo-w1,50,1,101,0.251
mongo-w1,50,1,102,0.277
mongo-w1,50,1,103,0.259
mongo-w1,50,1,104,0.289
mongo-w1,50,1,105,0.241
mongo-w1,50,1,106,0.322
mongo-w1,50,1,107,0.257
mongo-w1,50,1,108,0.391
mongo-w1,50,1,109,0.363
mongo-w1,50,1,110,0.237
mongo-w1,50,1,111,0.195
mongo-w1,50,1,112,0.183
mongo-w1,50,1,113,0.199
mongo-w1,50,1,114,0.211
mongo-w1,50,1,115,0.237
mongo-w1,50,1,116,0.174
mongo-w1,50,1,117,0.168
mongo-w1,50,1,118,0.167
mongo-w1,50,1,119,0.297
mongo-w1,50,1,120,0.213
mongo-w1,50,1,121,0.287
mongo-w1,50,1,122,0.243
mongo-w1,50,1,123,0.246
mongo-w1,50,1,124,0.214
mongo-w1,50,1,125,0.259
mongo-w1,50,1,126,0.299
mongo-w1,50,1,127,0.281
mongo-w1,50,1,128,0.25
mongo-w1,50,1,129,0.234
mongo-w1,50,1,130,0.24
mongo-w1,50,1,131,0.391
mongo-w1,50,1,132,0.263
mongo-w1,50,1,133,0.216
mongo-w1,50,1,134,0.26
mongo-w1,50,1,135,0.204
mongo-w1,50,1,136,0.184
mongo-w1,50,1,137,0.179
mongo-w1,50,1,138,0.178
mongo-w1,50,1,139,0.215
mongo-w1,50,1,140,0.243
mongo-w1,50,1,141,0.212
mongo-w1,50,1,142,0.176
mongo-w1,50,1,143,0.162
mongo-w1,50,1,144,0.242
mongo-w1,50,1,145,0.174
mongo-w1,50,1,146,0.157
mongo-w1,50,1,147,0.155
mongo-w1,50,1,148,0.152
mongo-w1,50,1,149,0.153
mongo-w1,50,1,150,0.207
mongo-w1,50,1,151,0.217
mongo-w1,50,1,152,0.188
mongo-w1,50,1,153,0.166
mongo-w1,50,1,154,0.189
mongo-w1,50,1,155,0.24
mongo-w1,50,1,156,0.166
mongo-w1,50,1,157,0.163
mongo-w1,50,1,158,0.227
mongo-w1,50,1,159,0.194
mongo-w1,50,1,160,0.322
mongo-w1,50,1,161,0.333
mongo-w1,50,1,162,0.284
mongo-w1,50,1,163,0.341
mongo-w1,50,1,164,0.517
mongo-w1,50,1,165,0.334
mongo-w1,50,1,166,0.265
mongo-w1,50,1,167,0.316
mongo-w1,50,1,168,0.28
mongo-w1,50,1,169,0.362
mongo-w1,50,1,170,0.278
mongo-w1,50,1,171,0.269
mongo-w1,50,1,172,0.236
mongo-w1,50,1,173,0.251
mongo-w1,50,1,174,0.409
mongo-w1,50,1,175,0.385
mongo-w1,50,1,176,0.439
mongo-w1,50,1,177,0.385
mongo-w1,50,1,178,0.423
mongo-w1,50,1,179,0.33
mongo-w1,50,1,180,0.351
mongo-w1,50,1,181,0.321
mongo-w1,50,1,182,0.428
mongo-w1,50,1,183,0.253
mongo-w1,50,1,184,0.311
mongo-w1,50,1,185,0.323
mongo-w1,50,1,186,0.309
mongo-w1,50,1,187,0.318
mongo-w1,50,1,188,0.264
mongo-w1,50,1,189,0.242
mongo-w1,50,1,190,0.269
mongo-w1,50,1,191,0.273
mongo-w1,50,1,192,0.225
mongo-w1,50,1,193,0.211
mongo-w1,50,1,194,0.258
mongo-w1,50,1,195,0.266
mongo-w1,50,1,196,0.225
mongo-w1,50,1,197,0.216
mongo-w1,50,1,198,0.213
mongo-w1,50,1,199,0.299
mongo-w1,50,1,200,0.214
mongo-w1,50,1,201,0.22
mongo-w1,50,1,202,0.189
mongo-w1,50,1,203,0.23
mongo-w1,50,1,204,0.209
mongo-w1,50,1,205,0.282
mongo-w1,50,1,206,0.216
mongo-w1,50,1,207,0.225
mongo-w1,50,1,208,0.22
mongo-w1,50,1,209,0.181
mongo-w1,50,1,210,0.179
mongo-w1,50,1,211,0.173
mongo-w1,50,1,212,0.19
mongo-w1,50,1,213,0.204
mongo-w1,50,1,214,0.177
mongo-w1,50,1,215,0.176
mongo-w1,50,1,216,0.172
mongo-w1,50,1,217,0.171
mongo-w1,50,1,218,0.212
mongo-w1,50,1,219,0.183
mongo-w1,50,1,220,0.175
mongo-w1,50,1,221,0.193
mongo-w1,50,1,222,0.226
mongo-w1,50,1,223,0.24
mongo-w1,50,1,224,0.208
mongo-w1,50,1,225,0.216
mongo-w1,50,1,226,0.206
mongo-w1,50,1,227,0.269
mongo-w1,50,1,228,0.25
mongo-w1,50,1,229,0.218
mongo-w1,50,1,230,0.252
mongo-w1,50,1,231,0.187
mongo-w1,50,1,232,0.217
mongo-w1,50,1,233,0.171
mongo-w1,50,1,234,0.163
mongo-w1,50,1,235,0.163
mongo-w1,50,1,236,0.18
mongo-w1,50,1,237,0.173
mongo-w1,50,1,238,0.184
mongo-w1,50,1,239,0.184
mongo-w1,50,1,240,0.158
mongo-w1,50,1,241,0.158
mongo-w1,50,1,242,0.179
mongo-w1,50,1,243,0.228
mongo-w1,50,1,244,0.357
mongo-w1,50,1,245,0.246
mongo-w1,50,1,246,0.24
mongo-w1,50,1,247,0.276
mongo-w1,50,1,248,0.237
mongo-w1,50,1,249,0.235
mongo-w1,50,1,250,0.233
mongo-w1,50,1,251,0.355
mongo-w1,50,1,252,0.262
mongo-w1,50,1,253,0.321
mongo-w1,50,1,254,0.289
mongo-w1,50,1,255,0.249
mongo-w1,50,1,256,0.245
mongo-w1,50,1,257,0.259
mongo-w1,50,1,258,0.678
mongo-w1,50,1,259,0.703
mongo-w1,50,1,260,0.48
mongo-w1,50,1,261,0.318
mongo-w1,50,1,262,0.269
mongo-w1,50,1,263,0.207
mongo-w1,50,1,264,0.205
mongo-w1,50,1,265,0.179
mongo-w1,50,1,266,0.218
mongo-w1,50,1,267,0.202
mongo-w1,50,1,268,0.17
mongo-w1,50,1,269,0.168
mongo-w1,50,1,270,0.165
mongo-w1,50,1,271,0.225
mongo-w1,50,1,272,0.232
mongo-w1,50,1,273,0.218
mongo-w1,50,1,274,0.263
mongo-w1,50,1,275,0.334
mongo-w1,50,1,276,0.265
mongo-w1,50,1,277,0.235
mongo-w1,50,1,278,0.179
mongo-w1,50,1,279,0.182
mongo-w1,50,1,280,0.215
mongo-w1,50,1,281,0.183
mongo-w1,50,1,282,0.163
mongo-w1,50,1,283,0.16
mongo-w1,50,1,284,0.158
mongo-w1,50,1,285,0.203
mongo-w1,50,1,286,0.191
mongo-w1,50,1,287,0.165
mongo-w1,50,1,288,0.168
mongo-w1,50,1,289,0.163
mongo-w1,50,1,290,0.158
mongo-w1,50,1,291,0.285
mongo-w1,50,1,292,0.194
mongo-w1,50,1,293,0.187
mongo-w1,50,1,294,0.23
mongo-w1,50,1,295,0.244
mongo-w1,50,1,296,0.258
mongo-w1,50,1,297,0.222
mongo-w1,50,1,298,0.173
mongo-w1,50,1,299,0.173
mongo-w1,50,1,300,0.195
mongo-w1,50,1,301,0.173
mongo-w1,50,1,302,0.158
mongo-w1,50,1,303,0.159
mongo-w1,50,1,304,0.156
mongo-w1,50,1,305,0.327
mongo-w1,50,1,306,0.197
mongo-w1,50,1,307,0.182
mongo-w1,50,1,308,0.158
mongo-w1,50,1,309,0.157
mongo-w1,50,1,310,0.155
mongo-w1,50,1,311,0.243
mongo-w1,50,1,312,0.235
mongo-w1,50,1,313,0.265
mongo-w1,50,1,314,0.317
mongo-w1,50,1,315,0.218
mongo-w1,50,1,316,0.166
mongo-w1,50,1,317,0.168
mongo-w1,50,1,318,0.175
mongo-w1,50,1,319,0.313
mongo-w1,50,1,320,0.301
mongo-w1,50,1,321,0.239
mongo-w1,50,1,322,0.193
mongo-w1,50,1,323,0.177
mongo-w1,50,1,324,0.258
mongo-w1,50,1,325,0.192
mongo-w1,50,1,326,0.172
mongo-w1,50,1,327,0.2
mongo-w1,50,1,328,0.258
mongo-w1,50,1,329,0.26
mongo-w1,50,1,330,0.38
mongo-w1,50,1,331,0.24
mongo-w1,50,1,332,0.227
mongo-w1,50,1,333,0.2
mongo-w1,50,1,334,0.176
mongo-w1,50,1,335,0.172
mongo-w1,50,1,336,0.188
mongo-w1,50,1,337,0.264
mongo-w1,50,1,338,0.23
mongo-w1,50,1,339,0.199
mongo-w1,50,1,340,0.191
mongo-w1,50,1,341,0.176
mongo-w1,50,1,342,0.256
mongo-w1,50,1,343,0.212
mongo-w1,50,1,344,0.174
mongo-w1,50,1,345,0.195
mongo-w1,50,1,346,0.338
mongo-w1,50,1,347,0.239
mongo-w1,50,1,348,0.205
mongo-w1,50,1,349,0.195
mongo-w1,50,1,350,0.193
mongo-w1,50,1,351,0.22
mongo-w1,50,1,352,0.184
mongo-w1,50,1,353,0.166
mongo-w1,50,1,354,0.158
mongo-w1,50,1,355,0.156
mongo-w1,50,1,356,0.173
mongo-w1,50,1,357,0.182
mongo-w1,50,1,358,0.157
mongo-w1,50,1,359,0.154
mongo-w1,50,1,360,0.158
mongo-w1,50,1,361,0.155
mongo-w1,50,1,362,0.153
mongo-w1,50,1,363,0.201
mongo-w1,50,1,364,0.159
mongo-w1,50,1,365,0.155
mongo-w1,50,1,366,0.161
mongo-w1,50,1,367,0.152
mongo-w1,50,1,368,0.159
mongo-w1,50,1,369,0.188
mongo-w1,50,1,370,0.172
mongo-w1,50,1,371,0.162
mongo-w1,50,1,372,0.154
mongo-w1,50,1,373,0.654
mongo-w1,50,1,374,0.307
mongo-w1,50,1,375,0.407
mongo-w1,50,1,376,0.514
mongo-w1,50,1,377,0.387
mongo-w1,50,1,378,0.492
mongo-w1,50,1,379,0.299
mongo-w1,50,1,380,1.334
mongo-w1,50,1,381,0.334
mongo-w1,50,1,382,0.709
mongo-w1,50,1,383,0.424
mongo-w1,50,1,384,0.534
mongo-w1,50,1,385,0.431
mongo-w1,50,1,386,0.395
mongo-w1,50,1,387,0.396
mongo-w1,50,1,388,0.491
mongo-w1,50,1,389,0.567
mongo-w1,50,1,390,0.388
mongo-w1,50,1,391,0.444
mongo-w1,50,1,392,0.311
mongo-w1,50,1,393,0.246
mongo-w1,50,1,394,0.198
mongo-w1,50,1,395,0.318
mongo-w1,50,1,396,0.256
mongo-w1,50,1,397,0.227
mongo-w1,50,1,398,0.212
mongo-w1,50,1,399,0.253
mongo-w1,50,1,400,0.183
mongo-w1,50,1,401,0.176
mongo-w1,50,1,402,0.178
mongo-w1,50,1,403,0.171
mongo-w1,50,1,404,0.246
mongo-w1,50,1,405,0.217
mongo-w1,50,1,406,0.22
mongo-w1,50,1,407,0.195
mongo-w1,50,1,408,0.201
mongo-w1,50,1,409,0.269
mongo-w1,50,1,410,0.186
mongo-w1,50,1,411,0.213
mongo-w1,50,1,412,0.227
mongo-w1,50,1,413,0.226
mongo-w1,50,1,414,0.224
mongo-w1,50,1,415,0.211
mongo-w1,50,1,416,0.18
mongo-w1,50,1,417,0.195
mongo-w1,50,1,418,0.255
mongo-w1,50,1,419,0.2
mongo-w1,50,1,420,0.264
mongo-w1,50,1,421,0.243
mongo-w1,50,1,422,0.223
mongo-w1,50,1,423,0.231
mongo-w1,50,1,424,0.209
mongo-w1,50,1,425,0.204
mongo-w1,50,1,426,0.181
mongo-w1,50,1,427,0.204
mongo-w1,50,1,428,0.182
mongo-w1,50,1,429,0.165
mongo-w1,50,1,430,0.164
mongo-w1,50,1,431,0.193
mongo-w1,50,1,432,0.265
mongo-w1,50,1,433,0.201
mongo-w1,50,1,434,0.159
mongo-w1,50,1,435,0.159
mongo-w1,50,1,436,0.155
mongo-w1,50,1,437,0.155
mongo-w1,50,1,438,0.181
mongo-w1,50,1,439,0.184
mongo-w1,50,1,440,0.172
mongo-w1,50,1,441,0.277
mongo-w1,50,1,442,0.167
mongo-w1,50,1,443,0.212
mongo-w1,50,1,444,0.173
mongo-w1,50,1,445,0.163
mongo-w1,50,1,446,0.159
mongo-w1,50,1,447,0.154
mongo-w1,50,1,448,0.155
mongo-w1,50,1,449,0.181
mongo-w1,50,1,450,0.205
mongo-w1,50,1,451,0.159
mongo-w1,50,1,452,0.162
mongo-w1,50,1,453,0.152
mongo-w1,50,1,454,0.152
mongo-w1,50,1,455,0.283
mongo-w1,50,1,456,0.175
mongo-w1,50,1,457,0.152
mongo-w1,50,1,458,0.232
mongo-w1,50,1,459,0.24
mongo-w1,50,1,460,0.228
mongo-w1,50,1,461,0.223
mongo-w1,50,1,462,0.265
mongo-w1,50,1,463,0.255
mongo-w1,50,1,464,0.415
mongo-w1,50,1,465,0.282
mongo-w1,50,1,466,0.274
mongo-w1,50,1,467,0.261
mongo-w1,50,2,1,7.196
mongo-w1,50,2,2,0.319
mongo-w1,50,2,3,0.416
mongo-w1,50,2,4,0.312
mongo-w1,50,2,5,0.29
mongo-w1,50,2,6,0.319
mongo-w1,50,2,7,0.276
mongo-w1,50,2,8,0.365
mongo-w1,50,2,9,0.203
mongo-w1,50,2,10,0.195
mongo-w1,50,2,11,0.249
mongo-w1,50,2,12,0.302
mongo-w1,50,2,13,0.302
mongo-w1,50,2,14,0.253
mongo-w1,50,2,15,0.5
mongo-w1,50,2,16,0.258
mongo-w1,50,2,17,0.21
mongo-w1,50,2,18,0.22
mongo-w1,50,2,19,0.202
mongo-w1,50,2,20,0.19
mongo-w1,50,2,21,0.189
mongo-w1,50,2,22,0.184
mongo-w1,50,2,23,0.182
mongo-w1,50,2,24,0.26
mongo-w1,50,2,25,0.206
mongo-w1,50,2,26,0.186
mongo-w1,50,2,27,0.183
mongo-w1,50,2,28,0.189
mongo-w1,50,2,29,0.217
mongo-w1,50,2,30,0.173
mongo-w1,50,2,31,0.171
mongo-w1,50,2,32,0.164
mongo-w1,50,2,33,0.161
mongo-w1,50,2,34,0.215
mongo-w1,50,2,35,0.21
mongo-w1,50,2,36,0.177
mongo-w1,50,2,37,0.172
mongo-w1,50,2,38,0.172
mongo-w1,50,2,39,0.197
mongo-w1,50,2,40,0.214
mongo-w1,50,2,41,0.177
mongo-w1,50,2,42,0.16
mongo-w1,50,2,43,0.205
mongo-w1,50,2,44,0.343
mongo-w1,50,2,45,0.254
mongo-w1,50,2,46,0.192
mongo-w1,50,2,47,0.183
mongo-w1,50,2,48,0.18
mongo-w1,50,2,49,0.211
mongo-w1,50,2,50,0.185
mongo-w1,50,2,51,0.171
mongo-w1,50,2,52,0.178
mongo-w1,50,2,53,0.167
mongo-w1,50,2,54,0.184
mongo-w1,50,2,55,0.195
mongo-w1,50,2,56,0.38
mongo-w1,50,2,57,0.348
mongo-w1,50,2,58,0.341
mongo-w1,50,2,59,0.543
mongo-w1,50,2,60,0.423
mongo-w1,50,2,61,0.571
mongo-w1,50,2,62,0.409
mongo-w1,50,2,63,0.459
mongo-w1,50,2,64,0.349
mongo-w1,50,2,65,0.449
mongo-w1,50,2,66,0.344
mongo-w1,50,2,67,0.905
mongo-w1,50,2,68,0.647
mongo-w1,50,2,69,0.434
mongo-w1,50,2,70,0.457
mongo-w1,50,2,71,0.354
mongo-w1,50,2,72,0.301
mongo-w1,50,2,73,0.459
mongo-w1,50,2,74,0.337
mongo-w1,50,2,75,0.275
mongo-w1,50,2,76,0.28
mongo-w1,50,2,77,0.388
mongo-w1,50,2,78,0.378
mongo-w1,50,2,79,0.327
mongo-w1,50,2,80,0.312
mongo-w1,50,2,81,0.373
mongo-w1,50,2,82,0.282
mongo-w1,50,2,83,0.328
mongo-w1,50,2,84,0.202
mongo-w1,50,2,85,0.222
mongo-w1,50,2,86,0.177
mongo-w1,50,2,87,0.171
mongo-w1,50,2,88,0.163
mongo-w1,50,2,89,0.156
mongo-w1,50,2,90,0.202
mongo-w1,50,2,91,0.222
mongo-w1,50,2,92,0.178
mongo-w1,50,2,93,0.17
mongo-w1,50,2,94,0.171
mongo-w1,50,2,95,0.174
mongo-w1,50,2,96,0.217
mongo-w1,50,2,97,0.272
mongo-w1,50,2,98,0.223
mongo-w1,50,2,99,0.175
mongo-w1,50,2,100,0.174
mongo-w1,50,2,101,0.222
mongo-w1,50,2,102,0.167
mongo-w1,50,2,103,0.161
mongo-w1,50,2,104,0.165
mongo-w1,50,2,105,0.161
mongo-w1,50,2,106,0.175
mongo-w1,50,2,107,0.197
mongo-w1,50,2,108,0.159
mongo-w1,50,2,109,0.157
mongo-w1,50,2,110,0.155
mongo-w1,50,2,111,0.168
mongo-w1,50,2,112,0.274
mongo-w1,50,2,113,0.233
mongo-w1,50,2,114,0.175
mongo-w1,50,2,115,0.177
mongo-w1,50,2,116,0.166
mongo-w1,50,2,117,0.237
mongo-w1,50,2,118,0.209
mongo-w1,50,2,119,0.18
mongo-w1,50,2,120,0.162
mongo-w1,50,2,121,0.158
mongo-w1,50,2,122,0.17
mongo-w1,50,2,123,0.192
mongo-w1,50,2,124,0.158
mongo-w1,50,2,125,0.154
mongo-w1,50,2,126,0.154
mongo-w1,50,2,127,0.163
mongo-w1,50,2,128,0.164
mongo-w1,50,2,129,0.202
mongo-w1,50,2,130,0.245
mongo-w1,50,2,131,0.173
mongo-w1,50,2,132,0.158
mongo-w1,50,2,133,0.157
mongo-w1,50,2,134,0.248
mongo-w1,50,2,135,0.17
mongo-w1,50,2,136,0.154
mongo-w1,50,2,137,0.154
mongo-w1,50,2,138,0.151
mongo-w1,50,2,139,0.155
mongo-w1,50,2,140,0.209
mongo-w1,50,2,141,0.16
mongo-w1,50,2,142,0.151
mongo-w1,50,2,143,0.149
mongo-w1,50,2,144,0.15
mongo-w1,50,2,145,0.161
mongo-w1,50,2,146,0.247
mongo-w1,50,2,147,0.209
mongo-w1,50,2,148,0.167
mongo-w1,50,2,149,0.149
mongo-w1,50,2,150,0.149
mongo-w1,50,2,151,0.397
mongo-w1,50,2,152,0.27
mongo-w1,50,2,153,0.202
mongo-w1,50,2,154,0.677
mongo-w1,50,2,155,0.24
mongo-w1,50,2,156,0.238
mongo-w1,50,2,157,0.313
mongo-w1,50,2,158,0.213
mongo-w1,50,2,159,0.182
mongo-w1,50,2,160,0.203
mongo-w1,50,2,161,0.207
mongo-w1,50,2,162,0.2
mongo-w1,50,2,163,0.17
mongo-w1,50,2,164,0.263
mongo-w1,50,2,165,0.261
mongo-w1,50,2,166,0.33
mongo-w1,50,2,167,0.202
mongo-w1,50,2,168,0.178
mongo-w1,50,2,169,0.182
mongo-w1,50,2,170,0.168
mongo-w1,50,2,171,0.26
mongo-w1,50,2,172,0.824
mongo-w1,50,2,173,0.268
mongo-w1,50,2,174,0.211
mongo-w1,50,2,175,0.166
mongo-w1,50,2,176,0.169
mongo-w1,50,2,177,0.206
mongo-w1,50,2,178,0.192
mongo-w1,50,2,179,0.179
mongo-w1,50,2,180,0.162
mongo-w1,50,2,181,0.161
mongo-w1,50,2,182,0.158
mongo-w1,50,2,183,0.229
mongo-w1,50,2,184,0.206
mongo-w1,50,2,185,0.159
mongo-w1,50,2,186,0.156
mongo-w1,50,2,187,0.157
mongo-w1,50,2,188,0.175
mongo-w1,50,2,189,0.192
mongo-w1,50,2,190,0.161
mongo-w1,50,2,191,0.156
mongo-w1,50,2,192,0.153
mongo-w1,50,2,193,0.151
mongo-w1,50,2,194,0.227
mongo-w1,50,2,195,0.209
mongo-w1,50,2,196,0.168
mongo-w1,50,2,197,0.157
mongo-w1,50,2,198,0.153
mongo-w1,50,2,199,0.153
mongo-w1,50,2,200,0.215
mongo-w1,50,2,201,0.194
mongo-w1,50,2,202,0.174
mongo-w1,50,2,203,0.166
mongo-w1,50,2,204,0.162
mongo-w1,50,2,205,0.179
mongo-w1,50,2,206,0.194
mongo-w1,50,2,207,0.159
mongo-w1,50,2,208,0.167
mongo-w1,50,2,209,0.158
mongo-w1,50,2,210,0.155
mongo-w1,50,2,211,0.178
mongo-w1,50,2,212,0.23
mongo-w1,50,2,213,0.207
mongo-w1,50,2,214,0.259
mongo-w1,50,2,215,0.24
mongo-w1,50,2,216,0.319
mongo-w1,50,2,217,0.324
mongo-w1,50,2,218,0.191
mongo-w1,50,2,219,0.322
mongo-w1,50,2,220,0.221
mongo-w1,50,2,221,0.23
mongo-w1,50,2,222,0.223
mongo-w1,50,2,223,0.214
mongo-w1,50,2,224,0.21
mongo-w1,50,2,225,0.183
mongo-w1,50,2,226,0.157
mongo-w1,50,2,227,0.156
mongo-w1,50,2,228,0.16
mongo-w1,50,2,229,0.23
mongo-w1,50,2,230,0.236
mongo-w1,50,2,231,0.184
mongo-w1,50,2,232,0.191
mongo-w1,50,2,233,0.176
mongo-w1,50,2,234,0.222
mongo-w1,50,2,235,0.256
mongo-w1,50,2,236,0.248
mongo-w1,50,2,237,0.221
mongo-w1,50,2,238,0.193
mongo-w1,50,2,239,0.21
mongo-w1,50,2,240,0.182
mongo-w1,50,2,241,0.164
mongo-w1,50,2,242,0.162
mongo-w1,50,2,243,0.161
mongo-w1,50,2,244,0.172
mongo-w1,50,2,245,0.177
mongo-w1,50,2,246,0.169
mongo-w1,50,2,247,0.156
mongo-w1,50,2,248,0.152
mongo-w1,50,2,249,0.151
mongo-w1,50,2,250,0.199
mongo-w1,50,2,251,0.246
mongo-w1,50,2,252,0.179
mongo-w1,50,2,253,0.171
mongo-w1,50,2,254,0.216
mongo-w1,50,2,255,0.23
mongo-w1,50,2,256,0.187
mongo-w1,50,2,257,0.168
mongo-w1,50,2,258,0.161
mongo-w1,50,2,259,0.165
mongo-w1,50,2,260,0.181
mongo-w1,50,2,261,0.236
mongo-w1,50,2,262,0.185
mongo-w1,50,2,263,0.166
mongo-w1,50,2,264,0.169
mongo-w1,50,2,265,0.168
mongo-w1,50,2,266,0.211
mongo-w1,50,2,267,0.175
mongo-w1,50,2,268,0.16
mongo-w1,50,2,269,0.159
mongo-w1,50,2,270,0.16
mongo-w1,50,2,271,0.16
mongo-w1,50,2,272,0.191
mongo-w1,50,2,273,0.173
mongo-w1,50,2,274,0.16
mongo-w1,50,2,275,0.163
mongo-w1,50,2,276,0.168
mongo-w1,50,2,277,0.16
mongo-w1,50,2,278,0.283
mongo-w1,50,2,279,0.264
mongo-w1,50,2,280,0.322
mongo-w1,50,2,281,0.292
mongo-w1,50,2,282,0.278
mongo-w1,50,2,283,0.468
mongo-w1,50,2,284,0.46
mongo-w1,50,2,285,0.335
mongo-w1,50,2,286,0.35
mongo-w1,50,2,287,0.572
mongo-w1,50,2,288,0.36
mongo-w1,50,2,289,0.486
mongo-w1,50,2,290,0.298
mongo-w1,50,2,291,0.456
mongo-w1,50,2,292,0.314
mongo-w1,50,2,293,0.523
mongo-w1,50,2,294,0.289
mongo-w1,50,2,295,0.21
mongo-w1,50,2,296,0.678
mongo-w1,50,2,297,0.394
mongo-w1,50,2,298,0.445
mongo-w1,50,2,299,0.295
mongo-w1,50,2,300,0.262
mongo-w1,50,2,301,0.308
mongo-w1,50,2,302,0.349
mongo-w1,50,2,303,0.256
mongo-w1,50,2,304,0.185
mongo-w1,50,2,305,0.248
mongo-w1,50,2,306,0.273
mongo-w1,50,2,307,0.228
mongo-w1,50,2,308,0.268
mongo-w1,50,2,309,0.233
mongo-w1,50,2,310,0.348
mongo-w1,50,2,311,0.254
mongo-w1,50,2,312,0.221
mongo-w1,50,2,313,0.23
mongo-w1,50,2,314,0.255
mongo-w1,50,2,315,0.206
mongo-w1,50,2,316,0.237
mongo-w1,50,2,317,0.237
mongo-w1,50,2,318,0.246
mongo-w1,50,2,319,0.224
mongo-w1,50,2,320,0.206
mongo-w1,50,2,321,0.172
mongo-w1,50,2,322,0.225
mongo-w1,50,2,323,0.375
mongo-w1,50,2,324,0.471
mongo-w1,50,2,325,0.375
mongo-w1,50,2,326,0.21
mongo-w1,50,2,327,0.185
mongo-w1,50,2,328,0.357
mongo-w1,50,2,329,0.301
mongo-w1,50,2,330,0.246
mongo-w1,50,2,331,0.243
mongo-w1,50,2,332,0.204
mongo-w1,50,2,333,0.234
mongo-w1,50,2,334,0.193
mongo-w1,50,2,335,0.173
mongo-w1,50,2,336,0.166
mongo-w1,50,2,337,0.164
mongo-w1,50,2,338,0.212
mongo-w1,50,2,339,0.175
mongo-w1,50,2,340,0.163
mongo-w1,50,2,341,0.161
mongo-w1,50,2,342,0.155
mongo-w1,50,2,343,0.164
mongo-w1,50,2,344,0.177
mongo-w1,50,2,345,0.221
mongo-w1,50,2,346,0.167
mongo-w1,50,2,347,0.16
mongo-w1,50,2,348,0.158
mongo-w1,50,2,349,0.202
mongo-w1,50,2,350,0.238
mongo-w1,50,2,351,0.198
mongo-w1,50,2,352,0.235
mongo-w1,50,2,353,0.189
mongo-w1,50,2,354,0.21
mongo-w1,50,2,355,0.418
mongo-w1,50,2,356,0.203
mongo-w1,50,2,357,0.168
mongo-w1,50,2,358,0.176
mongo-w1,50,2,359,0.206
mongo-w1,50,2,360,0.277
mongo-w1,50,2,361,0.186
mongo-w1,50,2,362,0.165
mongo-w1,50,2,363,0.232
mongo-w1,50,2,364,0.234
mongo-w1,50,2,365,0.22
mongo-w1,50,2,366,0.177
mongo-w1,50,2,367,0.174
mongo-w1,50,2,368,0.244
mongo-w1,50,2,369,0.174
mongo-w1,50,2,370,0.16
mongo-w1,50,2,371,0.158
mongo-w1,50,2,372,0.162
mongo-w1,50,2,373,0.169
mongo-w1,50,2,374,0.194
mongo-w1,50,2,375,0.157
mongo-w1,50,2,376,0.157
mongo-w1,50,2,377,0.155
mongo-w1,50,2,378,0.157
mongo-w1,50,2,379,0.17
mongo-w1,50,2,380,0.204
mongo-w1,50,2,381,0.17
mongo-w1,50,2,382,0.153
mongo-w1,50,2,383,0.152
mongo-w1,50,2,384,0.151
mongo-w1,50,2,385,0.164
mongo-w1,50,2,386,0.211
mongo-w1,50,2,387,0.208
mongo-w1,50,2,388,0.167
mongo-w1,50,2,389,0.161
mongo-w1,50,2,390,0.16
mongo-w1,50,2,391,0.197
mongo-w1,50,2,392,0.392
mongo-w1,50,2,393,0.31
mongo-w1,50,2,394,0.31
mongo-w1,50,2,395,0.194
mongo-w1,50,2,396,0.168
mongo-w1,50,2,397,0.298
mongo-w1,50,2,398,0.244
mongo-w1,50,2,399,0.316
mongo-w1,50,2,400,0.201
mongo-w1,50,2,401,0.171
mongo-w1,50,2,402,0.166
mongo-w1,50,2,403,0.202
mongo-w1,50,2,404,0.251
mongo-w1,50,2,405,0.189
mongo-w1,50,2,406,0.169
mongo-w1,50,2,407,0.167
mongo-w1,50,2,408,0.222
mongo-w1,50,2,409,0.212
mongo-w1,50,2,410,0.247
mongo-w1,50,2,411,0.196
mongo-w1,50,2,412,0.188
mongo-w1,50,2,413,0.221
mongo-w1,50,2,414,0.198
mongo-w1,50,2,415,0.18
mongo-w1,50,2,416,0.284
mongo-w1,50,2,417,0.199
mongo-w1,50,2,418,0.182
mongo-w1,50,2,419,0.211
mongo-w1,50,2,420,0.185
mongo-w1,50,2,421,0.178
mongo-w1,50,2,422,0.175
mongo-w1,50,2,423,0.259
mongo-w1,50,2,424,0.211
mongo-w1,50,2,425,0.19
mongo-w1,50,2,426,0.182
mongo-w1,50,2,427,0.179
mongo-w1,50,2,428,0.22
mongo-w1,50,2,429,0.167
mongo-w1,50,2,430,0.162
mongo-w1,50,2,431,0.158
mongo-w1,50,2,432,0.215
mongo-w1,50,2,433,0.253
mongo-w1,50,2,434,0.249
mongo-w1,50,2,435,0.232
mongo-w1,50,2,436,0.234
mongo-w1,50,2,437,0.255
mongo-w1,50,2,438,0.23
mongo-w1,50,2,439,0.227
mongo-w1,50,2,440,0.229
mongo-w1,50,2,441,0.25
mongo-w1,50,2,442,0.24
mongo-w1,50,2,443,0.235
mongo-w1,50,2,444,0.231
mongo-w1,50,2,445,0.29
mongo-w1,50,2,446,0.238
mongo-w1,50,2,447,0.232
mongo-w1,50,2,448,0.229
mongo-w1,50,2,449,0.246
mongo-w1,50,2,450,0.238
mongo-w1,50,2,451,0.221
mongo-w1,50,2,452,0.221
mongo-w1,50,2,453,0.221
mongo-w1,50,2,454,0.239
mongo-w1,50,2,455,0.235
mongo-w1,50,2,456,0.229
mongo-w1,50,2,457,0.227
mongo-w1,50,2,458,0.24
mongo-w1,50,2,459,0.227
mongo-w1,50,2,460,0.233
mongo-w1,50,2,461,0.239
mongo-w1,50,2,462,0.262
mongo-w1,50,2,463,0.259
mongo-w1,50,2,464,0.251
mongo-w1,50,2,465,0.252
mongo-w1,50,2,466,0.272
mongo-w1,50,2,467,0.25
mongo-w1,50,3,1,9.692
mongo-w1,50,3,2,0.407
mongo-w1,50,3,3,0.342
mongo-w1,50,3,4,0.292
mongo-w1,50,3,5,0.332
mongo-w1,50,3,6,0.436
mongo-w1,50,3,7,0.47
mongo-w1,50,3,8,0.319
mongo-w1,50,3,9,0.326
mongo-w1,50,3,10,0.314
mongo-w1,50,3,11,0.248
mongo-w1,50,3,12,0.298
mongo-w1,50,3,13,0.249
mongo-w1,50,3,14,0.277
mongo-w1,50,3,15,0.261
mongo-w1,50,3,16,0.248
mongo-w1,50,3,17,0.309
mongo-w1,50,3,18,0.263
mongo-w1,50,3,19,0.268
mongo-w1,50,3,20,0.265
mongo-w1,50,3,21,0.275
mongo-w1,50,3,22,0.272
mongo-w1,50,3,23,0.24
mongo-w1,50,3,24,0.313
mongo-w1,50,3,25,0.288
mongo-w1,50,3,26,0.274
mongo-w1,50,3,27,0.275
mongo-w1,50,3,28,0.421
mongo-w1,50,3,29,0.399
mongo-w1,50,3,30,0.368
mongo-w1,50,3,31,0.414
mongo-w1,50,3,32,0.246
mongo-w1,50,3,33,0.387
mongo-w1,50,3,34,0.303
mongo-w1,50,3,35,0.245
mongo-w1,50,3,36,0.24
mongo-w1,50,3,37,0.292
mongo-w1,50,3,38,0.247
mongo-w1,50,3,39,0.305
mongo-w1,50,3,40,0.258
mongo-w1,50,3,41,0.314
mongo-w1,50,3,42,0.256
mongo-w1,50,3,43,0.238
mongo-w1,50,3,44,0.24
mongo-w1,50,3,45,0.257
mongo-w1,50,3,46,0.204
mongo-w1,50,3,47,0.183
mongo-w1,50,3,48,0.223
mongo-w1,50,3,49,0.242
mongo-w1,50,3,50,0.212
mongo-w1,50,3,51,0.17
mongo-w1,50,3,52,0.203
mongo-w1,50,3,53,0.166
mongo-w1,50,3,54,0.249
mongo-w1,50,3,55,0.208
mongo-w1,50,3,56,0.207
mongo-w1,50,3,57,0.261
mongo-w1,50,3,58,0.242
mongo-w1,50,3,59,0.265
mongo-w1,50,3,60,0.275
mongo-w1,50,3,61,0.827
mongo-w1,50,3,62,0.268
mongo-w1,50,3,63,0.203
mongo-w1,50,3,64,0.252
mongo-w1,50,3,65,0.231
mongo-w1,50,3,66,0.2
mongo-w1,50,3,67,0.197
mongo-w1,50,3,68,0.172
mongo-w1,50,3,69,0.217
mongo-w1,50,3,70,0.241
mongo-w1,50,3,71,0.198
mongo-w1,50,3,72,0.181
mongo-w1,50,3,73,0.182
mongo-w1,50,3,74,0.201
mongo-w1,50,3,75,0.293
mongo-w1,50,3,76,0.265
mongo-w1,50,3,77,0.221
mongo-w1,50,3,78,0.207
mongo-w1,50,3,79,0.218
mongo-w1,50,3,80,0.279
mongo-w1,50,3,81,0.25
mongo-w1,50,3,82,0.219
mongo-w1,50,3,83,0.206
mongo-w1,50,3,84,0.165
mongo-w1,50,3,85,0.161
mongo-w1,50,3,86,0.156
mongo-w1,50,3,87,0.159
mongo-w1,50,3,88,0.205
mongo-w1,50,3,89,0.193
mongo-w1,50,3,90,0.154
mongo-w1,50,3,91,0.154
mongo-w1,50,3,92,0.153
mongo-w1,50,3,93,0.15
mongo-w1,50,3,94,0.25
mongo-w1,50,3,95,0.175
mongo-w1,50,3,96,0.16
mongo-w1,50,3,97,0.161
mongo-w1,50,3,98,0.154
mongo-w1,50,3,99,0.163
mongo-w1,50,3,100,0.221
mongo-w1,50,3,101,0.226
mongo-w1,50,3,102,0.171
mongo-w1,50,3,103,0.163
mongo-w1,50,3,104,0.16
mongo-w1,50,3,105,0.191
mongo-w1,50,3,106,0.168
mongo-w1,50,3,107,0.155
mongo-w1,50,3,108,0.153
mongo-w1,50,3,109,0.159
mongo-w1,50,3,110,0.154
mongo-w1,50,3,111,0.178
mongo-w1,50,3,112,0.165
mongo-w1,50,3,113,0.152
mongo-w1,50,3,114,0.152
mongo-w1,50,3,115,0.153
mongo-w1,50,3,116,0.15
mongo-w1,50,3,117,0.188
mongo-w1,50,3,118,0.192
mongo-w1,50,3,119,0.184
mongo-w1,50,3,120,0.167
mongo-w1,50,3,121,0.153
mongo-w1,50,3,122,0.189
mongo-w1,50,3,123,0.308
mongo-w1,50,3,124,0.319
mongo-w1,50,3,125,0.377
mongo-w1,50,3,126,0.252
mongo-w1,50,3,127,0.541
mongo-w1,50,3,128,0.328
mongo-w1,50,3,129,0.348
mongo-w1,50,3,130,0.27
mongo-w1,50,3,131,0.257
mongo-w1,50,3,132,0.267
mongo-w1,50,3,133,0.228
mongo-w1,50,3,134,0.344
mongo-w1,50,3,135,0.247
mongo-w1,50,3,136,0.231
mongo-w1,50,3,137,0.231
mongo-w1,50,3,138,0.229
mongo-w1,50,3,139,0.228
mongo-w1,50,3,140,0.254
mongo-w1,50,3,141,0.228
mongo-w1,50,3,142,0.227
mongo-w1,50,3,143,0.224
mongo-w1,50,3,144,0.311
mongo-w1,50,3,145,0.266
mongo-w1,50,3,146,0.324
mongo-w1,50,3,147,0.348
mongo-w1,50,3,148,0.259
mongo-w1,50,3,149,0.285
mongo-w1,50,3,150,0.314
mongo-w1,50,3,151,0.288
mongo-w1,50,3,152,0.266
mongo-w1,50,3,153,0.284
mongo-w1,50,3,154,0.292
mongo-w1,50,3,155,0.301
mongo-w1,50,3,156,0.3
mongo-w1,50,3,157,0.282
mongo-w1,50,3,158,0.265
mongo-w1,50,3,159,0.349
mongo-w1,50,3,160,0.233
mongo-w1,50,3,161,0.323
mongo-w1,50,3,162,0.2
mongo-w1,50,3,163,0.17
mongo-w1,50,3,164,0.275
mongo-w1,50,3,165,0.221
mongo-w1,50,3,166,0.216
mongo-w1,50,3,167,0.169
mongo-w1,50,3,168,0.268
mongo-w1,50,3,169,0.196
mongo-w1,50,3,170,0.244
mongo-w1,50,3,171,0.354
mongo-w1,50,3,172,0.283
mongo-w1,50,3,173,0.467
mongo-w1,50,3,174,0.279
mongo-w1,50,3,175,0.396
mongo-w1,50,3,176,0.541
mongo-w1,50,3,177,0.266
mongo-w1,50,3,178,0.331
mongo-w1,50,3,179,0.267
mongo-w1,50,3,180,0.264
mongo-w1,50,3,181,0.345
mongo-w1,50,3,182,0.457
mongo-w1,50,3,183,0.477
mongo-w1,50,3,184,0.415
mongo-w1,50,3,185,0.888
mongo-w1,50,3,186,0.251
mongo-w1,50,3,187,2.695
mongo-w1,50,3,188,0.407
mongo-w1,50,3,189,0.275
mongo-w1,50,3,190,0.285
mongo-w1,50,3,191,0.249
mongo-w1,50,3,192,0.217
mongo-w1,50,3,193,0.203
mongo-w1,50,3,194,0.219
mongo-w1,50,3,195,0.269
mongo-w1,50,3,196,0.227
mongo-w1,50,3,197,0.215
mongo-w1,50,3,198,0.246
mongo-w1,50,3,199,0.332
mongo-w1,50,3,200,0.234
mongo-w1,50,3,201,0.409
mongo-w1,50,3,202,0.287
mongo-w1,50,3,203,0.223
mongo-w1,50,3,204,0.251
mongo-w1,50,3,205,0.275
mongo-w1,50,3,206,0.381
mongo-w1,50,3,207,0.364
mongo-w1,50,3,208,0.317
mongo-w1,50,3,209,0.291
mongo-w1,50,3,210,0.274
mongo-w1,50,3,211,0.251
mongo-w1,50,3,212,0.277
mongo-w1,50,3,213,0.272
mongo-w1,50,3,214,0.213
mongo-w1,50,3,215,0.194
mongo-w1,50,3,216,0.25
mongo-w1,50,3,217,0.261
mongo-w1,50,3,218,0.254
mongo-w1,50,3,219,0.243
mongo-w1,50,3,220,0.362
mongo-w1,50,3,221,0.258
mongo-w1,50,3,222,0.284
mongo-w1,50,3,223,0.246
mongo-w1,50,3,224,0.246
mongo-w1,50,3,225,0.254
mongo-w1,50,3,226,0.261
mongo-w1,50,3,227,0.281
mongo-w1,50,3,228,0.238
mongo-w1,50,3,229,0.217
mongo-w1,50,3,230,0.217
mongo-w1,50,3,231,0.242
mongo-w1,50,3,232,0.31
mongo-w1,50,3,233,0.268
mongo-w1,50,3,234,0.22
mongo-w1,50,3,235,0.21
mongo-w1,50,3,236,0.44
mongo-w1,50,3,237,0.265
mongo-w1,50,3,238,0.219
mongo-w1,50,3,239,0.229
mongo-w1,50,3,240,0.208
mongo-w1,50,3,241,0.192
mongo-w1,50,3,242,0.172
mongo-w1,50,3,243,0.171
mongo-w1,50,3,244,0.236
mongo-w1,50,3,245,0.22
mongo-w1,50,3,246,0.235
mongo-w1,50,3,247,0.213
mongo-w1,50,3,248,0.338
mongo-w1,50,3,249,0.249
mongo-w1,50,3,250,0.233
mongo-w1,50,3,251,0.247
mongo-w1,50,3,252,0.215
mongo-w1,50,3,253,0.237
mongo-w1,50,3,254,0.218
mongo-w1,50,3,255,0.197
mongo-w1,50,3,256,0.238
mongo-w1,50,3,257,0.262
mongo-w1,50,3,258,0.233
mongo-w1,50,3,259,0.198
mongo-w1,50,3,260,0.208
mongo-w1,50,3,261,0.264
mongo-w1,50,3,262,0.234
mongo-w1,50,3,263,0.308
mongo-w1,50,3,264,0.204
mongo-w1,50,3,265,0.286
mongo-w1,50,3,266,0.229
mongo-w1,50,3,267,0.235
mongo-w1,50,3,268,0.257
mongo-w1,50,3,269,0.43
mongo-w1,50,3,270,0.304
mongo-w1,50,3,271,0.271
mongo-w1,50,3,272,0.258
mongo-w1,50,3,273,0.21
mongo-w1,50,3,274,0.204
mongo-w1,50,3,275,0.19
mongo-w1,50,3,276,0.185
mongo-w1,50,3,277,0.19
mongo-w1,50,3,278,0.206
mongo-w1,50,3,279,0.194
mongo-w1,50,3,280,0.162
mongo-w1,50,3,281,0.158
mongo-w1,50,3,282,0.182
mongo-w1,50,3,283,0.189
mongo-w1,50,3,284,0.166
mongo-w1,50,3,285,0.159
mongo-w1,50,3,286,0.158
mongo-w1,50,3,287,0.166
mongo-w1,50,3,288,0.232
mongo-w1,50,3,289,0.24
mongo-w1,50,3,290,0.182
mongo-w1,50,3,291,0.166
mongo-w1,50,3,292,0.175
mongo-w1,50,3,293,0.225
mongo-w1,50,3,294,0.202
mongo-w1,50,3,295,0.159
mongo-w1,50,3,296,0.161
mongo-w1,50,3,297,0.156
mongo-w1,50,3,298,0.159
mongo-w1,50,3,299,0.205
mongo-w1,50,3,300,0.198
mongo-w1,50,3,301,0.171
mongo-w1,50,3,302,0.175
mongo-w1,50,3,303,0.166
mongo-w1,50,3,304,0.19
mongo-w1,50,3,305,0.192
mongo-w1,50,3,306,0.196
mongo-w1,50,3,307,0.246
mongo-w1,50,3,308,0.279
mongo-w1,50,3,309,0.23
mongo-w1,50,3,310,0.176
mongo-w1,50,3,311,0.201
mongo-w1,50,3,312,0.229
mongo-w1,50,3,313,0.18
mongo-w1,50,3,314,0.251
mongo-w1,50,3,315,0.189
mongo-w1,50,3,316,0.186
mongo-w1,50,3,317,0.198
mongo-w1,50,3,318,0.257
mongo-w1,50,3,319,0.257
mongo-w1,50,3,320,0.204
mongo-w1,50,3,321,0.174
mongo-w1,50,3,322,0.25
mongo-w1,50,3,323,0.315
mongo-w1,50,3,324,0.202
mongo-w1,50,3,325,0.192
mongo-w1,50,3,326,0.193
mongo-w1,50,3,327,0.261
mongo-w1,50,3,328,0.254
mongo-w1,50,3,329,0.183
mongo-w1,50,3,330,0.165
mongo-w1,50,3,331,0.16
mongo-w1,50,3,332,0.177
mongo-w1,50,3,333,0.194
mongo-w1,50,3,334,0.158
mongo-w1,50,3,335,0.155
mongo-w1,50,3,336,0.159
mongo-w1,50,3,337,0.276
mongo-w1,50,3,338,0.249
mongo-w1,50,3,339,0.169
mongo-w1,50,3,340,0.165
mongo-w1,50,3,341,0.157
mongo-w1,50,3,342,0.162
mongo-w1,50,3,343,0.226
mongo-w1,50,3,344,0.221
mongo-w1,50,3,345,0.194
mongo-w1,50,3,346,0.253
mongo-w1,50,3,347,0.246
mongo-w1,50,3,348,0.201
mongo-w1,50,3,349,0.172
mongo-w1,50,3,350,0.192
mongo-w1,50,3,351,0.181
mongo-w1,50,3,352,0.526
mongo-w1,50,3,353,0.3
mongo-w1,50,3,354,0.479
mongo-w1,50,3,355,0.234
mongo-w1,50,3,356,0.165
mongo-w1,50,3,357,0.159
mongo-w1,50,3,358,0.157
mongo-w1,50,3,359,0.158
mongo-w1,50,3,360,0.172
mongo-w1,50,3,361,0.24
mongo-w1,50,3,362,0.186
mongo-w1,50,3,363,0.194
mongo-w1,50,3,364,0.228
mongo-w1,50,3,365,0.41
mongo-w1,50,3,366,0.441
mongo-w1,50,3,367,0.333
mongo-w1,50,3,368,0.492
mongo-w1,50,3,369,0.349
mongo-w1,50,3,370,0.452
mongo-w1,50,3,371,0.372
mongo-w1,50,3,372,0.821
mongo-w1,50,3,373,0.624
mongo-w1,50,3,374,0.222
mongo-w1,50,3,375,0.266
mongo-w1,50,3,376,0.268
mongo-w1,50,3,377,0.43
mongo-w1,50,3,378,0.445
mongo-w1,50,3,379,0.516
mongo-w1,50,3,380,0.84
mongo-w1,50,3,381,0.416
mongo-w1,50,3,382,0.415
mongo-w1,50,3,383,0.365
mongo-w1,50,3,384,0.373
mongo-w1,50,3,385,0.531
mongo-w1,50,3,386,0.279
mongo-w1,50,3,387,0.28
mongo-w1,50,3,388,0.286
mongo-w1,50,3,389,0.223
mongo-w1,50,3,390,0.21
mongo-w1,50,3,391,0.214
mongo-w1,50,3,392,0.248
mongo-w1,50,3,393,0.243
mongo-w1,50,3,394,0.183
mongo-w1,50,3,395,0.184
mongo-w1,50,3,396,0.18
mongo-w1,50,3,397,0.217
mongo-w1,50,3,398,0.357
mongo-w1,50,3,399,0.188
mongo-w1,50,3,400,0.2
mongo-w1,50,3,401,0.252
mongo-w1,50,3,402,0.19
mongo-w1,50,3,403,0.178
mongo-w1,50,3,404,0.18
mongo-w1,50,3,405,0.175
mongo-w1,50,3,406,0.192
mongo-w1,50,3,407,0.203
mongo-w1,50,3,408,0.174
mongo-w1,50,3,409,0.176
mongo-w1,50,3,410,0.169
mongo-w1,50,3,411,0.167
mongo-w1,50,3,412,0.21
mongo-w1,50,3,413,0.194
mongo-w1,50,3,414,0.175
mongo-w1,50,3,415,0.178
mongo-w1,50,3,416,0.178
mongo-w1,50,3,417,0.224
mongo-w1,50,3,418,0.229
mongo-w1,50,3,419,0.187
mongo-w1,50,3,420,0.173
mongo-w1,50,3,421,0.165
mongo-w1,50,3,422,0.18
mongo-w1,50,3,423,0.194
mongo-w1,50,3,424,0.166
mongo-w1,50,3,425,0.191
mongo-w1,50,3,426,0.23
mongo-w1,50,3,427,0.291
mongo-w1,50,3,428,0.232
mongo-w1,50,3,429,0.221
mongo-w1,50,3,430,0.211
mongo-w1,50,3,431,0.186
mongo-w1,50,3,432,0.22
mongo-w1,50,3,433,0.184
mongo-w1,50,3,434,0.187
mongo-w1,50,3,435,0.192
mongo-w1,50,3,436,0.19
mongo-w1,50,3,437,0.213
mongo-w1,50,3,438,0.197
mongo-w1,50,3,439,0.177
mongo-w1,50,3,440,0.176
mongo-w1,50,3,441,0.21
mongo-w1,50,3,442,0.215
mongo-w1,50,3,443,0.187
mongo-w1,50,3,444,0.182
mongo-w1,50,3,445,0.621
mongo-w1,50,3,446,0.259
mongo-w1,50,3,447,0.24
mongo-w1,50,3,448,0.212
mongo-w1,50,3,449,0.267
mongo-w1,50,3,450,0.322
mongo-w1,50,3,451,0.284
mongo-w1,50,3,452,0.338
mongo-w1,50,3,453,0.353
mongo-w1,50,3,454,0.366
mongo-w1,50,3,455,0.459
mongo-w1,50,3,456,0.316
mongo-w1,50,3,457,0.351
mongo-w1,50,3,458,0.295
mongo-w1,50,3,459,0.261
mongo-w1,50,3,460,0.253
mongo-w1,50,3,461,0.263
mongo-w1,50,3,462,0.275
mongo-w1,50,3,463,0.244
mongo-w1,50,3,464,0.25
mongo-w1,50,3,465,0.238
mongo-w1,50,3,466,0.461
mongo-w1,50,3,467,0.218
mongo-majority,50,1,1,117.189
mongo-majority,50,1,2,104.701
mongo-majority,50,1,3,105.937
mongo-majority,50,1,4,106.152
mongo-majority,50,1,5,106.072
mongo-majority,50,1,6,108.223
mongo-majority,50,1,7,105.6
mongo-majority,50,1,8,105.89
mongo-majority,50,1,9,107.967
mongo-majority,50,1,10,105.885
mongo-majority,50,1,11,105.266
mongo-majority,50,1,12,107.93
mongo-majority,50,1,13,57.018
mongo-majority,50,1,14,101.656
mongo-majority,50,1,15,84.311
mongo-majority,50,1,16,76.243
mongo-majority,50,1,17,107.598
mongo-majority,50,1,18,107.582
mongo-majority,50,1,19,106.537
mongo-majority,50,1,20,108.275
mongo-majority,50,1,21,105.338
mongo-majority,50,1,22,104.619
mongo-majority,50,1,23,106.567
mongo-majority,50,1,24,107.147
mongo-majority,50,1,25,81.669
mongo-majority,50,1,26,81.069
mongo-majority,50,1,27,105.609
mongo-majority,50,1,28,106.583
mongo-majority,50,1,29,105.046
mongo-majority,50,1,30,112.332
mongo-majority,50,1,31,104.553
mongo-majority,50,1,32,104.84
mongo-majority,50,1,33,106.047
mongo-majority,50,1,34,106.038
mongo-majority,50,1,35,105.864
mongo-majority,50,1,36,106.664
mongo-majority,50,1,37,107.389
mongo-majority,50,1,38,106.335
mongo-majority,50,1,39,106.058
mongo-majority,50,1,40,109.669
mongo-majority,50,1,41,105.825
mongo-majority,50,1,42,105.353
mongo-majority,50,1,43,106.745
mongo-majority,50,1,44,105.608
mongo-majority,50,1,45,106.699
mongo-majority,50,1,46,106.338
mongo-majority,50,1,47,107.485
mongo-majority,50,1,48,108.283
mongo-majority,50,1,49,108.726
mongo-majority,50,1,50,107.028
mongo-majority,50,1,51,103.486
mongo-majority,50,1,52,103.909
mongo-majority,50,1,53,55.562
mongo-majority,50,1,54,98.196
mongo-majority,50,1,55,90.976
mongo-majority,50,1,56,64.665
mongo-majority,50,1,57,106.426
mongo-majority,50,1,58,108.01
mongo-majority,50,1,59,104.946
mongo-majority,50,1,60,106.066
mongo-majority,50,1,61,107.361
mongo-majority,50,1,62,104.72
mongo-majority,50,1,63,105.743
mongo-majority,50,1,64,106.574
mongo-majority,50,1,65,98.241
mongo-majority,50,1,66,60.277
mongo-majority,50,1,67,105.712
mongo-majority,50,1,68,107.752
mongo-majority,50,1,69,108.708
mongo-majority,50,1,70,107.186
mongo-majority,50,1,71,105.876
mongo-majority,50,1,72,108.152
mongo-majority,50,1,73,104.589
mongo-majority,50,1,74,103.801
mongo-majority,50,1,75,104.783
mongo-majority,50,1,76,105.641
mongo-majority,50,1,77,106.282
mongo-majority,50,1,78,105.309
mongo-majority,50,1,79,104.799
mongo-majority,50,1,80,106.563
mongo-majority,50,1,81,106.36
mongo-majority,50,1,82,107.136
mongo-majority,50,1,83,106.546
mongo-majority,50,1,84,106.001
mongo-majority,50,1,85,83.458
mongo-majority,50,1,86,76.252
mongo-majority,50,1,87,105.221
mongo-majority,50,1,88,104.935
mongo-majority,50,1,89,107.306
mongo-majority,50,1,90,106.853
mongo-majority,50,1,91,107.075
mongo-majority,50,1,92,107.734
mongo-majority,50,1,93,107.89
mongo-majority,50,1,94,107.938
mongo-majority,50,1,95,102.656
mongo-majority,50,1,96,105.329
mongo-majority,50,1,97,105.434
mongo-majority,50,1,98,106.291
mongo-majority,50,1,99,106.527
mongo-majority,50,1,100,106.941
mongo-majority,50,1,101,106.531
mongo-majority,50,1,102,106.412
mongo-majority,50,1,103,107.957
mongo-majority,50,1,104,107.474
mongo-majority,50,1,105,58.225
mongo-majority,50,1,106,99.125
mongo-majority,50,1,107,105.601
mongo-majority,50,1,108,106.014
mongo-majority,50,1,109,106.187
mongo-majority,50,1,110,106.916
mongo-majority,50,1,111,105.535
mongo-majority,50,1,112,103.124
mongo-majority,50,1,113,102.64
mongo-majority,50,1,114,109.295
mongo-majority,50,1,115,91.58
mongo-majority,50,1,116,64.747
mongo-majority,50,1,117,105.29
mongo-majority,50,1,118,109.348
mongo-majority,50,1,119,107.064
mongo-majority,50,1,120,107.768
mongo-majority,50,1,121,106.108
mongo-majority,50,1,122,106.345
mongo-majority,50,1,123,106.275
mongo-majority,50,1,124,109.547
mongo-majority,50,1,125,94.329
mongo-majority,50,1,126,65.971
mongo-majority,50,1,127,105.508
mongo-majority,50,1,128,106.683
mongo-majority,50,1,129,106.51
mongo-majority,50,1,130,106.634
mongo-majority,50,1,131,106.73
mongo-majority,50,1,132,106.61
mongo-majority,50,1,133,106.811
mongo-majority,50,1,134,106.301
mongo-majority,50,1,135,110.189
mongo-majority,50,1,136,106.344
mongo-majority,50,1,137,107.711
mongo-majority,50,1,138,105.92
mongo-majority,50,1,139,107.196
mongo-majority,50,1,140,106.9
mongo-majority,50,1,141,106.706
mongo-majority,50,1,142,107.75
mongo-majority,50,1,143,106.14
mongo-majority,50,1,144,106.757
mongo-majority,50,1,145,61.319
mongo-majority,50,1,146,98.076
mongo-majority,50,1,147,107.627
mongo-majority,50,1,148,106.97
mongo-majority,50,1,149,106.688
mongo-majority,50,1,150,106.089
mongo-majority,50,1,151,102.521
mongo-majority,50,1,152,104.593
mongo-majority,50,1,153,105.53
mongo-majority,50,1,154,106.532
mongo-majority,50,1,155,89.854
mongo-majority,50,1,156,71.927
mongo-majority,50,1,157,106.201
mongo-majority,50,1,158,106.93
mongo-majority,50,1,159,106.205
mongo-majority,50,1,160,105.771
mongo-majority,50,1,161,107.37
mongo-majority,50,1,162,105.707
mongo-majority,50,1,163,106.717
mongo-majority,50,1,164,107.163
mongo-majority,50,1,165,93.629
mongo-majority,50,1,166,63.218
mongo-majority,50,1,167,107.842
mongo-majority,50,1,168,106.08
mongo-majority,50,1,169,106.778
mongo-majority,50,1,170,106.896
mongo-majority,50,1,171,106.445
mongo-majority,50,1,172,103.089
mongo-majority,50,1,173,106.13
mongo-majority,50,1,174,105.536
mongo-majority,50,1,175,107.484
mongo-majority,50,1,176,106.858
mongo-majority,50,1,177,106.839
mongo-majority,50,1,178,106.343
mongo-majority,50,1,179,106.507
mongo-majority,50,1,180,107.38
mongo-majority,50,1,181,106.166
mongo-majority,50,1,182,106.033
mongo-majority,50,1,183,106.684
mongo-majority,50,1,184,107.085
mongo-majority,50,1,185,74.026
mongo-majority,50,1,186,87.691
mongo-majority,50,1,187,107.042
mongo-majority,50,1,188,106.278
mongo-majority,50,1,189,105.397
mongo-majority,50,1,190,106.701
mongo-majority,50,1,191,106.898
mongo-majority,50,1,192,106.675
mongo-majority,50,1,193,106.522
mongo-majority,50,1,194,106.069
mongo-majority,50,1,195,96.33
mongo-majority,50,1,196,63.991
mongo-majority,50,1,197,107.213
mongo-majority,50,1,198,107.164
mongo-majority,50,1,199,106.349
mongo-majority,50,1,200,105.099
mongo-majority,50,1,201,106.857
mongo-majority,50,1,202,106.061
mongo-majority,50,1,203,107.637
mongo-majority,50,1,204,107.662
mongo-majority,50,1,205,103.492
mongo-majority,50,1,206,109.129
mongo-majority,50,1,207,107.19
mongo-majority,50,1,208,106.827
mongo-majority,50,1,209,109.025
mongo-majority,50,1,210,107.032
mongo-majority,50,1,211,107.501
mongo-majority,50,1,212,106.41
mongo-majority,50,1,213,100.298
mongo-majority,50,1,214,57.15
mongo-majority,50,1,215,114.055
mongo-majority,50,1,216,105.033
mongo-majority,50,1,217,107.141
mongo-majority,50,1,218,107.447
mongo-majority,50,1,219,106.771
mongo-majority,50,1,220,107.109
mongo-majority,50,1,221,106.55
mongo-majority,50,1,222,105.301
mongo-majority,50,1,223,105.289
mongo-majority,50,1,224,106.222
mongo-majority,50,1,225,72.521
mongo-majority,50,1,226,85.171
mongo-majority,50,1,227,108.066
mongo-majority,50,1,228,106.789
mongo-majority,50,1,229,106.724
mongo-majority,50,1,230,106.122
mongo-majority,50,1,231,105.781
mongo-majority,50,1,232,108.017
mongo-majority,50,1,233,106.097
mongo-majority,50,1,234,108.718
mongo-majority,50,1,235,84.671
mongo-majority,50,1,236,73.553
mongo-majority,50,1,237,106.786
mongo-majority,50,1,238,107.262
mongo-majority,50,1,239,106.075
mongo-majority,50,1,240,108.141
mongo-majority,50,1,241,106.401
mongo-majority,50,1,242,107.06
mongo-majority,50,1,243,105.571
mongo-majority,50,1,244,105.124
mongo-majority,50,1,245,104.942
mongo-majority,50,1,246,105.339
mongo-majority,50,1,247,105.588
mongo-majority,50,1,248,107.091
mongo-majority,50,1,249,103.206
mongo-majority,50,1,250,105.175
mongo-majority,50,1,251,107.995
mongo-majority,50,1,252,105.834
mongo-majority,50,1,253,106.53
mongo-majority,50,1,254,106.26
mongo-majority,50,1,255,67.306
mongo-majority,50,1,256,94.231
mongo-majority,50,1,257,110.064
mongo-majority,50,1,258,106.434
mongo-majority,50,1,259,109.933
mongo-majority,50,1,260,112.095
mongo-majority,50,1,261,106.806
mongo-majority,50,1,262,105.965
mongo-majority,50,1,263,104.709
mongo-majority,50,1,264,103.913
mongo-majority,50,1,265,78.189
mongo-majority,50,1,266,78.627
mongo-majority,50,1,267,107.007
mongo-majority,50,1,268,105.535
mongo-majority,50,1,269,102.944
mongo-majority,50,1,270,102.824
mongo-majority,50,1,271,105.167
mongo-majority,50,1,272,105.251
mongo-majority,50,1,273,106.74
mongo-majority,50,1,274,106.84
mongo-majority,50,1,275,98.638
mongo-majority,50,1,276,60.25
mongo-majority,50,1,277,106.89
mongo-majority,50,1,278,107.7
mongo-majority,50,1,279,106.265
mongo-majority,50,1,280,105.968
mongo-majority,50,1,281,107.632
mongo-majority,50,1,282,106.239
mongo-majority,50,1,283,108.992
mongo-majority,50,1,284,106.502
mongo-majority,50,1,285,106.432
mongo-majority,50,1,286,106.885
mongo-majority,50,1,287,106.217
mongo-majority,50,1,288,106.745
mongo-majority,50,1,289,106.279
mongo-majority,50,1,290,107.258
mongo-majority,50,1,291,105.795
mongo-majority,50,1,292,105.112
mongo-majority,50,1,293,108.181
mongo-majority,50,1,294,106.404
mongo-majority,50,1,295,69.114
mongo-majority,50,1,296,91.074
mongo-majority,50,1,297,106.419
mongo-majority,50,1,298,106.514
mongo-majority,50,1,299,108.257
mongo-majority,50,1,300,106.685
mongo-majority,50,1,301,106.716
mongo-majority,50,1,302,105.229
mongo-majority,50,1,303,105.64
mongo-majority,50,1,304,105.147
mongo-majority,50,1,305,95.468
mongo-majority,50,1,306,62.069
mongo-majority,50,1,307,107.385
mongo-majority,50,1,308,107.255
mongo-majority,50,1,309,110.246
mongo-majority,50,1,310,106.257
mongo-majority,50,1,311,105.78
mongo-majority,50,1,312,107.859
mongo-majority,50,1,313,105.438
mongo-majority,50,1,314,106.848
mongo-majority,50,1,315,97.646
mongo-majority,50,1,316,60.558
mongo-majority,50,1,317,106.636
mongo-majority,50,1,318,107.147
mongo-majority,50,1,319,105.826
mongo-majority,50,1,320,106.87
mongo-majority,50,1,321,105.622
mongo-majority,50,1,322,106.179
mongo-majority,50,1,323,107.4
mongo-majority,50,1,324,106.333
mongo-majority,50,1,325,106.862
mongo-majority,50,1,326,105.975
mongo-majority,50,1,327,106.514
mongo-majority,50,1,328,107.517
mongo-majority,50,1,329,105.631
mongo-majority,50,1,330,108.227
mongo-majority,50,1,331,105.232
mongo-majority,50,1,332,105.918
mongo-majority,50,1,333,105.769
mongo-majority,50,1,334,105.306
mongo-majority,50,1,335,78.028
mongo-majority,50,1,336,82.125
mongo-majority,50,1,337,106.048
mongo-majority,50,1,338,106.747
mongo-majority,50,1,339,107.167
mongo-majority,50,1,340,106.358
mongo-majority,50,1,341,106.736
mongo-majority,50,1,342,106.103
mongo-majority,50,1,343,106.69
mongo-majority,50,1,344,105.727
mongo-majority,50,1,345,98.554
mongo-majority,50,1,346,57.008
mongo-majority,50,1,347,102.801
mongo-majority,50,1,348,108.019
mongo-majority,50,1,349,106.245
mongo-majority,50,1,350,106.52
mongo-majority,50,1,351,106.808
mongo-majority,50,1,352,106.473
mongo-majority,50,1,353,106.274
mongo-majority,50,1,354,105.874
mongo-majority,50,1,355,105.516
mongo-majority,50,1,356,106.16
mongo-majority,50,1,357,106.296
mongo-majority,50,1,358,106.738
mongo-majority,50,1,359,126.557
mongo-majority,50,1,360,106.507
mongo-majority,50,1,361,110.129
mongo-majority,50,1,362,106.593
mongo-majority,50,1,363,108.452
mongo-majority,50,1,364,105.025
mongo-majority,50,1,365,58.019
mongo-majority,50,1,366,97.576
mongo-majority,50,1,367,103.366
mongo-majority,50,1,368,104.876
mongo-majority,50,1,369,106.618
mongo-majority,50,1,370,106.271
mongo-majority,50,1,371,106.406
mongo-majority,50,1,372,107.254
mongo-majority,50,1,373,106.292
mongo-majority,50,1,374,106.084
mongo-majority,50,1,375,71.729
mongo-majority,50,1,376,85.891
mongo-majority,50,1,377,105.648
mongo-majority,50,1,378,107.043
mongo-majority,50,1,379,106.376
mongo-majority,50,1,380,106.201
mongo-majority,50,1,381,106.704
mongo-majority,50,1,382,106.755
mongo-majority,50,1,383,110.39
mongo-majority,50,1,384,107.968
mongo-majority,50,1,385,91.389
mongo-majority,50,1,386,69.09
mongo-majority,50,1,387,105.844
mongo-majority,50,1,388,106.282
mongo-majority,50,1,389,105.605
mongo-majority,50,1,390,105.877
mongo-majority,50,1,391,107.097
mongo-majority,50,1,392,106.827
mongo-majority,50,1,393,106.916
mongo-majority,50,1,394,107.918
mongo-majority,50,1,395,98.501
mongo-majority,50,1,396,61.17
mongo-majority,50,1,397,106.168
mongo-majority,50,1,398,106.307
mongo-majority,50,1,399,106.502
mongo-majority,50,1,400,106.182
mongo-majority,50,1,401,106.676
mongo-majority,50,1,402,107.866
mongo-majority,50,1,403,106.266
mongo-majority,50,1,404,107.599
mongo-majority,50,1,405,106.272
mongo-majority,50,1,406,107.689
mongo-majority,50,1,407,106.051
mongo-majority,50,1,408,107.275
mongo-majority,50,1,409,106.388
mongo-majority,50,1,410,105.861
mongo-majority,50,1,411,107.51
mongo-majority,50,1,412,106.565
mongo-majority,50,1,413,106.643
mongo-majority,50,1,414,106.292
mongo-majority,50,1,415,70.886
mongo-majority,50,1,416,91.542
mongo-majority,50,1,417,106.388
mongo-majority,50,1,418,107.018
mongo-majority,50,1,419,106.968
mongo-majority,50,1,420,106.302
mongo-majority,50,1,421,107.923
mongo-majority,50,1,422,106.626
mongo-majority,50,1,423,106.188
mongo-majority,50,1,424,107.946
mongo-majority,50,1,425,85.284
mongo-majority,50,1,426,72.701
mongo-majority,50,1,427,107.525
mongo-majority,50,1,428,107.028
mongo-majority,50,1,429,105.972
mongo-majority,50,1,430,106.273
mongo-majority,50,1,431,106.527
mongo-majority,50,1,432,106.966
mongo-majority,50,1,433,106.572
mongo-majority,50,1,434,108.728
mongo-majority,50,1,435,90.977
mongo-majority,50,1,436,66.08
mongo-majority,50,1,437,106.594
mongo-majority,50,1,438,107.3
mongo-majority,50,1,439,105.995
mongo-majority,50,1,440,107.066
mongo-majority,50,1,441,105.886
mongo-majority,50,1,442,105.371
mongo-majority,50,1,443,103.171
mongo-majority,50,1,444,102.704
mongo-majority,50,1,445,104.242
mongo-majority,50,1,446,105.939
mongo-majority,50,1,447,107.039
mongo-majority,50,1,448,106.671
mongo-majority,50,1,449,106.725
mongo-majority,50,1,450,105.791
mongo-majority,50,1,451,110.585
mongo-majority,50,1,452,105.891
mongo-majority,50,1,453,106.103
mongo-majority,50,1,454,106.37
mongo-majority,50,1,455,76.814
mongo-majority,50,1,456,83.966
mongo-majority,50,1,457,107.829
mongo-majority,50,1,458,106.416
mongo-majority,50,1,459,106.646
mongo-majority,50,1,460,106.925
mongo-majority,50,1,461,107.168
mongo-majority,50,1,462,108.19
mongo-majority,50,1,463,102.647
mongo-majority,50,1,464,102.347
mongo-majority,50,1,465,97.562
mongo-majority,50,1,466,57.486
mongo-majority,50,1,467,107.641
mongo-majority,50,2,1,125.544
mongo-majority,50,2,2,106.074
mongo-majority,50,2,3,106.786
mongo-majority,50,2,4,106.206
mongo-majority,50,2,5,106.35
mongo-majority,50,2,6,107.973
mongo-majority,50,2,7,75.663
mongo-majority,50,2,8,83.211
mongo-majority,50,2,9,106.385
mongo-majority,50,2,10,105.314
mongo-majority,50,2,11,106.146
mongo-majority,50,2,12,107.525
mongo-majority,50,2,13,106.294
mongo-majority,50,2,14,106.888
mongo-majority,50,2,15,106.383
mongo-majority,50,2,16,108.705
mongo-majority,50,2,17,99.725
mongo-majority,50,2,18,57.661
mongo-majority,50,2,19,104.139
mongo-majority,50,2,20,106.88
mongo-majority,50,2,21,105.559
mongo-majority,50,2,22,108.156
mongo-majority,50,2,23,106.076
mongo-majority,50,2,24,106.697
mongo-majority,50,2,25,106.91
mongo-majority,50,2,26,105.361
mongo-majority,50,2,27,106.619
mongo-majority,50,2,28,107.481
mongo-majority,50,2,29,106.517
mongo-majority,50,2,30,107.314
mongo-majority,50,2,31,105.705
mongo-majority,50,2,32,106.668
mongo-majority,50,2,33,106.345
mongo-majority,50,2,34,106.64
mongo-majority,50,2,35,107.38
mongo-majority,50,2,36,105.078
mongo-majority,50,2,37,78.758
mongo-majority,50,2,38,83.236
mongo-majority,50,2,39,105.573
mongo-majority,50,2,40,106.51
mongo-majority,50,2,41,106.993
mongo-majority,50,2,42,105.77
mongo-majority,50,2,43,107.282
mongo-majority,50,2,44,107.842
mongo-majority,50,2,45,110.061
mongo-majority,50,2,46,106.096
mongo-majority,50,2,47,75.659
mongo-majority,50,2,48,84.067
mongo-majority,50,2,49,105.332
mongo-majority,50,2,50,106.604
mongo-majority,50,2,51,106.514
mongo-majority,50,2,52,105.363
mongo-majority,50,2,53,106.898
mongo-majority,50,2,54,107.276
mongo-majority,50,2,55,106.97
mongo-majority,50,2,56,106.703
mongo-majority,50,2,57,102.129
mongo-majority,50,2,58,105.744
mongo-majority,50,2,59,106.077
mongo-majority,50,2,60,105.837
mongo-majority,50,2,61,106.368
mongo-majority,50,2,62,106.694
mongo-majority,50,2,63,105.768
mongo-majority,50,2,64,106.423
mongo-majority,50,2,65,106.048
mongo-majority,50,2,66,106.507
mongo-majority,50,2,67,57.495
mongo-majority,50,2,68,100.532
mongo-majority,50,2,69,106.639
mongo-majority,50,2,70,107.095
mongo-majority,50,2,71,104.994
mongo-majority,50,2,72,103.083
mongo-majority,50,2,73,102.136
mongo-majority,50,2,74,103.181
mongo-majority,50,2,75,105.187
mongo-majority,50,2,76,105.908
mongo-majority,50,2,77,98.966
mongo-majority,50,2,78,57.204
mongo-majority,50,2,79,105.968
mongo-majority,50,2,80,108.58
mongo-majority,50,2,81,106.882
mongo-majority,50,2,82,105.237
mongo-majority,50,2,83,105.631
mongo-majority,50,2,84,107.723
mongo-majority,50,2,85,105.468
mongo-majority,50,2,86,106.537
mongo-majority,50,2,87,105.029
mongo-majority,50,2,88,106.861
mongo-majority,50,2,89,106.968
mongo-majority,50,2,90,106.429
mongo-majority,50,2,91,105.98
mongo-majority,50,2,92,106.881
mongo-majority,50,2,93,102.833
mongo-majority,50,2,94,103.103
mongo-majority,50,2,95,104.852
mongo-majority,50,2,96,105.128
mongo-majority,50,2,97,90.533
mongo-majority,50,2,98,66.522
mongo-majority,50,2,99,108.926
mongo-majority,50,2,100,105.708
mongo-majority,50,2,101,105.867
mongo-majority,50,2,102,107.263
mongo-majority,50,2,103,106.99
mongo-majority,50,2,104,106.499
mongo-majority,50,2,105,106.594
mongo-majority,50,2,106,106.472
mongo-majority,50,2,107,90.683
mongo-majority,50,2,108,69.809
mongo-majority,50,2,109,108.031
mongo-majority,50,2,110,107.151
mongo-majority,50,2,111,106.117
mongo-majority,50,2,112,106.747
mongo-majority,50,2,113,105.992
mongo-majority,50,2,114,107.725
mongo-majority,50,2,115,105.644
mongo-majority,50,2,116,106.194
mongo-majority,50,2,117,108.481
mongo-majority,50,2,118,106.627
mongo-majority,50,2,119,108.233
mongo-majority,50,2,120,105.438
mongo-majority,50,2,121,106.562
mongo-majority,50,2,122,107.484
mongo-majority,50,2,123,106.197
mongo-majority,50,2,124,106.697
mongo-majority,50,2,125,109.476
mongo-majority,50,2,126,104.304
mongo-majority,50,2,127,56.796
mongo-majority,50,2,128,105.797
mongo-majority,50,2,129,107.284
mongo-majority,50,2,130,108.225
mongo-majority,50,2,131,109.034
mongo-majority,50,2,132,106.564
mongo-majority,50,2,133,107.465
mongo-majority,50,2,134,106.088
mongo-majority,50,2,135,111.809
mongo-majority,50,2,136,106.667
mongo-majority,50,2,137,74.234
mongo-majority,50,2,138,84.579
mongo-majority,50,2,139,107.885
mongo-majority,50,2,140,106.27
mongo-majority,50,2,141,107.759
mongo-majority,50,2,142,107.279
mongo-majority,50,2,143,109.248
mongo-majority,50,2,144,106.445
mongo-majority,50,2,145,106.899
mongo-majority,50,2,146,105.174
mongo-majority,50,2,147,68.057
mongo-majority,50,2,148,92.835
mongo-majority,50,2,149,106.283
mongo-majority,50,2,150,107.122
mongo-majority,50,2,151,108.62
mongo-majority,50,2,152,107.003
mongo-majority,50,2,153,107.344
mongo-majority,50,2,154,106.49
mongo-majority,50,2,155,106.727
mongo-majority,50,2,156,105.683
mongo-majority,50,2,157,96.129
mongo-majority,50,2,158,66.183
mongo-majority,50,2,159,106.755
mongo-majority,50,2,160,107.612
mongo-majority,50,2,161,107.227
mongo-majority,50,2,162,106.244
mongo-majority,50,2,163,106.715
mongo-majority,50,2,164,106.278
mongo-majority,50,2,165,107.163
mongo-majority,50,2,166,104.917
mongo-majority,50,2,167,87.58
mongo-majority,50,2,168,71.078
mongo-majority,50,2,169,104.572
mongo-majority,50,2,170,102.981
mongo-majority,50,2,171,102.342
mongo-majority,50,2,172,102.973
mongo-majority,50,2,173,106.089
mongo-majority,50,2,174,106.704
mongo-majority,50,2,175,106.635
mongo-majority,50,2,176,107.636
mongo-majority,50,2,177,106.028
mongo-majority,50,2,178,106.231
mongo-majority,50,2,179,106.427
mongo-majority,50,2,180,105.917
mongo-majority,50,2,181,107.117
mongo-majority,50,2,182,105.728
mongo-majority,50,2,183,105.941
mongo-majority,50,2,184,106.482
mongo-majority,50,2,185,106.042
mongo-majority,50,2,186,107.155
mongo-majority,50,2,187,80.328
mongo-majority,50,2,188,79.687
mongo-majority,50,2,189,106.072
mongo-majority,50,2,190,104.594
mongo-majority,50,2,191,104.416
mongo-majority,50,2,192,105.708
mongo-majority,50,2,193,106.418
mongo-majority,50,2,194,105.564
mongo-majority,50,2,195,106.071
mongo-majority,50,2,196,107.345
mongo-majority,50,2,197,106.266
mongo-majority,50,2,198,106.262
mongo-majority,50,2,199,105.867
mongo-majority,50,2,200,105.59
mongo-majority,50,2,201,106.961
mongo-majority,50,2,202,105.944
mongo-majority,50,2,203,105.436
mongo-majority,50,2,204,103.303
mongo-majority,50,2,205,103.844
mongo-majority,50,2,206,106.393
mongo-majority,50,2,207,69.597
mongo-majority,50,2,208,89.929
mongo-majority,50,2,209,106.813
mongo-majority,50,2,210,105.694
mongo-majority,50,2,211,105.779
mongo-majority,50,2,212,106.375
mongo-majority,50,2,213,107.435
mongo-majority,50,2,214,105.921
mongo-majority,50,2,215,105.437
mongo-majority,50,2,216,106.575
mongo-majority,50,2,217,106.642
mongo-majority,50,2,218,106.858
mongo-majority,50,2,219,106.241
mongo-majority,50,2,220,106.363
mongo-majority,50,2,221,108.086
mongo-majority,50,2,222,106.836
mongo-majority,50,2,223,107.103
mongo-majority,50,2,224,105.325
mongo-majority,50,2,225,95.205
mongo-majority,50,2,226,62.328
mongo-majority,50,2,227,101.113
mongo-majority,50,2,228,106.97
mongo-majority,50,2,229,104.15
mongo-majority,50,2,230,103.153
mongo-majority,50,2,231,105.88
mongo-majority,50,2,232,105.809
mongo-majority,50,2,233,106.868
mongo-majority,50,2,234,106.887
mongo-majority,50,2,235,112.694
mongo-majority,50,2,236,106.397
mongo-majority,50,2,237,90.855
mongo-majority,50,2,238,69.022
mongo-majority,50,2,239,105.562
mongo-majority,50,2,240,106.161
mongo-majority,50,2,241,105.357
mongo-majority,50,2,242,104.909
mongo-majority,50,2,243,106.801
mongo-majority,50,2,244,107.466
mongo-majority,50,2,245,106.246
mongo-majority,50,2,246,106.123
mongo-majority,50,2,247,84.364
mongo-majority,50,2,248,74.975
mongo-majority,50,2,249,105.343
mongo-majority,50,2,250,105.962
mongo-majority,50,2,251,106.179
mongo-majority,50,2,252,106.866
mongo-majority,50,2,253,105.041
mongo-majority,50,2,254,105.432
mongo-majority,50,2,255,106.927
mongo-majority,50,2,256,106.029
mongo-majority,50,2,257,105.803
mongo-majority,50,2,258,106.996
mongo-majority,50,2,259,106.304
mongo-majority,50,2,260,107.091
mongo-majority,50,2,261,105.702
mongo-majority,50,2,262,106.742
mongo-majority,50,2,263,107.998
mongo-majority,50,2,264,106.358
mongo-majority,50,2,265,107.568
mongo-majority,50,2,266,105.372
mongo-majority,50,2,267,60.576
mongo-majority,50,2,268,95.261
mongo-majority,50,2,269,103.658
mongo-majority,50,2,270,106.056
mongo-majority,50,2,271,108.027
mongo-majority,50,2,272,108.091
mongo-majority,50,2,273,106.042
mongo-majority,50,2,274,108.295
mongo-majority,50,2,275,105.924
mongo-majority,50,2,276,106.338
mongo-majority,50,2,277,104.089
mongo-majority,50,2,278,105.866
mongo-majority,50,2,279,107.554
mongo-majority,50,2,280,107.655
mongo-majority,50,2,281,106.514
mongo-majority,50,2,282,106.441
mongo-majority,50,2,283,106.173
mongo-majority,50,2,284,107.755
mongo-majority,50,2,285,94.719
mongo-majority,50,2,286,63.997
mongo-majority,50,2,287,91.958
mongo-majority,50,2,288,65.77
mongo-majority,50,2,289,104.39
mongo-majority,50,2,290,104.317
mongo-majority,50,2,291,106.707
mongo-majority,50,2,292,106.673
mongo-majority,50,2,293,105.562
mongo-majority,50,2,294,106.945
mongo-majority,50,2,295,106.485
mongo-majority,50,2,296,107.073
mongo-majority,50,2,297,106.892
mongo-majority,50,2,298,107.938
mongo-majority,50,2,299,106.637
mongo-majority,50,2,300,106.329
mongo-majority,50,2,301,107.387
mongo-majority,50,2,302,106.403
mongo-majority,50,2,303,106.952
mongo-majority,50,2,304,107.849
mongo-majority,50,2,305,105.424
mongo-majority,50,2,306,106.656
mongo-majority,50,2,307,71.555
mongo-majority,50,2,308,88.066
mongo-majority,50,2,309,108.384
mongo-majority,50,2,310,106.42
mongo-majority,50,2,311,106.764
mongo-majority,50,2,312,108.913
mongo-majority,50,2,313,107.182
mongo-majority,50,2,314,107.083
mongo-majority,50,2,315,106.497
mongo-majority,50,2,316,106.215
mongo-majority,50,2,317,105.633
mongo-majority,50,2,318,107.176
mongo-majority,50,2,319,106.099
mongo-majority,50,2,320,106.526
mongo-majority,50,2,321,106.186
mongo-majority,50,2,322,105.668
mongo-majority,50,2,323,106.494
mongo-majority,50,2,324,107.027
mongo-majority,50,2,325,101.119
mongo-majority,50,2,326,107.64
mongo-majority,50,2,327,106.038
mongo-majority,50,2,328,106.017
mongo-majority,50,2,329,106.461
mongo-majority,50,2,330,106.781
mongo-majority,50,2,331,105.134
mongo-majority,50,2,332,108.599
mongo-majority,50,2,333,106.549
mongo-majority,50,2,334,106.875
mongo-majority,50,2,335,106.737
mongo-majority,50,2,336,106.329
mongo-majority,50,2,337,107.111
mongo-majority,50,2,338,105.963
mongo-majority,50,2,339,106.983
mongo-majority,50,2,340,106.021
mongo-majority,50,2,341,106.002
mongo-majority,50,2,342,106.54
mongo-majority,50,2,343,107.676
mongo-majority,50,2,344,106.494
mongo-majority,50,2,345,106.627
mongo-majority,50,2,346,73.118
mongo-majority,50,2,347,85.482
mongo-majority,50,2,348,107.562
mongo-majority,50,2,349,105.808
mongo-majority,50,2,350,106.944
mongo-majority,50,2,351,107.641
mongo-majority,50,2,352,106.412
mongo-majority,50,2,353,106.649
mongo-majority,50,2,354,110.339
mongo-majority,50,2,355,106.798
mongo-majority,50,2,356,105.531
mongo-majority,50,2,357,105.701
mongo-majority,50,2,358,107.166
mongo-majority,50,2,359,106.327
mongo-majority,50,2,360,106.312
mongo-majority,50,2,361,107.573
mongo-majority,50,2,362,105.767
mongo-majority,50,2,363,104.897
mongo-majority,50,2,364,102.685
mongo-majority,50,2,365,104.727
mongo-majority,50,2,366,106.448
mongo-majority,50,2,367,107.384
mongo-majority,50,2,368,105.982
mongo-majority,50,2,369,105.459
mongo-majority,50,2,370,105.117
mongo-majority,50,2,371,106.489
mongo-majority,50,2,372,106.413
mongo-majority,50,2,373,105.763
mongo-majority,50,2,374,107.649
mongo-majority,50,2,375,106.559
mongo-majority,50,2,376,106.375
mongo-majority,50,2,377,107.983
mongo-majority,50,2,378,105.294
mongo-majority,50,2,379,103.465
mongo-majority,50,2,380,106.084
mongo-majority,50,2,381,106.323
mongo-majority,50,2,382,105.437
mongo-majority,50,2,383,102.994
mongo-majority,50,2,384,103.471
mongo-majority,50,2,385,96.302
mongo-majority,50,2,386,60.763
mongo-majority,50,2,387,107.206
mongo-majority,50,2,388,105.856
mongo-majority,50,2,389,108.659
mongo-majority,50,2,390,106.816
mongo-majority,50,2,391,106.526
mongo-majority,50,2,392,107.128
mongo-majority,50,2,393,106.056
mongo-majority,50,2,394,107.044
mongo-majority,50,2,395,105.751
mongo-majority,50,2,396,106.905
mongo-majority,50,2,397,106.517
mongo-majority,50,2,398,105.755
mongo-majority,50,2,399,108.084
mongo-majority,50,2,400,106.609
mongo-majority,50,2,401,105.51
mongo-majority,50,2,402,106.221
mongo-majority,50,2,403,106.076
mongo-majority,50,2,404,106.081
mongo-majority,50,2,405,71.621
mongo-majority,50,2,406,88.468
mongo-majority,50,2,407,105.936
mongo-majority,50,2,408,109.992
mongo-majority,50,2,409,106.356
mongo-majority,50,2,410,107.17
mongo-majority,50,2,411,106.585
mongo-majority,50,2,412,107.791
mongo-majority,50,2,413,106.693
mongo-majority,50,2,414,106.757
mongo-majority,50,2,415,106.296
mongo-majority,50,2,416,106.742
mongo-majority,50,2,417,107.946
mongo-majority,50,2,418,105.881
mongo-majority,50,2,419,106.656
mongo-majority,50,2,420,107.009
mongo-majority,50,2,421,102.764
mongo-majority,50,2,422,104.228
mongo-majority,50,2,423,102.729
mongo-majority,50,2,424,105.452
mongo-majority,50,2,425,104.975
mongo-majority,50,2,426,106.139
mongo-majority,50,2,427,106.678
mongo-majority,50,2,428,106.264
mongo-majority,50,2,429,109.102
mongo-majority,50,2,430,106.706
mongo-majority,50,2,431,106.331
mongo-majority,50,2,432,107.67
mongo-majority,50,2,433,106.456
mongo-majority,50,2,434,106.57
mongo-majority,50,2,435,107.844
mongo-majority,50,2,436,123.442
mongo-majority,50,2,437,105.628
mongo-majority,50,2,438,106.563
mongo-majority,50,2,439,107.137
mongo-majority,50,2,440,107.258
mongo-majority,50,2,441,107.27
mongo-majority,50,2,442,107.341
mongo-majority,50,2,443,106.411
mongo-majority,50,2,444,106.784
mongo-majority,50,2,445,105.948
mongo-majority,50,2,446,107.134
mongo-majority,50,2,447,107.015
mongo-majority,50,2,448,107.468
mongo-majority,50,2,449,107.754
mongo-majority,50,2,450,106.872
mongo-majority,50,2,451,107.107
mongo-majority,50,2,452,106.698
mongo-majority,50,2,453,106.218
mongo-majority,50,2,454,106.261
mongo-majority,50,2,455,107.027
mongo-majority,50,2,456,108.309
mongo-majority,50,2,457,105.815
mongo-majority,50,2,458,103.505
mongo-majority,50,2,459,102.274
mongo-majority,50,2,460,104.162
mongo-majority,50,2,461,105.306
mongo-majority,50,2,462,106.625
mongo-majority,50,2,463,89.73
mongo-majority,50,2,464,70.637
mongo-majority,50,2,465,107.166
mongo-majority,50,2,466,106.076
mongo-majority,50,2,467,106.169
mongo-majority,50,3,1,123.403
mongo-majority,50,3,2,106.015
mongo-majority,50,3,3,107.061
mongo-majority,50,3,4,107.499
mongo-majority,50,3,5,105.905
mongo-majority,50,3,6,106.205
mongo-majority,50,3,7,106.399
mongo-majority,50,3,8,107.914
mongo-majority,50,3,9,105.927
mongo-majority,50,3,10,106.478
mongo-majority,50,3,11,103.807
mongo-majority,50,3,12,106.877
mongo-majority,50,3,13,98.721
mongo-majority,50,3,14,58.301
mongo-majority,50,3,15,98.383
mongo-majority,50,3,16,59.333
mongo-majority,50,3,17,106.48
mongo-majority,50,3,18,107.599
mongo-majority,50,3,19,106.051
mongo-majority,50,3,20,106.095
mongo-majority,50,3,21,105.987
mongo-majority,50,3,22,106.581
mongo-majority,50,3,23,107.875
mongo-majority,50,3,24,105.575
mongo-majority,50,3,25,106.64
mongo-majority,50,3,26,107.192
mongo-majority,50,3,27,106.689
mongo-majority,50,3,28,107.163
mongo-majority,50,3,29,105.91
mongo-majority,50,3,30,106.32
mongo-majority,50,3,31,106.448
mongo-majority,50,3,32,105.535
mongo-majority,50,3,33,106.759
mongo-majority,50,3,34,106.423
mongo-majority,50,3,35,75.696
mongo-majority,50,3,36,86.392
mongo-majority,50,3,37,106.332
mongo-majority,50,3,38,106.561
mongo-majority,50,3,39,108.316
mongo-majority,50,3,40,106.412
mongo-majority,50,3,41,106.175
mongo-majority,50,3,42,106.071
mongo-majority,50,3,43,107.199
mongo-majority,50,3,44,105.92
mongo-majority,50,3,45,106.492
mongo-majority,50,3,46,107.91
mongo-majority,50,3,47,106.536
mongo-majority,50,3,48,106.862
mongo-majority,50,3,49,107.601
mongo-majority,50,3,50,107.289
mongo-majority,50,3,51,106.738
mongo-majority,50,3,52,108.234
mongo-majority,50,3,53,99.732
mongo-majority,50,3,54,57.097
mongo-majority,50,3,55,97.781
mongo-majority,50,3,56,59.753
mongo-majority,50,3,57,107.074
mongo-majority,50,3,58,106.041
mongo-majority,50,3,59,107.282
mongo-majority,50,3,60,106.793
mongo-majority,50,3,61,106.388
mongo-majority,50,3,62,106.701
mongo-majority,50,3,63,105.176
mongo-majority,50,3,64,105.737
mongo-majority,50,3,65,106.673
mongo-majority,50,3,66,107.084
mongo-majority,50,3,67,106.443
mongo-majority,50,3,68,107.318
mongo-majority,50,3,69,106.68
mongo-majority,50,3,70,107.256
mongo-majority,50,3,71,105.525
mongo-majority,50,3,72,110.24
mongo-majority,50,3,73,105.696
mongo-majority,50,3,74,105.792
mongo-majority,50,3,75,72.211
mongo-majority,50,3,76,90.524
mongo-majority,50,3,77,107.321
mongo-majority,50,3,78,105.842
mongo-majority,50,3,79,106.168
mongo-majority,50,3,80,107.374
mongo-majority,50,3,81,106.582
mongo-majority,50,3,82,106.746
mongo-majority,50,3,83,105.986
mongo-majority,50,3,84,105.958
mongo-majority,50,3,85,107.053
mongo-majority,50,3,86,109.457
mongo-majority,50,3,87,109.374
mongo-majority,50,3,88,102.528
mongo-majority,50,3,89,103.051
mongo-majority,50,3,90,105.994
mongo-majority,50,3,91,107.433
mongo-majority,50,3,92,107.22
mongo-majority,50,3,93,100.665
mongo-majority,50,3,94,107.883
mongo-majority,50,3,95,107.008
mongo-majority,50,3,96,108.31
mongo-majority,50,3,97,106.428
mongo-majority,50,3,98,106.244
mongo-majority,50,3,99,107.153
mongo-majority,50,3,100,110.841
mongo-majority,50,3,101,106.202
mongo-majority,50,3,102,107.037
mongo-majority,50,3,103,107.413
mongo-majority,50,3,104,106.173
mongo-majority,50,3,105,105.715
mongo-majority,50,3,106,104.273
mongo-majority,50,3,107,103.219
mongo-majority,50,3,108,105.01
mongo-majority,50,3,109,104.576
mongo-majority,50,3,110,105.845
mongo-majority,50,3,111,106.631
mongo-majority,50,3,112,106.257
mongo-majority,50,3,113,105.918
mongo-majority,50,3,114,78.768
mongo-majority,50,3,115,81.234
mongo-majority,50,3,116,106.885
mongo-majority,50,3,117,108.396
mongo-majority,50,3,118,106.742
mongo-majority,50,3,119,106.425
mongo-majority,50,3,120,106.388
mongo-majority,50,3,121,107.04
mongo-majority,50,3,122,111.8
mongo-majority,50,3,123,107.339
mongo-majority,50,3,124,106.881
mongo-majority,50,3,125,105.919
mongo-majority,50,3,126,105.928
mongo-majority,50,3,127,106.361
mongo-majority,50,3,128,110.456
mongo-majority,50,3,129,107.183
mongo-majority,50,3,130,107.218
mongo-majority,50,3,131,107.679
mongo-majority,50,3,132,97.836
mongo-majority,50,3,133,58.471
mongo-majority,50,3,134,97.649
mongo-majority,50,3,135,61.18
mongo-majority,50,3,136,106.891
mongo-majority,50,3,137,108.566
mongo-majority,50,3,138,105.872
mongo-majority,50,3,139,105.97
mongo-majority,50,3,140,107.856
mongo-majority,50,3,141,106.628
mongo-majority,50,3,142,110.002
mongo-majority,50,3,143,107.397
mongo-majority,50,3,144,107.063
mongo-majority,50,3,145,106.225
mongo-majority,50,3,146,107.018
mongo-majority,50,3,147,106.564
mongo-majority,50,3,148,106.273
mongo-majority,50,3,149,106.857
mongo-majority,50,3,150,107.974
mongo-majority,50,3,151,106.726
mongo-majority,50,3,152,106.988
mongo-majority,50,3,153,106.727
mongo-majority,50,3,154,61.881
mongo-majority,50,3,155,97.399
mongo-majority,50,3,156,105.759
mongo-majority,50,3,157,106.513
mongo-majority,50,3,158,105.569
mongo-majority,50,3,159,105.274
mongo-majority,50,3,160,107.704
mongo-majority,50,3,161,105.093
mongo-majority,50,3,162,106.303
mongo-majority,50,3,163,106.329
mongo-majority,50,3,164,105.426
mongo-majority,50,3,165,107.027
mongo-majority,50,3,166,106.843
mongo-majority,50,3,167,106.405
mongo-majority,50,3,168,107.224
mongo-majority,50,3,169,107.377
mongo-majority,50,3,170,107.896
mongo-majority,50,3,171,107.599
mongo-majority,50,3,172,94.247
mongo-majority,50,3,173,64.255
mongo-majority,50,3,174,98.065
mongo-majority,50,3,175,60.517
mongo-majority,50,3,176,107.958
mongo-majority,50,3,177,106.784
mongo-majority,50,3,178,106.295
mongo-majority,50,3,179,107.663
mongo-majority,50,3,180,106.274
mongo-majority,50,3,181,108.447
mongo-majority,50,3,182,105.933
mongo-majority,50,3,183,107.166
mongo-majority,50,3,184,103.63
mongo-majority,50,3,185,102.37
mongo-majority,50,3,186,103.206
mongo-majority,50,3,187,106.657
mongo-majority,50,3,188,106.717
mongo-majority,50,3,189,106.658
mongo-majority,50,3,190,109.295
mongo-majority,50,3,191,105.406
mongo-majority,50,3,192,106.492
mongo-majority,50,3,193,105.375
mongo-majority,50,3,194,76.933
mongo-majority,50,3,195,84.706
mongo-majority,50,3,196,105.605
mongo-majority,50,3,197,105.406
mongo-majority,50,3,198,107.515
mongo-majority,50,3,199,105.888
mongo-majority,50,3,200,107.477
mongo-majority,50,3,201,107.157
mongo-majority,50,3,202,107.662
mongo-majority,50,3,203,107.244
mongo-majority,50,3,204,105.948
mongo-majority,50,3,205,104.403
mongo-majority,50,3,206,104.697
mongo-majority,50,3,207,107.541
mongo-majority,50,3,208,107.625
mongo-majority,50,3,209,105.396
mongo-majority,50,3,210,106.932
mongo-majority,50,3,211,106.24
mongo-majority,50,3,212,106.506
mongo-majority,50,3,213,106.898
mongo-majority,50,3,214,105.727
mongo-majority,50,3,215,106.953
mongo-majority,50,3,216,107.884
mongo-majority,50,3,217,106.769
mongo-majority,50,3,218,108.017
mongo-majority,50,3,219,106.449
mongo-majority,50,3,220,108.162
mongo-majority,50,3,221,105.981
mongo-majority,50,3,222,106.76
mongo-majority,50,3,223,107.399
mongo-majority,50,3,224,106.811
mongo-majority,50,3,225,109.371
mongo-majority,50,3,226,107.055
mongo-majority,50,3,227,107.847
mongo-majority,50,3,228,104.98
mongo-majority,50,3,229,107.448
mongo-majority,50,3,230,108.478
mongo-majority,50,3,231,106.18
mongo-majority,50,3,232,106.628
mongo-majority,50,3,233,68.743
mongo-majority,50,3,234,92.973
mongo-majority,50,3,235,106.316
mongo-majority,50,3,236,106.208
mongo-majority,50,3,237,109.311
mongo-majority,50,3,238,106.0
mongo-majority,50,3,239,106.818
mongo-majority,50,3,240,106.225
mongo-majority,50,3,241,106.132
mongo-majority,50,3,242,106.656
mongo-majority,50,3,243,105.479
mongo-majority,50,3,244,106.801
mongo-majority,50,3,245,108.937
mongo-majority,50,3,246,106.543
mongo-majority,50,3,247,106.474
mongo-majority,50,3,248,107.203
mongo-majority,50,3,249,106.643
mongo-majority,50,3,250,106.053
mongo-majority,50,3,251,99.164
mongo-majority,50,3,252,58.067
mongo-majority,50,3,253,94.576
mongo-majority,50,3,254,64.493
mongo-majority,50,3,255,105.887
mongo-majority,50,3,256,109.291
mongo-majority,50,3,257,107.094
mongo-majority,50,3,258,108.374
mongo-majority,50,3,259,106.599
mongo-majority,50,3,260,108.069
mongo-majority,50,3,261,106.35
mongo-majority,50,3,262,107.469
mongo-majority,50,3,263,107.483
mongo-majority,50,3,264,106.287
mongo-majority,50,3,265,107.305
mongo-majority,50,3,266,107.617
mongo-majority,50,3,267,106.355
mongo-majority,50,3,268,106.402
mongo-majority,50,3,269,106.701
mongo-majority,50,3,270,107.427
mongo-majority,50,3,271,105.667
mongo-majority,50,3,272,107.305
mongo-majority,50,3,273,59.021
mongo-majority,50,3,274,100.496
mongo-majority,50,3,275,106.334
mongo-majority,50,3,276,106.217
mongo-majority,50,3,277,105.175
mongo-majority,50,3,278,106.954
mongo-majority,50,3,279,108.389
mongo-majority,50,3,280,105.399
mongo-majority,50,3,281,102.373
mongo-majority,50,3,282,103.06
mongo-majority,50,3,283,105.855
mongo-majority,50,3,284,108.409
mongo-majority,50,3,285,105.986
mongo-majority,50,3,286,106.584
mongo-majority,50,3,287,106.744
mongo-majority,50,3,288,105.435
mongo-majority,50,3,289,106.937
mongo-majority,50,3,290,105.462
mongo-majority,50,3,291,107.965
mongo-majority,50,3,292,107.836
mongo-majority,50,3,293,107.097
mongo-majority,50,3,294,107.142
mongo-majority,50,3,295,106.542
mongo-majority,50,3,296,106.207
mongo-majority,50,3,297,108.438
mongo-majority,50,3,298,106.535
mongo-majority,50,3,299,107.202
mongo-majority,50,3,300,103.963
mongo-majority,50,3,301,104.595
mongo-majority,50,3,302,104.468
mongo-majority,50,3,303,106.781
mongo-majority,50,3,304,106.467
mongo-majority,50,3,305,106.514
mongo-majority,50,3,306,106.375
mongo-majority,50,3,307,107.626
mongo-majority,50,3,308,107.42
mongo-majority,50,3,309,107.07
mongo-majority,50,3,310,106.697
mongo-majority,50,3,311,108.716
mongo-majority,50,3,312,65.342
mongo-majority,50,3,313,94.493
mongo-majority,50,3,314,104.43
mongo-majority,50,3,315,103.472
mongo-majority,50,3,316,107.342
mongo-majority,50,3,317,107.68
mongo-majority,50,3,318,106.367
mongo-majority,50,3,319,106.227
mongo-majority,50,3,320,106.693
mongo-majority,50,3,321,105.529
mongo-majority,50,3,322,107.119
mongo-majority,50,3,323,106.926
mongo-majority,50,3,324,105.637
mongo-majority,50,3,325,105.936
mongo-majority,50,3,326,108.317
mongo-majority,50,3,327,106.528
mongo-majority,50,3,328,107.264
mongo-majority,50,3,329,105.877
mongo-majority,50,3,330,107.062
mongo-majority,50,3,331,106.398
mongo-majority,50,3,332,106.289
mongo-majority,50,3,333,106.735
mongo-majority,50,3,334,105.878
mongo-majority,50,3,335,106.382
mongo-majority,50,3,336,106.603
mongo-majority,50,3,337,105.682
mongo-majority,50,3,338,105.701
mongo-majority,50,3,339,103.809
mongo-majority,50,3,340,105.738
mongo-majority,50,3,341,107.623
mongo-majority,50,3,342,106.717
mongo-majority,50,3,343,106.808
mongo-majority,50,3,344,108.872
mongo-majority,50,3,345,106.067
mongo-majority,50,3,346,106.478
mongo-majority,50,3,347,106.63
mongo-majority,50,3,348,119.445
mongo-majority,50,3,349,107.032
mongo-majority,50,3,350,106.156
mongo-majority,50,3,351,61.788
mongo-majority,50,3,352,99.238
mongo-majority,50,3,353,107.353
mongo-majority,50,3,354,106.916
mongo-majority,50,3,355,107.235
mongo-majority,50,3,356,106.639
mongo-majority,50,3,357,107.745
mongo-majority,50,3,358,105.299
mongo-majority,50,3,359,107.486
mongo-majority,50,3,360,106.107
mongo-majority,50,3,361,106.387
mongo-majority,50,3,362,105.726
mongo-majority,50,3,363,106.607
mongo-majority,50,3,364,107.081
mongo-majority,50,3,365,108.476
mongo-majority,50,3,366,108.108
mongo-majority,50,3,367,106.634
mongo-majority,50,3,368,107.151
mongo-majority,50,3,369,90.118
mongo-majority,50,3,370,68.708
mongo-majority,50,3,371,87.738
mongo-majority,50,3,372,71.524
mongo-majority,50,3,373,107.994
mongo-majority,50,3,374,107.58
mongo-majority,50,3,375,106.175
mongo-majority,50,3,376,102.786
mongo-majority,50,3,377,102.381
mongo-majority,50,3,378,102.985
mongo-majority,50,3,379,107.307
mongo-majority,50,3,380,111.437
mongo-majority,50,3,381,109.379
mongo-majority,50,3,382,106.995
mongo-majority,50,3,383,107.771
mongo-majority,50,3,384,106.399
mongo-majority,50,3,385,107.322
mongo-majority,50,3,386,105.395
mongo-majority,50,3,387,106.843
mongo-majority,50,3,388,109.062
mongo-majority,50,3,389,108.028
mongo-majority,50,3,390,106.458
mongo-majority,50,3,391,55.708
mongo-majority,50,3,392,101.883
mongo-majority,50,3,393,108.558
mongo-majority,50,3,394,107.008
mongo-majority,50,3,395,106.151
mongo-majority,50,3,396,104.249
mongo-majority,50,3,397,104.325
mongo-majority,50,3,398,102.931
mongo-majority,50,3,399,104.283
mongo-majority,50,3,400,106.871
mongo-majority,50,3,401,107.117
mongo-majority,50,3,402,106.676
mongo-majority,50,3,403,105.667
mongo-majority,50,3,404,106.464
mongo-majority,50,3,405,106.467
mongo-majority,50,3,406,107.114
mongo-majority,50,3,407,105.628
mongo-majority,50,3,408,105.877
mongo-majority,50,3,409,100.198
mongo-majority,50,3,410,57.593
mongo-majority,50,3,411,97.89
mongo-majority,50,3,412,60.771
mongo-majority,50,3,413,106.647
mongo-majority,50,3,414,107.366
mongo-majority,50,3,415,106.275
mongo-majority,50,3,416,106.775
mongo-majority,50,3,417,106.407
mongo-majority,50,3,418,107.216
mongo-majority,50,3,419,107.089
mongo-majority,50,3,420,106.506
mongo-majority,50,3,421,108.066
mongo-majority,50,3,422,107.118
mongo-majority,50,3,423,108.036
mongo-majority,50,3,424,107.273
mongo-majority,50,3,425,106.708
mongo-majority,50,3,426,106.491
mongo-majority,50,3,427,106.066
mongo-majority,50,3,428,107.89
mongo-majority,50,3,429,107.585
mongo-majority,50,3,430,107.028
mongo-majority,50,3,431,67.336
mongo-majority,50,3,432,94.705
mongo-majority,50,3,433,106.449
mongo-majority,50,3,434,106.353
mongo-majority,50,3,435,106.753
mongo-majority,50,3,436,107.447
mongo-majority,50,3,437,106.59
mongo-majority,50,3,438,106.029
mongo-majority,50,3,439,106.685
mongo-majority,50,3,440,105.434
mongo-majority,50,3,441,106.781
mongo-majority,50,3,442,106.359
mongo-majority,50,3,443,107.175
mongo-majority,50,3,444,105.268
mongo-majority,50,3,445,105.66
mongo-majority,50,3,446,107.934
mongo-majority,50,3,447,106.321
mongo-majority,50,3,448,106.007
mongo-majority,50,3,449,95.929
mongo-majority,50,3,450,61.974
mongo-majority,50,3,451,96.733
mongo-majority,50,3,452,62.052
mongo-majority,50,3,453,107.529
mongo-majority,50,3,454,106.806
mongo-majority,50,3,455,105.846
mongo-majority,50,3,456,106.3
mongo-majority,50,3,457,106.283
mongo-majority,50,3,458,107.012
mongo-majority,50,3,459,106.786
mongo-majority,50,3,460,106.585
mongo-majority,50,3,461,107.132
mongo-majority,50,3,462,106.412
mongo-majority,50,3,463,107.294
mongo-majority,50,3,464,107.509
mongo-majority,50,3,465,107.418
mongo-majority,50,3,466,106.728
mongo-majority,50,3,467,106.978
redis-async,0,1,1,0.562
redis-async,0,1,2,0.228
redis-async,0,1,3,0.157
redis-async,0,1,4,0.161
redis-async,0,1,5,0.155
redis-async,0,1,6,0.139
redis-async,0,1,7,0.144
redis-async,0,1,8,0.147
redis-async,0,1,9,0.144
redis-async,0,1,10,0.161
redis-async,0,1,11,0.157
redis-async,0,1,12,0.19
redis-async,0,1,13,0.177
redis-async,0,1,14,0.185
redis-async,0,1,15,0.146
redis-async,0,1,16,0.14
redis-async,0,1,17,0.136
redis-async,0,1,18,0.169
redis-async,0,1,19,0.155
redis-async,0,1,20,0.173
redis-async,0,1,21,0.178
redis-async,0,1,22,0.147
redis-async,0,1,23,0.144
redis-async,0,1,24,0.152
redis-async,0,1,25,0.203
redis-async,0,1,26,0.171
redis-async,0,1,27,0.175
redis-async,0,1,28,0.172
redis-async,0,1,29,0.178
redis-async,0,1,30,0.192
redis-async,0,1,31,0.149
redis-async,0,1,32,0.139
redis-async,0,1,33,0.147
redis-async,0,1,34,0.155
redis-async,0,1,35,0.153
redis-async,0,1,36,0.944
redis-async,0,1,37,0.428
redis-async,0,1,38,0.206
redis-async,0,1,39,0.286
redis-async,0,1,40,0.144
redis-async,0,1,41,0.124
redis-async,0,1,42,0.132
redis-async,0,1,43,0.128
redis-async,0,1,44,0.201
redis-async,0,1,45,0.136
redis-async,0,1,46,0.129
redis-async,0,1,47,0.127
redis-async,0,1,48,0.146
redis-async,0,1,49,0.122
redis-async,0,1,50,0.119
redis-async,0,1,51,0.12
redis-async,0,1,52,0.115
redis-async,0,1,53,0.117
redis-async,0,1,54,0.12
redis-async,0,1,55,0.118
redis-async,0,1,56,0.115
redis-async,0,1,57,0.139
redis-async,0,1,58,0.121
redis-async,0,1,59,0.125
redis-async,0,1,60,0.114
redis-async,0,1,61,0.113
redis-async,0,1,62,0.114
redis-async,0,1,63,0.112
redis-async,0,1,64,0.113
redis-async,0,1,65,0.128
redis-async,0,1,66,0.129
redis-async,0,1,67,0.131
redis-async,0,1,68,0.128
redis-async,0,1,69,0.124
redis-async,0,1,70,0.103
redis-async,0,1,71,0.101
redis-async,0,1,72,0.118
redis-async,0,1,73,0.116
redis-async,0,1,74,0.104
redis-async,0,1,75,0.1
redis-async,0,1,76,0.101
redis-async,0,1,77,0.104
redis-async,0,1,78,0.101
redis-async,0,1,79,0.101
redis-async,0,1,80,0.101
redis-async,0,1,81,0.101
redis-async,0,1,82,0.1
redis-async,0,1,83,0.13
redis-async,0,1,84,0.106
redis-async,0,1,85,0.102
redis-async,0,1,86,0.101
redis-async,0,1,87,0.106
redis-async,0,1,88,0.371
redis-async,0,1,89,0.277
redis-async,0,1,90,0.188
redis-async,0,1,91,0.168
redis-async,0,1,92,0.165
redis-async,0,1,93,0.16
redis-async,0,1,94,0.155
redis-async,0,1,95,0.173
redis-async,0,1,96,0.155
redis-async,0,1,97,0.155
redis-async,0,1,98,0.155
redis-async,0,1,99,0.152
redis-async,0,1,100,0.152
redis-async,0,1,101,0.217
redis-async,0,1,102,0.218
redis-async,0,1,103,0.191
redis-async,0,1,104,0.165
redis-async,0,1,105,0.157
redis-async,0,1,106,0.174
redis-async,0,1,107,0.157
redis-async,0,1,108,0.152
redis-async,0,1,109,0.153
redis-async,0,1,110,0.138
redis-async,0,1,111,0.129
redis-async,0,1,112,0.128
redis-async,0,1,113,0.128
redis-async,0,1,114,0.122
redis-async,0,1,115,0.128
redis-async,0,1,116,0.127
redis-async,0,1,117,0.131
redis-async,0,1,118,0.148
redis-async,0,1,119,0.13
redis-async,0,1,120,0.127
redis-async,0,1,121,0.166
redis-async,0,1,122,0.175
redis-async,0,1,123,0.146
redis-async,0,1,124,0.137
redis-async,0,1,125,0.152
redis-async,0,1,126,0.132
redis-async,0,1,127,0.16
redis-async,0,1,128,0.129
redis-async,0,1,129,0.128
redis-async,0,1,130,0.126
redis-async,0,1,131,0.127
redis-async,0,1,132,0.124
redis-async,0,1,133,0.123
redis-async,0,1,134,0.125
redis-async,0,1,135,0.12
redis-async,0,1,136,0.119
redis-async,0,1,137,0.122
redis-async,0,1,138,0.122
redis-async,0,1,139,0.124
redis-async,0,1,140,0.123
redis-async,0,1,141,0.125
redis-async,0,1,142,0.123
redis-async,0,1,143,0.136
redis-async,0,1,144,0.142
redis-async,0,1,145,0.124
redis-async,0,1,146,0.132
redis-async,0,1,147,0.123
redis-async,0,1,148,0.123
redis-async,0,1,149,0.125
redis-async,0,1,150,0.123
redis-async,0,1,151,0.122
redis-async,0,1,152,0.116
redis-async,0,1,153,0.122
redis-async,0,1,154,0.126
redis-async,0,1,155,0.117
redis-async,0,1,156,0.108
redis-async,0,1,157,0.106
redis-async,0,1,158,0.107
redis-async,0,1,159,0.106
redis-async,0,1,160,0.119
redis-async,0,1,161,0.107
redis-async,0,1,162,0.106
redis-async,0,1,163,0.107
redis-async,0,1,164,0.106
redis-async,0,1,165,0.107
redis-async,0,1,166,0.106
redis-async,0,1,167,0.107
redis-async,0,1,168,0.106
redis-async,0,1,169,0.143
redis-async,0,1,170,0.12
redis-async,0,1,171,0.116
redis-async,0,1,172,0.114
redis-async,0,1,173,0.114
redis-async,0,1,174,0.112
redis-async,0,1,175,0.121
redis-async,0,1,176,0.116
redis-async,0,1,177,0.151
redis-async,0,1,178,0.156
redis-async,0,1,179,0.134
redis-async,0,1,180,0.118
redis-async,0,1,181,0.117
redis-async,0,1,182,0.114
redis-async,0,1,183,0.112
redis-async,0,1,184,0.113
redis-async,0,1,185,0.112
redis-async,0,1,186,0.107
redis-async,0,1,187,0.111
redis-async,0,1,188,0.113
redis-async,0,1,189,0.114
redis-async,0,1,190,0.114
redis-async,0,1,191,0.11
redis-async,0,1,192,0.122
redis-async,0,1,193,0.113
redis-async,0,1,194,0.129
redis-async,0,1,195,0.112
redis-async,0,1,196,0.114
redis-async,0,1,197,0.108
redis-async,0,1,198,0.108
redis-async,0,1,199,0.107
redis-async,0,1,200,0.108
redis-async,0,1,201,0.108
redis-async,0,1,202,0.118
redis-async,0,1,203,0.129
redis-async,0,1,204,0.108
redis-async,0,1,205,0.108
redis-async,0,1,206,0.111
redis-async,0,1,207,0.107
redis-async,0,1,208,0.109
redis-async,0,1,209,0.108
redis-async,0,1,210,0.105
redis-async,0,1,211,0.108
redis-async,0,1,212,0.122
redis-async,0,1,213,0.141
redis-async,0,1,214,0.138
redis-async,0,1,215,0.129
redis-async,0,1,216,0.123
redis-async,0,1,217,0.121
redis-async,0,1,218,0.119
redis-async,0,1,219,0.119
redis-async,0,1,220,0.127
redis-async,0,1,221,0.117
redis-async,0,1,222,0.116
redis-async,0,1,223,0.123
redis-async,0,1,224,0.116
redis-async,0,1,225,0.117
redis-async,0,1,226,0.115
redis-async,0,1,227,0.115
redis-async,0,1,228,0.111
redis-async,0,1,229,0.108
redis-async,0,1,230,0.115
redis-async,0,1,231,0.124
redis-async,0,1,232,0.116
redis-async,0,1,233,0.112
redis-async,0,1,234,0.112
redis-async,0,1,235,0.112
redis-async,0,1,236,0.112
redis-async,0,1,237,0.124
redis-async,0,1,238,0.124
redis-async,0,1,239,0.113
redis-async,0,1,240,0.112
redis-async,0,1,241,0.111
redis-async,0,1,242,0.113
redis-async,0,1,243,0.111
redis-async,0,1,244,0.114
redis-async,0,1,245,0.112
redis-async,0,1,246,0.126
redis-async,0,1,247,0.112
redis-async,0,1,248,0.112
redis-async,0,1,249,0.111
redis-async,0,1,250,0.111
redis-async,0,1,251,0.111
redis-async,0,1,252,0.111
redis-async,0,1,253,0.112
redis-async,0,1,254,0.13
redis-async,0,1,255,0.114
redis-async,0,1,256,0.113
redis-async,0,1,257,0.114
redis-async,0,1,258,0.112
redis-async,0,1,259,0.112
redis-async,0,1,260,0.112
redis-async,0,1,261,0.111
redis-async,0,1,262,0.111
redis-async,0,1,263,0.108
redis-async,0,1,264,0.122
redis-async,0,1,265,0.112
redis-async,0,1,266,0.122
redis-async,0,1,267,0.112
redis-async,0,1,268,0.11
redis-async,0,1,269,0.115
redis-async,0,1,270,0.112
redis-async,0,1,271,0.111
redis-async,0,1,272,0.117
redis-async,0,1,273,0.113
redis-async,0,1,274,0.113
redis-async,0,1,275,0.112
redis-async,0,1,276,0.113
redis-async,0,1,277,0.111
redis-async,0,1,278,0.111
redis-async,0,1,279,0.11
redis-async,0,1,280,0.112
redis-async,0,1,281,0.122
redis-async,0,1,282,0.113
redis-async,0,1,283,0.112
redis-async,0,1,284,0.113
redis-async,0,1,285,0.111
redis-async,0,1,286,0.111
redis-async,0,1,287,0.112
redis-async,0,1,288,0.135
redis-async,0,1,289,0.128
redis-async,0,1,290,0.115
redis-async,0,1,291,0.113
redis-async,0,1,292,0.111
redis-async,0,1,293,0.111
redis-async,0,1,294,0.097
redis-async,0,1,295,0.104
redis-async,0,1,296,0.126
redis-async,0,1,297,0.133
redis-async,0,1,298,0.133
redis-async,0,1,299,0.114
redis-async,0,1,300,0.115
redis-async,0,1,301,0.112
redis-async,0,1,302,0.112
redis-async,0,1,303,0.111
redis-async,0,1,304,0.111
redis-async,0,1,305,0.112
redis-async,0,1,306,0.119
redis-async,0,1,307,0.126
redis-async,0,1,308,0.113
redis-async,0,1,309,0.112
redis-async,0,1,310,0.111
redis-async,0,1,311,0.113
redis-async,0,1,312,0.11
redis-async,0,1,313,0.11
redis-async,0,1,314,0.112
redis-async,0,1,315,0.123
redis-async,0,1,316,0.115
redis-async,0,1,317,0.112
redis-async,0,1,318,0.111
redis-async,0,1,319,0.111
redis-async,0,1,320,0.116
redis-async,0,1,321,0.111
redis-async,0,1,322,0.112
redis-async,0,1,323,0.11
redis-async,0,1,324,0.108
redis-async,0,1,325,0.106
redis-async,0,1,326,0.115
redis-async,0,1,327,0.112
redis-async,0,1,328,0.111
redis-async,0,1,329,0.11
redis-async,0,1,330,0.112
redis-async,0,1,331,0.112
redis-async,0,1,332,0.112
redis-async,0,1,333,0.107
redis-async,0,1,334,0.114
redis-async,0,1,335,0.112
redis-async,0,1,336,0.111
redis-async,0,1,337,0.112
redis-async,0,1,338,0.121
redis-async,0,1,339,0.112
redis-async,0,1,340,0.111
redis-async,0,1,341,0.114
redis-async,0,1,342,0.109
redis-async,0,1,343,0.126
redis-async,0,1,344,0.11
redis-async,0,1,345,0.111
redis-async,0,1,346,0.111
redis-async,0,1,347,0.11
redis-async,0,1,348,0.115
redis-async,0,1,349,0.125
redis-async,0,1,350,0.114
redis-async,0,1,351,0.119
redis-async,0,1,352,0.11
redis-async,0,1,353,0.111
redis-async,0,1,354,0.11
redis-async,0,1,355,0.122
redis-async,0,1,356,0.112
redis-async,0,1,357,0.112
redis-async,0,1,358,0.115
redis-async,0,1,359,0.113
redis-async,0,1,360,0.137
redis-async,0,1,361,0.115
redis-async,0,1,362,0.114
redis-async,0,1,363,0.113
redis-async,0,1,364,0.113
redis-async,0,1,365,0.112
redis-async,0,1,366,0.117
redis-async,0,1,367,0.113
redis-async,0,1,368,0.105
redis-async,0,1,369,0.105
redis-async,0,1,370,0.112
redis-async,0,1,371,0.112
redis-async,0,1,372,0.111
redis-async,0,1,373,0.112
redis-async,0,1,374,0.112
redis-async,0,1,375,0.111
redis-async,0,1,376,0.114
redis-async,0,1,377,0.105
redis-async,0,1,378,0.106
redis-async,0,1,379,0.112
redis-async,0,1,380,0.111
redis-async,0,1,381,0.112
redis-async,0,1,382,0.111
redis-async,0,1,383,0.111
redis-async,0,1,384,0.112
redis-async,0,1,385,0.112
redis-async,0,1,386,0.11
redis-async,0,1,387,0.106
redis-async,0,1,388,0.112
redis-async,0,1,389,0.112
redis-async,0,1,390,0.112
redis-async,0,1,391,0.11
redis-async,0,1,392,0.112
redis-async,0,1,393,0.111
redis-async,0,1,394,0.113
redis-async,0,1,395,0.107
redis-async,0,1,396,0.106
redis-async,0,1,397,0.111
redis-async,0,1,398,0.112
redis-async,0,1,399,0.112
redis-async,0,1,400,0.113
redis-async,0,1,401,0.111
redis-async,0,1,402,0.12
redis-async,0,1,403,0.112
redis-async,0,1,404,0.127
redis-async,0,1,405,0.114
redis-async,0,1,406,0.113
redis-async,0,1,407,0.112
redis-async,0,1,408,0.113
redis-async,0,1,409,0.113
redis-async,0,1,410,0.113
redis-async,0,1,411,0.129
redis-async,0,1,412,0.114
redis-async,0,1,413,0.136
redis-async,0,1,414,0.114
redis-async,0,1,415,0.114
redis-async,0,1,416,0.114
redis-async,0,1,417,0.113
redis-async,0,1,418,0.113
redis-async,0,1,419,0.113
redis-async,0,1,420,0.113
redis-async,0,1,421,0.13
redis-async,0,1,422,0.12
redis-async,0,1,423,0.11
redis-async,0,1,424,0.109
redis-async,0,1,425,0.109
redis-async,0,1,426,0.109
redis-async,0,1,427,0.11
redis-async,0,1,428,0.111
redis-async,0,1,429,0.111
redis-async,0,1,430,0.118
redis-async,0,1,431,0.11
redis-async,0,1,432,0.109
redis-async,0,1,433,0.109
redis-async,0,1,434,0.112
redis-async,0,1,435,0.108
redis-async,0,1,436,0.11
redis-async,0,1,437,0.111
redis-async,0,1,438,0.111
redis-async,0,1,439,0.11
redis-async,0,1,440,0.102
redis-async,0,1,441,0.108
redis-async,0,1,442,0.109
redis-async,0,1,443,0.134
redis-async,0,1,444,0.12
redis-async,0,1,445,0.113
redis-async,0,1,446,0.113
redis-async,0,1,447,0.114
redis-async,0,1,448,0.139
redis-async,0,1,449,0.114
redis-async,0,1,450,0.115
redis-async,0,1,451,0.112
redis-async,0,1,452,0.113
redis-async,0,1,453,0.112
redis-async,0,1,454,0.112
redis-async,0,1,455,0.113
redis-async,0,1,456,0.123
redis-async,0,1,457,0.114
redis-async,0,1,458,0.113
redis-async,0,1,459,0.113
redis-async,0,1,460,0.113
redis-async,0,1,461,0.112
redis-async,0,1,462,0.122
redis-async,0,1,463,0.112
redis-async,0,1,464,0.114
redis-async,0,1,465,0.128
redis-async,0,1,466,0.119
redis-async,0,1,467,0.121
redis-async,0,2,1,0.124
redis-async,0,2,2,0.129
redis-async,0,2,3,0.116
redis-async,0,2,4,0.115
redis-async,0,2,5,0.135
redis-async,0,2,6,0.112
redis-async,0,2,7,0.112
redis-async,0,2,8,0.11
redis-async,0,2,9,0.11
redis-async,0,2,10,0.138
redis-async,0,2,11,0.125
redis-async,0,2,12,0.116
redis-async,0,2,13,0.114
redis-async,0,2,14,0.113
redis-async,0,2,15,0.117
redis-async,0,2,16,0.111
redis-async,0,2,17,0.11
redis-async,0,2,18,0.114
redis-async,0,2,19,0.122
redis-async,0,2,20,0.111
redis-async,0,2,21,0.113
redis-async,0,2,22,0.111
redis-async,0,2,23,0.112
redis-async,0,2,24,0.112
redis-async,0,2,25,0.111
redis-async,0,2,26,0.11
redis-async,0,2,27,0.11
redis-async,0,2,28,0.133
redis-async,0,2,29,0.116
redis-async,0,2,30,0.113
redis-async,0,2,31,0.115
redis-async,0,2,32,0.113
redis-async,0,2,33,0.114
redis-async,0,2,34,0.112
redis-async,0,2,35,0.112
redis-async,0,2,36,0.123
redis-async,0,2,37,0.113
redis-async,0,2,38,0.114
redis-async,0,2,39,0.113
redis-async,0,2,40,0.112
redis-async,0,2,41,0.113
redis-async,0,2,42,0.112
redis-async,0,2,43,0.113
redis-async,0,2,44,0.113
redis-async,0,2,45,0.115
redis-async,0,2,46,0.103
redis-async,0,2,47,0.113
redis-async,0,2,48,0.112
redis-async,0,2,49,0.112
redis-async,0,2,50,0.113
redis-async,0,2,51,0.115
redis-async,0,2,52,0.112
redis-async,0,2,53,0.121
redis-async,0,2,54,0.119
redis-async,0,2,55,0.115
redis-async,0,2,56,0.111
redis-async,0,2,57,0.107
redis-async,0,2,58,0.109
redis-async,0,2,59,0.108
redis-async,0,2,60,0.107
redis-async,0,2,61,0.108
redis-async,0,2,62,0.109
redis-async,0,2,63,0.134
redis-async,0,2,64,0.108
redis-async,0,2,65,0.107
redis-async,0,2,66,0.109
redis-async,0,2,67,0.108
redis-async,0,2,68,0.108
redis-async,0,2,69,0.11
redis-async,0,2,70,0.108
redis-async,0,2,71,0.107
redis-async,0,2,72,0.119
redis-async,0,2,73,0.108
redis-async,0,2,74,0.107
redis-async,0,2,75,0.107
redis-async,0,2,76,0.108
redis-async,0,2,77,0.108
redis-async,0,2,78,0.107
redis-async,0,2,79,0.108
redis-async,0,2,80,0.109
redis-async,0,2,81,0.141
redis-async,0,2,82,0.126
redis-async,0,2,83,0.117
redis-async,0,2,84,0.11
redis-async,0,2,85,0.108
redis-async,0,2,86,0.108
redis-async,0,2,87,0.108
redis-async,0,2,88,0.109
redis-async,0,2,89,0.13
redis-async,0,2,90,0.116
redis-async,0,2,91,0.11
redis-async,0,2,92,0.11
redis-async,0,2,93,0.11
redis-async,0,2,94,0.109
redis-async,0,2,95,0.108
redis-async,0,2,96,0.109
redis-async,0,2,97,0.109
redis-async,0,2,98,0.128
redis-async,0,2,99,0.11
redis-async,0,2,100,0.112
redis-async,0,2,101,0.103
redis-async,0,2,102,0.11
redis-async,0,2,103,0.109
redis-async,0,2,104,0.109
redis-async,0,2,105,0.108
redis-async,0,2,106,0.108
redis-async,0,2,107,0.12
redis-async,0,2,108,0.113
redis-async,0,2,109,0.108
redis-async,0,2,110,0.107
redis-async,0,2,111,0.111
redis-async,0,2,112,0.107
redis-async,0,2,113,0.107
redis-async,0,2,114,0.107
redis-async,0,2,115,0.107
redis-async,0,2,116,0.142
redis-async,0,2,117,0.123
redis-async,0,2,118,0.11
redis-async,0,2,119,0.111
redis-async,0,2,120,0.108
redis-async,0,2,121,0.109
redis-async,0,2,122,0.118
redis-async,0,2,123,0.109
redis-async,0,2,124,0.113
redis-async,0,2,125,0.131
redis-async,0,2,126,0.118
redis-async,0,2,127,0.115
redis-async,0,2,128,0.114
redis-async,0,2,129,0.117
redis-async,0,2,130,0.114
redis-async,0,2,131,0.119
redis-async,0,2,132,0.119
redis-async,0,2,133,0.111
redis-async,0,2,134,0.127
redis-async,0,2,135,0.121
redis-async,0,2,136,0.112
redis-async,0,2,137,0.113
redis-async,0,2,138,0.116
redis-async,0,2,139,0.112
redis-async,0,2,140,0.114
redis-async,0,2,141,0.112
redis-async,0,2,142,0.108
redis-async,0,2,143,0.105
redis-async,0,2,144,0.113
redis-async,0,2,145,0.112
redis-async,0,2,146,0.113
redis-async,0,2,147,0.128
redis-async,0,2,148,0.111
redis-async,0,2,149,0.113
redis-async,0,2,150,0.113
redis-async,0,2,151,0.125
redis-async,0,2,152,0.112
redis-async,0,2,153,0.11
redis-async,0,2,154,0.109
redis-async,0,2,155,0.11
redis-async,0,2,156,0.11
redis-async,0,2,157,0.11
redis-async,0,2,158,0.109
redis-async,0,2,159,0.111
redis-async,0,2,160,0.121
redis-async,0,2,161,0.109
redis-async,0,2,162,0.11
redis-async,0,2,163,0.11
redis-async,0,2,164,0.11
redis-async,0,2,165,0.108
redis-async,0,2,166,0.109
redis-async,0,2,167,0.123
redis-async,0,2,168,0.109
redis-async,0,2,169,0.124
redis-async,0,2,170,0.111
redis-async,0,2,171,0.109
redis-async,0,2,172,0.109
redis-async,0,2,173,0.108
redis-async,0,2,174,0.108
redis-async,0,2,175,0.11
redis-async,0,2,176,0.109
redis-async,0,2,177,0.108
redis-async,0,2,178,0.124
redis-async,0,2,179,0.109
redis-async,0,2,180,0.11
redis-async,0,2,181,0.108
redis-async,0,2,182,0.108
redis-async,0,2,183,0.107
redis-async,0,2,184,0.108
redis-async,0,2,185,0.108
redis-async,0,2,186,0.108
redis-async,0,2,187,0.119
redis-async,0,2,188,0.108
redis-async,0,2,189,0.108
redis-async,0,2,190,0.108
redis-async,0,2,191,0.108
redis-async,0,2,192,0.108
redis-async,0,2,193,0.109
redis-async,0,2,194,0.109
redis-async,0,2,195,0.109
redis-async,0,2,196,0.122
redis-async,0,2,197,0.121
redis-async,0,2,198,0.11
redis-async,0,2,199,0.12
redis-async,0,2,200,0.11
redis-async,0,2,201,0.109
redis-async,0,2,202,0.112
redis-async,0,2,203,0.122
redis-async,0,2,204,0.109
redis-async,0,2,205,0.117
redis-async,0,2,206,0.11
redis-async,0,2,207,0.109
redis-async,0,2,208,0.108
redis-async,0,2,209,0.108
redis-async,0,2,210,0.109
redis-async,0,2,211,0.109
redis-async,0,2,212,0.109
redis-async,0,2,213,0.109
redis-async,0,2,214,0.129
redis-async,0,2,215,0.111
redis-async,0,2,216,0.109
redis-async,0,2,217,0.113
redis-async,0,2,218,0.124
redis-async,0,2,219,0.12
redis-async,0,2,220,0.11
redis-async,0,2,221,0.111
redis-async,0,2,222,0.121
redis-async,0,2,223,0.118
redis-async,0,2,224,0.121
redis-async,0,2,225,0.109
redis-async,0,2,226,0.109
redis-async,0,2,227,0.11
redis-async,0,2,228,0.11
redis-async,0,2,229,0.109
redis-async,0,2,230,0.11
redis-async,0,2,231,0.109
redis-async,0,2,232,0.102
redis-async,0,2,233,0.112
redis-async,0,2,234,0.117
redis-async,0,2,235,0.108
redis-async,0,2,236,0.109
redis-async,0,2,237,0.109
redis-async,0,2,238,0.109
redis-async,0,2,239,0.111
redis-async,0,2,240,0.106
redis-async,0,2,241,0.107
redis-async,0,2,242,0.111
redis-async,0,2,243,0.108
redis-async,0,2,244,0.109
redis-async,0,2,245,0.11
redis-async,0,2,246,0.109
redis-async,0,2,247,0.114
redis-async,0,2,248,0.114
redis-async,0,2,249,0.124
redis-async,0,2,250,0.112
redis-async,0,2,251,0.11
redis-async,0,2,252,0.11
redis-async,0,2,253,0.11
redis-async,0,2,254,0.111
redis-async,0,2,255,0.11
redis-async,0,2,256,0.111
redis-async,0,2,257,0.112
redis-async,0,2,258,0.106
redis-async,0,2,259,0.104
redis-async,0,2,260,0.112
redis-async,0,2,261,0.114
redis-async,0,2,262,0.111
redis-async,0,2,263,0.11
redis-async,0,2,264,0.11
redis-async,0,2,265,0.119
redis-async,0,2,266,0.112
redis-async,0,2,267,0.107
redis-async,0,2,268,0.103
redis-async,0,2,269,0.111
redis-async,0,2,270,0.111
redis-async,0,2,271,0.11
redis-async,0,2,272,0.111
redis-async,0,2,273,0.109
redis-async,0,2,274,0.111
redis-async,0,2,275,0.109
redis-async,0,2,276,0.121
redis-async,0,2,277,0.113
redis-async,0,2,278,0.109
redis-async,0,2,279,0.11
redis-async,0,2,280,0.11
redis-async,0,2,281,0.111
redis-async,0,2,282,0.11
redis-async,0,2,283,0.116
redis-async,0,2,284,0.11
redis-async,0,2,285,0.105
redis-async,0,2,286,0.104
redis-async,0,2,287,0.113
redis-async,0,2,288,0.114
redis-async,0,2,289,0.109
redis-async,0,2,290,0.112
redis-async,0,2,291,0.132
redis-async,0,2,292,0.11
redis-async,0,2,293,0.109
redis-async,0,2,294,0.104
redis-async,0,2,295,0.104
redis-async,0,2,296,0.11
redis-async,0,2,297,0.112
redis-async,0,2,298,0.109
redis-async,0,2,299,0.11
redis-async,0,2,300,0.109
redis-async,0,2,301,0.111
redis-async,0,2,302,0.11
redis-async,0,2,303,0.113
redis-async,0,2,304,0.105
redis-async,0,2,305,0.112
redis-async,0,2,306,0.109
redis-async,0,2,307,0.109
redis-async,0,2,308,0.109
redis-async,0,2,309,0.111
redis-async,0,2,310,0.11
redis-async,0,2,311,0.116
redis-async,0,2,312,0.124
redis-async,0,2,313,0.111
redis-async,0,2,314,0.11
redis-async,0,2,315,0.111
redis-async,0,2,316,0.115
redis-async,0,2,317,0.111
redis-async,0,2,318,0.113
redis-async,0,2,319,0.109
redis-async,0,2,320,0.11
redis-async,0,2,321,0.103
redis-async,0,2,322,0.101
redis-async,0,2,323,0.121
redis-async,0,2,324,0.114
redis-async,0,2,325,0.113
redis-async,0,2,326,0.111
redis-async,0,2,327,0.11
redis-async,0,2,328,0.111
redis-async,0,2,329,0.111
redis-async,0,2,330,0.112
redis-async,0,2,331,0.104
redis-async,0,2,332,0.114
redis-async,0,2,333,0.114
redis-async,0,2,334,0.108
redis-async,0,2,335,0.107
redis-async,0,2,336,0.107
redis-async,0,2,337,0.107
redis-async,0,2,338,0.107
redis-async,0,2,339,0.114
redis-async,0,2,340,0.108
redis-async,0,2,341,0.107
redis-async,0,2,342,0.107
redis-async,0,2,343,0.107
redis-async,0,2,344,0.106
redis-async,0,2,345,0.106
redis-async,0,2,346,0.107
redis-async,0,2,347,0.106
redis-async,0,2,348,0.106
redis-async,0,2,349,0.139
redis-async,0,2,350,0.111
redis-async,0,2,351,0.11
redis-async,0,2,352,0.109
redis-async,0,2,353,0.11
redis-async,0,2,354,0.111
redis-async,0,2,355,0.11
redis-async,0,2,356,0.109
redis-async,0,2,357,0.124
redis-async,0,2,358,0.116
redis-async,0,2,359,0.113
redis-async,0,2,360,0.113
redis-async,0,2,361,0.114
redis-async,0,2,362,0.115
redis-async,0,2,363,0.113
redis-async,0,2,364,0.114
redis-async,0,2,365,0.113
redis-async,0,2,366,0.128
redis-async,0,2,367,0.124
redis-async,0,2,368,0.115
redis-async,0,2,369,0.116
redis-async,0,2,370,0.113
redis-async,0,2,371,0.114
redis-async,0,2,372,0.114
redis-async,0,2,373,0.114
redis-async,0,2,374,0.113
redis-async,0,2,375,0.117
redis-async,0,2,376,0.115
redis-async,0,2,377,0.113
redis-async,0,2,378,0.117
redis-async,0,2,379,0.114
redis-async,0,2,380,0.113
redis-async,0,2,381,0.113
redis-async,0,2,382,0.113
redis-async,0,2,383,0.131
redis-async,0,2,384,0.119
redis-async,0,2,385,0.113
redis-async,0,2,386,0.113
redis-async,0,2,387,0.112
redis-async,0,2,388,0.112
redis-async,0,2,389,0.116
redis-async,0,2,390,0.113
redis-async,0,2,391,0.113
redis-async,0,2,392,0.124
redis-async,0,2,393,0.113
redis-async,0,2,394,0.113
redis-async,0,2,395,0.116
redis-async,0,2,396,0.113
redis-async,0,2,397,0.112
redis-async,0,2,398,0.113
redis-async,0,2,399,0.112
redis-async,0,2,400,0.129
redis-async,0,2,401,0.114
redis-async,0,2,402,0.115
redis-async,0,2,403,0.112
redis-async,0,2,404,0.112
redis-async,0,2,405,0.112
redis-async,0,2,406,0.112
redis-async,0,2,407,0.113
redis-async,0,2,408,0.112
redis-async,0,2,409,0.113
redis-async,0,2,410,0.101
redis-async,0,2,411,0.106
redis-async,0,2,412,0.112
redis-async,0,2,413,0.113
redis-async,0,2,414,0.114
redis-async,0,2,415,0.111
redis-async,0,2,416,0.112
redis-async,0,2,417,0.111
redis-async,0,2,418,0.11
redis-async,0,2,419,0.107
redis-async,0,2,420,0.111
redis-async,0,2,421,0.122
redis-async,0,2,422,0.115
redis-async,0,2,423,0.12
redis-async,0,2,424,0.111
redis-async,0,2,425,0.111
redis-async,0,2,426,0.127
redis-async,0,2,427,0.122
redis-async,0,2,428,0.115
redis-async,0,2,429,0.113
redis-async,0,2,430,0.112
redis-async,0,2,431,0.111
redis-async,0,2,432,0.112
redis-async,0,2,433,0.126
redis-async,0,2,434,0.113
redis-async,0,2,435,0.111
redis-async,0,2,436,0.132
redis-async,0,2,437,0.113
redis-async,0,2,438,0.115
redis-async,0,2,439,0.111
redis-async,0,2,440,0.123
redis-async,0,2,441,0.112
redis-async,0,2,442,0.109
redis-async,0,2,443,0.111
redis-async,0,2,444,0.144
redis-async,0,2,445,0.135
redis-async,0,2,446,0.116
redis-async,0,2,447,0.112
redis-async,0,2,448,0.114
redis-async,0,2,449,0.114
redis-async,0,2,450,0.113
redis-async,0,2,451,0.111
redis-async,0,2,452,0.112
redis-async,0,2,453,0.142
redis-async,0,2,454,0.106
redis-async,0,2,455,0.11
redis-async,0,2,456,0.109
redis-async,0,2,457,0.109
redis-async,0,2,458,0.109
redis-async,0,2,459,0.109
redis-async,0,2,460,0.109
redis-async,0,2,461,0.127
redis-async,0,2,462,0.12
redis-async,0,2,463,0.11
redis-async,0,2,464,0.111
redis-async,0,2,465,0.108
redis-async,0,2,466,0.109
redis-async,0,2,467,0.108
redis-async,0,3,1,0.119
redis-async,0,3,2,0.113
redis-async,0,3,3,0.11
redis-async,0,3,4,0.11
redis-async,0,3,5,0.105
redis-async,0,3,6,0.12
redis-async,0,3,7,0.109
redis-async,0,3,8,0.119
redis-async,0,3,9,0.109
redis-async,0,3,10,0.109
redis-async,0,3,11,0.109
redis-async,0,3,12,0.109
redis-async,0,3,13,0.112
redis-async,0,3,14,0.105
redis-async,0,3,15,0.11
redis-async,0,3,16,0.108
redis-async,0,3,17,0.115
redis-async,0,3,18,0.124
redis-async,0,3,19,0.117
redis-async,0,3,20,0.113
redis-async,0,3,21,0.116
redis-async,0,3,22,0.132
redis-async,0,3,23,0.109
redis-async,0,3,24,0.111
redis-async,0,3,25,0.108
redis-async,0,3,26,0.11
redis-async,0,3,27,0.11
redis-async,0,3,28,0.146
redis-async,0,3,29,0.119
redis-async,0,3,30,0.128
redis-async,0,3,31,0.122
redis-async,0,3,32,0.113
redis-async,0,3,33,0.112
redis-async,0,3,34,0.114
redis-async,0,3,35,0.111
redis-async,0,3,36,0.111
redis-async,0,3,37,0.115
redis-async,0,3,38,0.11
redis-async,0,3,39,0.135
redis-async,0,3,40,0.116
redis-async,0,3,41,0.113
redis-async,0,3,42,0.116
redis-async,0,3,43,0.112
redis-async,0,3,44,0.113
redis-async,0,3,45,0.111
redis-async,0,3,46,0.115
redis-async,0,3,47,0.113
redis-async,0,3,48,0.129
redis-async,0,3,49,0.114
redis-async,0,3,50,0.113
redis-async,0,3,51,0.11
redis-async,0,3,52,0.11
redis-async,0,3,53,0.108
redis-async,0,3,54,0.111
redis-async,0,3,55,0.108
redis-async,0,3,56,0.108
redis-async,0,3,57,0.137
redis-async,0,3,58,0.113
redis-async,0,3,59,0.114
redis-async,0,3,60,0.113
redis-async,0,3,61,0.113
redis-async,0,3,62,0.112
redis-async,0,3,63,0.113
redis-async,0,3,64,0.112
redis-async,0,3,65,0.114
redis-async,0,3,66,0.106
redis-async,0,3,67,0.111
redis-async,0,3,68,0.113
redis-async,0,3,69,0.113
redis-async,0,3,70,0.112
redis-async,0,3,71,0.121
redis-async,0,3,72,0.113
redis-async,0,3,73,0.111
redis-async,0,3,74,0.108
redis-async,0,3,75,0.116
redis-async,0,3,76,0.113
redis-async,0,3,77,0.111
redis-async,0,3,78,0.111
redis-async,0,3,79,0.111
redis-async,0,3,80,0.114
redis-async,0,3,81,0.112
redis-async,0,3,82,0.112
redis-async,0,3,83,0.119
redis-async,0,3,84,0.124
redis-async,0,3,85,0.122
redis-async,0,3,86,0.114
redis-async,0,3,87,0.111
redis-async,0,3,88,0.112
redis-async,0,3,89,0.121
redis-async,0,3,90,0.113
redis-async,0,3,91,0.14
redis-async,0,3,92,0.113
redis-async,0,3,93,0.112
redis-async,0,3,94,0.113
redis-async,0,3,95,0.114
redis-async,0,3,96,0.118
redis-async,0,3,97,0.112
redis-async,0,3,98,0.112
redis-async,0,3,99,0.115
redis-async,0,3,100,0.119
redis-async,0,3,101,0.124
redis-async,0,3,102,0.113
redis-async,0,3,103,0.112
redis-async,0,3,104,0.112
redis-async,0,3,105,0.112
redis-async,0,3,106,0.114
redis-async,0,3,107,0.112
redis-async,0,3,108,0.112
redis-async,0,3,109,0.123
redis-async,0,3,110,0.109
redis-async,0,3,111,0.11
redis-async,0,3,112,0.111
redis-async,0,3,113,0.108
redis-async,0,3,114,0.109
redis-async,0,3,115,0.111
redis-async,0,3,116,0.111
redis-async,0,3,117,0.108
redis-async,0,3,118,0.138
redis-async,0,3,119,0.116
redis-async,0,3,120,0.122
redis-async,0,3,121,0.109
redis-async,0,3,122,0.109
redis-async,0,3,123,0.11
redis-async,0,3,124,0.118
redis-async,0,3,125,0.11
redis-async,0,3,126,0.109
redis-async,0,3,127,0.106
redis-async,0,3,128,0.11
redis-async,0,3,129,0.11
redis-async,0,3,130,0.109
redis-async,0,3,131,0.11
redis-async,0,3,132,0.109
redis-async,0,3,133,0.109
redis-async,0,3,134,0.109
redis-async,0,3,135,0.12
redis-async,0,3,136,0.11
redis-async,0,3,137,0.108
redis-async,0,3,138,0.109
redis-async,0,3,139,0.109
redis-async,0,3,140,0.111
redis-async,0,3,141,0.108
redis-async,0,3,142,0.108
redis-async,0,3,143,0.109
redis-async,0,3,144,0.123
redis-async,0,3,145,0.11
redis-async,0,3,146,0.11
redis-async,0,3,147,0.108
redis-async,0,3,148,0.108
redis-async,0,3,149,0.108
redis-async,0,3,150,0.11
redis-async,0,3,151,0.108
redis-async,0,3,152,0.109
redis-async,0,3,153,0.119
redis-async,0,3,154,0.11
redis-async,0,3,155,0.108
redis-async,0,3,156,0.109
redis-async,0,3,157,0.108
redis-async,0,3,158,0.109
redis-async,0,3,159,0.108
redis-async,0,3,160,0.108
redis-async,0,3,161,0.111
redis-async,0,3,162,0.135
redis-async,0,3,163,0.11
redis-async,0,3,164,0.109
redis-async,0,3,165,0.11
redis-async,0,3,166,0.111
redis-async,0,3,167,0.11
redis-async,0,3,168,0.11
redis-async,0,3,169,0.108
redis-async,0,3,170,0.11
redis-async,0,3,171,0.122
redis-async,0,3,172,0.112
redis-async,0,3,173,0.111
redis-async,0,3,174,0.11
redis-async,0,3,175,0.11
redis-async,0,3,176,0.11
redis-async,0,3,177,0.11
redis-async,0,3,178,0.11
redis-async,0,3,179,0.111
redis-async,0,3,180,0.124
redis-async,0,3,181,0.111
redis-async,0,3,182,0.108
redis-async,0,3,183,0.109
redis-async,0,3,184,0.123
redis-async,0,3,185,0.111
redis-async,0,3,186,0.114
redis-async,0,3,187,0.108
redis-async,0,3,188,0.108
redis-async,0,3,189,0.105
redis-async,0,3,190,0.103
redis-async,0,3,191,0.112
redis-async,0,3,192,0.108
redis-async,0,3,193,0.113
redis-async,0,3,194,0.108
redis-async,0,3,195,0.108
redis-async,0,3,196,0.107
redis-async,0,3,197,0.116
redis-async,0,3,198,0.108
redis-async,0,3,199,0.106
redis-async,0,3,200,0.109
redis-async,0,3,201,0.109
redis-async,0,3,202,0.11
redis-async,0,3,203,0.112
redis-async,0,3,204,0.111
redis-async,0,3,205,0.109
redis-async,0,3,206,0.11
redis-async,0,3,207,0.121
redis-async,0,3,208,0.111
redis-async,0,3,209,0.111
redis-async,0,3,210,0.109
redis-async,0,3,211,0.109
redis-async,0,3,212,0.109
redis-async,0,3,213,0.11
redis-async,0,3,214,0.11
redis-async,0,3,215,0.111
redis-async,0,3,216,0.121
redis-async,0,3,217,0.112
redis-async,0,3,218,0.11
redis-async,0,3,219,0.11
redis-async,0,3,220,0.109
redis-async,0,3,221,0.111
redis-async,0,3,222,0.109
redis-async,0,3,223,0.11
redis-async,0,3,224,0.111
redis-async,0,3,225,0.112
redis-async,0,3,226,0.105
redis-async,0,3,227,0.111
redis-async,0,3,228,0.112
redis-async,0,3,229,0.11
redis-async,0,3,230,0.111
redis-async,0,3,231,0.11
redis-async,0,3,232,0.109
redis-async,0,3,233,0.11
redis-async,0,3,234,0.118
redis-async,0,3,235,0.11
redis-async,0,3,236,0.109
redis-async,0,3,237,0.11
redis-async,0,3,238,0.111
redis-async,0,3,239,0.111
redis-async,0,3,240,0.119
redis-async,0,3,241,0.121
redis-async,0,3,242,0.12
redis-async,0,3,243,0.13
redis-async,0,3,244,0.114
redis-async,0,3,245,0.111
redis-async,0,3,246,0.121
redis-async,0,3,247,0.114
redis-async,0,3,248,0.111
redis-async,0,3,249,0.111
redis-async,0,3,250,0.112
redis-async,0,3,251,0.114
redis-async,0,3,252,0.125
redis-async,0,3,253,0.111
redis-async,0,3,254,0.111
redis-async,0,3,255,0.111
redis-async,0,3,256,0.111
redis-async,0,3,257,0.117
redis-async,0,3,258,0.114
redis-async,0,3,259,0.113
redis-async,0,3,260,0.127
redis-async,0,3,261,0.112
redis-async,0,3,262,0.11
redis-async,0,3,263,0.112
redis-async,0,3,264,0.109
redis-async,0,3,265,0.111
redis-async,0,3,266,0.111
redis-async,0,3,267,0.109
redis-async,0,3,268,0.109
redis-async,0,3,269,0.124
redis-async,0,3,270,0.114
redis-async,0,3,271,0.111
redis-async,0,3,272,0.111
redis-async,0,3,273,0.109
redis-async,0,3,274,0.112
redis-async,0,3,275,0.111
redis-async,0,3,276,0.109
redis-async,0,3,277,0.11
redis-async,0,3,278,0.107
redis-async,0,3,279,0.104
redis-async,0,3,280,0.11
redis-async,0,3,281,0.111
redis-async,0,3,282,0.11
redis-async,0,3,283,0.109
redis-async,0,3,284,0.109
redis-async,0,3,285,0.109
redis-async,0,3,286,0.109
redis-async,0,3,287,0.119
redis-async,0,3,288,0.112
redis-async,0,3,289,0.11
redis-async,0,3,290,0.122
redis-async,0,3,291,0.12
redis-async,0,3,292,0.114
redis-async,0,3,293,0.114
redis-async,0,3,294,0.112
redis-async,0,3,295,0.111
redis-async,0,3,296,0.127
redis-async,0,3,297,0.111
redis-async,0,3,298,0.108
redis-async,0,3,299,0.108
redis-async,0,3,300,0.107
redis-async,0,3,301,0.106
redis-async,0,3,302,0.108
redis-async,0,3,303,0.109
redis-async,0,3,304,0.108
redis-async,0,3,305,0.116
redis-async,0,3,306,0.109
redis-async,0,3,307,0.11
redis-async,0,3,308,0.108
redis-async,0,3,309,0.108
redis-async,0,3,310,0.109
redis-async,0,3,311,0.108
redis-async,0,3,312,0.108
redis-async,0,3,313,0.107
redis-async,0,3,314,0.102
redis-async,0,3,315,0.1
redis-async,0,3,316,0.108
redis-async,0,3,317,0.107
redis-async,0,3,318,0.107
redis-async,0,3,319,0.107
redis-async,0,3,320,0.107
redis-async,0,3,321,0.109
redis-async,0,3,322,0.124
redis-async,0,3,323,0.118
redis-async,0,3,324,0.11
redis-async,0,3,325,0.117
redis-async,0,3,326,0.108
redis-async,0,3,327,0.107
redis-async,0,3,328,0.11
redis-async,0,3,329,0.109
redis-async,0,3,330,0.107
redis-async,0,3,331,0.108
redis-async,0,3,332,0.12
redis-async,0,3,333,0.108
redis-async,0,3,334,0.107
redis-async,0,3,335,0.108
redis-async,0,3,336,0.107
redis-async,0,3,337,0.107
redis-async,0,3,338,0.107
redis-async,0,3,339,0.107
redis-async,0,3,340,0.107
redis-async,0,3,341,0.107
redis-async,0,3,342,0.122
redis-async,0,3,343,0.11
redis-async,0,3,344,0.107
redis-async,0,3,345,0.108
redis-async,0,3,346,0.11
redis-async,0,3,347,0.108
redis-async,0,3,348,0.107
redis-async,0,3,349,0.108
redis-async,0,3,350,0.111
redis-async,0,3,351,0.132
redis-async,0,3,352,0.112
redis-async,0,3,353,0.112
redis-async,0,3,354,0.111
redis-async,0,3,355,0.112
redis-async,0,3,356,0.112
redis-async,0,3,357,0.111
redis-async,0,3,358,0.111
redis-async,0,3,359,0.121
redis-async,0,3,360,0.111
redis-async,0,3,361,0.111
redis-async,0,3,362,0.111
redis-async,0,3,363,0.112
redis-async,0,3,364,0.111
redis-async,0,3,365,0.111
redis-async,0,3,366,0.111
redis-async,0,3,367,0.112
redis-async,0,3,368,0.12
redis-async,0,3,369,0.112
redis-async,0,3,370,0.111
redis-async,0,3,371,0.111
redis-async,0,3,372,0.111
redis-async,0,3,373,0.112
redis-async,0,3,374,0.112
redis-async,0,3,375,0.11
redis-async,0,3,376,0.11
redis-async,0,3,377,0.114
redis-async,0,3,378,0.11
redis-async,0,3,379,0.109
redis-async,0,3,380,0.108
redis-async,0,3,381,0.109
redis-async,0,3,382,0.108
redis-async,0,3,383,0.108
redis-async,0,3,384,0.107
redis-async,0,3,385,0.109
redis-async,0,3,386,0.122
redis-async,0,3,387,0.11
redis-async,0,3,388,0.115
redis-async,0,3,389,0.128
redis-async,0,3,390,0.125
redis-async,0,3,391,0.113
redis-async,0,3,392,0.112
redis-async,0,3,393,0.121
redis-async,0,3,394,0.207
redis-async,0,3,395,0.114
redis-async,0,3,396,0.116
redis-async,0,3,397,0.114
redis-async,0,3,398,0.112
redis-async,0,3,399,0.111
redis-async,0,3,400,0.124
redis-async,0,3,401,0.112
redis-async,0,3,402,0.115
redis-async,0,3,403,0.126
redis-async,0,3,404,0.112
redis-async,0,3,405,0.111
redis-async,0,3,406,0.111
redis-async,0,3,407,0.112
redis-async,0,3,408,0.111
redis-async,0,3,409,0.112
redis-async,0,3,410,0.112
redis-async,0,3,411,0.127
redis-async,0,3,412,0.115
redis-async,0,3,413,0.121
redis-async,0,3,414,0.114
redis-async,0,3,415,0.113
redis-async,0,3,416,0.112
redis-async,0,3,417,0.113
redis-async,0,3,418,0.117
redis-async,0,3,419,0.113
redis-async,0,3,420,0.113
redis-async,0,3,421,0.112
redis-async,0,3,422,0.114
redis-async,0,3,423,0.114
redis-async,0,3,424,0.112
redis-async,0,3,425,0.112
redis-async,0,3,426,0.112
redis-async,0,3,427,0.112
redis-async,0,3,428,0.111
redis-async,0,3,429,0.122
redis-async,0,3,430,0.112
redis-async,0,3,431,0.113
redis-async,0,3,432,0.114
redis-async,0,3,433,0.111
redis-async,0,3,434,0.112
redis-async,0,3,435,0.112
redis-async,0,3,436,0.111
redis-async,0,3,437,0.111
redis-async,0,3,438,0.139
redis-async,0,3,439,0.116
redis-async,0,3,440,0.115
redis-async,0,3,441,0.114
redis-async,0,3,442,0.114
redis-async,0,3,443,0.115
redis-async,0,3,444,0.116
redis-async,0,3,445,0.114
redis-async,0,3,446,0.133
redis-async,0,3,447,0.115
redis-async,0,3,448,0.118
redis-async,0,3,449,0.116
redis-async,0,3,450,0.114
redis-async,0,3,451,0.114
redis-async,0,3,452,0.117
redis-async,0,3,453,0.115
redis-async,0,3,454,0.114
redis-async,0,3,455,0.129
redis-async,0,3,456,0.115
redis-async,0,3,457,0.115
redis-async,0,3,458,0.115
redis-async,0,3,459,0.116
redis-async,0,3,460,0.114
redis-async,0,3,461,0.114
redis-async,0,3,462,0.124
redis-async,0,3,463,0.131
redis-async,0,3,464,0.115
redis-async,0,3,465,0.116
redis-async,0,3,466,0.117
redis-async,0,3,467,0.116
redis-wait,0,1,1,0.365
redis-wait,0,1,2,0.309
redis-wait,0,1,3,0.282
redis-wait,0,1,4,0.279
redis-wait,0,1,5,0.296
redis-wait,0,1,6,0.312
redis-wait,0,1,7,0.286
redis-wait,0,1,8,0.28
redis-wait,0,1,9,0.304
redis-wait,0,1,10,0.284
redis-wait,0,1,11,0.276
redis-wait,0,1,12,0.292
redis-wait,0,1,13,0.274
redis-wait,0,1,14,0.274
redis-wait,0,1,15,0.286
redis-wait,0,1,16,0.322
redis-wait,0,1,17,0.294
redis-wait,0,1,18,0.29
redis-wait,0,1,19,0.29
redis-wait,0,1,20,0.275
redis-wait,0,1,21,0.275
redis-wait,0,1,22,0.291
redis-wait,0,1,23,0.287
redis-wait,0,1,24,0.274
redis-wait,0,1,25,0.275
redis-wait,0,1,26,0.29
redis-wait,0,1,27,0.277
redis-wait,0,1,28,0.274
redis-wait,0,1,29,0.274
redis-wait,0,1,30,0.293
redis-wait,0,1,31,0.271
redis-wait,0,1,32,0.272
redis-wait,0,1,33,0.283
redis-wait,0,1,34,0.276
redis-wait,0,1,35,0.274
redis-wait,0,1,36,0.274
redis-wait,0,1,37,0.283
redis-wait,0,1,38,0.275
redis-wait,0,1,39,0.277
redis-wait,0,1,40,0.279
redis-wait,0,1,41,0.273
redis-wait,0,1,42,0.271
redis-wait,0,1,43,0.272
redis-wait,0,1,44,0.285
redis-wait,0,1,45,0.293
redis-wait,0,1,46,0.284
redis-wait,0,1,47,0.306
redis-wait,0,1,48,0.289
redis-wait,0,1,49,0.276
redis-wait,0,1,50,0.273
redis-wait,0,1,51,0.286
redis-wait,0,1,52,0.274
redis-wait,0,1,53,0.274
redis-wait,0,1,54,0.273
redis-wait,0,1,55,0.284
redis-wait,0,1,56,0.273
redis-wait,0,1,57,0.285
redis-wait,0,1,58,0.288
redis-wait,0,1,59,0.272
redis-wait,0,1,60,0.271
redis-wait,0,1,61,0.274
redis-wait,0,1,62,0.267
redis-wait,0,1,63,0.274
redis-wait,0,1,64,0.273
redis-wait,0,1,65,0.286
redis-wait,0,1,66,0.277
redis-wait,0,1,67,0.273
redis-wait,0,1,68,0.273
redis-wait,0,1,69,0.284
redis-wait,0,1,70,0.273
redis-wait,0,1,71,0.294
redis-wait,0,1,72,0.283
redis-wait,0,1,73,0.285
redis-wait,0,1,74,0.281
redis-wait,0,1,75,0.284
redis-wait,0,1,76,0.281
redis-wait,0,1,77,0.284
redis-wait,0,1,78,0.27
redis-wait,0,1,79,0.274
redis-wait,0,1,80,0.286
redis-wait,0,1,81,0.269
redis-wait,0,1,82,0.277
redis-wait,0,1,83,0.288
redis-wait,0,1,84,0.278
redis-wait,0,1,85,0.27
redis-wait,0,1,86,0.275
redis-wait,0,1,87,0.291
redis-wait,0,1,88,0.272
redis-wait,0,1,89,0.278
redis-wait,0,1,90,0.291
redis-wait,0,1,91,0.273
redis-wait,0,1,92,0.269
redis-wait,0,1,93,0.27
redis-wait,0,1,94,0.302
redis-wait,0,1,95,0.27
redis-wait,0,1,96,0.268
redis-wait,0,1,97,0.269
redis-wait,0,1,98,0.282
redis-wait,0,1,99,0.27
redis-wait,0,1,100,0.271
redis-wait,0,1,101,0.279
redis-wait,0,1,102,0.267
redis-wait,0,1,103,0.271
redis-wait,0,1,104,0.269
redis-wait,0,1,105,0.276
redis-wait,0,1,106,0.284
redis-wait,0,1,107,0.282
redis-wait,0,1,108,0.28
redis-wait,0,1,109,0.286
redis-wait,0,1,110,0.27
redis-wait,0,1,111,0.269
redis-wait,0,1,112,0.273
redis-wait,0,1,113,0.268
redis-wait,0,1,114,0.271
redis-wait,0,1,115,0.268
redis-wait,0,1,116,0.307
redis-wait,0,1,117,0.276
redis-wait,0,1,118,0.28
redis-wait,0,1,119,0.286
redis-wait,0,1,120,0.274
redis-wait,0,1,121,0.281
redis-wait,0,1,122,0.276
redis-wait,0,1,123,0.287
redis-wait,0,1,124,0.276
redis-wait,0,1,125,0.277
redis-wait,0,1,126,0.279
redis-wait,0,1,127,0.289
redis-wait,0,1,128,0.377
redis-wait,0,1,129,0.271
redis-wait,0,1,130,0.295
redis-wait,0,1,131,0.291
redis-wait,0,1,132,0.274
redis-wait,0,1,133,0.287
redis-wait,0,1,134,0.286
redis-wait,0,1,135,0.274
redis-wait,0,1,136,0.28
redis-wait,0,1,137,0.266
redis-wait,0,1,138,0.275
redis-wait,0,1,139,0.282
redis-wait,0,1,140,0.304
redis-wait,0,1,141,0.275
redis-wait,0,1,142,0.272
redis-wait,0,1,143,0.274
redis-wait,0,1,144,0.283
redis-wait,0,1,145,0.276
redis-wait,0,1,146,0.275
redis-wait,0,1,147,0.281
redis-wait,0,1,148,0.288
redis-wait,0,1,149,0.273
redis-wait,0,1,150,0.274
redis-wait,0,1,151,0.283
redis-wait,0,1,152,0.271
redis-wait,0,1,153,0.274
redis-wait,0,1,154,0.272
redis-wait,0,1,155,0.263
redis-wait,0,1,156,0.273
redis-wait,0,1,157,0.273
redis-wait,0,1,158,0.284
redis-wait,0,1,159,0.277
redis-wait,0,1,160,0.273
redis-wait,0,1,161,0.272
redis-wait,0,1,162,0.282
redis-wait,0,1,163,0.272
redis-wait,0,1,164,0.268
redis-wait,0,1,165,0.269
redis-wait,0,1,166,0.254
redis-wait,0,1,167,0.28
redis-wait,0,1,168,0.267
redis-wait,0,1,169,0.28
redis-wait,0,1,170,0.271
redis-wait,0,1,171,0.269
redis-wait,0,1,172,0.268
redis-wait,0,1,173,0.287
redis-wait,0,1,174,0.266
redis-wait,0,1,175,0.266
redis-wait,0,1,176,0.266
redis-wait,0,1,177,0.263
redis-wait,0,1,178,0.269
redis-wait,0,1,179,0.269
redis-wait,0,1,180,0.269
redis-wait,0,1,181,0.295
redis-wait,0,1,182,0.277
redis-wait,0,1,183,0.275
redis-wait,0,1,184,0.289
redis-wait,0,1,185,0.277
redis-wait,0,1,186,0.277
redis-wait,0,1,187,0.276
redis-wait,0,1,188,0.285
redis-wait,0,1,189,0.277
redis-wait,0,1,190,0.275
redis-wait,0,1,191,0.271
redis-wait,0,1,192,0.277
redis-wait,0,1,193,0.278
redis-wait,0,1,194,0.275
redis-wait,0,1,195,0.286
redis-wait,0,1,196,0.272
redis-wait,0,1,197,0.272
redis-wait,0,1,198,0.29
redis-wait,0,1,199,0.278
redis-wait,0,1,200,0.274
redis-wait,0,1,201,0.274
redis-wait,0,1,202,0.281
redis-wait,0,1,203,0.279
redis-wait,0,1,204,0.276
redis-wait,0,1,205,0.271
redis-wait,0,1,206,0.312
redis-wait,0,1,207,0.285
redis-wait,0,1,208,0.276
redis-wait,0,1,209,0.299
redis-wait,0,1,210,0.276
redis-wait,0,1,211,0.274
redis-wait,0,1,212,0.273
redis-wait,0,1,213,0.284
redis-wait,0,1,214,0.275
redis-wait,0,1,215,0.274
redis-wait,0,1,216,0.276
redis-wait,0,1,217,0.272
redis-wait,0,1,218,0.272
redis-wait,0,1,219,0.27
redis-wait,0,1,220,0.289
redis-wait,0,1,221,0.275
redis-wait,0,1,222,0.271
redis-wait,0,1,223,0.272
redis-wait,0,1,224,0.296
redis-wait,0,1,225,0.276
redis-wait,0,1,226,0.281
redis-wait,0,1,227,0.294
redis-wait,0,1,228,0.277
redis-wait,0,1,229,0.276
redis-wait,0,1,230,0.277
redis-wait,0,1,231,0.288
redis-wait,0,1,232,0.276
redis-wait,0,1,233,0.277
redis-wait,0,1,234,0.288
redis-wait,0,1,235,0.28
redis-wait,0,1,236,0.282
redis-wait,0,1,237,0.297
redis-wait,0,1,238,0.293
redis-wait,0,1,239,0.273
redis-wait,0,1,240,0.293
redis-wait,0,1,241,0.295
redis-wait,0,1,242,0.279
redis-wait,0,1,243,0.275
redis-wait,0,1,244,0.277
redis-wait,0,1,245,0.307
redis-wait,0,1,246,0.283
redis-wait,0,1,247,0.28
redis-wait,0,1,248,0.29
redis-wait,0,1,249,0.278
redis-wait,0,1,250,0.278
redis-wait,0,1,251,0.277
redis-wait,0,1,252,0.295
redis-wait,0,1,253,0.278
redis-wait,0,1,254,0.289
redis-wait,0,1,255,0.303
redis-wait,0,1,256,0.276
redis-wait,0,1,257,0.282
redis-wait,0,1,258,0.276
redis-wait,0,1,259,0.29
redis-wait,0,1,260,0.277
redis-wait,0,1,261,0.274
redis-wait,0,1,262,0.272
redis-wait,0,1,263,0.279
redis-wait,0,1,264,0.274
redis-wait,0,1,265,0.273
redis-wait,0,1,266,0.301
redis-wait,0,1,267,0.276
redis-wait,0,1,268,0.291
redis-wait,0,1,269,0.286
redis-wait,0,1,270,0.278
redis-wait,0,1,271,0.288
redis-wait,0,1,272,0.275
redis-wait,0,1,273,0.29
redis-wait,0,1,274,0.269
redis-wait,0,1,275,0.266
redis-wait,0,1,276,0.266
redis-wait,0,1,277,0.278
redis-wait,0,1,278,0.278
redis-wait,0,1,279,0.275
redis-wait,0,1,280,0.279
redis-wait,0,1,281,0.283
redis-wait,0,1,282,0.28
redis-wait,0,1,283,0.276
redis-wait,0,1,284,0.28
redis-wait,0,1,285,0.276
redis-wait,0,1,286,0.288
redis-wait,0,1,287,0.288
redis-wait,0,1,288,0.279
redis-wait,0,1,289,0.274
redis-wait,0,1,290,0.274
redis-wait,0,1,291,0.292
redis-wait,0,1,292,0.281
redis-wait,0,1,293,0.273
redis-wait,0,1,294,0.29
redis-wait,0,1,295,0.282
redis-wait,0,1,296,0.276
redis-wait,0,1,297,0.276
redis-wait,0,1,298,0.291
redis-wait,0,1,299,0.28
redis-wait,0,1,300,0.277
redis-wait,0,1,301,0.279
redis-wait,0,1,302,0.297
redis-wait,0,1,303,0.274
redis-wait,0,1,304,0.277
redis-wait,0,1,305,0.283
redis-wait,0,1,306,0.276
redis-wait,0,1,307,0.274
redis-wait,0,1,308,0.279
redis-wait,0,1,309,0.283
redis-wait,0,1,310,0.275
redis-wait,0,1,311,0.276
redis-wait,0,1,312,0.279
redis-wait,0,1,313,0.277
redis-wait,0,1,314,0.275
redis-wait,0,1,315,0.285
redis-wait,0,1,316,0.488
redis-wait,0,1,317,0.287
redis-wait,0,1,318,0.277
redis-wait,0,1,319,0.286
redis-wait,0,1,320,0.282
redis-wait,0,1,321,0.274
redis-wait,0,1,322,0.294
redis-wait,0,1,323,0.278
redis-wait,0,1,324,0.295
redis-wait,0,1,325,0.299
redis-wait,0,1,326,0.294
redis-wait,0,1,327,0.277
redis-wait,0,1,328,0.273
redis-wait,0,1,329,0.296
redis-wait,0,1,330,0.27
redis-wait,0,1,331,0.274
redis-wait,0,1,332,0.274
redis-wait,0,1,333,0.264
redis-wait,0,1,334,0.272
redis-wait,0,1,335,0.272
redis-wait,0,1,336,0.278
redis-wait,0,1,337,0.276
redis-wait,0,1,338,0.272
redis-wait,0,1,339,0.273
redis-wait,0,1,340,0.285
redis-wait,0,1,341,0.278
redis-wait,0,1,342,0.285
redis-wait,0,1,343,0.288
redis-wait,0,1,344,0.291
redis-wait,0,1,345,0.277
redis-wait,0,1,346,0.276
redis-wait,0,1,347,0.29
redis-wait,0,1,348,0.275
redis-wait,0,1,349,0.274
redis-wait,0,1,350,0.28
redis-wait,0,1,351,0.296
redis-wait,0,1,352,0.276
redis-wait,0,1,353,0.299
redis-wait,0,1,354,0.287
redis-wait,0,1,355,0.277
redis-wait,0,1,356,0.275
redis-wait,0,1,357,0.274
redis-wait,0,1,358,0.293
redis-wait,0,1,359,0.283
redis-wait,0,1,360,0.279
redis-wait,0,1,361,0.282
redis-wait,0,1,362,0.275
redis-wait,0,1,363,0.274
redis-wait,0,1,364,0.273
redis-wait,0,1,365,0.286
redis-wait,0,1,366,0.273
redis-wait,0,1,367,0.29
redis-wait,0,1,368,0.289
redis-wait,0,1,369,0.287
redis-wait,0,1,370,0.276
redis-wait,0,1,371,0.285
redis-wait,0,1,372,0.303
redis-wait,0,1,373,0.275
redis-wait,0,1,374,0.274
redis-wait,0,1,375,0.28
redis-wait,0,1,376,0.276
redis-wait,0,1,377,0.277
redis-wait,0,1,378,0.277
redis-wait,0,1,379,0.284
redis-wait,0,1,380,0.28
redis-wait,0,1,381,0.276
redis-wait,0,1,382,0.277
redis-wait,0,1,383,0.284
redis-wait,0,1,384,0.271
redis-wait,0,1,385,0.274
redis-wait,0,1,386,0.292
redis-wait,0,1,387,0.275
redis-wait,0,1,388,0.272
redis-wait,0,1,389,0.275
redis-wait,0,1,390,0.262
redis-wait,0,1,391,0.273
redis-wait,0,1,392,0.272
redis-wait,0,1,393,0.282
redis-wait,0,1,394,0.277
redis-wait,0,1,395,0.268
redis-wait,0,1,396,0.281
redis-wait,0,1,397,0.298
redis-wait,0,1,398,0.276
redis-wait,0,1,399,0.274
redis-wait,0,1,400,0.274
redis-wait,0,1,401,0.281
redis-wait,0,1,402,0.294
redis-wait,0,1,403,0.288
redis-wait,0,1,404,0.287
redis-wait,0,1,405,0.287
redis-wait,0,1,406,0.276
redis-wait,0,1,407,0.275
redis-wait,0,1,408,0.286
redis-wait,0,1,409,0.279
redis-wait,0,1,410,0.276
redis-wait,0,1,411,0.271
redis-wait,0,1,412,0.297
redis-wait,0,1,413,0.289
redis-wait,0,1,414,0.273
redis-wait,0,1,415,0.262
redis-wait,0,1,416,0.273
redis-wait,0,1,417,0.278
redis-wait,0,1,418,0.285
redis-wait,0,1,419,0.282
redis-wait,0,1,420,0.274
redis-wait,0,1,421,0.277
redis-wait,0,1,422,0.285
redis-wait,0,1,423,0.278
redis-wait,0,1,424,0.278
redis-wait,0,1,425,0.278
redis-wait,0,1,426,0.291
redis-wait,0,1,427,0.278
redis-wait,0,1,428,0.277
redis-wait,0,1,429,0.291
redis-wait,0,1,430,0.28
redis-wait,0,1,431,0.277
redis-wait,0,1,432,0.283
redis-wait,0,1,433,0.287
redis-wait,0,1,434,0.273
redis-wait,0,1,435,0.285
redis-wait,0,1,436,0.289
redis-wait,0,1,437,0.279
redis-wait,0,1,438,0.279
redis-wait,0,1,439,0.277
redis-wait,0,1,440,0.275
redis-wait,0,1,441,0.274
redis-wait,0,1,442,0.282
redis-wait,0,1,443,0.285
redis-wait,0,1,444,0.279
redis-wait,0,1,445,0.277
redis-wait,0,1,446,0.282
redis-wait,0,1,447,0.289
redis-wait,0,1,448,0.28
redis-wait,0,1,449,0.28
redis-wait,0,1,450,0.296
redis-wait,0,1,451,0.282
redis-wait,0,1,452,0.284
redis-wait,0,1,453,0.28
redis-wait,0,1,454,0.295
redis-wait,0,1,455,0.279
redis-wait,0,1,456,0.279
redis-wait,0,1,457,0.286
redis-wait,0,1,458,0.28
redis-wait,0,1,459,0.281
redis-wait,0,1,460,0.282
redis-wait,0,1,461,0.303
redis-wait,0,1,462,0.298
redis-wait,0,1,463,0.278
redis-wait,0,1,464,0.291
redis-wait,0,1,465,0.279
redis-wait,0,1,466,0.278
redis-wait,0,1,467,0.277
redis-wait,0,2,1,0.27
redis-wait,0,2,2,0.303
redis-wait,0,2,3,0.275
redis-wait,0,2,4,0.281
redis-wait,0,2,5,0.292
redis-wait,0,2,6,0.28
redis-wait,0,2,7,0.279
redis-wait,0,2,8,0.28
redis-wait,0,2,9,0.296
redis-wait,0,2,10,0.28
redis-wait,0,2,11,0.37
redis-wait,0,2,12,0.303
redis-wait,0,2,13,0.286
redis-wait,0,2,14,0.29
redis-wait,0,2,15,0.299
redis-wait,0,2,16,0.274
redis-wait,0,2,17,0.272
redis-wait,0,2,18,0.279
redis-wait,0,2,19,0.276
redis-wait,0,2,20,0.273
redis-wait,0,2,21,0.276
redis-wait,0,2,22,0.304
redis-wait,0,2,23,0.273
redis-wait,0,2,24,0.29
redis-wait,0,2,25,0.279
redis-wait,0,2,26,0.284
redis-wait,0,2,27,0.283
redis-wait,0,2,28,0.268
redis-wait,0,2,29,0.291
redis-wait,0,2,30,0.275
redis-wait,0,2,31,0.271
redis-wait,0,2,32,0.27
redis-wait,0,2,33,0.277
redis-wait,0,2,34,0.357
redis-wait,0,2,35,0.271
redis-wait,0,2,36,0.28
redis-wait,0,2,37,0.273
redis-wait,0,2,38,0.269
redis-wait,0,2,39,0.269
redis-wait,0,2,40,0.283
redis-wait,0,2,41,0.275
redis-wait,0,2,42,0.272
redis-wait,0,2,43,0.285
redis-wait,0,2,44,0.291
redis-wait,0,2,45,0.281
redis-wait,0,2,46,0.287
redis-wait,0,2,47,0.307
redis-wait,0,2,48,0.283
redis-wait,0,2,49,0.275
redis-wait,0,2,50,0.273
redis-wait,0,2,51,0.304
redis-wait,0,2,52,0.285
redis-wait,0,2,53,0.273
redis-wait,0,2,54,0.296
redis-wait,0,2,55,0.277
redis-wait,0,2,56,0.277
redis-wait,0,2,57,0.283
redis-wait,0,2,58,0.286
redis-wait,0,2,59,0.275
redis-wait,0,2,60,0.288
redis-wait,0,2,61,0.293
redis-wait,0,2,62,0.294
redis-wait,0,2,63,0.285
redis-wait,0,2,64,0.287
redis-wait,0,2,65,0.295
redis-wait,0,2,66,0.281
redis-wait,0,2,67,0.285
redis-wait,0,2,68,0.291
redis-wait,0,2,69,0.28
redis-wait,0,2,70,0.282
redis-wait,0,2,71,0.281
redis-wait,0,2,72,0.291
redis-wait,0,2,73,0.292
redis-wait,0,2,74,0.287
redis-wait,0,2,75,0.309
redis-wait,0,2,76,0.284
redis-wait,0,2,77,0.289
redis-wait,0,2,78,0.298
redis-wait,0,2,79,0.281
redis-wait,0,2,80,0.287
redis-wait,0,2,81,0.286
redis-wait,0,2,82,0.302
redis-wait,0,2,83,0.28
redis-wait,0,2,84,0.277
redis-wait,0,2,85,0.292
redis-wait,0,2,86,0.282
redis-wait,0,2,87,0.283
redis-wait,0,2,88,0.28
redis-wait,0,2,89,0.299
redis-wait,0,2,90,0.279
redis-wait,0,2,91,0.277
redis-wait,0,2,92,0.292
redis-wait,0,2,93,0.283
redis-wait,0,2,94,0.279
redis-wait,0,2,95,0.277
redis-wait,0,2,96,0.297
redis-wait,0,2,97,0.281
redis-wait,0,2,98,0.285
redis-wait,0,2,99,0.294
redis-wait,0,2,100,0.299
redis-wait,0,2,101,0.29
redis-wait,0,2,102,0.28
redis-wait,0,2,103,0.304
redis-wait,0,2,104,0.286
redis-wait,0,2,105,0.278
redis-wait,0,2,106,0.287
redis-wait,0,2,107,0.279
redis-wait,0,2,108,0.278
redis-wait,0,2,109,0.303
redis-wait,0,2,110,0.271
redis-wait,0,2,111,0.281
redis-wait,0,2,112,0.281
redis-wait,0,2,113,0.3
redis-wait,0,2,114,0.275
redis-wait,0,2,115,0.277
redis-wait,0,2,116,0.273
redis-wait,0,2,117,0.292
redis-wait,0,2,118,0.274
redis-wait,0,2,119,0.272
redis-wait,0,2,120,0.297
redis-wait,0,2,121,0.279
redis-wait,0,2,122,0.274
redis-wait,0,2,123,0.275
redis-wait,0,2,124,0.282
redis-wait,0,2,125,0.274
redis-wait,0,2,126,0.273
redis-wait,0,2,127,0.276
redis-wait,0,2,128,0.288
redis-wait,0,2,129,0.275
redis-wait,0,2,130,0.274
redis-wait,0,2,131,0.296
redis-wait,0,2,132,0.27
redis-wait,0,2,133,0.27
redis-wait,0,2,134,0.286
redis-wait,0,2,135,0.27
redis-wait,0,2,136,0.271
redis-wait,0,2,137,0.277
redis-wait,0,2,138,0.285
redis-wait,0,2,139,0.271
redis-wait,0,2,140,0.27
redis-wait,0,2,141,0.279
redis-wait,0,2,142,0.28
redis-wait,0,2,143,0.276
redis-wait,0,2,144,0.271
redis-wait,0,2,145,0.272
redis-wait,0,2,146,0.293
redis-wait,0,2,147,0.271
redis-wait,0,2,148,0.277
redis-wait,0,2,149,0.269
redis-wait,0,2,150,0.269
redis-wait,0,2,151,0.269
redis-wait,0,2,152,0.271
redis-wait,0,2,153,0.291
redis-wait,0,2,154,0.269
redis-wait,0,2,155,0.271
redis-wait,0,2,156,0.274
redis-wait,0,2,157,0.295
redis-wait,0,2,158,0.28
redis-wait,0,2,159,0.282
redis-wait,0,2,160,0.299
redis-wait,0,2,161,0.285
redis-wait,0,2,162,0.299
redis-wait,0,2,163,0.305
redis-wait,0,2,164,0.284
redis-wait,0,2,165,0.28
redis-wait,0,2,166,0.291
redis-wait,0,2,167,0.299
redis-wait,0,2,168,0.279
redis-wait,0,2,169,0.278
redis-wait,0,2,170,0.303
redis-wait,0,2,171,0.282
redis-wait,0,2,172,0.275
redis-wait,0,2,173,0.288
redis-wait,0,2,174,0.295
redis-wait,0,2,175,0.278
redis-wait,0,2,176,0.278
redis-wait,0,2,177,0.288
redis-wait,0,2,178,0.27
redis-wait,0,2,179,0.277
redis-wait,0,2,180,0.279
redis-wait,0,2,181,0.284
redis-wait,0,2,182,0.277
redis-wait,0,2,183,0.273
redis-wait,0,2,184,0.272
redis-wait,0,2,185,0.283
redis-wait,0,2,186,0.271
redis-wait,0,2,187,0.275
redis-wait,0,2,188,0.278
redis-wait,0,2,189,0.273
redis-wait,0,2,190,0.295
redis-wait,0,2,191,0.284
redis-wait,0,2,192,0.258
redis-wait,0,2,193,0.269
redis-wait,0,2,194,0.27
redis-wait,0,2,195,0.267
redis-wait,0,2,196,0.28
redis-wait,0,2,197,0.437
redis-wait,0,2,198,0.267
redis-wait,0,2,199,0.285
redis-wait,0,2,200,0.266
redis-wait,0,2,201,0.281
redis-wait,0,2,202,0.269
redis-wait,0,2,203,0.281
redis-wait,0,2,204,0.277
redis-wait,0,2,205,0.279
redis-wait,0,2,206,0.289
redis-wait,0,2,207,0.276
redis-wait,0,2,208,0.275
redis-wait,0,2,209,0.282
redis-wait,0,2,210,0.274
redis-wait,0,2,211,0.286
redis-wait,0,2,212,0.284
redis-wait,0,2,213,0.301
redis-wait,0,2,214,0.272
redis-wait,0,2,215,0.269
redis-wait,0,2,216,0.282
redis-wait,0,2,217,0.283
redis-wait,0,2,218,0.28
redis-wait,0,2,219,0.279
redis-wait,0,2,220,0.306
redis-wait,0,2,221,0.294
redis-wait,0,2,222,0.277
redis-wait,0,2,223,0.29
redis-wait,0,2,224,0.295
redis-wait,0,2,225,0.275
redis-wait,0,2,226,0.275
redis-wait,0,2,227,0.278
redis-wait,0,2,228,0.273
redis-wait,0,2,229,0.28
redis-wait,0,2,230,0.274
redis-wait,0,2,231,0.28
redis-wait,0,2,232,0.289
redis-wait,0,2,233,0.273
redis-wait,0,2,234,0.287
redis-wait,0,2,235,0.28
redis-wait,0,2,236,0.278
redis-wait,0,2,237,0.276
redis-wait,0,2,238,0.295
redis-wait,0,2,239,0.278
redis-wait,0,2,240,0.278
redis-wait,0,2,241,0.28
redis-wait,0,2,242,0.281
redis-wait,0,2,243,0.279
redis-wait,0,2,244,0.275
redis-wait,0,2,245,0.266
redis-wait,0,2,246,0.278
redis-wait,0,2,247,0.277
redis-wait,0,2,248,0.289
redis-wait,0,2,249,0.281
redis-wait,0,2,250,0.279
redis-wait,0,2,251,0.281
redis-wait,0,2,252,0.285
redis-wait,0,2,253,0.272
redis-wait,0,2,254,0.28
redis-wait,0,2,255,0.296
redis-wait,0,2,256,0.281
redis-wait,0,2,257,0.276
redis-wait,0,2,258,0.279
redis-wait,0,2,259,0.28
redis-wait,0,2,260,0.287
redis-wait,0,2,261,0.278
redis-wait,0,2,262,0.269
redis-wait,0,2,263,0.283
redis-wait,0,2,264,0.27
redis-wait,0,2,265,0.269
redis-wait,0,2,266,0.273
redis-wait,0,2,267,0.271
redis-wait,0,2,268,0.268
redis-wait,0,2,269,0.269
redis-wait,0,2,270,0.282
redis-wait,0,2,271,0.27
redis-wait,0,2,272,0.268
redis-wait,0,2,273,0.271
redis-wait,0,2,274,0.276
redis-wait,0,2,275,0.267
redis-wait,0,2,276,0.268
redis-wait,0,2,277,0.283
redis-wait,0,2,278,0.272
redis-wait,0,2,279,0.274
redis-wait,0,2,280,0.272
redis-wait,0,2,281,0.284
redis-wait,0,2,282,0.278
redis-wait,0,2,283,0.283
redis-wait,0,2,284,0.294
redis-wait,0,2,285,0.282
redis-wait,0,2,286,0.277
redis-wait,0,2,287,0.292
redis-wait,0,2,288,0.289
redis-wait,0,2,289,0.278
redis-wait,0,2,290,0.275
redis-wait,0,2,291,0.274
redis-wait,0,2,292,0.272
redis-wait,0,2,293,0.27
redis-wait,0,2,294,0.271
redis-wait,0,2,295,0.303
redis-wait,0,2,296,0.283
redis-wait,0,2,297,0.282
redis-wait,0,2,298,0.289
redis-wait,0,2,299,0.296
redis-wait,0,2,300,0.278
redis-wait,0,2,301,0.279
redis-wait,0,2,302,0.29
redis-wait,0,2,303,0.275
redis-wait,0,2,304,0.276
redis-wait,0,2,305,0.274
redis-wait,0,2,306,0.273
redis-wait,0,2,307,0.275
redis-wait,0,2,308,0.274
redis-wait,0,2,309,0.309
redis-wait,0,2,310,0.28
redis-wait,0,2,311,0.274
redis-wait,0,2,312,0.282
redis-wait,0,2,313,0.288
redis-wait,0,2,314,0.274
redis-wait,0,2,315,0.275
redis-wait,0,2,316,0.292
redis-wait,0,2,317,0.273
redis-wait,0,2,318,0.282
redis-wait,0,2,319,0.29
redis-wait,0,2,320,0.276
redis-wait,0,2,321,0.276
redis-wait,0,2,322,0.272
redis-wait,0,2,323,0.28
redis-wait,0,2,324,0.286
redis-wait,0,2,325,0.279
redis-wait,0,2,326,0.276
redis-wait,0,2,327,0.289
redis-wait,0,2,328,0.273
redis-wait,0,2,329,0.273
redis-wait,0,2,330,0.273
redis-wait,0,2,331,0.272
redis-wait,0,2,332,0.274
redis-wait,0,2,333,0.273
redis-wait,0,2,334,0.285
redis-wait,0,2,335,0.274
redis-wait,0,2,336,0.274
redis-wait,0,2,337,0.273
redis-wait,0,2,338,0.286
redis-wait,0,2,339,0.281
redis-wait,0,2,340,0.294
redis-wait,0,2,341,0.287
redis-wait,0,2,342,0.289
redis-wait,0,2,343,0.291
redis-wait,0,2,344,0.277
redis-wait,0,2,345,0.305
redis-wait,0,2,346,0.284
redis-wait,0,2,347,0.273
redis-wait,0,2,348,0.286
redis-wait,0,2,349,0.278
redis-wait,0,2,350,0.275
redis-wait,0,2,351,0.272
redis-wait,0,2,352,0.289
redis-wait,0,2,353,0.278
redis-wait,0,2,354,0.276
redis-wait,0,2,355,0.278
redis-wait,0,2,356,0.281
redis-wait,0,2,357,0.274
redis-wait,0,2,358,0.277
redis-wait,0,2,359,0.294
redis-wait,0,2,360,0.283
redis-wait,0,2,361,0.281
redis-wait,0,2,362,0.279
redis-wait,0,2,363,0.271
redis-wait,0,2,364,0.273
redis-wait,0,2,365,0.28
redis-wait,0,2,366,0.379
redis-wait,0,2,367,0.277
redis-wait,0,2,368,0.287
redis-wait,0,2,369,0.275
redis-wait,0,2,370,0.288
redis-wait,0,2,371,0.281
redis-wait,0,2,372,0.283
redis-wait,0,2,373,0.296
redis-wait,0,2,374,0.269
redis-wait,0,2,375,0.268
redis-wait,0,2,376,0.277
redis-wait,0,2,377,0.284
redis-wait,0,2,378,0.279
redis-wait,0,2,379,0.272
redis-wait,0,2,380,0.271
redis-wait,0,2,381,0.272
redis-wait,0,2,382,0.271
redis-wait,0,2,383,0.281
redis-wait,0,2,384,0.289
redis-wait,0,2,385,0.283
redis-wait,0,2,386,0.275
redis-wait,0,2,387,0.288
redis-wait,0,2,388,0.277
redis-wait,0,2,389,0.273
redis-wait,0,2,390,0.274
redis-wait,0,2,391,0.284
redis-wait,0,2,392,0.275
redis-wait,0,2,393,0.275
redis-wait,0,2,394,0.271
redis-wait,0,2,395,0.288
redis-wait,0,2,396,0.275
redis-wait,0,2,397,0.278
redis-wait,0,2,398,0.291
redis-wait,0,2,399,0.28
redis-wait,0,2,400,0.29
redis-wait,0,2,401,0.275
redis-wait,0,2,402,0.305
redis-wait,0,2,403,0.277
redis-wait,0,2,404,0.285
redis-wait,0,2,405,0.277
redis-wait,0,2,406,0.273
redis-wait,0,2,407,0.272
redis-wait,0,2,408,0.274
redis-wait,0,2,409,0.292
redis-wait,0,2,410,0.272
redis-wait,0,2,411,0.275
redis-wait,0,2,412,0.285
redis-wait,0,2,413,0.279
redis-wait,0,2,414,0.273
redis-wait,0,2,415,0.274
redis-wait,0,2,416,0.287
redis-wait,0,2,417,0.277
redis-wait,0,2,418,0.278
redis-wait,0,2,419,0.278
redis-wait,0,2,420,0.292
redis-wait,0,2,421,0.282
redis-wait,0,2,422,0.276
redis-wait,0,2,423,0.289
redis-wait,0,2,424,0.275
redis-wait,0,2,425,0.277
redis-wait,0,2,426,0.276
redis-wait,0,2,427,0.292
redis-wait,0,2,428,0.274
redis-wait,0,2,429,0.274
redis-wait,0,2,430,0.277
redis-wait,0,2,431,0.271
redis-wait,0,2,432,0.268
redis-wait,0,2,433,0.276
redis-wait,0,2,434,0.288
redis-wait,0,2,435,0.267
redis-wait,0,2,436,0.286
redis-wait,0,2,437,0.276
redis-wait,0,2,438,0.29
redis-wait,0,2,439,0.267
redis-wait,0,2,440,0.27
redis-wait,0,2,441,0.28
redis-wait,0,2,442,0.276
redis-wait,0,2,443,0.27
redis-wait,0,2,444,0.273
redis-wait,0,2,445,0.265
redis-wait,0,2,446,0.268
redis-wait,0,2,447,0.272
redis-wait,0,2,448,0.282
redis-wait,0,2,449,0.279
redis-wait,0,2,450,0.275
redis-wait,0,2,451,0.275
redis-wait,0,2,452,0.291
redis-wait,0,2,453,0.281
redis-wait,0,2,454,0.277
redis-wait,0,2,455,0.275
redis-wait,0,2,456,0.285
redis-wait,0,2,457,0.276
redis-wait,0,2,458,0.297
redis-wait,0,2,459,0.3
redis-wait,0,2,460,0.275
redis-wait,0,2,461,0.279
redis-wait,0,2,462,0.299
redis-wait,0,2,463,0.298
redis-wait,0,2,464,0.277
redis-wait,0,2,465,0.276
redis-wait,0,2,466,0.293
redis-wait,0,2,467,0.274
redis-wait,0,3,1,0.283
redis-wait,0,3,2,0.276
redis-wait,0,3,3,0.283
redis-wait,0,3,4,0.277
redis-wait,0,3,5,0.275
redis-wait,0,3,6,0.273
redis-wait,0,3,7,0.289
redis-wait,0,3,8,0.271
redis-wait,0,3,9,0.275
redis-wait,0,3,10,0.272
redis-wait,0,3,11,0.306
redis-wait,0,3,12,0.274
redis-wait,0,3,13,0.276
redis-wait,0,3,14,0.281
redis-wait,0,3,15,0.277
redis-wait,0,3,16,0.282
redis-wait,0,3,17,0.271
redis-wait,0,3,18,0.3
redis-wait,0,3,19,0.274
redis-wait,0,3,20,0.268
redis-wait,0,3,21,0.275
redis-wait,0,3,22,0.267
redis-wait,0,3,23,0.27
redis-wait,0,3,24,0.272
redis-wait,0,3,25,0.298
redis-wait,0,3,26,0.268
redis-wait,0,3,27,0.264
redis-wait,0,3,28,0.293
redis-wait,0,3,29,0.273
redis-wait,0,3,30,0.27
redis-wait,0,3,31,0.271
redis-wait,0,3,32,0.283
redis-wait,0,3,33,0.267
redis-wait,0,3,34,0.264
redis-wait,0,3,35,0.265
redis-wait,0,3,36,0.261
redis-wait,0,3,37,0.27
redis-wait,0,3,38,0.267
redis-wait,0,3,39,0.267
redis-wait,0,3,40,0.306
redis-wait,0,3,41,0.282
redis-wait,0,3,42,0.274
redis-wait,0,3,43,0.298
redis-wait,0,3,44,0.296
redis-wait,0,3,45,0.294
redis-wait,0,3,46,0.299
redis-wait,0,3,47,0.284
redis-wait,0,3,48,0.276
redis-wait,0,3,49,0.288
redis-wait,0,3,50,0.286
redis-wait,0,3,51,0.28
redis-wait,0,3,52,0.271
redis-wait,0,3,53,0.291
redis-wait,0,3,54,0.275
redis-wait,0,3,55,0.281
redis-wait,0,3,56,0.275
redis-wait,0,3,57,0.285
redis-wait,0,3,58,0.283
redis-wait,0,3,59,0.273
redis-wait,0,3,60,0.273
redis-wait,0,3,61,0.28
redis-wait,0,3,62,0.278
redis-wait,0,3,63,0.276
redis-wait,0,3,64,0.292
redis-wait,0,3,65,0.275
redis-wait,0,3,66,0.276
redis-wait,0,3,67,0.275
redis-wait,0,3,68,0.27
redis-wait,0,3,69,0.277
redis-wait,0,3,70,0.267
redis-wait,0,3,71,0.283
redis-wait,0,3,72,0.27
redis-wait,0,3,73,0.282
redis-wait,0,3,74,0.29
redis-wait,0,3,75,0.292
redis-wait,0,3,76,0.266
redis-wait,0,3,77,0.268
redis-wait,0,3,78,0.268
redis-wait,0,3,79,0.281
redis-wait,0,3,80,0.27
redis-wait,0,3,81,0.361
redis-wait,0,3,82,0.289
redis-wait,0,3,83,0.269
redis-wait,0,3,84,0.267
redis-wait,0,3,85,0.265
redis-wait,0,3,86,0.282
redis-wait,0,3,87,0.268
redis-wait,0,3,88,0.268
redis-wait,0,3,89,0.267
redis-wait,0,3,90,0.268
redis-wait,0,3,91,0.267
redis-wait,0,3,92,0.267
redis-wait,0,3,93,0.297
redis-wait,0,3,94,0.279
redis-wait,0,3,95,0.274
redis-wait,0,3,96,0.291
redis-wait,0,3,97,0.277
redis-wait,0,3,98,0.275
redis-wait,0,3,99,0.272
redis-wait,0,3,100,0.286
redis-wait,0,3,101,0.274
redis-wait,0,3,102,0.273
redis-wait,0,3,103,0.292
redis-wait,0,3,104,0.287
redis-wait,0,3,105,0.273
redis-wait,0,3,106,0.279
redis-wait,0,3,107,0.305
redis-wait,0,3,108,0.279
redis-wait,0,3,109,0.272
redis-wait,0,3,110,0.278
redis-wait,0,3,111,0.281
redis-wait,0,3,112,0.268
redis-wait,0,3,113,0.264
redis-wait,0,3,114,0.276
redis-wait,0,3,115,0.289
redis-wait,0,3,116,0.266
redis-wait,0,3,117,0.265
redis-wait,0,3,118,0.304
redis-wait,0,3,119,0.27
redis-wait,0,3,120,0.266
redis-wait,0,3,121,0.269
redis-wait,0,3,122,0.293
redis-wait,0,3,123,0.283
redis-wait,0,3,124,0.277
redis-wait,0,3,125,0.287
redis-wait,0,3,126,0.279
redis-wait,0,3,127,0.278
redis-wait,0,3,128,0.277
redis-wait,0,3,129,0.269
redis-wait,0,3,130,0.277
redis-wait,0,3,131,0.277
redis-wait,0,3,132,0.284
redis-wait,0,3,133,0.291
redis-wait,0,3,134,0.284
redis-wait,0,3,135,0.273
redis-wait,0,3,136,0.291
redis-wait,0,3,137,0.273
redis-wait,0,3,138,0.277
redis-wait,0,3,139,0.3
redis-wait,0,3,140,0.277
redis-wait,0,3,141,0.275
redis-wait,0,3,142,0.276
redis-wait,0,3,143,0.29
redis-wait,0,3,144,0.271
redis-wait,0,3,145,0.266
redis-wait,0,3,146,0.293
redis-wait,0,3,147,0.302
redis-wait,0,3,148,0.278
redis-wait,0,3,149,0.277
redis-wait,0,3,150,0.285
redis-wait,0,3,151,0.28
redis-wait,0,3,152,0.277
redis-wait,0,3,153,0.276
redis-wait,0,3,154,0.283
redis-wait,0,3,155,0.274
redis-wait,0,3,156,0.274
redis-wait,0,3,157,0.277
redis-wait,0,3,158,0.273
redis-wait,0,3,159,0.272
redis-wait,0,3,160,0.273
redis-wait,0,3,161,0.289
redis-wait,0,3,162,0.274
redis-wait,0,3,163,0.288
redis-wait,0,3,164,0.287
redis-wait,0,3,165,0.276
redis-wait,0,3,166,0.278
redis-wait,0,3,167,0.278
redis-wait,0,3,168,0.287
redis-wait,0,3,169,0.283
redis-wait,0,3,170,0.276
redis-wait,0,3,171,0.278
redis-wait,0,3,172,0.301
redis-wait,0,3,173,0.277
redis-wait,0,3,174,0.274
redis-wait,0,3,175,0.288
redis-wait,0,3,176,0.282
redis-wait,0,3,177,0.272
redis-wait,0,3,178,0.276
redis-wait,0,3,179,0.288
redis-wait,0,3,180,0.274
redis-wait,0,3,181,0.272
redis-wait,0,3,182,0.292
redis-wait,0,3,183,0.277
redis-wait,0,3,184,0.274
redis-wait,0,3,185,0.276
redis-wait,0,3,186,0.27
redis-wait,0,3,187,0.277
redis-wait,0,3,188,0.277
redis-wait,0,3,189,0.284
redis-wait,0,3,190,0.276
redis-wait,0,3,191,0.276
redis-wait,0,3,192,0.277
redis-wait,0,3,193,0.288
redis-wait,0,3,194,0.276
redis-wait,0,3,195,0.278
redis-wait,0,3,196,0.276
redis-wait,0,3,197,0.288
redis-wait,0,3,198,0.281
redis-wait,0,3,199,0.271
redis-wait,0,3,200,0.288
redis-wait,0,3,201,0.275
redis-wait,0,3,202,0.272
redis-wait,0,3,203,0.282
redis-wait,0,3,204,0.29
redis-wait,0,3,205,0.271
redis-wait,0,3,206,0.279
redis-wait,0,3,207,0.279
redis-wait,0,3,208,0.276
redis-wait,0,3,209,0.277
redis-wait,0,3,210,0.276
redis-wait,0,3,211,0.29
redis-wait,0,3,212,0.275
redis-wait,0,3,213,0.275
redis-wait,0,3,214,0.289
redis-wait,0,3,215,0.276
redis-wait,0,3,216,0.275
redis-wait,0,3,217,0.273
redis-wait,0,3,218,0.293
redis-wait,0,3,219,0.28
redis-wait,0,3,220,0.273
redis-wait,0,3,221,0.275
redis-wait,0,3,222,0.282
redis-wait,0,3,223,0.274
redis-wait,0,3,224,0.287
redis-wait,0,3,225,0.301
redis-wait,0,3,226,0.272
redis-wait,0,3,227,0.275
redis-wait,0,3,228,0.279
redis-wait,0,3,229,0.275
redis-wait,0,3,230,0.274
redis-wait,0,3,231,0.278
redis-wait,0,3,232,0.298
redis-wait,0,3,233,0.274
redis-wait,0,3,234,0.266
redis-wait,0,3,235,0.267
redis-wait,0,3,236,0.27
redis-wait,0,3,237,0.269
redis-wait,0,3,238,0.271
redis-wait,0,3,239,0.266
redis-wait,0,3,240,0.287
redis-wait,0,3,241,0.276
redis-wait,0,3,242,0.279
redis-wait,0,3,243,0.297
redis-wait,0,3,244,0.281
redis-wait,0,3,245,0.277
redis-wait,0,3,246,0.273
redis-wait,0,3,247,0.263
redis-wait,0,3,248,0.273
redis-wait,0,3,249,0.274
redis-wait,0,3,250,0.286
redis-wait,0,3,251,0.363
redis-wait,0,3,252,0.301
redis-wait,0,3,253,0.276
redis-wait,0,3,254,0.285
redis-wait,0,3,255,0.275
redis-wait,0,3,256,0.281
redis-wait,0,3,257,0.291
redis-wait,0,3,258,0.284
redis-wait,0,3,259,0.279
redis-wait,0,3,260,0.285
redis-wait,0,3,261,0.299
redis-wait,0,3,262,0.278
redis-wait,0,3,263,0.281
redis-wait,0,3,264,0.293
redis-wait,0,3,265,0.278
redis-wait,0,3,266,0.295
redis-wait,0,3,267,0.281
redis-wait,0,3,268,0.297
redis-wait,0,3,269,0.283
redis-wait,0,3,270,0.282
redis-wait,0,3,271,0.291
redis-wait,0,3,272,0.279
redis-wait,0,3,273,0.278
redis-wait,0,3,274,0.279
redis-wait,0,3,275,0.295
redis-wait,0,3,276,0.279
redis-wait,0,3,277,0.282
redis-wait,0,3,278,0.293
redis-wait,0,3,279,0.28
redis-wait,0,3,280,0.295
redis-wait,0,3,281,0.294
redis-wait,0,3,282,0.288
redis-wait,0,3,283,0.281
redis-wait,0,3,284,0.282
redis-wait,0,3,285,0.294
redis-wait,0,3,286,0.28
redis-wait,0,3,287,0.294
redis-wait,0,3,288,0.286
redis-wait,0,3,289,0.303
redis-wait,0,3,290,0.282
redis-wait,0,3,291,0.286
redis-wait,0,3,292,0.287
redis-wait,0,3,293,0.285
redis-wait,0,3,294,0.301
redis-wait,0,3,295,0.295
redis-wait,0,3,296,0.286
redis-wait,0,3,297,0.282
redis-wait,0,3,298,0.281
redis-wait,0,3,299,0.291
redis-wait,0,3,300,0.279
redis-wait,0,3,301,0.28
redis-wait,0,3,302,0.279
redis-wait,0,3,303,0.288
redis-wait,0,3,304,0.274
redis-wait,0,3,305,0.272
redis-wait,0,3,306,0.288
redis-wait,0,3,307,0.275
redis-wait,0,3,308,0.276
redis-wait,0,3,309,0.276
redis-wait,0,3,310,0.289
redis-wait,0,3,311,0.273
redis-wait,0,3,312,0.278
redis-wait,0,3,313,0.278
redis-wait,0,3,314,0.271
redis-wait,0,3,315,0.271
redis-wait,0,3,316,0.274
redis-wait,0,3,317,0.285
redis-wait,0,3,318,0.271
redis-wait,0,3,319,0.289
redis-wait,0,3,320,0.292
redis-wait,0,3,321,0.278
redis-wait,0,3,322,0.271
redis-wait,0,3,323,0.285
redis-wait,0,3,324,0.28
redis-wait,0,3,325,0.275
redis-wait,0,3,326,0.275
redis-wait,0,3,327,0.291
redis-wait,0,3,328,0.285
redis-wait,0,3,329,0.272
redis-wait,0,3,330,0.271
redis-wait,0,3,331,0.282
redis-wait,0,3,332,0.274
redis-wait,0,3,333,0.273
redis-wait,0,3,334,0.27
redis-wait,0,3,335,0.286
redis-wait,0,3,336,0.273
redis-wait,0,3,337,0.276
redis-wait,0,3,338,0.284
redis-wait,0,3,339,0.277
redis-wait,0,3,340,0.281
redis-wait,0,3,341,0.272
redis-wait,0,3,342,0.289
redis-wait,0,3,343,0.303
redis-wait,0,3,344,0.27
redis-wait,0,3,345,0.272
redis-wait,0,3,346,0.288
redis-wait,0,3,347,0.271
redis-wait,0,3,348,0.279
redis-wait,0,3,349,0.288
redis-wait,0,3,350,0.272
redis-wait,0,3,351,0.305
redis-wait,0,3,352,0.277
redis-wait,0,3,353,0.285
redis-wait,0,3,354,0.275
redis-wait,0,3,355,0.288
redis-wait,0,3,356,0.29
redis-wait,0,3,357,0.274
redis-wait,0,3,358,0.272
redis-wait,0,3,359,0.272
redis-wait,0,3,360,0.266
redis-wait,0,3,361,0.277
redis-wait,0,3,362,0.273
redis-wait,0,3,363,0.289
redis-wait,0,3,364,0.276
redis-wait,0,3,365,0.276
redis-wait,0,3,366,0.276
redis-wait,0,3,367,0.286
redis-wait,0,3,368,0.279
redis-wait,0,3,369,0.273
redis-wait,0,3,370,0.277
redis-wait,0,3,371,0.288
redis-wait,0,3,372,0.272
redis-wait,0,3,373,0.272
redis-wait,0,3,374,0.289
redis-wait,0,3,375,0.276
redis-wait,0,3,376,0.272
redis-wait,0,3,377,0.274
redis-wait,0,3,378,0.254
redis-wait,0,3,379,0.273
redis-wait,0,3,380,0.271
redis-wait,0,3,381,0.286
redis-wait,0,3,382,0.278
redis-wait,0,3,383,0.274
redis-wait,0,3,384,0.273
redis-wait,0,3,385,0.282
redis-wait,0,3,386,0.275
redis-wait,0,3,387,0.29
redis-wait,0,3,388,0.539
redis-wait,0,3,389,0.344
redis-wait,0,3,390,0.449
redis-wait,0,3,391,0.567
redis-wait,0,3,392,0.31
redis-wait,0,3,393,0.501
redis-wait,0,3,394,0.419
redis-wait,0,3,395,0.327
redis-wait,0,3,396,0.287
redis-wait,0,3,397,0.281
redis-wait,0,3,398,0.294
redis-wait,0,3,399,0.288
redis-wait,0,3,400,0.276
redis-wait,0,3,401,0.279
redis-wait,0,3,402,0.32
redis-wait,0,3,403,0.286
redis-wait,0,3,404,0.278
redis-wait,0,3,405,0.293
redis-wait,0,3,406,0.28
redis-wait,0,3,407,0.276
redis-wait,0,3,408,0.276
redis-wait,0,3,409,0.306
redis-wait,0,3,410,0.275
redis-wait,0,3,411,0.275
redis-wait,0,3,412,0.306
redis-wait,0,3,413,0.286
redis-wait,0,3,414,0.283
redis-wait,0,3,415,0.285
redis-wait,0,3,416,0.298
redis-wait,0,3,417,0.28
redis-wait,0,3,418,0.278
redis-wait,0,3,419,0.291
redis-wait,0,3,420,0.277
redis-wait,0,3,421,0.277
redis-wait,0,3,422,0.276
redis-wait,0,3,423,0.294
redis-wait,0,3,424,0.278
redis-wait,0,3,425,0.286
redis-wait,0,3,426,0.294
redis-wait,0,3,427,0.282
redis-wait,0,3,428,0.277
redis-wait,0,3,429,0.28
redis-wait,0,3,430,0.285
redis-wait,0,3,431,0.283
redis-wait,0,3,432,0.508
redis-wait,0,3,433,0.309
redis-wait,0,3,434,0.285
redis-wait,0,3,435,0.285
redis-wait,0,3,436,0.293
redis-wait,0,3,437,0.289
redis-wait,0,3,438,0.281
redis-wait,0,3,439,0.287
redis-wait,0,3,440,0.292
redis-wait,0,3,441,0.276
redis-wait,0,3,442,0.278
redis-wait,0,3,443,0.302
redis-wait,0,3,444,0.278
redis-wait,0,3,445,0.271
redis-wait,0,3,446,0.27
redis-wait,0,3,447,0.301
redis-wait,0,3,448,0.347
redis-wait,0,3,449,0.282
redis-wait,0,3,450,0.293
redis-wait,0,3,451,0.279
redis-wait,0,3,452,0.294
redis-wait,0,3,453,0.319
redis-wait,0,3,454,0.286
redis-wait,0,3,455,0.275
redis-wait,0,3,456,0.277
redis-wait,0,3,457,0.283
redis-wait,0,3,458,0.273
redis-wait,0,3,459,0.275
redis-wait,0,3,460,0.207
redis-wait,0,3,461,0.24
redis-wait,0,3,462,0.195
redis-wait,0,3,463,0.184
redis-wait,0,3,464,0.176
redis-wait,0,3,465,0.173
redis-wait,0,3,466,0.192
redis-wait,0,3,467,0.176
redis-async,2,1,1,0.182
redis-async,2,1,2,0.161
redis-async,2,1,3,0.146
redis-async,2,1,4,0.126
redis-async,2,1,5,0.485
redis-async,2,1,6,0.259
redis-async,2,1,7,0.207
redis-async,2,1,8,0.173
redis-async,2,1,9,0.222
redis-async,2,1,10,0.213
redis-async,2,1,11,0.251
redis-async,2,1,12,0.23
redis-async,2,1,13,0.193
redis-async,2,1,14,0.168
redis-async,2,1,15,0.164
redis-async,2,1,16,0.156
redis-async,2,1,17,0.153
redis-async,2,1,18,0.153
redis-async,2,1,19,0.149
redis-async,2,1,20,0.193
redis-async,2,1,21,0.18
redis-async,2,1,22,0.229
redis-async,2,1,23,0.235
redis-async,2,1,24,0.162
redis-async,2,1,25,0.157
redis-async,2,1,26,0.14
redis-async,2,1,27,0.14
redis-async,2,1,28,0.132
redis-async,2,1,29,0.134
redis-async,2,1,30,0.141
redis-async,2,1,31,0.132
redis-async,2,1,32,0.175
redis-async,2,1,33,0.138
redis-async,2,1,34,0.138
redis-async,2,1,35,0.13
redis-async,2,1,36,0.131
redis-async,2,1,37,0.131
redis-async,2,1,38,0.139
redis-async,2,1,39,0.149
redis-async,2,1,40,0.138
redis-async,2,1,41,0.149
redis-async,2,1,42,0.13
redis-async,2,1,43,0.129
redis-async,2,1,44,0.117
redis-async,2,1,45,0.125
redis-async,2,1,46,0.136
redis-async,2,1,47,0.128
redis-async,2,1,48,0.115
redis-async,2,1,49,0.127
redis-async,2,1,50,0.115
redis-async,2,1,51,0.125
redis-async,2,1,52,0.125
redis-async,2,1,53,0.1
redis-async,2,1,54,0.108
redis-async,2,1,55,0.106
redis-async,2,1,56,0.111
redis-async,2,1,57,0.097
redis-async,2,1,58,0.101
redis-async,2,1,59,0.108
redis-async,2,1,60,0.105
redis-async,2,1,61,0.099
redis-async,2,1,62,0.107
redis-async,2,1,63,0.098
redis-async,2,1,64,0.123
redis-async,2,1,65,0.1
redis-async,2,1,66,0.116
redis-async,2,1,67,0.103
redis-async,2,1,68,0.104
redis-async,2,1,69,0.113
redis-async,2,1,70,0.115
redis-async,2,1,71,0.116
redis-async,2,1,72,0.105
redis-async,2,1,73,0.124
redis-async,2,1,74,0.102
redis-async,2,1,75,0.147
redis-async,2,1,76,0.116
redis-async,2,1,77,0.088
redis-async,2,1,78,0.104
redis-async,2,1,79,0.099
redis-async,2,1,80,0.102
redis-async,2,1,81,0.101
redis-async,2,1,82,0.117
redis-async,2,1,83,0.12
redis-async,2,1,84,0.106
redis-async,2,1,85,0.114
redis-async,2,1,86,0.102
redis-async,2,1,87,0.116
redis-async,2,1,88,0.101
redis-async,2,1,89,0.124
redis-async,2,1,90,0.103
redis-async,2,1,91,0.124
redis-async,2,1,92,0.104
redis-async,2,1,93,0.101
redis-async,2,1,94,0.113
redis-async,2,1,95,0.118
redis-async,2,1,96,0.114
redis-async,2,1,97,0.115
redis-async,2,1,98,0.118
redis-async,2,1,99,0.117
redis-async,2,1,100,0.112
redis-async,2,1,101,0.112
redis-async,2,1,102,0.115
redis-async,2,1,103,0.126
redis-async,2,1,104,0.122
redis-async,2,1,105,0.118
redis-async,2,1,106,0.12
redis-async,2,1,107,0.116
redis-async,2,1,108,0.115
redis-async,2,1,109,0.142
redis-async,2,1,110,0.116
redis-async,2,1,111,0.12
redis-async,2,1,112,0.121
redis-async,2,1,113,0.115
redis-async,2,1,114,0.117
redis-async,2,1,115,0.125
redis-async,2,1,116,0.117
redis-async,2,1,117,0.125
redis-async,2,1,118,0.116
redis-async,2,1,119,0.116
redis-async,2,1,120,0.116
redis-async,2,1,121,0.115
redis-async,2,1,122,0.114
redis-async,2,1,123,0.115
redis-async,2,1,124,0.115
redis-async,2,1,125,0.129
redis-async,2,1,126,0.116
redis-async,2,1,127,0.115
redis-async,2,1,128,0.114
redis-async,2,1,129,0.116
redis-async,2,1,130,0.114
redis-async,2,1,131,0.116
redis-async,2,1,132,0.114
redis-async,2,1,133,0.115
redis-async,2,1,134,0.126
redis-async,2,1,135,0.117
redis-async,2,1,136,0.115
redis-async,2,1,137,0.117
redis-async,2,1,138,0.113
redis-async,2,1,139,0.117
redis-async,2,1,140,0.115
redis-async,2,1,141,0.116
redis-async,2,1,142,0.123
redis-async,2,1,143,0.116
redis-async,2,1,144,0.115
redis-async,2,1,145,0.115
redis-async,2,1,146,0.118
redis-async,2,1,147,0.129
redis-async,2,1,148,0.115
redis-async,2,1,149,0.13
redis-async,2,1,150,0.119
redis-async,2,1,151,0.136
redis-async,2,1,152,0.114
redis-async,2,1,153,0.117
redis-async,2,1,154,0.374
redis-async,2,1,155,0.119
redis-async,2,1,156,0.114
redis-async,2,1,157,0.123
redis-async,2,1,158,0.115
redis-async,2,1,159,0.114
redis-async,2,1,160,0.116
redis-async,2,1,161,0.115
redis-async,2,1,162,0.117
redis-async,2,1,163,0.116
redis-async,2,1,164,0.114
redis-async,2,1,165,0.122
redis-async,2,1,166,0.113
redis-async,2,1,167,0.113
redis-async,2,1,168,0.121
redis-async,2,1,169,0.113
redis-async,2,1,170,0.115
redis-async,2,1,171,0.111
redis-async,2,1,172,0.111
redis-async,2,1,173,0.11
redis-async,2,1,174,0.128
redis-async,2,1,175,0.117
redis-async,2,1,176,0.112
redis-async,2,1,177,0.112
redis-async,2,1,178,0.116
redis-async,2,1,179,0.113
redis-async,2,1,180,0.111
redis-async,2,1,181,0.113
redis-async,2,1,182,0.112
redis-async,2,1,183,0.125
redis-async,2,1,184,0.112
redis-async,2,1,185,0.11
redis-async,2,1,186,0.111
redis-async,2,1,187,0.112
redis-async,2,1,188,0.113
redis-async,2,1,189,0.112
redis-async,2,1,190,0.111
redis-async,2,1,191,0.121
redis-async,2,1,192,0.117
redis-async,2,1,193,0.124
redis-async,2,1,194,0.115
redis-async,2,1,195,0.111
redis-async,2,1,196,0.111
redis-async,2,1,197,0.112
redis-async,2,1,198,0.115
redis-async,2,1,199,0.112
redis-async,2,1,200,0.128
redis-async,2,1,201,0.111
redis-async,2,1,202,0.111
redis-async,2,1,203,0.116
redis-async,2,1,204,0.111
redis-async,2,1,205,0.109
redis-async,2,1,206,0.109
redis-async,2,1,207,0.108
redis-async,2,1,208,0.111
redis-async,2,1,209,0.119
redis-async,2,1,210,0.111
redis-async,2,1,211,0.112
redis-async,2,1,212,0.113
redis-async,2,1,213,0.112
redis-async,2,1,214,0.112
redis-async,2,1,215,0.111
redis-async,2,1,216,0.127
redis-async,2,1,217,0.112
redis-async,2,1,218,0.131
redis-async,2,1,219,0.113
redis-async,2,1,220,0.112
redis-async,2,1,221,0.113
redis-async,2,1,222,0.111
redis-async,2,1,223,0.114
redis-async,2,1,224,0.114
redis-async,2,1,225,0.112
redis-async,2,1,226,0.123
redis-async,2,1,227,0.112
redis-async,2,1,228,0.111
redis-async,2,1,229,0.113
redis-async,2,1,230,0.114
redis-async,2,1,231,0.113
redis-async,2,1,232,0.113
redis-async,2,1,233,0.112
redis-async,2,1,234,0.112
redis-async,2,1,235,0.11
redis-async,2,1,236,0.108
redis-async,2,1,237,0.112
redis-async,2,1,238,0.114
redis-async,2,1,239,0.111
redis-async,2,1,240,0.127
redis-async,2,1,241,0.116
redis-async,2,1,242,0.113
redis-async,2,1,243,0.112
redis-async,2,1,244,0.133
redis-async,2,1,245,0.116
redis-async,2,1,246,0.111
redis-async,2,1,247,0.121
redis-async,2,1,248,0.112
redis-async,2,1,249,0.119
redis-async,2,1,250,0.116
redis-async,2,1,251,0.115
redis-async,2,1,252,0.112
redis-async,2,1,253,0.109
redis-async,2,1,254,0.115
redis-async,2,1,255,0.116
redis-async,2,1,256,0.116
redis-async,2,1,257,0.12
redis-async,2,1,258,0.118
redis-async,2,1,259,0.118
redis-async,2,1,260,0.117
redis-async,2,1,261,0.131
redis-async,2,1,262,0.119
redis-async,2,1,263,0.113
redis-async,2,1,264,0.112
redis-async,2,1,265,0.111
redis-async,2,1,266,0.11
redis-async,2,1,267,0.11
redis-async,2,1,268,0.118
redis-async,2,1,269,0.132
redis-async,2,1,270,0.115
redis-async,2,1,271,0.116
redis-async,2,1,272,0.115
redis-async,2,1,273,0.116
redis-async,2,1,274,0.113
redis-async,2,1,275,0.111
redis-async,2,1,276,0.112
redis-async,2,1,277,0.111
redis-async,2,1,278,0.122
redis-async,2,1,279,0.114
redis-async,2,1,280,0.113
redis-async,2,1,281,0.112
redis-async,2,1,282,0.113
redis-async,2,1,283,0.113
redis-async,2,1,284,0.112
redis-async,2,1,285,0.11
redis-async,2,1,286,0.112
redis-async,2,1,287,0.126
redis-async,2,1,288,0.114
redis-async,2,1,289,0.112
redis-async,2,1,290,0.126
redis-async,2,1,291,0.112
redis-async,2,1,292,0.114
redis-async,2,1,293,0.111
redis-async,2,1,294,0.113
redis-async,2,1,295,0.123
redis-async,2,1,296,0.114
redis-async,2,1,297,0.112
redis-async,2,1,298,0.117
redis-async,2,1,299,0.115
redis-async,2,1,300,0.128
redis-async,2,1,301,0.114
redis-async,2,1,302,0.111
redis-async,2,1,303,0.111
redis-async,2,1,304,0.127
redis-async,2,1,305,0.111
redis-async,2,1,306,0.111
redis-async,2,1,307,0.113
redis-async,2,1,308,0.122
redis-async,2,1,309,0.112
redis-async,2,1,310,0.112
redis-async,2,1,311,0.111
redis-async,2,1,312,0.112
redis-async,2,1,313,0.119
redis-async,2,1,314,0.114
redis-async,2,1,315,0.111
redis-async,2,1,316,0.112
redis-async,2,1,317,0.111
redis-async,2,1,318,0.112
redis-async,2,1,319,0.146
redis-async,2,1,320,0.111
redis-async,2,1,321,0.111
redis-async,2,1,322,0.14
redis-async,2,1,323,0.112
redis-async,2,1,324,0.111
redis-async,2,1,325,0.113
redis-async,2,1,326,0.111
redis-async,2,1,327,0.113
redis-async,2,1,328,0.112
redis-async,2,1,329,0.112
redis-async,2,1,330,0.117
redis-async,2,1,331,0.112
redis-async,2,1,332,0.112
redis-async,2,1,333,0.111
redis-async,2,1,334,0.11
redis-async,2,1,335,0.112
redis-async,2,1,336,0.112
redis-async,2,1,337,0.112
redis-async,2,1,338,0.111
redis-async,2,1,339,0.123
redis-async,2,1,340,0.111
redis-async,2,1,341,0.112
redis-async,2,1,342,0.111
redis-async,2,1,343,0.12
redis-async,2,1,344,0.121
redis-async,2,1,345,0.115
redis-async,2,1,346,0.114
redis-async,2,1,347,0.125
redis-async,2,1,348,0.116
redis-async,2,1,349,0.113
redis-async,2,1,350,0.114
redis-async,2,1,351,0.114
redis-async,2,1,352,0.113
redis-async,2,1,353,0.113
redis-async,2,1,354,0.113
redis-async,2,1,355,0.113
redis-async,2,1,356,0.128
redis-async,2,1,357,0.11
redis-async,2,1,358,0.108
redis-async,2,1,359,0.114
redis-async,2,1,360,0.116
redis-async,2,1,361,0.113
redis-async,2,1,362,0.113
redis-async,2,1,363,0.112
redis-async,2,1,364,0.118
redis-async,2,1,365,0.133
redis-async,2,1,366,0.111
redis-async,2,1,367,0.111
redis-async,2,1,368,0.111
redis-async,2,1,369,0.118
redis-async,2,1,370,0.114
redis-async,2,1,371,0.112
redis-async,2,1,372,0.11
redis-async,2,1,373,0.117
redis-async,2,1,374,0.112
redis-async,2,1,375,0.112
redis-async,2,1,376,0.125
redis-async,2,1,377,0.111
redis-async,2,1,378,0.111
redis-async,2,1,379,0.112
redis-async,2,1,380,0.116
redis-async,2,1,381,0.113
redis-async,2,1,382,0.128
redis-async,2,1,383,0.111
redis-async,2,1,384,0.111
redis-async,2,1,385,0.108
redis-async,2,1,386,0.109
redis-async,2,1,387,0.113
redis-async,2,1,388,0.116
redis-async,2,1,389,0.121
redis-async,2,1,390,0.113
redis-async,2,1,391,0.13
redis-async,2,1,392,0.116
redis-async,2,1,393,0.121
redis-async,2,1,394,0.116
redis-async,2,1,395,0.118
redis-async,2,1,396,0.116
redis-async,2,1,397,0.117
redis-async,2,1,398,0.117
redis-async,2,1,399,0.131
redis-async,2,1,400,0.117
redis-async,2,1,401,0.117
redis-async,2,1,402,0.126
redis-async,2,1,403,0.117
redis-async,2,1,404,0.119
redis-async,2,1,405,0.116
redis-async,2,1,406,0.113
redis-async,2,1,407,0.124
redis-async,2,1,408,0.117
redis-async,2,1,409,0.119
redis-async,2,1,410,0.118
redis-async,2,1,411,0.117
redis-async,2,1,412,0.117
redis-async,2,1,413,0.116
redis-async,2,1,414,0.116
redis-async,2,1,415,0.118
redis-async,2,1,416,0.129
redis-async,2,1,417,0.117
redis-async,2,1,418,0.118
redis-async,2,1,419,0.117
redis-async,2,1,420,0.117
redis-async,2,1,421,0.116
redis-async,2,1,422,0.118
redis-async,2,1,423,0.116
redis-async,2,1,424,0.12
redis-async,2,1,425,0.11
redis-async,2,1,426,0.119
redis-async,2,1,427,0.115
redis-async,2,1,428,0.117
redis-async,2,1,429,0.117
redis-async,2,1,430,0.116
redis-async,2,1,431,0.118
redis-async,2,1,432,0.131
redis-async,2,1,433,0.137
redis-async,2,1,434,0.125
redis-async,2,1,435,0.115
redis-async,2,1,436,0.114
redis-async,2,1,437,0.113
redis-async,2,1,438,0.131
redis-async,2,1,439,0.115
redis-async,2,1,440,0.114
redis-async,2,1,441,0.146
redis-async,2,1,442,0.115
redis-async,2,1,443,0.117
redis-async,2,1,444,0.114
redis-async,2,1,445,0.115
redis-async,2,1,446,0.114
redis-async,2,1,447,0.111
redis-async,2,1,448,0.112
redis-async,2,1,449,0.085
redis-async,2,1,450,0.116
redis-async,2,1,451,0.111
redis-async,2,1,452,0.109
redis-async,2,1,453,0.108
redis-async,2,1,454,0.109
redis-async,2,1,455,0.114
redis-async,2,1,456,0.109
redis-async,2,1,457,0.108
redis-async,2,1,458,0.149
redis-async,2,1,459,0.098
redis-async,2,1,460,0.119
redis-async,2,1,461,0.111
redis-async,2,1,462,0.159
redis-async,2,1,463,0.118
redis-async,2,1,464,0.114
redis-async,2,1,465,0.112
redis-async,2,1,466,0.125
redis-async,2,1,467,0.117
redis-async,2,2,1,0.145
redis-async,2,2,2,0.116
redis-async,2,2,3,0.11
redis-async,2,2,4,0.111
redis-async,2,2,5,0.11
redis-async,2,2,6,0.111
redis-async,2,2,7,0.112
redis-async,2,2,8,0.109
redis-async,2,2,9,0.111
redis-async,2,2,10,0.136
redis-async,2,2,11,0.122
redis-async,2,2,12,0.119
redis-async,2,2,13,0.115
redis-async,2,2,14,0.112
redis-async,2,2,15,0.11
redis-async,2,2,16,0.11
redis-async,2,2,17,0.111
redis-async,2,2,18,0.122
redis-async,2,2,19,0.114
redis-async,2,2,20,0.111
redis-async,2,2,21,0.112
redis-async,2,2,22,0.111
redis-async,2,2,23,0.111
redis-async,2,2,24,0.11
redis-async,2,2,25,0.111
redis-async,2,2,26,0.109
redis-async,2,2,27,0.116
redis-async,2,2,28,0.105
redis-async,2,2,29,0.111
redis-async,2,2,30,0.109
redis-async,2,2,31,0.123
redis-async,2,2,32,0.109
redis-async,2,2,33,0.11
redis-async,2,2,34,0.109
redis-async,2,2,35,0.112
redis-async,2,2,36,0.104
redis-async,2,2,37,0.105
redis-async,2,2,38,0.113
redis-async,2,2,39,0.108
redis-async,2,2,40,0.11
redis-async,2,2,41,0.108
redis-async,2,2,42,0.109
redis-async,2,2,43,0.109
redis-async,2,2,44,0.12
redis-async,2,2,45,0.109
redis-async,2,2,46,0.104
redis-async,2,2,47,0.11
redis-async,2,2,48,0.109
redis-async,2,2,49,0.108
redis-async,2,2,50,0.109
redis-async,2,2,51,0.111
redis-async,2,2,52,0.111
redis-async,2,2,53,0.112
redis-async,2,2,54,0.127
redis-async,2,2,55,0.1
redis-async,2,2,56,0.115
redis-async,2,2,57,0.114
redis-async,2,2,58,0.12
redis-async,2,2,59,0.113
redis-async,2,2,60,0.113
redis-async,2,2,61,0.115
redis-async,2,2,62,0.114
redis-async,2,2,63,0.124
redis-async,2,2,64,0.113
redis-async,2,2,65,0.112
redis-async,2,2,66,0.114
redis-async,2,2,67,0.115
redis-async,2,2,68,0.114
redis-async,2,2,69,0.114
redis-async,2,2,70,0.113
redis-async,2,2,71,0.111
redis-async,2,2,72,0.125
redis-async,2,2,73,0.111
redis-async,2,2,74,0.114
redis-async,2,2,75,0.114
redis-async,2,2,76,0.113
redis-async,2,2,77,0.114
redis-async,2,2,78,0.114
redis-async,2,2,79,0.113
redis-async,2,2,80,0.123
redis-async,2,2,81,0.118
redis-async,2,2,82,0.115
redis-async,2,2,83,0.111
redis-async,2,2,84,0.111
redis-async,2,2,85,0.11
redis-async,2,2,86,0.111
redis-async,2,2,87,0.113
redis-async,2,2,88,0.113
redis-async,2,2,89,0.124
redis-async,2,2,90,0.111
redis-async,2,2,91,0.115
redis-async,2,2,92,0.109
redis-async,2,2,93,0.108
redis-async,2,2,94,0.11
redis-async,2,2,95,0.106
redis-async,2,2,96,0.107
redis-async,2,2,97,0.109
redis-async,2,2,98,0.102
redis-async,2,2,99,0.1
redis-async,2,2,100,0.105
redis-async,2,2,101,0.117
redis-async,2,2,102,0.111
redis-async,2,2,103,0.106
redis-async,2,2,104,0.105
redis-async,2,2,105,0.108
redis-async,2,2,106,0.105
redis-async,2,2,107,0.114
redis-async,2,2,108,0.123
redis-async,2,2,109,0.129
redis-async,2,2,110,0.116
redis-async,2,2,111,0.112
redis-async,2,2,112,0.109
redis-async,2,2,113,0.11
redis-async,2,2,114,0.11
redis-async,2,2,115,0.109
redis-async,2,2,116,0.122
redis-async,2,2,117,0.113
redis-async,2,2,118,0.117
redis-async,2,2,119,0.117
redis-async,2,2,120,0.113
redis-async,2,2,121,0.114
redis-async,2,2,122,0.114
redis-async,2,2,123,0.12
redis-async,2,2,124,0.115
redis-async,2,2,125,0.128
redis-async,2,2,126,0.115
redis-async,2,2,127,0.115
redis-async,2,2,128,0.114
redis-async,2,2,129,0.114
redis-async,2,2,130,0.114
redis-async,2,2,131,0.117
redis-async,2,2,132,0.116
redis-async,2,2,133,0.112
redis-async,2,2,134,0.109
redis-async,2,2,135,0.111
redis-async,2,2,136,0.111
redis-async,2,2,137,0.11
redis-async,2,2,138,0.106
redis-async,2,2,139,0.108
redis-async,2,2,140,0.107
redis-async,2,2,141,0.106
redis-async,2,2,142,0.119
redis-async,2,2,143,0.117
redis-async,2,2,144,0.111
redis-async,2,2,145,0.111
redis-async,2,2,146,0.113
redis-async,2,2,147,0.11
redis-async,2,2,148,0.112
redis-async,2,2,149,0.112
redis-async,2,2,150,0.109
redis-async,2,2,151,0.111
redis-async,2,2,152,0.105
redis-async,2,2,153,0.11
redis-async,2,2,154,0.112
redis-async,2,2,155,0.112
redis-async,2,2,156,0.111
redis-async,2,2,157,0.11
redis-async,2,2,158,0.111
redis-async,2,2,159,0.112
redis-async,2,2,160,0.113
redis-async,2,2,161,0.109
redis-async,2,2,162,0.115
redis-async,2,2,163,0.114
redis-async,2,2,164,0.114
redis-async,2,2,165,0.118
redis-async,2,2,166,0.115
redis-async,2,2,167,0.116
redis-async,2,2,168,0.117
redis-async,2,2,169,0.114
redis-async,2,2,170,0.115
redis-async,2,2,171,0.115
redis-async,2,2,172,0.115
redis-async,2,2,173,0.113
redis-async,2,2,174,0.116
redis-async,2,2,175,0.118
redis-async,2,2,176,0.115
redis-async,2,2,177,0.115
redis-async,2,2,178,0.131
redis-async,2,2,179,0.11
redis-async,2,2,180,0.111
redis-async,2,2,181,0.109
redis-async,2,2,182,0.112
redis-async,2,2,183,0.112
redis-async,2,2,184,0.111
redis-async,2,2,185,0.11
redis-async,2,2,186,0.134
redis-async,2,2,187,0.117
redis-async,2,2,188,0.112
redis-async,2,2,189,0.108
redis-async,2,2,190,0.111
redis-async,2,2,191,0.11
redis-async,2,2,192,0.112
redis-async,2,2,193,0.113
redis-async,2,2,194,0.113
redis-async,2,2,195,0.102
redis-async,2,2,196,0.104
redis-async,2,2,197,0.112
redis-async,2,2,198,0.112
redis-async,2,2,199,0.111
redis-async,2,2,200,0.113
redis-async,2,2,201,0.112
redis-async,2,2,202,0.112
redis-async,2,2,203,0.114
redis-async,2,2,204,0.104
redis-async,2,2,205,0.106
redis-async,2,2,206,0.111
redis-async,2,2,207,0.111
redis-async,2,2,208,0.111
redis-async,2,2,209,0.11
redis-async,2,2,210,0.11
redis-async,2,2,211,0.111
redis-async,2,2,212,0.111
redis-async,2,2,213,0.106
redis-async,2,2,214,0.103
redis-async,2,2,215,0.111
redis-async,2,2,216,0.111
redis-async,2,2,217,0.112
redis-async,2,2,218,0.112
redis-async,2,2,219,0.11
redis-async,2,2,220,0.107
redis-async,2,2,221,0.11
redis-async,2,2,222,0.12
redis-async,2,2,223,0.12
redis-async,2,2,224,0.11
redis-async,2,2,225,0.11
redis-async,2,2,226,0.11
redis-async,2,2,227,0.111
redis-async,2,2,228,0.111
redis-async,2,2,229,0.111
redis-async,2,2,230,0.112
redis-async,2,2,231,0.131
redis-async,2,2,232,0.106
redis-async,2,2,233,0.107
redis-async,2,2,234,0.114
redis-async,2,2,235,0.123
redis-async,2,2,236,0.11
redis-async,2,2,237,0.112
redis-async,2,2,238,0.124
redis-async,2,2,239,0.112
redis-async,2,2,240,0.117
redis-async,2,2,241,0.112
redis-async,2,2,242,0.113
redis-async,2,2,243,0.11
redis-async,2,2,244,0.113
redis-async,2,2,245,0.11
redis-async,2,2,246,0.113
redis-async,2,2,247,0.111
redis-async,2,2,248,0.111
redis-async,2,2,249,0.127
redis-async,2,2,250,0.116
redis-async,2,2,251,0.116
redis-async,2,2,252,0.117
redis-async,2,2,253,0.119
redis-async,2,2,254,0.114
redis-async,2,2,255,0.117
redis-async,2,2,256,0.117
redis-async,2,2,257,0.119
redis-async,2,2,258,0.113
redis-async,2,2,259,0.118
redis-async,2,2,260,0.114
redis-async,2,2,261,0.117
redis-async,2,2,262,0.114
redis-async,2,2,263,0.115
redis-async,2,2,264,0.116
redis-async,2,2,265,0.115
redis-async,2,2,266,0.135
redis-async,2,2,267,0.114
redis-async,2,2,268,0.116
redis-async,2,2,269,0.117
redis-async,2,2,270,0.116
redis-async,2,2,271,0.117
redis-async,2,2,272,0.115
redis-async,2,2,273,0.114
redis-async,2,2,274,0.113
redis-async,2,2,275,0.109
redis-async,2,2,276,0.116
redis-async,2,2,277,0.114
redis-async,2,2,278,0.117
redis-async,2,2,279,0.117
redis-async,2,2,280,0.119
redis-async,2,2,281,0.116
redis-async,2,2,282,0.115
redis-async,2,2,283,0.124
redis-async,2,2,284,0.114
redis-async,2,2,285,0.115
redis-async,2,2,286,0.116
redis-async,2,2,287,0.115
redis-async,2,2,288,0.118
redis-async,2,2,289,0.116
redis-async,2,2,290,0.114
redis-async,2,2,291,0.13
redis-async,2,2,292,0.116
redis-async,2,2,293,0.113
redis-async,2,2,294,0.112
redis-async,2,2,295,0.112
redis-async,2,2,296,0.112
redis-async,2,2,297,0.113
redis-async,2,2,298,0.11
redis-async,2,2,299,0.112
redis-async,2,2,300,0.106
redis-async,2,2,301,0.106
redis-async,2,2,302,0.111
redis-async,2,2,303,0.109
redis-async,2,2,304,0.111
redis-async,2,2,305,0.115
redis-async,2,2,306,0.111
redis-async,2,2,307,0.111
redis-async,2,2,308,0.123
redis-async,2,2,309,0.125
redis-async,2,2,310,0.111
redis-async,2,2,311,0.11
redis-async,2,2,312,0.114
redis-async,2,2,313,0.111
redis-async,2,2,314,0.11
redis-async,2,2,315,0.111
redis-async,2,2,316,0.113
redis-async,2,2,317,0.11
redis-async,2,2,318,0.124
redis-async,2,2,319,0.111
redis-async,2,2,320,0.113
redis-async,2,2,321,0.112
redis-async,2,2,322,0.112
redis-async,2,2,323,0.11
redis-async,2,2,324,0.111
redis-async,2,2,325,0.111
redis-async,2,2,326,0.113
redis-async,2,2,327,0.122
redis-async,2,2,328,0.107
redis-async,2,2,329,0.109
redis-async,2,2,330,0.111
redis-async,2,2,331,0.11
redis-async,2,2,332,0.113
redis-async,2,2,333,0.11
redis-async,2,2,334,0.112
redis-async,2,2,335,0.11
redis-async,2,2,336,0.124
redis-async,2,2,337,0.107
redis-async,2,2,338,0.108
redis-async,2,2,339,0.107
redis-async,2,2,340,0.108
redis-async,2,2,341,0.109
redis-async,2,2,342,0.108
redis-async,2,2,343,0.115
redis-async,2,2,344,0.109
redis-async,2,2,345,0.116
redis-async,2,2,346,0.108
redis-async,2,2,347,0.108
redis-async,2,2,348,0.11
redis-async,2,2,349,0.108
redis-async,2,2,350,0.11
redis-async,2,2,351,0.107
redis-async,2,2,352,0.108
redis-async,2,2,353,0.108
redis-async,2,2,354,0.116
redis-async,2,2,355,0.106
redis-async,2,2,356,0.11
redis-async,2,2,357,0.11
redis-async,2,2,358,0.112
redis-async,2,2,359,0.11
redis-async,2,2,360,0.113
redis-async,2,2,361,0.11
redis-async,2,2,362,0.111
redis-async,2,2,363,0.123
redis-async,2,2,364,0.112
redis-async,2,2,365,0.111
redis-async,2,2,366,0.11
redis-async,2,2,367,0.111
redis-async,2,2,368,0.112
redis-async,2,2,369,0.112
redis-async,2,2,370,0.11
redis-async,2,2,371,0.11
redis-async,2,2,372,0.126
redis-async,2,2,373,0.11
redis-async,2,2,374,0.111
redis-async,2,2,375,0.11
redis-async,2,2,376,0.111
redis-async,2,2,377,0.111
redis-async,2,2,378,0.111
redis-async,2,2,379,0.107
redis-async,2,2,380,0.107
redis-async,2,2,381,0.13
redis-async,2,2,382,0.121
redis-async,2,2,383,0.108
redis-async,2,2,384,0.108
redis-async,2,2,385,0.129
redis-async,2,2,386,0.107
redis-async,2,2,387,0.115
redis-async,2,2,388,0.116
redis-async,2,2,389,0.128
redis-async,2,2,390,0.124
redis-async,2,2,391,0.137
redis-async,2,2,392,0.12
redis-async,2,2,393,0.119
redis-async,2,2,394,0.116
redis-async,2,2,395,0.116
redis-async,2,2,396,0.118
redis-async,2,2,397,0.126
redis-async,2,2,398,0.12
redis-async,2,2,399,0.119
redis-async,2,2,400,0.119
redis-async,2,2,401,0.118
redis-async,2,2,402,0.128
redis-async,2,2,403,0.116
redis-async,2,2,404,0.116
redis-async,2,2,405,0.116
redis-async,2,2,406,0.134
redis-async,2,2,407,0.116
redis-async,2,2,408,0.119
redis-async,2,2,409,0.116
redis-async,2,2,410,0.118
redis-async,2,2,411,0.117
redis-async,2,2,412,0.117
redis-async,2,2,413,0.116
redis-async,2,2,414,0.134
redis-async,2,2,415,0.12
redis-async,2,2,416,0.116
redis-async,2,2,417,0.121
redis-async,2,2,418,0.117
redis-async,2,2,419,0.118
redis-async,2,2,420,0.115
redis-async,2,2,421,0.118
redis-async,2,2,422,0.123
redis-async,2,2,423,0.116
redis-async,2,2,424,0.114
redis-async,2,2,425,0.112
redis-async,2,2,426,0.113
redis-async,2,2,427,0.112
redis-async,2,2,428,0.113
redis-async,2,2,429,0.112
redis-async,2,2,430,0.114
redis-async,2,2,431,0.127
redis-async,2,2,432,0.114
redis-async,2,2,433,0.115
redis-async,2,2,434,0.112
redis-async,2,2,435,0.111
redis-async,2,2,436,0.113
redis-async,2,2,437,0.115
redis-async,2,2,438,0.113
redis-async,2,2,439,0.114
redis-async,2,2,440,0.13
redis-async,2,2,441,0.114
redis-async,2,2,442,0.12
redis-async,2,2,443,0.112
redis-async,2,2,444,0.114
redis-async,2,2,445,0.113
redis-async,2,2,446,0.114
redis-async,2,2,447,0.109
redis-async,2,2,448,0.122
redis-async,2,2,449,0.139
redis-async,2,2,450,0.116
redis-async,2,2,451,0.114
redis-async,2,2,452,0.114
redis-async,2,2,453,0.112
redis-async,2,2,454,0.112
redis-async,2,2,455,0.116
redis-async,2,2,456,0.112
redis-async,2,2,457,0.123
redis-async,2,2,458,0.119
redis-async,2,2,459,0.123
redis-async,2,2,460,0.114
redis-async,2,2,461,0.115
redis-async,2,2,462,0.142
redis-async,2,2,463,0.116
redis-async,2,2,464,0.112
redis-async,2,2,465,0.128
redis-async,2,2,466,0.124
redis-async,2,2,467,0.115
redis-async,2,3,1,0.125
redis-async,2,3,2,0.114
redis-async,2,3,3,0.11
redis-async,2,3,4,0.109
redis-async,2,3,5,0.11
redis-async,2,3,6,0.105
redis-async,2,3,7,0.109
redis-async,2,3,8,0.108
redis-async,2,3,9,0.107
redis-async,2,3,10,0.109
redis-async,2,3,11,0.107
redis-async,2,3,12,0.108
redis-async,2,3,13,0.106
redis-async,2,3,14,0.107
redis-async,2,3,15,0.118
redis-async,2,3,16,0.118
redis-async,2,3,17,0.111
redis-async,2,3,18,0.11
redis-async,2,3,19,0.109
redis-async,2,3,20,0.108
redis-async,2,3,21,0.109
redis-async,2,3,22,0.111
redis-async,2,3,23,0.114
redis-async,2,3,24,0.123
redis-async,2,3,25,0.11
redis-async,2,3,26,0.11
redis-async,2,3,27,0.11
redis-async,2,3,28,0.117
redis-async,2,3,29,0.109
redis-async,2,3,30,0.109
redis-async,2,3,31,0.11
redis-async,2,3,32,0.11
redis-async,2,3,33,0.126
redis-async,2,3,34,0.111
redis-async,2,3,35,0.109
redis-async,2,3,36,0.109
redis-async,2,3,37,0.111
redis-async,2,3,38,0.124
redis-async,2,3,39,0.109
redis-async,2,3,40,0.112
redis-async,2,3,41,0.15
redis-async,2,3,42,0.132
redis-async,2,3,43,0.114
redis-async,2,3,44,0.112
redis-async,2,3,45,0.113
redis-async,2,3,46,0.109
redis-async,2,3,47,0.284
redis-async,2,3,48,0.125
redis-async,2,3,49,0.113
redis-async,2,3,50,0.109
redis-async,2,3,51,0.113
redis-async,2,3,52,0.113
redis-async,2,3,53,0.113
redis-async,2,3,54,0.109
redis-async,2,3,55,0.111
redis-async,2,3,56,0.111
redis-async,2,3,57,0.114
redis-async,2,3,58,0.105
redis-async,2,3,59,0.111
redis-async,2,3,60,0.111
redis-async,2,3,61,0.109
redis-async,2,3,62,0.111
redis-async,2,3,63,0.111
redis-async,2,3,64,0.11
redis-async,2,3,65,0.109
redis-async,2,3,66,0.11
redis-async,2,3,67,0.107
redis-async,2,3,68,0.109
redis-async,2,3,69,0.111
redis-async,2,3,70,0.114
redis-async,2,3,71,0.11
redis-async,2,3,72,0.11
redis-async,2,3,73,0.112
redis-async,2,3,74,0.112
redis-async,2,3,75,0.112
redis-async,2,3,76,0.105
redis-async,2,3,77,0.111
redis-async,2,3,78,0.11
redis-async,2,3,79,0.109
redis-async,2,3,80,0.108
redis-async,2,3,81,0.108
redis-async,2,3,82,0.109
redis-async,2,3,83,0.11
redis-async,2,3,84,0.12
redis-async,2,3,85,0.115
redis-async,2,3,86,0.109
redis-async,2,3,87,0.109
redis-async,2,3,88,0.107
redis-async,2,3,89,0.107
redis-async,2,3,90,0.107
redis-async,2,3,91,0.106
redis-async,2,3,92,0.105
redis-async,2,3,93,0.124
redis-async,2,3,94,0.108
redis-async,2,3,95,0.105
redis-async,2,3,96,0.105
redis-async,2,3,97,0.106
redis-async,2,3,98,0.106
redis-async,2,3,99,0.105
redis-async,2,3,100,0.108
redis-async,2,3,101,0.113
redis-async,2,3,102,0.114
redis-async,2,3,103,0.126
redis-async,2,3,104,0.11
redis-async,2,3,105,0.111
redis-async,2,3,106,0.109
redis-async,2,3,107,0.11
redis-async,2,3,108,0.108
redis-async,2,3,109,0.109
redis-async,2,3,110,0.109
redis-async,2,3,111,0.109
redis-async,2,3,112,0.127
redis-async,2,3,113,0.109
redis-async,2,3,114,0.108
redis-async,2,3,115,0.113
redis-async,2,3,116,0.108
redis-async,2,3,117,0.108
redis-async,2,3,118,0.113
redis-async,2,3,119,0.107
redis-async,2,3,120,0.12
redis-async,2,3,121,0.111
redis-async,2,3,122,0.107
redis-async,2,3,123,0.109
redis-async,2,3,124,0.107
redis-async,2,3,125,0.108
redis-async,2,3,126,0.111
redis-async,2,3,127,0.11
redis-async,2,3,128,0.131
redis-async,2,3,129,0.126
redis-async,2,3,130,0.109
redis-async,2,3,131,0.127
redis-async,2,3,132,0.116
redis-async,2,3,133,0.114
redis-async,2,3,134,0.111
redis-async,2,3,135,0.112
redis-async,2,3,136,0.111
redis-async,2,3,137,0.115
redis-async,2,3,138,0.116
redis-async,2,3,139,0.113
redis-async,2,3,140,0.113
redis-async,2,3,141,0.114
redis-async,2,3,142,0.109
redis-async,2,3,143,0.109
redis-async,2,3,144,0.109
redis-async,2,3,145,0.11
redis-async,2,3,146,0.114
redis-async,2,3,147,0.123
redis-async,2,3,148,0.109
redis-async,2,3,149,0.117
redis-async,2,3,150,0.11
redis-async,2,3,151,0.11
redis-async,2,3,152,0.111
redis-async,2,3,153,0.111
redis-async,2,3,154,0.12
redis-async,2,3,155,0.117
redis-async,2,3,156,0.122
redis-async,2,3,157,0.116
redis-async,2,3,158,0.114
redis-async,2,3,159,0.113
redis-async,2,3,160,0.11
redis-async,2,3,161,0.112
redis-async,2,3,162,0.113
redis-async,2,3,163,0.109
redis-async,2,3,164,0.106
redis-async,2,3,165,0.108
redis-async,2,3,166,0.113
redis-async,2,3,167,0.114
redis-async,2,3,168,0.112
redis-async,2,3,169,0.113
redis-async,2,3,170,0.114
redis-async,2,3,171,0.113
redis-async,2,3,172,0.112
redis-async,2,3,173,0.106
redis-async,2,3,174,0.107
redis-async,2,3,175,0.111
redis-async,2,3,176,0.111
redis-async,2,3,177,0.111
redis-async,2,3,178,0.111
redis-async,2,3,179,0.109
redis-async,2,3,180,0.11
redis-async,2,3,181,0.11
redis-async,2,3,182,0.105
redis-async,2,3,183,0.102
redis-async,2,3,184,0.11
redis-async,2,3,185,0.112
redis-async,2,3,186,0.122
redis-async,2,3,187,0.11
redis-async,2,3,188,0.11
redis-async,2,3,189,0.133
redis-async,2,3,190,0.11
redis-async,2,3,191,0.099
redis-async,2,3,192,0.105
redis-async,2,3,193,0.112
redis-async,2,3,194,0.11
redis-async,2,3,195,0.11
redis-async,2,3,196,0.113
redis-async,2,3,197,0.115
redis-async,2,3,198,0.111
redis-async,2,3,199,0.112
redis-async,2,3,200,0.113
redis-async,2,3,201,0.104
redis-async,2,3,202,0.11
redis-async,2,3,203,0.124
redis-async,2,3,204,0.111
redis-async,2,3,205,0.112
redis-async,2,3,206,0.115
redis-async,2,3,207,0.11
redis-async,2,3,208,0.111
redis-async,2,3,209,0.131
redis-async,2,3,210,0.114
redis-async,2,3,211,0.109
redis-async,2,3,212,0.109
redis-async,2,3,213,0.11
redis-async,2,3,214,0.109
redis-async,2,3,215,0.109
redis-async,2,3,216,0.109
redis-async,2,3,217,0.112
redis-async,2,3,218,0.123
redis-async,2,3,219,0.112
redis-async,2,3,220,0.114
redis-async,2,3,221,0.109
redis-async,2,3,222,0.109
redis-async,2,3,223,0.111
redis-async,2,3,224,0.108
redis-async,2,3,225,0.121
redis-async,2,3,226,0.114
redis-async,2,3,227,0.142
redis-async,2,3,228,0.119
redis-async,2,3,229,0.116
redis-async,2,3,230,0.115
redis-async,2,3,231,0.118
redis-async,2,3,232,0.115
redis-async,2,3,233,0.112
redis-async,2,3,234,0.112
redis-async,2,3,235,0.106
redis-async,2,3,236,0.107
redis-async,2,3,237,0.117
redis-async,2,3,238,0.117
redis-async,2,3,239,0.116
redis-async,2,3,240,0.11
redis-async,2,3,241,0.111
redis-async,2,3,242,0.112
redis-async,2,3,243,0.11
redis-async,2,3,244,0.124
redis-async,2,3,245,0.112
redis-async,2,3,246,0.111
redis-async,2,3,247,0.111
redis-async,2,3,248,0.112
redis-async,2,3,249,0.11
redis-async,2,3,250,0.113
redis-async,2,3,251,0.11
redis-async,2,3,252,0.111
redis-async,2,3,253,0.123
redis-async,2,3,254,0.11
redis-async,2,3,255,0.111
redis-async,2,3,256,0.11
redis-async,2,3,257,0.113
redis-async,2,3,258,0.115
redis-async,2,3,259,0.11
redis-async,2,3,260,0.111
redis-async,2,3,261,0.111
redis-async,2,3,262,0.13
redis-async,2,3,263,0.114
redis-async,2,3,264,0.12
redis-async,2,3,265,0.112
redis-async,2,3,266,0.114
redis-async,2,3,267,0.115
redis-async,2,3,268,0.114
redis-async,2,3,269,0.113
redis-async,2,3,270,0.132
redis-async,2,3,271,0.111
redis-async,2,3,272,0.111
redis-async,2,3,273,0.111
redis-async,2,3,274,0.11
redis-async,2,3,275,0.112
redis-async,2,3,276,0.11
redis-async,2,3,277,0.114
redis-async,2,3,278,0.11
redis-async,2,3,279,0.127
redis-async,2,3,280,0.117
redis-async,2,3,281,0.113
redis-async,2,3,282,0.11
redis-async,2,3,283,0.112
redis-async,2,3,284,0.11
redis-async,2,3,285,0.112
redis-async,2,3,286,0.115
redis-async,2,3,287,0.114
redis-async,2,3,288,0.14
redis-async,2,3,289,0.109
redis-async,2,3,290,0.111
redis-async,2,3,291,0.113
redis-async,2,3,292,0.121
redis-async,2,3,293,0.114
redis-async,2,3,294,0.114
redis-async,2,3,295,0.107
redis-async,2,3,296,0.124
redis-async,2,3,297,0.125
redis-async,2,3,298,0.111
redis-async,2,3,299,0.112
redis-async,2,3,300,0.112
redis-async,2,3,301,0.112
redis-async,2,3,302,0.108
redis-async,2,3,303,0.111
redis-async,2,3,304,0.113
redis-async,2,3,305,0.125
redis-async,2,3,306,0.114
redis-async,2,3,307,0.11
redis-async,2,3,308,0.112
redis-async,2,3,309,0.112
redis-async,2,3,310,0.11
redis-async,2,3,311,0.11
redis-async,2,3,312,0.111
redis-async,2,3,313,0.112
redis-async,2,3,314,0.131
redis-async,2,3,315,0.117
redis-async,2,3,316,0.129
redis-async,2,3,317,0.125
redis-async,2,3,318,0.111
redis-async,2,3,319,0.111
redis-async,2,3,320,0.114
redis-async,2,3,321,0.115
redis-async,2,3,322,0.13
redis-async,2,3,323,0.115
redis-async,2,3,324,0.115
redis-async,2,3,325,0.117
redis-async,2,3,326,0.131
redis-async,2,3,327,0.115
redis-async,2,3,328,0.115
redis-async,2,3,329,0.115
redis-async,2,3,330,0.115
redis-async,2,3,331,0.122
redis-async,2,3,332,0.13
redis-async,2,3,333,0.116
redis-async,2,3,334,0.117
redis-async,2,3,335,0.13
redis-async,2,3,336,0.116
redis-async,2,3,337,0.114
redis-async,2,3,338,0.115
redis-async,2,3,339,0.129
redis-async,2,3,340,0.115
redis-async,2,3,341,0.115
redis-async,2,3,342,0.127
redis-async,2,3,343,0.12
redis-async,2,3,344,0.114
redis-async,2,3,345,0.114
redis-async,2,3,346,0.115
redis-async,2,3,347,0.124
redis-async,2,3,348,0.112
redis-async,2,3,349,0.113
redis-async,2,3,350,0.111
redis-async,2,3,351,0.111
redis-async,2,3,352,0.11
redis-async,2,3,353,0.114
redis-async,2,3,354,0.11
redis-async,2,3,355,0.111
redis-async,2,3,356,0.152
redis-async,2,3,357,0.102
redis-async,2,3,358,0.106
redis-async,2,3,359,0.107
redis-async,2,3,360,0.108
redis-async,2,3,361,0.107
redis-async,2,3,362,0.106
redis-async,2,3,363,0.106
redis-async,2,3,364,0.107
redis-async,2,3,365,0.11
redis-async,2,3,366,0.101
redis-async,2,3,367,0.107
redis-async,2,3,368,0.108
redis-async,2,3,369,0.106
redis-async,2,3,370,0.109
redis-async,2,3,371,0.106
redis-async,2,3,372,0.107
redis-async,2,3,373,0.107
redis-async,2,3,374,0.116
redis-async,2,3,375,0.113
redis-async,2,3,376,0.11
redis-async,2,3,377,0.114
redis-async,2,3,378,0.112
redis-async,2,3,379,0.109
redis-async,2,3,380,0.107
redis-async,2,3,381,0.108
redis-async,2,3,382,0.111
redis-async,2,3,383,0.127
redis-async,2,3,384,0.111
redis-async,2,3,385,0.113
redis-async,2,3,386,0.112
redis-async,2,3,387,0.112
redis-async,2,3,388,0.111
redis-async,2,3,389,0.111
redis-async,2,3,390,0.112
redis-async,2,3,391,0.111
redis-async,2,3,392,0.123
redis-async,2,3,393,0.112
redis-async,2,3,394,0.112
redis-async,2,3,395,0.115
redis-async,2,3,396,0.114
redis-async,2,3,397,0.112
redis-async,2,3,398,0.113
redis-async,2,3,399,0.114
redis-async,2,3,400,0.115
redis-async,2,3,401,0.117
redis-async,2,3,402,0.114
redis-async,2,3,403,0.109
redis-async,2,3,404,0.108
redis-async,2,3,405,0.108
redis-async,2,3,406,0.109
redis-async,2,3,407,0.108
redis-async,2,3,408,0.108
redis-async,2,3,409,0.108
redis-async,2,3,410,0.128
redis-async,2,3,411,0.11
redis-async,2,3,412,0.111
redis-async,2,3,413,0.11
redis-async,2,3,414,0.113
redis-async,2,3,415,0.113
redis-async,2,3,416,0.111
redis-async,2,3,417,0.112
redis-async,2,3,418,0.112
redis-async,2,3,419,0.124
redis-async,2,3,420,0.113
redis-async,2,3,421,0.11
redis-async,2,3,422,0.11
redis-async,2,3,423,0.116
redis-async,2,3,424,0.116
redis-async,2,3,425,0.11
redis-async,2,3,426,0.111
redis-async,2,3,427,0.11
redis-async,2,3,428,0.128
redis-async,2,3,429,0.114
redis-async,2,3,430,0.114
redis-async,2,3,431,0.111
redis-async,2,3,432,0.122
redis-async,2,3,433,0.112
redis-async,2,3,434,0.11
redis-async,2,3,435,0.113
redis-async,2,3,436,0.116
redis-async,2,3,437,0.11
redis-async,2,3,438,0.109
redis-async,2,3,439,0.109
redis-async,2,3,440,0.11
redis-async,2,3,441,0.112
redis-async,2,3,442,0.113
redis-async,2,3,443,0.109
redis-async,2,3,444,0.112
redis-async,2,3,445,0.119
redis-async,2,3,446,0.111
redis-async,2,3,447,0.112
redis-async,2,3,448,0.11
redis-async,2,3,449,0.109
redis-async,2,3,450,0.11
redis-async,2,3,451,0.109
redis-async,2,3,452,0.112
redis-async,2,3,453,0.111
redis-async,2,3,454,0.114
redis-async,2,3,455,0.106
redis-async,2,3,456,0.111
redis-async,2,3,457,0.109
redis-async,2,3,458,0.11
redis-async,2,3,459,0.109
redis-async,2,3,460,0.11
redis-async,2,3,461,0.11
redis-async,2,3,462,0.14
redis-async,2,3,463,0.126
redis-async,2,3,464,0.115
redis-async,2,3,465,0.11
redis-async,2,3,466,0.11
redis-async,2,3,467,0.109
redis-wait,2,1,1,2.522
redis-wait,2,1,2,2.632
redis-wait,2,1,3,2.538
redis-wait,2,1,4,2.381
redis-wait,2,1,5,2.823
redis-wait,2,1,6,2.758
redis-wait,2,1,7,2.637
redis-wait,2,1,8,2.578
redis-wait,2,1,9,2.746
redis-wait,2,1,10,2.664
redis-wait,2,1,11,2.569
redis-wait,2,1,12,2.739
redis-wait,2,1,13,2.696
redis-wait,2,1,14,2.583
redis-wait,2,1,15,2.692
redis-wait,2,1,16,2.669
redis-wait,2,1,17,2.549
redis-wait,2,1,18,2.71
redis-wait,2,1,19,2.792
redis-wait,2,1,20,2.571
redis-wait,2,1,21,2.73
redis-wait,2,1,22,2.658
redis-wait,2,1,23,2.52
redis-wait,2,1,24,2.725
redis-wait,2,1,25,2.63
redis-wait,2,1,26,2.489
redis-wait,2,1,27,2.683
redis-wait,2,1,28,2.345
redis-wait,2,1,29,2.485
redis-wait,2,1,30,2.35
redis-wait,2,1,31,2.642
redis-wait,2,1,32,2.488
redis-wait,2,1,33,2.657
redis-wait,2,1,34,2.546
redis-wait,2,1,35,2.711
redis-wait,2,1,36,2.6
redis-wait,2,1,37,2.79
redis-wait,2,1,38,2.737
redis-wait,2,1,39,2.646
redis-wait,2,1,40,2.534
redis-wait,2,1,41,2.725
redis-wait,2,1,42,2.644
redis-wait,2,1,43,2.542
redis-wait,2,1,44,2.694
redis-wait,2,1,45,2.351
redis-wait,2,1,46,2.733
redis-wait,2,1,47,2.621
redis-wait,2,1,48,2.527
redis-wait,2,1,49,2.674
redis-wait,2,1,50,2.565
redis-wait,2,1,51,2.738
redis-wait,2,1,52,2.714
redis-wait,2,1,53,2.565
redis-wait,2,1,54,2.524
redis-wait,2,1,55,2.587
redis-wait,2,1,56,2.799
redis-wait,2,1,57,2.744
redis-wait,2,1,58,2.359
redis-wait,2,1,59,2.775
redis-wait,2,1,60,2.688
redis-wait,2,1,61,2.566
redis-wait,2,1,62,2.775
redis-wait,2,1,63,2.703
redis-wait,2,1,64,2.617
redis-wait,2,1,65,2.81
redis-wait,2,1,66,2.748
redis-wait,2,1,67,2.691
redis-wait,2,1,68,2.567
redis-wait,2,1,69,2.769
redis-wait,2,1,70,2.703
redis-wait,2,1,71,2.59
redis-wait,2,1,72,2.771
redis-wait,2,1,73,2.693
redis-wait,2,1,74,2.597
redis-wait,2,1,75,2.794
redis-wait,2,1,76,2.758
redis-wait,2,1,77,2.703
redis-wait,2,1,78,2.627
redis-wait,2,1,79,2.812
redis-wait,2,1,80,2.761
redis-wait,2,1,81,2.666
redis-wait,2,1,82,2.588
redis-wait,2,1,83,2.759
redis-wait,2,1,84,2.678
redis-wait,2,1,85,2.657
redis-wait,2,1,86,2.852
redis-wait,2,1,87,2.8
redis-wait,2,1,88,2.744
redis-wait,2,1,89,2.685
redis-wait,2,1,90,3.355
redis-wait,2,1,91,2.883
redis-wait,2,1,92,2.759
redis-wait,2,1,93,2.567
redis-wait,2,1,94,2.798
redis-wait,2,1,95,2.707
redis-wait,2,1,96,3.044
redis-wait,2,1,97,3.093
redis-wait,2,1,98,2.706
redis-wait,2,1,99,3.125
redis-wait,2,1,100,2.831
redis-wait,2,1,101,2.938
redis-wait,2,1,102,2.956
redis-wait,2,1,103,2.884
redis-wait,2,1,104,2.857
redis-wait,2,1,105,2.9
redis-wait,2,1,106,2.743
redis-wait,2,1,107,2.712
redis-wait,2,1,108,3.139
redis-wait,2,1,109,2.974
redis-wait,2,1,110,3.289
redis-wait,2,1,111,3.428
redis-wait,2,1,112,3.762
redis-wait,2,1,113,3.541
redis-wait,2,1,114,3.017
redis-wait,2,1,115,3.119
redis-wait,2,1,116,3.296
redis-wait,2,1,117,3.38
redis-wait,2,1,118,3.477
redis-wait,2,1,119,3.145
redis-wait,2,1,120,3.545
redis-wait,2,1,121,3.234
redis-wait,2,1,122,3.225
redis-wait,2,1,123,3.307
redis-wait,2,1,124,3.111
redis-wait,2,1,125,3.165
redis-wait,2,1,126,3.08
redis-wait,2,1,127,3.188
redis-wait,2,1,128,2.988
redis-wait,2,1,129,2.954
redis-wait,2,1,130,3.157
redis-wait,2,1,131,3.13
redis-wait,2,1,132,2.586
redis-wait,2,1,133,2.895
redis-wait,2,1,134,3.217
redis-wait,2,1,135,3.195
redis-wait,2,1,136,3.042
redis-wait,2,1,137,3.117
redis-wait,2,1,138,3.871
redis-wait,2,1,139,3.344
redis-wait,2,1,140,3.458
redis-wait,2,1,141,3.453
redis-wait,2,1,142,3.455
redis-wait,2,1,143,3.16
redis-wait,2,1,144,2.663
redis-wait,2,1,145,2.746
redis-wait,2,1,146,2.982
redis-wait,2,1,147,3.224
redis-wait,2,1,148,2.863
redis-wait,2,1,149,3.444
redis-wait,2,1,150,3.355
redis-wait,2,1,151,3.378
redis-wait,2,1,152,3.082
redis-wait,2,1,153,2.805
redis-wait,2,1,154,3.196
redis-wait,2,1,155,3.143
redis-wait,2,1,156,3.515
redis-wait,2,1,157,3.1
redis-wait,2,1,158,2.97
redis-wait,2,1,159,3.865
redis-wait,2,1,160,3.378
redis-wait,2,1,161,3.006
redis-wait,2,1,162,3.237
redis-wait,2,1,163,3.467
redis-wait,2,1,164,3.534
redis-wait,2,1,165,3.631
redis-wait,2,1,166,3.249
redis-wait,2,1,167,3.265
redis-wait,2,1,168,3.386
redis-wait,2,1,169,3.452
redis-wait,2,1,170,2.896
redis-wait,2,1,171,3.071
redis-wait,2,1,172,3.346
redis-wait,2,1,173,3.408
redis-wait,2,1,174,3.386
redis-wait,2,1,175,3.168
redis-wait,2,1,176,3.227
redis-wait,2,1,177,3.256
redis-wait,2,1,178,3.442
redis-wait,2,1,179,3.665
redis-wait,2,1,180,3.737
redis-wait,2,1,181,3.862
redis-wait,2,1,182,3.683
redis-wait,2,1,183,3.983
redis-wait,2,1,184,4.441
redis-wait,2,1,185,2.914
redis-wait,2,1,186,3.198
redis-wait,2,1,187,3.097
redis-wait,2,1,188,4.344
redis-wait,2,1,189,3.886
redis-wait,2,1,190,3.404
redis-wait,2,1,191,2.886
redis-wait,2,1,192,3.154
redis-wait,2,1,193,3.793
redis-wait,2,1,194,3.23
redis-wait,2,1,195,2.87
redis-wait,2,1,196,2.891
redis-wait,2,1,197,3.064
redis-wait,2,1,198,4.151
redis-wait,2,1,199,3.829
redis-wait,2,1,200,3.022
redis-wait,2,1,201,2.995
redis-wait,2,1,202,2.974
redis-wait,2,1,203,3.661
redis-wait,2,1,204,3.017
redis-wait,2,1,205,3.029
redis-wait,2,1,206,2.967
redis-wait,2,1,207,3.045
redis-wait,2,1,208,4.619
redis-wait,2,1,209,4.192
redis-wait,2,1,210,3.031
redis-wait,2,1,211,2.666
redis-wait,2,1,212,2.871
redis-wait,2,1,213,4.592
redis-wait,2,1,214,3.598
redis-wait,2,1,215,3.129
redis-wait,2,1,216,3.004
redis-wait,2,1,217,2.926
redis-wait,2,1,218,4.044
redis-wait,2,1,219,4.195
redis-wait,2,1,220,3.021
redis-wait,2,1,221,2.604
redis-wait,2,1,222,2.84
redis-wait,2,1,223,4.026
redis-wait,2,1,224,2.976
redis-wait,2,1,225,2.896
redis-wait,2,1,226,3.465
redis-wait,2,1,227,3.128
redis-wait,2,1,228,3.167
redis-wait,2,1,229,3.323
redis-wait,2,1,230,2.972
redis-wait,2,1,231,2.977
redis-wait,2,1,232,3.184
redis-wait,2,1,233,3.046
redis-wait,2,1,234,4.653
redis-wait,2,1,235,3.097
redis-wait,2,1,236,3.11
redis-wait,2,1,237,3.23
redis-wait,2,1,238,4.013
redis-wait,2,1,239,2.917
redis-wait,2,1,240,2.939
redis-wait,2,1,241,2.776
redis-wait,2,1,242,3.207
redis-wait,2,1,243,3.038
redis-wait,2,1,244,3.67
redis-wait,2,1,245,3.063
redis-wait,2,1,246,3.02
redis-wait,2,1,247,2.563
redis-wait,2,1,248,2.787
redis-wait,2,1,249,3.306
redis-wait,2,1,250,3.327
redis-wait,2,1,251,3.014
redis-wait,2,1,252,3.028
redis-wait,2,1,253,3.023
redis-wait,2,1,254,2.827
redis-wait,2,1,255,3.081
redis-wait,2,1,256,2.725
redis-wait,2,1,257,2.865
redis-wait,2,1,258,2.802
redis-wait,2,1,259,2.844
redis-wait,2,1,260,2.928
redis-wait,2,1,261,2.753
redis-wait,2,1,262,2.978
redis-wait,2,1,263,2.946
redis-wait,2,1,264,2.95
redis-wait,2,1,265,2.956
redis-wait,2,1,266,2.937
redis-wait,2,1,267,2.935
redis-wait,2,1,268,3.004
redis-wait,2,1,269,2.945
redis-wait,2,1,270,2.58
redis-wait,2,1,271,2.765
redis-wait,2,1,272,3.421
redis-wait,2,1,273,3.172
redis-wait,2,1,274,3.058
redis-wait,2,1,275,2.92
redis-wait,2,1,276,3.144
redis-wait,2,1,277,3.252
redis-wait,2,1,278,3.016
redis-wait,2,1,279,3.086
redis-wait,2,1,280,2.868
redis-wait,2,1,281,3.207
redis-wait,2,1,282,3.112
redis-wait,2,1,283,3.809
redis-wait,2,1,284,3.793
redis-wait,2,1,285,3.178
redis-wait,2,1,286,2.785
redis-wait,2,1,287,3.032
redis-wait,2,1,288,3.344
redis-wait,2,1,289,3.12
redis-wait,2,1,290,3.204
redis-wait,2,1,291,3.062
redis-wait,2,1,292,3.119
redis-wait,2,1,293,3.097
redis-wait,2,1,294,3.19
redis-wait,2,1,295,3.087
redis-wait,2,1,296,3.172
redis-wait,2,1,297,3.003
redis-wait,2,1,298,3.085
redis-wait,2,1,299,3.012
redis-wait,2,1,300,2.991
redis-wait,2,1,301,3.131
redis-wait,2,1,302,2.857
redis-wait,2,1,303,2.87
redis-wait,2,1,304,3.012
redis-wait,2,1,305,3.456
redis-wait,2,1,306,3.412
redis-wait,2,1,307,2.99
redis-wait,2,1,308,3.149
redis-wait,2,1,309,3.275
redis-wait,2,1,310,3.254
redis-wait,2,1,311,3.128
redis-wait,2,1,312,2.956
redis-wait,2,1,313,3.069
redis-wait,2,1,314,3.125
redis-wait,2,1,315,3.156
redis-wait,2,1,316,2.704
redis-wait,2,1,317,2.722
redis-wait,2,1,318,3.352
redis-wait,2,1,319,3.279
redis-wait,2,1,320,3.283
redis-wait,2,1,321,3.337
redis-wait,2,1,322,3.031
redis-wait,2,1,323,3.18
redis-wait,2,1,324,2.958
redis-wait,2,1,325,3.127
redis-wait,2,1,326,3.148
redis-wait,2,1,327,2.962
redis-wait,2,1,328,3.246
redis-wait,2,1,329,3.184
redis-wait,2,1,330,3.037
redis-wait,2,1,331,3.016
redis-wait,2,1,332,3.029
redis-wait,2,1,333,3.292
redis-wait,2,1,334,3.016
redis-wait,2,1,335,3.13
redis-wait,2,1,336,3.534
redis-wait,2,1,337,3.11
redis-wait,2,1,338,3.625
redis-wait,2,1,339,3.516
redis-wait,2,1,340,3.325
redis-wait,2,1,341,4.075
redis-wait,2,1,342,3.276
redis-wait,2,1,343,3.051
redis-wait,2,1,344,3.425
redis-wait,2,1,345,4.355
redis-wait,2,1,346,4.368
redis-wait,2,1,347,3.738
redis-wait,2,1,348,3.659
redis-wait,2,1,349,3.607
redis-wait,2,1,350,3.62
redis-wait,2,1,351,2.693
redis-wait,2,1,352,2.921
redis-wait,2,1,353,3.785
redis-wait,2,1,354,3.674
redis-wait,2,1,355,4.547
redis-wait,2,1,356,3.327
redis-wait,2,1,357,3.365
redis-wait,2,1,358,3.114
redis-wait,2,1,359,3.189
redis-wait,2,1,360,3.555
redis-wait,2,1,361,3.228
redis-wait,2,1,362,3.061
redis-wait,2,1,363,3.019
redis-wait,2,1,364,3.035
redis-wait,2,1,365,3.081
redis-wait,2,1,366,2.673
redis-wait,2,1,367,2.498
redis-wait,2,1,368,2.763
redis-wait,2,1,369,2.762
redis-wait,2,1,370,3.252
redis-wait,2,1,371,3.341
redis-wait,2,1,372,2.764
redis-wait,2,1,373,2.935
redis-wait,2,1,374,2.966
redis-wait,2,1,375,3.095
redis-wait,2,1,376,4.175
redis-wait,2,1,377,2.93
redis-wait,2,1,378,2.89
redis-wait,2,1,379,3.071
redis-wait,2,1,380,2.73
redis-wait,2,1,381,3.002
redis-wait,2,1,382,3.037
redis-wait,2,1,383,2.766
redis-wait,2,1,384,2.991
redis-wait,2,1,385,3.026
redis-wait,2,1,386,2.959
redis-wait,2,1,387,3.172
redis-wait,2,1,388,2.865
redis-wait,2,1,389,3.042
redis-wait,2,1,390,2.902
redis-wait,2,1,391,3.172
redis-wait,2,1,392,3.032
redis-wait,2,1,393,3.39
redis-wait,2,1,394,3.214
redis-wait,2,1,395,2.923
redis-wait,2,1,396,2.911
redis-wait,2,1,397,2.872
redis-wait,2,1,398,3.224
redis-wait,2,1,399,3.391
redis-wait,2,1,400,3.238
redis-wait,2,1,401,2.899
redis-wait,2,1,402,3.352
redis-wait,2,1,403,3.155
redis-wait,2,1,404,3.014
redis-wait,2,1,405,2.457
redis-wait,2,1,406,2.751
redis-wait,2,1,407,2.915
redis-wait,2,1,408,2.87
redis-wait,2,1,409,3.062
redis-wait,2,1,410,3.162
redis-wait,2,1,411,3.303
redis-wait,2,1,412,3.067
redis-wait,2,1,413,2.976
redis-wait,2,1,414,2.791
redis-wait,2,1,415,2.698
redis-wait,2,1,416,2.947
redis-wait,2,1,417,3.217
redis-wait,2,1,418,3.048
redis-wait,2,1,419,2.811
redis-wait,2,1,420,3.079
redis-wait,2,1,421,3.234
redis-wait,2,1,422,2.988
redis-wait,2,1,423,3.168
redis-wait,2,1,424,3.018
redis-wait,2,1,425,3.21
redis-wait,2,1,426,3.059
redis-wait,2,1,427,3.267
redis-wait,2,1,428,3.207
redis-wait,2,1,429,3.486
redis-wait,2,1,430,5.464
redis-wait,2,1,431,3.255
redis-wait,2,1,432,3.012
redis-wait,2,1,433,3.345
redis-wait,2,1,434,3.499
redis-wait,2,1,435,4.605
redis-wait,2,1,436,3.07
redis-wait,2,1,437,3.381
redis-wait,2,1,438,3.362
redis-wait,2,1,439,4.592
redis-wait,2,1,440,3.068
redis-wait,2,1,441,2.693
redis-wait,2,1,442,3.165
redis-wait,2,1,443,3.279
redis-wait,2,1,444,4.161
redis-wait,2,1,445,3.115
redis-wait,2,1,446,3.098
redis-wait,2,1,447,3.187
redis-wait,2,1,448,3.186
redis-wait,2,1,449,4.496
redis-wait,2,1,450,3.905
redis-wait,2,1,451,3.314
redis-wait,2,1,452,3.114
redis-wait,2,1,453,3.726
redis-wait,2,1,454,3.819
redis-wait,2,1,455,3.112
redis-wait,2,1,456,3.162
redis-wait,2,1,457,3.092
redis-wait,2,1,458,3.139
redis-wait,2,1,459,3.161
redis-wait,2,1,460,3.262
redis-wait,2,1,461,2.917
redis-wait,2,1,462,2.759
redis-wait,2,1,463,2.86
redis-wait,2,1,464,3.42
redis-wait,2,1,465,3.018
redis-wait,2,1,466,2.926
redis-wait,2,1,467,2.956
redis-wait,2,2,1,2.909
redis-wait,2,2,2,2.829
redis-wait,2,2,3,2.624
redis-wait,2,2,4,2.748
redis-wait,2,2,5,3.273
redis-wait,2,2,6,3.212
redis-wait,2,2,7,3.78
redis-wait,2,2,8,3.518
redis-wait,2,2,9,3.061
redis-wait,2,2,10,3.003
redis-wait,2,2,11,3.103
redis-wait,2,2,12,2.821
redis-wait,2,2,13,3.152
redis-wait,2,2,14,3.012
redis-wait,2,2,15,3.028
redis-wait,2,2,16,2.934
redis-wait,2,2,17,2.936
redis-wait,2,2,18,3.277
redis-wait,2,2,19,2.992
redis-wait,2,2,20,2.882
redis-wait,2,2,21,3.014
redis-wait,2,2,22,2.968
redis-wait,2,2,23,2.977
redis-wait,2,2,24,3.53
redis-wait,2,2,25,3.035
redis-wait,2,2,26,2.973
redis-wait,2,2,27,3.562
redis-wait,2,2,28,3.14
redis-wait,2,2,29,3.149
redis-wait,2,2,30,3.123
redis-wait,2,2,31,3.508
redis-wait,2,2,32,3.156
redis-wait,2,2,33,3.046
redis-wait,2,2,34,3.245
redis-wait,2,2,35,3.61
redis-wait,2,2,36,3.5
redis-wait,2,2,37,3.097
redis-wait,2,2,38,3.566
redis-wait,2,2,39,4.327
redis-wait,2,2,40,3.258
redis-wait,2,2,41,3.199
redis-wait,2,2,42,2.899
redis-wait,2,2,43,6.229
redis-wait,2,2,44,3.882
redis-wait,2,2,45,3.975
redis-wait,2,2,46,4.625
redis-wait,2,2,47,4.212
redis-wait,2,2,48,2.907
redis-wait,2,2,49,3.021
redis-wait,2,2,50,2.991
redis-wait,2,2,51,2.969
redis-wait,2,2,52,3.187
redis-wait,2,2,53,2.845
redis-wait,2,2,54,3.101
redis-wait,2,2,55,2.788
redis-wait,2,2,56,2.766
redis-wait,2,2,57,3.108
redis-wait,2,2,58,3.051
redis-wait,2,2,59,2.99
redis-wait,2,2,60,2.974
redis-wait,2,2,61,3.199
redis-wait,2,2,62,3.108
redis-wait,2,2,63,5.087
redis-wait,2,2,64,3.41
redis-wait,2,2,65,2.736
redis-wait,2,2,66,3.462
redis-wait,2,2,67,2.751
redis-wait,2,2,68,2.776
redis-wait,2,2,69,2.485
redis-wait,2,2,70,2.834
redis-wait,2,2,71,3.154
redis-wait,2,2,72,3.141
redis-wait,2,2,73,3.012
redis-wait,2,2,74,3.045
redis-wait,2,2,75,2.888
redis-wait,2,2,76,2.82
redis-wait,2,2,77,2.893
redis-wait,2,2,78,2.846
redis-wait,2,2,79,2.812
redis-wait,2,2,80,3.393
redis-wait,2,2,81,2.829
redis-wait,2,2,82,2.786
redis-wait,2,2,83,2.846
redis-wait,2,2,84,2.772
redis-wait,2,2,85,3.707
redis-wait,2,2,86,3.106
redis-wait,2,2,87,3.004
redis-wait,2,2,88,3.009
redis-wait,2,2,89,2.838
redis-wait,2,2,90,3.093
redis-wait,2,2,91,3.154
redis-wait,2,2,92,3.195
redis-wait,2,2,93,3.16
redis-wait,2,2,94,3.358
redis-wait,2,2,95,3.568
redis-wait,2,2,96,3.528
redis-wait,2,2,97,3.808
redis-wait,2,2,98,3.742
redis-wait,2,2,99,3.162
redis-wait,2,2,100,3.155
redis-wait,2,2,101,3.384
redis-wait,2,2,102,3.157
redis-wait,2,2,103,3.021
redis-wait,2,2,104,3.153
redis-wait,2,2,105,2.881
redis-wait,2,2,106,3.085
redis-wait,2,2,107,3.348
redis-wait,2,2,108,3.325
redis-wait,2,2,109,3.329
redis-wait,2,2,110,3.395
redis-wait,2,2,111,3.359
redis-wait,2,2,112,3.163
redis-wait,2,2,113,3.131
redis-wait,2,2,114,3.434
redis-wait,2,2,115,4.367
redis-wait,2,2,116,3.789
redis-wait,2,2,117,2.666
redis-wait,2,2,118,2.989
redis-wait,2,2,119,3.597
redis-wait,2,2,120,5.259
redis-wait,2,2,121,2.967
redis-wait,2,2,122,2.799
redis-wait,2,2,123,3.248
redis-wait,2,2,124,6.977
redis-wait,2,2,125,3.47
redis-wait,2,2,126,3.118
redis-wait,2,2,127,2.817
redis-wait,2,2,128,3.048
redis-wait,2,2,129,3.149
redis-wait,2,2,130,3.087
redis-wait,2,2,131,2.895
redis-wait,2,2,132,3.285
redis-wait,2,2,133,3.404
redis-wait,2,2,134,3.712
redis-wait,2,2,135,3.331
redis-wait,2,2,136,3.281
redis-wait,2,2,137,3.088
redis-wait,2,2,138,3.087
redis-wait,2,2,139,4.363
redis-wait,2,2,140,3.662
redis-wait,2,2,141,3.093
redis-wait,2,2,142,3.227
redis-wait,2,2,143,3.282
redis-wait,2,2,144,3.402
redis-wait,2,2,145,3.125
redis-wait,2,2,146,3.122
redis-wait,2,2,147,3.179
redis-wait,2,2,148,3.276
redis-wait,2,2,149,3.146
redis-wait,2,2,150,3.279
redis-wait,2,2,151,2.865
redis-wait,2,2,152,2.955
redis-wait,2,2,153,3.004
redis-wait,2,2,154,2.903
redis-wait,2,2,155,3.809
redis-wait,2,2,156,3.062
redis-wait,2,2,157,3.019
redis-wait,2,2,158,3.26
redis-wait,2,2,159,3.746
redis-wait,2,2,160,4.548
redis-wait,2,2,161,2.938
redis-wait,2,2,162,3.519
redis-wait,2,2,163,3.491
redis-wait,2,2,164,3.631
redis-wait,2,2,165,3.465
redis-wait,2,2,166,3.559
redis-wait,2,2,167,3.238
redis-wait,2,2,168,3.275
redis-wait,2,2,169,3.145
redis-wait,2,2,170,3.311
redis-wait,2,2,171,3.035
redis-wait,2,2,172,3.269
redis-wait,2,2,173,3.158
redis-wait,2,2,174,3.38
redis-wait,2,2,175,3.016
redis-wait,2,2,176,3.136
redis-wait,2,2,177,3.104
redis-wait,2,2,178,3.12
redis-wait,2,2,179,3.395
redis-wait,2,2,180,3.735
redis-wait,2,2,181,3.108
redis-wait,2,2,182,3.174
redis-wait,2,2,183,3.06
redis-wait,2,2,184,3.135
redis-wait,2,2,185,3.672
redis-wait,2,2,186,2.915
redis-wait,2,2,187,3.008
redis-wait,2,2,188,2.998
redis-wait,2,2,189,3.382
redis-wait,2,2,190,3.073
redis-wait,2,2,191,2.8
redis-wait,2,2,192,2.642
redis-wait,2,2,193,2.995
redis-wait,2,2,194,3.027
redis-wait,2,2,195,3.041
redis-wait,2,2,196,3.462
redis-wait,2,2,197,2.849
redis-wait,2,2,198,2.964
redis-wait,2,2,199,2.873
redis-wait,2,2,200,3.116
redis-wait,2,2,201,3.403
redis-wait,2,2,202,3.47
redis-wait,2,2,203,3.204
redis-wait,2,2,204,3.061
redis-wait,2,2,205,3.331
redis-wait,2,2,206,2.872
redis-wait,2,2,207,3.098
redis-wait,2,2,208,3.275
redis-wait,2,2,209,2.979
redis-wait,2,2,210,2.828
redis-wait,2,2,211,2.664
redis-wait,2,2,212,2.983
redis-wait,2,2,213,3.039
redis-wait,2,2,214,3.037
redis-wait,2,2,215,2.957
redis-wait,2,2,216,2.974
redis-wait,2,2,217,3.025
redis-wait,2,2,218,3.54
redis-wait,2,2,219,3.157
redis-wait,2,2,220,3.093
redis-wait,2,2,221,3.372
redis-wait,2,2,222,3.742
redis-wait,2,2,223,3.129
redis-wait,2,2,224,3.043
redis-wait,2,2,225,2.977
redis-wait,2,2,226,3.076
redis-wait,2,2,227,3.017
redis-wait,2,2,228,4.779
redis-wait,2,2,229,3.231
redis-wait,2,2,230,3.223
redis-wait,2,2,231,3.262
redis-wait,2,2,232,3.229
redis-wait,2,2,233,3.62
redis-wait,2,2,234,2.863
redis-wait,2,2,235,3.002
redis-wait,2,2,236,3.21
redis-wait,2,2,237,2.913
redis-wait,2,2,238,2.928
redis-wait,2,2,239,2.794
redis-wait,2,2,240,3.235
redis-wait,2,2,241,3.323
redis-wait,2,2,242,3.22
redis-wait,2,2,243,3.141
redis-wait,2,2,244,3.226
redis-wait,2,2,245,3.474
redis-wait,2,2,246,3.189
redis-wait,2,2,247,2.87
redis-wait,2,2,248,3.18
redis-wait,2,2,249,2.893
redis-wait,2,2,250,3.081
redis-wait,2,2,251,3.139
redis-wait,2,2,252,3.235
redis-wait,2,2,253,2.99
redis-wait,2,2,254,2.942
redis-wait,2,2,255,2.791
redis-wait,2,2,256,3.111
redis-wait,2,2,257,2.9
redis-wait,2,2,258,3.314
redis-wait,2,2,259,3.193
redis-wait,2,2,260,3.313
redis-wait,2,2,261,3.247
redis-wait,2,2,262,3.257
redis-wait,2,2,263,3.349
redis-wait,2,2,264,3.153
redis-wait,2,2,265,3.168
redis-wait,2,2,266,2.839
redis-wait,2,2,267,2.904
redis-wait,2,2,268,3.17
redis-wait,2,2,269,3.044
redis-wait,2,2,270,3.001
redis-wait,2,2,271,2.952
redis-wait,2,2,272,3.139
redis-wait,2,2,273,3.108
redis-wait,2,2,274,3.316
redis-wait,2,2,275,3.171
redis-wait,2,2,276,3.706
redis-wait,2,2,277,3.438
redis-wait,2,2,278,3.18
redis-wait,2,2,279,3.157
redis-wait,2,2,280,3.134
redis-wait,2,2,281,2.867
redis-wait,2,2,282,2.726
redis-wait,2,2,283,2.772
redis-wait,2,2,284,2.981
redis-wait,2,2,285,2.829
redis-wait,2,2,286,3.963
redis-wait,2,2,287,3.415
redis-wait,2,2,288,3.312
redis-wait,2,2,289,3.304
redis-wait,2,2,290,3.016
redis-wait,2,2,291,3.498
redis-wait,2,2,292,3.227
redis-wait,2,2,293,3.107
redis-wait,2,2,294,2.94
redis-wait,2,2,295,3.28
redis-wait,2,2,296,3.26
redis-wait,2,2,297,3.424
redis-wait,2,2,298,2.557
redis-wait,2,2,299,2.901
redis-wait,2,2,300,2.906
redis-wait,2,2,301,2.999
redis-wait,2,2,302,3.808
redis-wait,2,2,303,3.285
redis-wait,2,2,304,2.748
redis-wait,2,2,305,3.081
redis-wait,2,2,306,3.005
redis-wait,2,2,307,3.209
redis-wait,2,2,308,2.907
redis-wait,2,2,309,2.583
redis-wait,2,2,310,3.108
redis-wait,2,2,311,3.028
redis-wait,2,2,312,4.563
redis-wait,2,2,313,3.726
redis-wait,2,2,314,3.012
redis-wait,2,2,315,3.315
redis-wait,2,2,316,3.974
redis-wait,2,2,317,4.259
redis-wait,2,2,318,3.523
redis-wait,2,2,319,3.261
redis-wait,2,2,320,3.344
redis-wait,2,2,321,6.209
redis-wait,2,2,322,3.871
redis-wait,2,2,323,3.276
redis-wait,2,2,324,3.466
redis-wait,2,2,325,4.733
redis-wait,2,2,326,3.71
redis-wait,2,2,327,3.03
redis-wait,2,2,328,2.974
redis-wait,2,2,329,3.048
redis-wait,2,2,330,3.962
redis-wait,2,2,331,3.817
redis-wait,2,2,332,3.091
redis-wait,2,2,333,2.841
redis-wait,2,2,334,3.195
redis-wait,2,2,335,4.485
redis-wait,2,2,336,3.554
redis-wait,2,2,337,3.147
redis-wait,2,2,338,3.463
redis-wait,2,2,339,3.24
redis-wait,2,2,340,3.38
redis-wait,2,2,341,3.19
redis-wait,2,2,342,3.208
redis-wait,2,2,343,2.954
redis-wait,2,2,344,3.203
redis-wait,2,2,345,3.151
redis-wait,2,2,346,3.01
redis-wait,2,2,347,3.088
redis-wait,2,2,348,3.002
redis-wait,2,2,349,2.899
redis-wait,2,2,350,4.872
redis-wait,2,2,351,3.537
redis-wait,2,2,352,2.998
redis-wait,2,2,353,2.933
redis-wait,2,2,354,3.11
redis-wait,2,2,355,3.015
redis-wait,2,2,356,2.915
redis-wait,2,2,357,3.061
redis-wait,2,2,358,2.782
redis-wait,2,2,359,3.064
redis-wait,2,2,360,3.02
redis-wait,2,2,361,3.258
redis-wait,2,2,362,3.335
redis-wait,2,2,363,2.957
redis-wait,2,2,364,2.773
redis-wait,2,2,365,3.097
redis-wait,2,2,366,4.172
redis-wait,2,2,367,4.364
redis-wait,2,2,368,3.349
redis-wait,2,2,369,3.613
redis-wait,2,2,370,3.029
redis-wait,2,2,371,4.732
redis-wait,2,2,372,3.683
redis-wait,2,2,373,2.928
redis-wait,2,2,374,3.066
redis-wait,2,2,375,3.145
redis-wait,2,2,376,2.946
redis-wait,2,2,377,2.943
redis-wait,2,2,378,2.721
redis-wait,2,2,379,2.678
redis-wait,2,2,380,2.704
redis-wait,2,2,381,3.17
redis-wait,2,2,382,2.91
redis-wait,2,2,383,2.888
redis-wait,2,2,384,2.874
redis-wait,2,2,385,3.083
redis-wait,2,2,386,3.15
redis-wait,2,2,387,3.257
redis-wait,2,2,388,3.152
redis-wait,2,2,389,2.746
redis-wait,2,2,390,2.607
redis-wait,2,2,391,3.187
redis-wait,2,2,392,3.118
redis-wait,2,2,393,2.828
redis-wait,2,2,394,3.043
redis-wait,2,2,395,2.835
redis-wait,2,2,396,2.924
redis-wait,2,2,397,2.974
redis-wait,2,2,398,3.241
redis-wait,2,2,399,3.597
redis-wait,2,2,400,3.135
redis-wait,2,2,401,3.039
redis-wait,2,2,402,3.076
redis-wait,2,2,403,3.283
redis-wait,2,2,404,2.887
redis-wait,2,2,405,2.944
redis-wait,2,2,406,3.061
redis-wait,2,2,407,3.055
redis-wait,2,2,408,3.159
redis-wait,2,2,409,3.14
redis-wait,2,2,410,2.892
redis-wait,2,2,411,2.76
redis-wait,2,2,412,2.843
redis-wait,2,2,413,2.775
redis-wait,2,2,414,3.238
redis-wait,2,2,415,3.048
redis-wait,2,2,416,3.127
redis-wait,2,2,417,2.768
redis-wait,2,2,418,2.933
redis-wait,2,2,419,2.855
redis-wait,2,2,420,3.044
redis-wait,2,2,421,3.063
redis-wait,2,2,422,2.979
redis-wait,2,2,423,3.045
redis-wait,2,2,424,3.088
redis-wait,2,2,425,3.381
redis-wait,2,2,426,3.889
redis-wait,2,2,427,2.979
redis-wait,2,2,428,3.062
redis-wait,2,2,429,3.059
redis-wait,2,2,430,3.453
redis-wait,2,2,431,3.286
redis-wait,2,2,432,3.048
redis-wait,2,2,433,3.197
redis-wait,2,2,434,3.162
redis-wait,2,2,435,3.858
redis-wait,2,2,436,3.034
redis-wait,2,2,437,2.923
redis-wait,2,2,438,2.703
redis-wait,2,2,439,3.145
redis-wait,2,2,440,3.001
redis-wait,2,2,441,3.02
redis-wait,2,2,442,2.704
redis-wait,2,2,443,2.858
redis-wait,2,2,444,2.753
redis-wait,2,2,445,2.836
redis-wait,2,2,446,2.623
redis-wait,2,2,447,3.052
redis-wait,2,2,448,3.074
redis-wait,2,2,449,3.055
redis-wait,2,2,450,2.872
redis-wait,2,2,451,2.941
redis-wait,2,2,452,3.223
redis-wait,2,2,453,2.963
redis-wait,2,2,454,2.897
redis-wait,2,2,455,3.137
redis-wait,2,2,456,2.954
redis-wait,2,2,457,2.977
redis-wait,2,2,458,3.165
redis-wait,2,2,459,2.927
redis-wait,2,2,460,2.734
redis-wait,2,2,461,3.179
redis-wait,2,2,462,2.912
redis-wait,2,2,463,3.154
redis-wait,2,2,464,3.627
redis-wait,2,2,465,3.205
redis-wait,2,2,466,3.091
redis-wait,2,2,467,2.954
redis-wait,2,3,1,2.532
redis-wait,2,3,2,2.723
redis-wait,2,3,3,2.899
redis-wait,2,3,4,2.811
redis-wait,2,3,5,2.995
redis-wait,2,3,6,3.07
redis-wait,2,3,7,3.512
redis-wait,2,3,8,3.066
redis-wait,2,3,9,3.086
redis-wait,2,3,10,3.883
redis-wait,2,3,11,3.292
redis-wait,2,3,12,2.864
redis-wait,2,3,13,3.275
redis-wait,2,3,14,3.136
redis-wait,2,3,15,3.199
redis-wait,2,3,16,3.572
redis-wait,2,3,17,2.958
redis-wait,2,3,18,3.129
redis-wait,2,3,19,3.191
redis-wait,2,3,20,3.062
redis-wait,2,3,21,3.356
redis-wait,2,3,22,3.148
redis-wait,2,3,23,3.274
redis-wait,2,3,24,3.154
redis-wait,2,3,25,3.124
redis-wait,2,3,26,3.252
redis-wait,2,3,27,3.394
redis-wait,2,3,28,2.998
redis-wait,2,3,29,3.072
redis-wait,2,3,30,3.249
redis-wait,2,3,31,3.427
redis-wait,2,3,32,3.46
redis-wait,2,3,33,3.127
redis-wait,2,3,34,3.066
redis-wait,2,3,35,3.318
redis-wait,2,3,36,3.514
redis-wait,2,3,37,3.867
redis-wait,2,3,38,3.856
redis-wait,2,3,39,3.083
redis-wait,2,3,40,3.298
redis-wait,2,3,41,3.329
redis-wait,2,3,42,2.99
redis-wait,2,3,43,3.163
redis-wait,2,3,44,3.257
redis-wait,2,3,45,2.928
redis-wait,2,3,46,3.23
redis-wait,2,3,47,2.978
redis-wait,2,3,48,2.942
redis-wait,2,3,49,3.017
redis-wait,2,3,50,2.843
redis-wait,2,3,51,2.95
redis-wait,2,3,52,3.303
redis-wait,2,3,53,3.163
redis-wait,2,3,54,2.822
redis-wait,2,3,55,2.839
redis-wait,2,3,56,2.936
redis-wait,2,3,57,3.105
redis-wait,2,3,58,2.957
redis-wait,2,3,59,2.91
redis-wait,2,3,60,2.735
redis-wait,2,3,61,3.111
redis-wait,2,3,62,3.021
redis-wait,2,3,63,2.99
redis-wait,2,3,64,3.093
redis-wait,2,3,65,3.191
redis-wait,2,3,66,3.95
redis-wait,2,3,67,2.98
redis-wait,2,3,68,2.871
redis-wait,2,3,69,2.71
redis-wait,2,3,70,2.937
redis-wait,2,3,71,3.727
redis-wait,2,3,72,3.352
redis-wait,2,3,73,3.195
redis-wait,2,3,74,3.071
redis-wait,2,3,75,2.962
redis-wait,2,3,76,3.093
redis-wait,2,3,77,2.766
redis-wait,2,3,78,3.098
redis-wait,2,3,79,2.981
redis-wait,2,3,80,2.866
redis-wait,2,3,81,2.846
redis-wait,2,3,82,3.23
redis-wait,2,3,83,3.1
redis-wait,2,3,84,2.915
redis-wait,2,3,85,4.082
redis-wait,2,3,86,3.03
redis-wait,2,3,87,2.859
redis-wait,2,3,88,3.303
redis-wait,2,3,89,2.945
redis-wait,2,3,90,2.791
redis-wait,2,3,91,3.336
redis-wait,2,3,92,3.506
redis-wait,2,3,93,3.417
redis-wait,2,3,94,3.004
redis-wait,2,3,95,3.063
redis-wait,2,3,96,3.314
redis-wait,2,3,97,2.791
redis-wait,2,3,98,2.796
redis-wait,2,3,99,2.824
redis-wait,2,3,100,2.973
redis-wait,2,3,101,3.754
redis-wait,2,3,102,2.498
redis-wait,2,3,103,3.336
redis-wait,2,3,104,3.376
redis-wait,2,3,105,2.865
redis-wait,2,3,106,2.527
redis-wait,2,3,107,2.853
redis-wait,2,3,108,2.723
redis-wait,2,3,109,2.92
redis-wait,2,3,110,2.636
redis-wait,2,3,111,3.046
redis-wait,2,3,112,3.148
redis-wait,2,3,113,3.024
redis-wait,2,3,114,3.213
redis-wait,2,3,115,3.407
redis-wait,2,3,116,2.918
redis-wait,2,3,117,3.043
redis-wait,2,3,118,2.839
redis-wait,2,3,119,2.755
redis-wait,2,3,120,3.227
redis-wait,2,3,121,2.894
redis-wait,2,3,122,2.825
redis-wait,2,3,123,3.074
redis-wait,2,3,124,2.954
redis-wait,2,3,125,3.306
redis-wait,2,3,126,3.143
redis-wait,2,3,127,3.012
redis-wait,2,3,128,3.25
redis-wait,2,3,129,2.915
redis-wait,2,3,130,2.967
redis-wait,2,3,131,2.707
redis-wait,2,3,132,3.019
redis-wait,2,3,133,3.231
redis-wait,2,3,134,2.86
redis-wait,2,3,135,2.802
redis-wait,2,3,136,3.356
redis-wait,2,3,137,3.533
redis-wait,2,3,138,2.848
redis-wait,2,3,139,3.06
redis-wait,2,3,140,2.864
redis-wait,2,3,141,3.334
redis-wait,2,3,142,3.653
redis-wait,2,3,143,3.3
redis-wait,2,3,144,3.013
redis-wait,2,3,145,2.916
redis-wait,2,3,146,3.166
redis-wait,2,3,147,3.445
redis-wait,2,3,148,3.274
redis-wait,2,3,149,2.945
redis-wait,2,3,150,4.268
redis-wait,2,3,151,3.08
redis-wait,2,3,152,2.831
redis-wait,2,3,153,2.757
redis-wait,2,3,154,3.187
redis-wait,2,3,155,2.834
redis-wait,2,3,156,3.076
redis-wait,2,3,157,2.873
redis-wait,2,3,158,2.772
redis-wait,2,3,159,2.609
redis-wait,2,3,160,3.126
redis-wait,2,3,161,3.945
redis-wait,2,3,162,2.777
redis-wait,2,3,163,2.987
redis-wait,2,3,164,2.992
redis-wait,2,3,165,3.137
redis-wait,2,3,166,3.397
redis-wait,2,3,167,3.18
redis-wait,2,3,168,3.188
redis-wait,2,3,169,3.847
redis-wait,2,3,170,3.207
redis-wait,2,3,171,3.391
redis-wait,2,3,172,3.317
redis-wait,2,3,173,3.26
redis-wait,2,3,174,3.25
redis-wait,2,3,175,3.244
redis-wait,2,3,176,3.561
redis-wait,2,3,177,3.813
redis-wait,2,3,178,3.221
redis-wait,2,3,179,3.332
redis-wait,2,3,180,3.377
redis-wait,2,3,181,4.162
redis-wait,2,3,182,3.004
redis-wait,2,3,183,3.324
redis-wait,2,3,184,3.472
redis-wait,2,3,185,4.398
redis-wait,2,3,186,3.57
redis-wait,2,3,187,3.055
redis-wait,2,3,188,3.297
redis-wait,2,3,189,3.728
redis-wait,2,3,190,3.049
redis-wait,2,3,191,3.257
redis-wait,2,3,192,3.015
redis-wait,2,3,193,3.453
redis-wait,2,3,194,3.269
redis-wait,2,3,195,3.08
redis-wait,2,3,196,3.202
redis-wait,2,3,197,3.108
redis-wait,2,3,198,3.244
redis-wait,2,3,199,3.723
redis-wait,2,3,200,3.636
redis-wait,2,3,201,3.396
redis-wait,2,3,202,2.974
redis-wait,2,3,203,3.243
redis-wait,2,3,204,3.32
redis-wait,2,3,205,3.53
redis-wait,2,3,206,2.958
redis-wait,2,3,207,2.75
redis-wait,2,3,208,2.906
redis-wait,2,3,209,3.176
redis-wait,2,3,210,3.069
redis-wait,2,3,211,3.506
redis-wait,2,3,212,3.219
redis-wait,2,3,213,3.118
redis-wait,2,3,214,3.306
redis-wait,2,3,215,3.099
redis-wait,2,3,216,3.224
redis-wait,2,3,217,3.37
redis-wait,2,3,218,3.139
redis-wait,2,3,219,3.22
redis-wait,2,3,220,3.263
redis-wait,2,3,221,2.995
redis-wait,2,3,222,3.333
redis-wait,2,3,223,15.009
redis-wait,2,3,224,2.883
redis-wait,2,3,225,2.79
redis-wait,2,3,226,2.724
redis-wait,2,3,227,2.885
redis-wait,2,3,228,2.627
redis-wait,2,3,229,2.783
redis-wait,2,3,230,2.637
redis-wait,2,3,231,2.636
redis-wait,2,3,232,2.774
redis-wait,2,3,233,2.719
redis-wait,2,3,234,2.666
redis-wait,2,3,235,2.978
redis-wait,2,3,236,3.127
redis-wait,2,3,237,2.718
redis-wait,2,3,238,3.383
redis-wait,2,3,239,3.047
redis-wait,2,3,240,2.512
redis-wait,2,3,241,3.079
redis-wait,2,3,242,2.986
redis-wait,2,3,243,2.847
redis-wait,2,3,244,3.181
redis-wait,2,3,245,3.112
redis-wait,2,3,246,2.958
redis-wait,2,3,247,3.673
redis-wait,2,3,248,3.074
redis-wait,2,3,249,3.187
redis-wait,2,3,250,3.106
redis-wait,2,3,251,2.853
redis-wait,2,3,252,2.899
redis-wait,2,3,253,3.038
redis-wait,2,3,254,3.321
redis-wait,2,3,255,2.892
redis-wait,2,3,256,3.061
redis-wait,2,3,257,2.968
redis-wait,2,3,258,3.192
redis-wait,2,3,259,3.184
redis-wait,2,3,260,3.106
redis-wait,2,3,261,3.513
redis-wait,2,3,262,3.214
redis-wait,2,3,263,3.164
redis-wait,2,3,264,3.159
redis-wait,2,3,265,3.19
redis-wait,2,3,266,2.978
redis-wait,2,3,267,3.036
redis-wait,2,3,268,3.2
redis-wait,2,3,269,3.166
redis-wait,2,3,270,3.058
redis-wait,2,3,271,3.187
redis-wait,2,3,272,3.318
redis-wait,2,3,273,2.93
redis-wait,2,3,274,3.144
redis-wait,2,3,275,2.934
redis-wait,2,3,276,3.074
redis-wait,2,3,277,2.957
redis-wait,2,3,278,2.978
redis-wait,2,3,279,2.859
redis-wait,2,3,280,3.063
redis-wait,2,3,281,3.068
redis-wait,2,3,282,2.88
redis-wait,2,3,283,3.488
redis-wait,2,3,284,3.114
redis-wait,2,3,285,3.033
redis-wait,2,3,286,2.989
redis-wait,2,3,287,3.011
redis-wait,2,3,288,3.027
redis-wait,2,3,289,3.377
redis-wait,2,3,290,3.088
redis-wait,2,3,291,3.28
redis-wait,2,3,292,3.543
redis-wait,2,3,293,3.03
redis-wait,2,3,294,4.375
redis-wait,2,3,295,2.986
redis-wait,2,3,296,3.136
redis-wait,2,3,297,3.416
redis-wait,2,3,298,3.184
redis-wait,2,3,299,4.898
redis-wait,2,3,300,3.086
redis-wait,2,3,301,2.993
redis-wait,2,3,302,3.124
redis-wait,2,3,303,3.157
redis-wait,2,3,304,4.641
redis-wait,2,3,305,3.207
redis-wait,2,3,306,2.947
redis-wait,2,3,307,2.774
redis-wait,2,3,308,3.435
redis-wait,2,3,309,3.012
redis-wait,2,3,310,3.013
redis-wait,2,3,311,2.893
redis-wait,2,3,312,3.008
redis-wait,2,3,313,2.914
redis-wait,2,3,314,2.996
redis-wait,2,3,315,2.978
redis-wait,2,3,316,2.953
redis-wait,2,3,317,2.846
redis-wait,2,3,318,3.193
redis-wait,2,3,319,3.851
redis-wait,2,3,320,3.113
redis-wait,2,3,321,3.177
redis-wait,2,3,322,3.265
redis-wait,2,3,323,3.259
redis-wait,2,3,324,3.624
redis-wait,2,3,325,4.581
redis-wait,2,3,326,2.854
redis-wait,2,3,327,3.063
redis-wait,2,3,328,2.976
redis-wait,2,3,329,3.276
redis-wait,2,3,330,3.172
redis-wait,2,3,331,2.899
redis-wait,2,3,332,3.21
redis-wait,2,3,333,3.215
redis-wait,2,3,334,3.001
redis-wait,2,3,335,4.432
redis-wait,2,3,336,2.836
redis-wait,2,3,337,2.973
redis-wait,2,3,338,3.059
redis-wait,2,3,339,3.147
redis-wait,2,3,340,2.926
redis-wait,2,3,341,3.261
redis-wait,2,3,342,3.033
redis-wait,2,3,343,3.308
redis-wait,2,3,344,3.082
redis-wait,2,3,345,3.391
redis-wait,2,3,346,3.118
redis-wait,2,3,347,3.254
redis-wait,2,3,348,2.866
redis-wait,2,3,349,3.176
redis-wait,2,3,350,3.885
redis-wait,2,3,351,3.148
redis-wait,2,3,352,3.215
redis-wait,2,3,353,2.937
redis-wait,2,3,354,3.024
redis-wait,2,3,355,3.123
redis-wait,2,3,356,3.204
redis-wait,2,3,357,2.854
redis-wait,2,3,358,2.997
redis-wait,2,3,359,3.134
redis-wait,2,3,360,2.777
redis-wait,2,3,361,3.07
redis-wait,2,3,362,3.14
redis-wait,2,3,363,3.054
redis-wait,2,3,364,2.927
redis-wait,2,3,365,2.804
redis-wait,2,3,366,2.945
redis-wait,2,3,367,3.683
redis-wait,2,3,368,3.543
redis-wait,2,3,369,3.092
redis-wait,2,3,370,3.003
redis-wait,2,3,371,3.048
redis-wait,2,3,372,3.351
redis-wait,2,3,373,3.1
redis-wait,2,3,374,3.188
redis-wait,2,3,375,3.323
redis-wait,2,3,376,3.049
redis-wait,2,3,377,2.97
redis-wait,2,3,378,3.275
redis-wait,2,3,379,3.098
redis-wait,2,3,380,3.074
redis-wait,2,3,381,3.274
redis-wait,2,3,382,3.147
redis-wait,2,3,383,2.976
redis-wait,2,3,384,2.723
redis-wait,2,3,385,3.069
redis-wait,2,3,386,3.403
redis-wait,2,3,387,3.3
redis-wait,2,3,388,3.763
redis-wait,2,3,389,2.911
redis-wait,2,3,390,2.972
redis-wait,2,3,391,3.085
redis-wait,2,3,392,2.948
redis-wait,2,3,393,3.027
redis-wait,2,3,394,2.82
redis-wait,2,3,395,2.691
redis-wait,2,3,396,2.634
redis-wait,2,3,397,3.33
redis-wait,2,3,398,2.845
redis-wait,2,3,399,3.053
redis-wait,2,3,400,3.126
redis-wait,2,3,401,2.935
redis-wait,2,3,402,3.29
redis-wait,2,3,403,3.067
redis-wait,2,3,404,2.765
redis-wait,2,3,405,3.103
redis-wait,2,3,406,3.093
redis-wait,2,3,407,2.837
redis-wait,2,3,408,3.192
redis-wait,2,3,409,2.737
redis-wait,2,3,410,2.738
redis-wait,2,3,411,2.926
redis-wait,2,3,412,3.185
redis-wait,2,3,413,2.978
redis-wait,2,3,414,3.424
redis-wait,2,3,415,3.205
redis-wait,2,3,416,3.344
redis-wait,2,3,417,3.185
redis-wait,2,3,418,3.104
redis-wait,2,3,419,3.1
redis-wait,2,3,420,3.509
redis-wait,2,3,421,3.786
redis-wait,2,3,422,2.973
redis-wait,2,3,423,3.157
redis-wait,2,3,424,3.329
redis-wait,2,3,425,3.51
redis-wait,2,3,426,3.245
redis-wait,2,3,427,2.888
redis-wait,2,3,428,3.011
redis-wait,2,3,429,3.231
redis-wait,2,3,430,3.342
redis-wait,2,3,431,3.794
redis-wait,2,3,432,3.026
redis-wait,2,3,433,3.596
redis-wait,2,3,434,2.805
redis-wait,2,3,435,2.723
redis-wait,2,3,436,3.148
redis-wait,2,3,437,3.214
redis-wait,2,3,438,2.847
redis-wait,2,3,439,2.825
redis-wait,2,3,440,2.863
redis-wait,2,3,441,3.056
redis-wait,2,3,442,3.135
redis-wait,2,3,443,2.746
redis-wait,2,3,444,2.923
redis-wait,2,3,445,3.003
redis-wait,2,3,446,2.956
redis-wait,2,3,447,2.886
redis-wait,2,3,448,2.973
redis-wait,2,3,449,3.353
redis-wait,2,3,450,3.024
redis-wait,2,3,451,2.812
redis-wait,2,3,452,3.049
redis-wait,2,3,453,3.193
redis-wait,2,3,454,2.993
redis-wait,2,3,455,2.735
redis-wait,2,3,456,3.223
redis-wait,2,3,457,3.016
redis-wait,2,3,458,3.089
redis-wait,2,3,459,3.21
redis-wait,2,3,460,3.192
redis-wait,2,3,461,3.137
redis-wait,2,3,462,3.06
redis-wait,2,3,463,3.376
redis-wait,2,3,464,3.063
redis-wait,2,3,465,2.95
redis-wait,2,3,466,3.147
redis-wait,2,3,467,3.025
redis-async,10,1,1,0.25
redis-async,10,1,2,0.206
redis-async,10,1,3,0.171
redis-async,10,1,4,0.154
redis-async,10,1,5,0.146
redis-async,10,1,6,0.144
redis-async,10,1,7,0.155
redis-async,10,1,8,0.146
redis-async,10,1,9,0.141
redis-async,10,1,10,0.142
redis-async,10,1,11,0.163
redis-async,10,1,12,0.189
redis-async,10,1,13,0.196
redis-async,10,1,14,0.155
redis-async,10,1,15,0.14
redis-async,10,1,16,0.139
redis-async,10,1,17,0.149
redis-async,10,1,18,0.136
redis-async,10,1,19,0.144
redis-async,10,1,20,0.16
redis-async,10,1,21,0.129
redis-async,10,1,22,0.164
redis-async,10,1,23,0.15
redis-async,10,1,24,0.13
redis-async,10,1,25,0.124
redis-async,10,1,26,0.127
redis-async,10,1,27,0.155
redis-async,10,1,28,0.117
redis-async,10,1,29,0.106
redis-async,10,1,30,0.105
redis-async,10,1,31,0.103
redis-async,10,1,32,0.103
redis-async,10,1,33,0.103
redis-async,10,1,34,0.102
redis-async,10,1,35,0.103
redis-async,10,1,36,0.113
redis-async,10,1,37,0.107
redis-async,10,1,38,0.107
redis-async,10,1,39,0.102
redis-async,10,1,40,0.103
redis-async,10,1,41,0.104
redis-async,10,1,42,0.106
redis-async,10,1,43,0.101
redis-async,10,1,44,0.107
redis-async,10,1,45,0.111
redis-async,10,1,46,0.117
redis-async,10,1,47,0.108
redis-async,10,1,48,0.105
redis-async,10,1,49,0.12
redis-async,10,1,50,0.123
redis-async,10,1,51,0.124
redis-async,10,1,52,0.129
redis-async,10,1,53,0.151
redis-async,10,1,54,0.136
redis-async,10,1,55,0.133
redis-async,10,1,56,0.192
redis-async,10,1,57,0.123
redis-async,10,1,58,0.13
redis-async,10,1,59,0.126
redis-async,10,1,60,0.125
redis-async,10,1,61,0.264
redis-async,10,1,62,0.137
redis-async,10,1,63,0.112
redis-async,10,1,64,0.108
redis-async,10,1,65,0.113
redis-async,10,1,66,0.123
redis-async,10,1,67,0.109
redis-async,10,1,68,0.116
redis-async,10,1,69,0.125
redis-async,10,1,70,0.109
redis-async,10,1,71,0.104
redis-async,10,1,72,0.101
redis-async,10,1,73,0.103
redis-async,10,1,74,0.104
redis-async,10,1,75,0.102
redis-async,10,1,76,0.107
redis-async,10,1,77,0.148
redis-async,10,1,78,0.229
redis-async,10,1,79,0.293
redis-async,10,1,80,0.229
redis-async,10,1,81,0.174
redis-async,10,1,82,0.183
redis-async,10,1,83,0.156
redis-async,10,1,84,0.154
redis-async,10,1,85,0.155
redis-async,10,1,86,0.151
redis-async,10,1,87,0.151
redis-async,10,1,88,0.186
redis-async,10,1,89,0.157
redis-async,10,1,90,0.153
redis-async,10,1,91,0.153
redis-async,10,1,92,0.142
redis-async,10,1,93,0.135
redis-async,10,1,94,0.136
redis-async,10,1,95,0.151
redis-async,10,1,96,0.139
redis-async,10,1,97,0.143
redis-async,10,1,98,0.138
redis-async,10,1,99,0.138
redis-async,10,1,100,0.14
redis-async,10,1,101,0.135
redis-async,10,1,102,0.131
redis-async,10,1,103,0.125
redis-async,10,1,104,0.113
redis-async,10,1,105,0.116
redis-async,10,1,106,0.114
redis-async,10,1,107,0.114
redis-async,10,1,108,0.116
redis-async,10,1,109,0.126
redis-async,10,1,110,0.117
redis-async,10,1,111,0.112
redis-async,10,1,112,0.116
redis-async,10,1,113,0.115
redis-async,10,1,114,0.13
redis-async,10,1,115,0.115
redis-async,10,1,116,0.115
redis-async,10,1,117,0.115
redis-async,10,1,118,0.116
redis-async,10,1,119,0.123
redis-async,10,1,120,0.114
redis-async,10,1,121,0.113
redis-async,10,1,122,0.112
redis-async,10,1,123,0.113
redis-async,10,1,124,0.113
redis-async,10,1,125,0.113
redis-async,10,1,126,0.114
redis-async,10,1,127,0.127
redis-async,10,1,128,0.116
redis-async,10,1,129,0.114
redis-async,10,1,130,0.113
redis-async,10,1,131,0.113
redis-async,10,1,132,0.113
redis-async,10,1,133,0.112
redis-async,10,1,134,0.113
redis-async,10,1,135,0.114
redis-async,10,1,136,0.134
redis-async,10,1,137,0.114
redis-async,10,1,138,0.112
redis-async,10,1,139,0.113
redis-async,10,1,140,0.113
redis-async,10,1,141,0.113
redis-async,10,1,142,0.113
redis-async,10,1,143,0.114
redis-async,10,1,144,0.113
redis-async,10,1,145,0.12
redis-async,10,1,146,0.115
redis-async,10,1,147,0.112
redis-async,10,1,148,0.115
redis-async,10,1,149,0.13
redis-async,10,1,150,0.114
redis-async,10,1,151,0.124
redis-async,10,1,152,0.127
redis-async,10,1,153,0.113
redis-async,10,1,154,0.098
redis-async,10,1,155,0.098
redis-async,10,1,156,0.099
redis-async,10,1,157,0.1
redis-async,10,1,158,0.098
redis-async,10,1,159,0.114
redis-async,10,1,160,0.103
redis-async,10,1,161,0.097
redis-async,10,1,162,0.099
redis-async,10,1,163,0.111
redis-async,10,1,164,0.098
redis-async,10,1,165,0.098
redis-async,10,1,166,0.098
redis-async,10,1,167,0.103
redis-async,10,1,168,0.101
redis-async,10,1,169,0.11
redis-async,10,1,170,0.099
redis-async,10,1,171,0.1
redis-async,10,1,172,0.117
redis-async,10,1,173,0.111
redis-async,10,1,174,0.109
redis-async,10,1,175,0.112
redis-async,10,1,176,0.121
redis-async,10,1,177,0.113
redis-async,10,1,178,0.111
redis-async,10,1,179,0.11
redis-async,10,1,180,0.112
redis-async,10,1,181,0.11
redis-async,10,1,182,0.104
redis-async,10,1,183,0.111
redis-async,10,1,184,0.109
redis-async,10,1,185,0.099
redis-async,10,1,186,0.099
redis-async,10,1,187,0.101
redis-async,10,1,188,0.099
redis-async,10,1,189,0.101
redis-async,10,1,190,0.1
redis-async,10,1,191,0.109
redis-async,10,1,192,0.098
redis-async,10,1,193,0.099
redis-async,10,1,194,0.099
redis-async,10,1,195,0.099
redis-async,10,1,196,0.1
redis-async,10,1,197,0.101
redis-async,10,1,198,0.099
redis-async,10,1,199,0.1
redis-async,10,1,200,0.1
redis-async,10,1,201,0.109
redis-async,10,1,202,0.1
redis-async,10,1,203,0.101
redis-async,10,1,204,0.1
redis-async,10,1,205,0.099
redis-async,10,1,206,0.099
redis-async,10,1,207,0.099
redis-async,10,1,208,0.098
redis-async,10,1,209,0.099
redis-async,10,1,210,0.099
redis-async,10,1,211,0.111
redis-async,10,1,212,0.098
redis-async,10,1,213,0.099
redis-async,10,1,214,0.099
redis-async,10,1,215,0.098
redis-async,10,1,216,0.099
redis-async,10,1,217,0.098
redis-async,10,1,218,0.099
redis-async,10,1,219,0.102
redis-async,10,1,220,0.1
redis-async,10,1,221,0.094
redis-async,10,1,222,0.1
redis-async,10,1,223,0.099
redis-async,10,1,224,0.099
redis-async,10,1,225,0.112
redis-async,10,1,226,0.103
redis-async,10,1,227,0.097
redis-async,10,1,228,0.102
redis-async,10,1,229,0.103
redis-async,10,1,230,0.098
redis-async,10,1,231,0.117
redis-async,10,1,232,0.098
redis-async,10,1,233,0.098
redis-async,10,1,234,0.099
redis-async,10,1,235,0.099
redis-async,10,1,236,0.112
redis-async,10,1,237,0.099
redis-async,10,1,238,0.098
redis-async,10,1,239,0.098
redis-async,10,1,240,0.099
redis-async,10,1,241,0.093
redis-async,10,1,242,0.096
redis-async,10,1,243,0.103
redis-async,10,1,244,0.101
redis-async,10,1,245,0.098
redis-async,10,1,246,0.097
redis-async,10,1,247,0.099
redis-async,10,1,248,0.097
redis-async,10,1,249,0.097
redis-async,10,1,250,0.107
redis-async,10,1,251,0.097
redis-async,10,1,252,0.135
redis-async,10,1,253,0.15
redis-async,10,1,254,0.122
redis-async,10,1,255,0.117
redis-async,10,1,256,0.108
redis-async,10,1,257,0.11
redis-async,10,1,258,0.104
redis-async,10,1,259,0.112
redis-async,10,1,260,0.104
redis-async,10,1,261,0.104
redis-async,10,1,262,0.111
redis-async,10,1,263,0.104
redis-async,10,1,264,0.101
redis-async,10,1,265,0.101
redis-async,10,1,266,0.104
redis-async,10,1,267,0.103
redis-async,10,1,268,0.098
redis-async,10,1,269,0.098
redis-async,10,1,270,0.116
redis-async,10,1,271,0.103
redis-async,10,1,272,0.116
redis-async,10,1,273,0.102
redis-async,10,1,274,0.103
redis-async,10,1,275,0.104
redis-async,10,1,276,0.1
redis-async,10,1,277,0.101
redis-async,10,1,278,0.11
redis-async,10,1,279,0.101
redis-async,10,1,280,0.102
redis-async,10,1,281,0.101
redis-async,10,1,282,0.101
redis-async,10,1,283,0.121
redis-async,10,1,284,0.142
redis-async,10,1,285,0.121
redis-async,10,1,286,0.12
redis-async,10,1,287,0.131
redis-async,10,1,288,0.117
redis-async,10,1,289,0.114
redis-async,10,1,290,0.113
redis-async,10,1,291,0.113
redis-async,10,1,292,0.114
redis-async,10,1,293,0.112
redis-async,10,1,294,0.114
redis-async,10,1,295,0.109
redis-async,10,1,296,0.117
redis-async,10,1,297,0.112
redis-async,10,1,298,0.103
redis-async,10,1,299,0.103
redis-async,10,1,300,0.102
redis-async,10,1,301,0.102
redis-async,10,1,302,0.103
redis-async,10,1,303,0.102
redis-async,10,1,304,0.104
redis-async,10,1,305,0.116
redis-async,10,1,306,0.101
redis-async,10,1,307,0.103
redis-async,10,1,308,0.122
redis-async,10,1,309,0.102
redis-async,10,1,310,0.101
redis-async,10,1,311,0.102
redis-async,10,1,312,0.105
redis-async,10,1,313,0.102
redis-async,10,1,314,0.098
redis-async,10,1,315,0.096
redis-async,10,1,316,0.114
redis-async,10,1,317,0.101
redis-async,10,1,318,0.1
redis-async,10,1,319,0.102
redis-async,10,1,320,0.101
redis-async,10,1,321,0.103
redis-async,10,1,322,0.104
redis-async,10,1,323,0.105
redis-async,10,1,324,0.117
redis-async,10,1,325,0.101
redis-async,10,1,326,0.1
redis-async,10,1,327,0.102
redis-async,10,1,328,0.101
redis-async,10,1,329,0.102
redis-async,10,1,330,0.108
redis-async,10,1,331,0.104
redis-async,10,1,332,0.104
redis-async,10,1,333,0.1
redis-async,10,1,334,0.094
redis-async,10,1,335,0.099
redis-async,10,1,336,0.109
redis-async,10,1,337,0.106
redis-async,10,1,338,0.105
redis-async,10,1,339,0.114
redis-async,10,1,340,0.102
redis-async,10,1,341,0.102
redis-async,10,1,342,0.102
redis-async,10,1,343,0.12
redis-async,10,1,344,0.102
redis-async,10,1,345,0.101
redis-async,10,1,346,0.114
redis-async,10,1,347,0.105
redis-async,10,1,348,0.102
redis-async,10,1,349,0.103
redis-async,10,1,350,0.102
redis-async,10,1,351,0.104
redis-async,10,1,352,0.102
redis-async,10,1,353,0.097
redis-async,10,1,354,0.1
redis-async,10,1,355,0.104
redis-async,10,1,356,0.099
redis-async,10,1,357,0.1
redis-async,10,1,358,0.099
redis-async,10,1,359,0.099
redis-async,10,1,360,0.098
redis-async,10,1,361,0.097
redis-async,10,1,362,0.102
redis-async,10,1,363,0.093
redis-async,10,1,364,0.1
redis-async,10,1,365,0.098
redis-async,10,1,366,0.098
redis-async,10,1,367,0.097
redis-async,10,1,368,0.097
redis-async,10,1,369,0.096
redis-async,10,1,370,0.098
redis-async,10,1,371,0.098
redis-async,10,1,372,0.106
redis-async,10,1,373,0.101
redis-async,10,1,374,0.103
redis-async,10,1,375,0.099
redis-async,10,1,376,0.102
redis-async,10,1,377,0.101
redis-async,10,1,378,0.102
redis-async,10,1,379,0.101
redis-async,10,1,380,0.102
redis-async,10,1,381,0.1
redis-async,10,1,382,0.096
redis-async,10,1,383,0.094
redis-async,10,1,384,0.101
redis-async,10,1,385,0.109
redis-async,10,1,386,0.104
redis-async,10,1,387,0.104
redis-async,10,1,388,0.116
redis-async,10,1,389,0.11
redis-async,10,1,390,0.111
redis-async,10,1,391,0.108
redis-async,10,1,392,0.116
redis-async,10,1,393,0.107
redis-async,10,1,394,0.116
redis-async,10,1,395,0.114
redis-async,10,1,396,0.114
redis-async,10,1,397,0.114
redis-async,10,1,398,0.118
redis-async,10,1,399,0.112
redis-async,10,1,400,0.125
redis-async,10,1,401,0.11
redis-async,10,1,402,0.104
redis-async,10,1,403,0.107
redis-async,10,1,404,0.105
redis-async,10,1,405,0.101
redis-async,10,1,406,0.101
redis-async,10,1,407,0.101
redis-async,10,1,408,0.103
redis-async,10,1,409,0.103
redis-async,10,1,410,0.112
redis-async,10,1,411,0.116
redis-async,10,1,412,0.102
redis-async,10,1,413,0.103
redis-async,10,1,414,0.109
redis-async,10,1,415,0.101
redis-async,10,1,416,0.102
redis-async,10,1,417,0.117
redis-async,10,1,418,0.102
redis-async,10,1,419,0.095
redis-async,10,1,420,0.097
redis-async,10,1,421,0.108
redis-async,10,1,422,0.101
redis-async,10,1,423,0.102
redis-async,10,1,424,0.101
redis-async,10,1,425,0.101
redis-async,10,1,426,0.104
redis-async,10,1,427,0.115
redis-async,10,1,428,0.103
redis-async,10,1,429,0.122
redis-async,10,1,430,0.103
redis-async,10,1,431,0.101
redis-async,10,1,432,0.103
redis-async,10,1,433,0.102
redis-async,10,1,434,0.103
redis-async,10,1,435,0.107
redis-async,10,1,436,0.103
redis-async,10,1,437,0.102
redis-async,10,1,438,0.098
redis-async,10,1,439,0.098
redis-async,10,1,440,0.105
redis-async,10,1,441,0.102
redis-async,10,1,442,0.101
redis-async,10,1,443,0.102
redis-async,10,1,444,0.103
redis-async,10,1,445,0.103
redis-async,10,1,446,0.101
redis-async,10,1,447,0.102
redis-async,10,1,448,0.145
redis-async,10,1,449,0.142
redis-async,10,1,450,0.118
redis-async,10,1,451,0.11
redis-async,10,1,452,0.104
redis-async,10,1,453,0.102
redis-async,10,1,454,0.102
redis-async,10,1,455,0.099
redis-async,10,1,456,0.1
redis-async,10,1,457,0.107
redis-async,10,1,458,0.099
redis-async,10,1,459,0.103
redis-async,10,1,460,0.099
redis-async,10,1,461,0.099
redis-async,10,1,462,0.115
redis-async,10,1,463,0.102
redis-async,10,1,464,0.103
redis-async,10,1,465,0.101
redis-async,10,1,466,0.124
redis-async,10,1,467,0.108
redis-async,10,2,1,0.134
redis-async,10,2,2,0.122
redis-async,10,2,3,0.11
redis-async,10,2,4,0.11
redis-async,10,2,5,0.114
redis-async,10,2,6,0.117
redis-async,10,2,7,0.117
redis-async,10,2,8,0.11
redis-async,10,2,9,0.112
redis-async,10,2,10,0.114
redis-async,10,2,11,0.128
redis-async,10,2,12,0.119
redis-async,10,2,13,0.116
redis-async,10,2,14,0.112
redis-async,10,2,15,0.11
redis-async,10,2,16,0.11
redis-async,10,2,17,0.111
redis-async,10,2,18,0.1
redis-async,10,2,19,0.099
redis-async,10,2,20,0.109
redis-async,10,2,21,0.101
redis-async,10,2,22,0.101
redis-async,10,2,23,0.099
redis-async,10,2,24,0.104
redis-async,10,2,25,0.099
redis-async,10,2,26,0.1
redis-async,10,2,27,0.098
redis-async,10,2,28,0.102
redis-async,10,2,29,0.101
redis-async,10,2,30,0.117
redis-async,10,2,31,0.099
redis-async,10,2,32,0.099
redis-async,10,2,33,0.099
redis-async,10,2,34,0.098
redis-async,10,2,35,0.099
redis-async,10,2,36,0.099
redis-async,10,2,37,0.098
redis-async,10,2,38,0.1
redis-async,10,2,39,0.098
redis-async,10,2,40,0.109
redis-async,10,2,41,0.098
redis-async,10,2,42,0.099
redis-async,10,2,43,0.099
redis-async,10,2,44,0.1
redis-async,10,2,45,0.098
redis-async,10,2,46,0.098
redis-async,10,2,47,0.1
redis-async,10,2,48,0.1
redis-async,10,2,49,0.099
redis-async,10,2,50,0.139
redis-async,10,2,51,0.101
redis-async,10,2,52,0.104
redis-async,10,2,53,0.1
redis-async,10,2,54,0.098
redis-async,10,2,55,0.098
redis-async,10,2,56,0.099
redis-async,10,2,57,0.102
redis-async,10,2,58,0.102
redis-async,10,2,59,0.104
redis-async,10,2,60,0.094
redis-async,10,2,61,0.099
redis-async,10,2,62,0.098
redis-async,10,2,63,0.1
redis-async,10,2,64,0.097
redis-async,10,2,65,0.102
redis-async,10,2,66,0.098
redis-async,10,2,67,0.102
redis-async,10,2,68,0.105
redis-async,10,2,69,0.111
redis-async,10,2,70,0.099
redis-async,10,2,71,0.101
redis-async,10,2,72,0.102
redis-async,10,2,73,0.1
redis-async,10,2,74,0.099
redis-async,10,2,75,0.099
redis-async,10,2,76,0.101
redis-async,10,2,77,0.104
redis-async,10,2,78,0.099
redis-async,10,2,79,0.107
redis-async,10,2,80,0.099
redis-async,10,2,81,0.097
redis-async,10,2,82,0.098
redis-async,10,2,83,0.297
redis-async,10,2,84,0.102
redis-async,10,2,85,0.098
redis-async,10,2,86,0.106
redis-async,10,2,87,0.118
redis-async,10,2,88,0.1
redis-async,10,2,89,0.102
redis-async,10,2,90,0.099
redis-async,10,2,91,0.1
redis-async,10,2,92,0.099
redis-async,10,2,93,0.1
redis-async,10,2,94,0.098
redis-async,10,2,95,0.1
redis-async,10,2,96,0.099
redis-async,10,2,97,0.121
redis-async,10,2,98,0.115
redis-async,10,2,99,0.116
redis-async,10,2,100,0.117
redis-async,10,2,101,0.114
redis-async,10,2,102,0.114
redis-async,10,2,103,0.116
redis-async,10,2,104,0.115
redis-async,10,2,105,0.115
redis-async,10,2,106,0.108
redis-async,10,2,107,0.114
redis-async,10,2,108,0.109
redis-async,10,2,109,0.11
redis-async,10,2,110,0.11
redis-async,10,2,111,0.11
redis-async,10,2,112,0.111
redis-async,10,2,113,0.112
redis-async,10,2,114,0.108
redis-async,10,2,115,0.103
redis-async,10,2,116,0.101
redis-async,10,2,117,0.099
redis-async,10,2,118,0.099
redis-async,10,2,119,0.101
redis-async,10,2,120,0.109
redis-async,10,2,121,0.1
redis-async,10,2,122,0.1
redis-async,10,2,123,0.108
redis-async,10,2,124,0.109
redis-async,10,2,125,0.101
redis-async,10,2,126,0.099
redis-async,10,2,127,0.1
redis-async,10,2,128,0.101
redis-async,10,2,129,0.101
redis-async,10,2,130,0.099
redis-async,10,2,131,0.102
redis-async,10,2,132,0.1
redis-async,10,2,133,0.1
redis-async,10,2,134,0.119
redis-async,10,2,135,0.102
redis-async,10,2,136,0.099
redis-async,10,2,137,0.098
redis-async,10,2,138,0.1
redis-async,10,2,139,0.099
redis-async,10,2,140,0.1
redis-async,10,2,141,0.098
redis-async,10,2,142,0.1
redis-async,10,2,143,0.119
redis-async,10,2,144,0.091
redis-async,10,2,145,0.102
redis-async,10,2,146,0.104
redis-async,10,2,147,0.099
redis-async,10,2,148,0.099
redis-async,10,2,149,0.099
redis-async,10,2,150,0.1
redis-async,10,2,151,0.099
redis-async,10,2,152,0.101
redis-async,10,2,153,0.132
redis-async,10,2,154,0.101
redis-async,10,2,155,0.119
redis-async,10,2,156,0.096
redis-async,10,2,157,0.095
redis-async,10,2,158,0.097
redis-async,10,2,159,0.094
redis-async,10,2,160,0.097
redis-async,10,2,161,0.095
redis-async,10,2,162,0.094
redis-async,10,2,163,0.089
redis-async,10,2,164,0.092
redis-async,10,2,165,0.096
redis-async,10,2,166,0.095
redis-async,10,2,167,0.096
redis-async,10,2,168,0.098
redis-async,10,2,169,0.098
redis-async,10,2,170,0.098
redis-async,10,2,171,0.097
redis-async,10,2,172,0.099
redis-async,10,2,173,0.114
redis-async,10,2,174,0.101
redis-async,10,2,175,0.099
redis-async,10,2,176,0.099
redis-async,10,2,177,0.1
redis-async,10,2,178,0.101
redis-async,10,2,179,0.097
redis-async,10,2,180,0.099
redis-async,10,2,181,0.098
redis-async,10,2,182,0.098
redis-async,10,2,183,0.108
redis-async,10,2,184,0.1
redis-async,10,2,185,0.099
redis-async,10,2,186,0.098
redis-async,10,2,187,0.097
redis-async,10,2,188,0.097
redis-async,10,2,189,0.098
redis-async,10,2,190,0.098
redis-async,10,2,191,0.099
redis-async,10,2,192,0.099
redis-async,10,2,193,0.107
redis-async,10,2,194,0.109
redis-async,10,2,195,0.117
redis-async,10,2,196,0.109
redis-async,10,2,197,0.102
redis-async,10,2,198,0.112
redis-async,10,2,199,0.103
redis-async,10,2,200,0.113
redis-async,10,2,201,0.104
redis-async,10,2,202,0.123
redis-async,10,2,203,0.116
redis-async,10,2,204,0.118
redis-async,10,2,205,0.109
redis-async,10,2,206,0.109
redis-async,10,2,207,0.108
redis-async,10,2,208,0.111
redis-async,10,2,209,0.106
redis-async,10,2,210,0.107
redis-async,10,2,211,0.119
redis-async,10,2,212,0.116
redis-async,10,2,213,0.11
redis-async,10,2,214,0.106
redis-async,10,2,215,0.108
redis-async,10,2,216,0.098
redis-async,10,2,217,0.098
redis-async,10,2,218,0.101
redis-async,10,2,219,0.098
redis-async,10,2,220,0.099
redis-async,10,2,221,0.119
redis-async,10,2,222,0.093
redis-async,10,2,223,0.104
redis-async,10,2,224,0.099
redis-async,10,2,225,0.099
redis-async,10,2,226,0.099
redis-async,10,2,227,0.099
redis-async,10,2,228,0.1
redis-async,10,2,229,0.098
redis-async,10,2,230,0.099
redis-async,10,2,231,0.139
redis-async,10,2,232,0.101
redis-async,10,2,233,0.098
redis-async,10,2,234,0.098
redis-async,10,2,235,0.103
redis-async,10,2,236,0.1
redis-async,10,2,237,0.101
redis-async,10,2,238,0.098
redis-async,10,2,239,0.102
redis-async,10,2,240,0.108
redis-async,10,2,241,0.101
redis-async,10,2,242,0.107
redis-async,10,2,243,0.099
redis-async,10,2,244,0.1
redis-async,10,2,245,0.098
redis-async,10,2,246,0.1
redis-async,10,2,247,0.098
redis-async,10,2,248,0.099
redis-async,10,2,249,0.1
redis-async,10,2,250,0.098
redis-async,10,2,251,0.104
redis-async,10,2,252,0.101
redis-async,10,2,253,0.1
redis-async,10,2,254,0.102
redis-async,10,2,255,0.099
redis-async,10,2,256,0.098
redis-async,10,2,257,0.1
redis-async,10,2,258,0.098
redis-async,10,2,259,0.098
redis-async,10,2,260,0.098
redis-async,10,2,261,0.092
redis-async,10,2,262,0.098
redis-async,10,2,263,0.098
redis-async,10,2,264,0.099
redis-async,10,2,265,0.098
redis-async,10,2,266,0.1
redis-async,10,2,267,0.098
redis-async,10,2,268,0.097
redis-async,10,2,269,0.098
redis-async,10,2,270,0.11
redis-async,10,2,271,0.099
redis-async,10,2,272,0.098
redis-async,10,2,273,0.097
redis-async,10,2,274,0.098
redis-async,10,2,275,0.097
redis-async,10,2,276,0.098
redis-async,10,2,277,0.099
redis-async,10,2,278,0.099
redis-async,10,2,279,0.101
redis-async,10,2,280,0.117
redis-async,10,2,281,0.098
redis-async,10,2,282,0.098
redis-async,10,2,283,0.097
redis-async,10,2,284,0.099
redis-async,10,2,285,0.099
redis-async,10,2,286,0.1
redis-async,10,2,287,0.1
redis-async,10,2,288,0.102
redis-async,10,2,289,0.113
redis-async,10,2,290,0.093
redis-async,10,2,291,0.093
redis-async,10,2,292,0.098
redis-async,10,2,293,0.099
redis-async,10,2,294,0.098
redis-async,10,2,295,0.1
redis-async,10,2,296,0.098
redis-async,10,2,297,0.099
redis-async,10,2,298,0.102
redis-async,10,2,299,0.099
redis-async,10,2,300,0.106
redis-async,10,2,301,0.094
redis-async,10,2,302,0.101
redis-async,10,2,303,0.098
redis-async,10,2,304,0.102
redis-async,10,2,305,0.098
redis-async,10,2,306,0.097
redis-async,10,2,307,0.108
redis-async,10,2,308,0.101
redis-async,10,2,309,0.098
redis-async,10,2,310,0.103
redis-async,10,2,311,0.098
redis-async,10,2,312,0.104
redis-async,10,2,313,0.11
redis-async,10,2,314,0.109
redis-async,10,2,315,0.109
redis-async,10,2,316,0.11
redis-async,10,2,317,0.113
redis-async,10,2,318,0.113
redis-async,10,2,319,0.123
redis-async,10,2,320,0.112
redis-async,10,2,321,0.109
redis-async,10,2,322,0.112
redis-async,10,2,323,0.109
redis-async,10,2,324,0.111
redis-async,10,2,325,0.109
redis-async,10,2,326,0.114
redis-async,10,2,327,0.11
redis-async,10,2,328,0.113
redis-async,10,2,329,0.1
redis-async,10,2,330,0.097
redis-async,10,2,331,0.101
redis-async,10,2,332,0.097
redis-async,10,2,333,0.1
redis-async,10,2,334,0.099
redis-async,10,2,335,0.099
redis-async,10,2,336,0.097
redis-async,10,2,337,0.1
redis-async,10,2,338,0.097
redis-async,10,2,339,0.094
redis-async,10,2,340,0.098
redis-async,10,2,341,0.099
redis-async,10,2,342,0.101
redis-async,10,2,343,0.101
redis-async,10,2,344,0.099
redis-async,10,2,345,0.099
redis-async,10,2,346,0.099
redis-async,10,2,347,0.099
redis-async,10,2,348,0.11
redis-async,10,2,349,0.101
redis-async,10,2,350,0.1
redis-async,10,2,351,0.099
redis-async,10,2,352,0.099
redis-async,10,2,353,0.099
redis-async,10,2,354,0.099
redis-async,10,2,355,0.1
redis-async,10,2,356,0.098
redis-async,10,2,357,0.101
redis-async,10,2,358,0.109
redis-async,10,2,359,0.099
redis-async,10,2,360,0.099
redis-async,10,2,361,0.098
redis-async,10,2,362,0.099
redis-async,10,2,363,0.099
redis-async,10,2,364,0.102
redis-async,10,2,365,0.098
redis-async,10,2,366,0.101
redis-async,10,2,367,0.099
redis-async,10,2,368,0.092
redis-async,10,2,369,0.094
redis-async,10,2,370,0.099
redis-async,10,2,371,0.098
redis-async,10,2,372,0.1
redis-async,10,2,373,0.102
redis-async,10,2,374,0.1
redis-async,10,2,375,0.099
redis-async,10,2,376,0.101
redis-async,10,2,377,0.1
redis-async,10,2,378,0.107
redis-async,10,2,379,0.105
redis-async,10,2,380,0.098
redis-async,10,2,381,0.099
redis-async,10,2,382,0.098
redis-async,10,2,383,0.1
redis-async,10,2,384,0.1
redis-async,10,2,385,0.099
redis-async,10,2,386,0.099
redis-async,10,2,387,0.1
redis-async,10,2,388,0.097
redis-async,10,2,389,0.095
redis-async,10,2,390,0.113
redis-async,10,2,391,0.1
redis-async,10,2,392,0.1
redis-async,10,2,393,0.097
redis-async,10,2,394,0.099
redis-async,10,2,395,0.101
redis-async,10,2,396,0.1
redis-async,10,2,397,0.1
redis-async,10,2,398,0.095
redis-async,10,2,399,0.093
redis-async,10,2,400,0.099
redis-async,10,2,401,0.099
redis-async,10,2,402,0.101
redis-async,10,2,403,0.098
redis-async,10,2,404,0.098
redis-async,10,2,405,0.099
redis-async,10,2,406,0.099
redis-async,10,2,407,0.1
redis-async,10,2,408,0.12
redis-async,10,2,409,0.105
redis-async,10,2,410,0.098
redis-async,10,2,411,0.098
redis-async,10,2,412,0.098
redis-async,10,2,413,0.098
redis-async,10,2,414,0.099
redis-async,10,2,415,0.1
redis-async,10,2,416,0.1
redis-async,10,2,417,0.101
redis-async,10,2,418,0.099
redis-async,10,2,419,0.093
redis-async,10,2,420,0.099
redis-async,10,2,421,0.099
redis-async,10,2,422,0.1
redis-async,10,2,423,0.099
redis-async,10,2,424,0.099
redis-async,10,2,425,0.099
redis-async,10,2,426,0.099
redis-async,10,2,427,0.098
redis-async,10,2,428,0.118
redis-async,10,2,429,0.098
redis-async,10,2,430,0.103
redis-async,10,2,431,0.104
redis-async,10,2,432,0.11
redis-async,10,2,433,0.109
redis-async,10,2,434,0.11
redis-async,10,2,435,0.11
redis-async,10,2,436,0.11
redis-async,10,2,437,0.126
redis-async,10,2,438,0.11
redis-async,10,2,439,0.109
redis-async,10,2,440,0.11
redis-async,10,2,441,0.109
redis-async,10,2,442,0.109
redis-async,10,2,443,0.109
redis-async,10,2,444,0.111
redis-async,10,2,445,0.109
redis-async,10,2,446,0.12
redis-async,10,2,447,0.111
redis-async,10,2,448,0.1
redis-async,10,2,449,0.099
redis-async,10,2,450,0.098
redis-async,10,2,451,0.101
redis-async,10,2,452,0.104
redis-async,10,2,453,0.098
redis-async,10,2,454,0.1
redis-async,10,2,455,0.114
redis-async,10,2,456,0.11
redis-async,10,2,457,0.099
redis-async,10,2,458,0.1
redis-async,10,2,459,0.101
redis-async,10,2,460,0.102
redis-async,10,2,461,0.1
redis-async,10,2,462,0.119
redis-async,10,2,463,0.11
redis-async,10,2,464,0.102
redis-async,10,2,465,0.117
redis-async,10,2,466,0.102
redis-async,10,2,467,0.099
redis-async,10,3,1,0.114
redis-async,10,3,2,0.101
redis-async,10,3,3,0.104
redis-async,10,3,4,0.101
redis-async,10,3,5,0.101
redis-async,10,3,6,0.097
redis-async,10,3,7,0.099
redis-async,10,3,8,0.101
redis-async,10,3,9,0.116
redis-async,10,3,10,0.113
redis-async,10,3,11,0.104
redis-async,10,3,12,0.096
redis-async,10,3,13,0.096
redis-async,10,3,14,0.097
redis-async,10,3,15,0.097
redis-async,10,3,16,0.101
redis-async,10,3,17,0.099
redis-async,10,3,18,0.12
redis-async,10,3,19,0.104
redis-async,10,3,20,0.1
redis-async,10,3,21,0.1
redis-async,10,3,22,0.098
redis-async,10,3,23,0.099
redis-async,10,3,24,0.1
redis-async,10,3,25,0.099
redis-async,10,3,26,0.099
redis-async,10,3,27,0.098
redis-async,10,3,28,0.098
redis-async,10,3,29,0.091
redis-async,10,3,30,0.097
redis-async,10,3,31,0.101
redis-async,10,3,32,0.102
redis-async,10,3,33,0.106
redis-async,10,3,34,0.101
redis-async,10,3,35,0.102
redis-async,10,3,36,0.101
redis-async,10,3,37,0.101
redis-async,10,3,38,0.098
redis-async,10,3,39,0.101
redis-async,10,3,40,0.104
redis-async,10,3,41,0.116
redis-async,10,3,42,0.112
redis-async,10,3,43,0.11
redis-async,10,3,44,0.112
redis-async,10,3,45,0.108
redis-async,10,3,46,0.112
redis-async,10,3,47,0.123
redis-async,10,3,48,0.111
redis-async,10,3,49,0.11
redis-async,10,3,50,0.109
redis-async,10,3,51,0.109
redis-async,10,3,52,0.107
redis-async,10,3,53,0.111
redis-async,10,3,54,0.109
redis-async,10,3,55,0.109
redis-async,10,3,56,0.123
redis-async,10,3,57,0.111
redis-async,10,3,58,0.11
redis-async,10,3,59,0.126
redis-async,10,3,60,0.109
redis-async,10,3,61,0.108
redis-async,10,3,62,0.098
redis-async,10,3,63,0.098
redis-async,10,3,64,0.099
redis-async,10,3,65,0.118
redis-async,10,3,66,0.101
redis-async,10,3,67,0.098
redis-async,10,3,68,0.099
redis-async,10,3,69,0.099
redis-async,10,3,70,0.098
redis-async,10,3,71,0.097
redis-async,10,3,72,0.099
redis-async,10,3,73,0.098
redis-async,10,3,74,0.098
redis-async,10,3,75,0.114
redis-async,10,3,76,0.097
redis-async,10,3,77,0.1
redis-async,10,3,78,0.12
redis-async,10,3,79,0.107
redis-async,10,3,80,0.099
redis-async,10,3,81,0.101
redis-async,10,3,82,0.095
redis-async,10,3,83,0.099
redis-async,10,3,84,0.094
redis-async,10,3,85,0.094
redis-async,10,3,86,0.088
redis-async,10,3,87,0.094
redis-async,10,3,88,0.1
redis-async,10,3,89,0.097
redis-async,10,3,90,0.116
redis-async,10,3,91,0.099
redis-async,10,3,92,0.098
redis-async,10,3,93,0.099
redis-async,10,3,94,0.099
redis-async,10,3,95,0.099
redis-async,10,3,96,0.095
redis-async,10,3,97,0.1
redis-async,10,3,98,0.098
redis-async,10,3,99,0.099
redis-async,10,3,100,0.098
redis-async,10,3,101,0.1
redis-async,10,3,102,0.098
redis-async,10,3,103,0.1
redis-async,10,3,104,0.099
redis-async,10,3,105,0.099
redis-async,10,3,106,0.092
redis-async,10,3,107,0.098
redis-async,10,3,108,0.1
redis-async,10,3,109,0.098
redis-async,10,3,110,0.098
redis-async,10,3,111,0.097
redis-async,10,3,112,0.102
redis-async,10,3,113,0.1
redis-async,10,3,114,0.096
redis-async,10,3,115,0.091
redis-async,10,3,116,0.102
redis-async,10,3,117,0.099
redis-async,10,3,118,0.099
redis-async,10,3,119,0.098
redis-async,10,3,120,0.099
redis-async,10,3,121,0.099
redis-async,10,3,122,0.098
redis-async,10,3,123,0.098
redis-async,10,3,124,0.097
redis-async,10,3,125,0.111
redis-async,10,3,126,0.101
redis-async,10,3,127,0.097
redis-async,10,3,128,0.105
redis-async,10,3,129,0.105
redis-async,10,3,130,0.099
redis-async,10,3,131,0.1
redis-async,10,3,132,0.099
redis-async,10,3,133,0.1
redis-async,10,3,134,0.098
redis-async,10,3,135,0.102
redis-async,10,3,136,0.095
redis-async,10,3,137,0.099
redis-async,10,3,138,0.1
redis-async,10,3,139,0.099
redis-async,10,3,140,0.1
redis-async,10,3,141,0.101
redis-async,10,3,142,0.099
redis-async,10,3,143,0.1
redis-async,10,3,144,0.098
redis-async,10,3,145,0.111
redis-async,10,3,146,0.101
redis-async,10,3,147,0.098
redis-async,10,3,148,0.095
redis-async,10,3,149,0.11
redis-async,10,3,150,0.116
redis-async,10,3,151,0.111
redis-async,10,3,152,0.108
redis-async,10,3,153,0.11
redis-async,10,3,154,0.109
redis-async,10,3,155,0.126
redis-async,10,3,156,0.119
redis-async,10,3,157,0.111
redis-async,10,3,158,0.11
redis-async,10,3,159,0.111
redis-async,10,3,160,0.11
redis-async,10,3,161,0.111
redis-async,10,3,162,0.111
redis-async,10,3,163,0.121
redis-async,10,3,164,0.11
redis-async,10,3,165,0.109
redis-async,10,3,166,0.108
redis-async,10,3,167,0.12
redis-async,10,3,168,0.108
redis-async,10,3,169,0.111
redis-async,10,3,170,0.109
redis-async,10,3,171,0.098
redis-async,10,3,172,0.097
redis-async,10,3,173,0.114
redis-async,10,3,174,0.1
redis-async,10,3,175,0.099
redis-async,10,3,176,0.1
redis-async,10,3,177,0.101
redis-async,10,3,178,0.1
redis-async,10,3,179,0.101
redis-async,10,3,180,0.101
redis-async,10,3,181,0.101
redis-async,10,3,182,0.099
redis-async,10,3,183,0.095
redis-async,10,3,184,0.101
redis-async,10,3,185,0.101
redis-async,10,3,186,0.1
redis-async,10,3,187,0.1
redis-async,10,3,188,0.099
redis-async,10,3,189,0.099
redis-async,10,3,190,0.1
redis-async,10,3,191,0.099
redis-async,10,3,192,0.109
redis-async,10,3,193,0.1
redis-async,10,3,194,0.099
redis-async,10,3,195,0.1
redis-async,10,3,196,0.099
redis-async,10,3,197,0.101
redis-async,10,3,198,0.098
redis-async,10,3,199,0.099
redis-async,10,3,200,0.099
redis-async,10,3,201,0.098
redis-async,10,3,202,0.098
redis-async,10,3,203,0.096
redis-async,10,3,204,0.1
redis-async,10,3,205,0.099
redis-async,10,3,206,0.099
redis-async,10,3,207,0.099
redis-async,10,3,208,0.103
redis-async,10,3,209,0.099
redis-async,10,3,210,0.099
redis-async,10,3,211,0.1
redis-async,10,3,212,0.11
redis-async,10,3,213,0.1
redis-async,10,3,214,0.098
redis-async,10,3,215,0.098
redis-async,10,3,216,0.1
redis-async,10,3,217,0.1
redis-async,10,3,218,0.099
redis-async,10,3,219,0.098
redis-async,10,3,220,0.098
redis-async,10,3,221,0.098
redis-async,10,3,222,0.097
redis-async,10,3,223,0.092
redis-async,10,3,224,0.098
redis-async,10,3,225,0.098
redis-async,10,3,226,0.098
redis-async,10,3,227,0.099
redis-async,10,3,228,0.099
redis-async,10,3,229,0.097
redis-async,10,3,230,0.101
redis-async,10,3,231,0.103
redis-async,10,3,232,0.108
redis-async,10,3,233,0.099
redis-async,10,3,234,0.098
redis-async,10,3,235,0.098
redis-async,10,3,236,0.099
redis-async,10,3,237,0.104
redis-async,10,3,238,0.1
redis-async,10,3,239,0.099
redis-async,10,3,240,0.098
redis-async,10,3,241,0.099
redis-async,10,3,242,0.109
redis-async,10,3,243,0.099
redis-async,10,3,244,0.101
redis-async,10,3,245,0.103
redis-async,10,3,246,0.1
redis-async,10,3,247,0.098
redis-async,10,3,248,0.098
redis-async,10,3,249,0.099
redis-async,10,3,250,0.099
redis-async,10,3,251,0.1
redis-async,10,3,252,0.097
redis-async,10,3,253,0.088
redis-async,10,3,254,0.108
redis-async,10,3,255,0.105
redis-async,10,3,256,0.111
redis-async,10,3,257,0.112
redis-async,10,3,258,0.11
redis-async,10,3,259,0.11
redis-async,10,3,260,0.11
redis-async,10,3,261,0.11
redis-async,10,3,262,0.125
redis-async,10,3,263,0.11
redis-async,10,3,264,0.109
redis-async,10,3,265,0.11
redis-async,10,3,266,0.109
redis-async,10,3,267,0.108
redis-async,10,3,268,0.109
redis-async,10,3,269,0.109
redis-async,10,3,270,0.108
redis-async,10,3,271,0.124
redis-async,10,3,272,0.109
redis-async,10,3,273,0.109
redis-async,10,3,274,0.111
redis-async,10,3,275,0.109
redis-async,10,3,276,0.109
redis-async,10,3,277,0.109
redis-async,10,3,278,0.11
redis-async,10,3,279,0.099
redis-async,10,3,280,0.11
redis-async,10,3,281,0.098
redis-async,10,3,282,0.097
redis-async,10,3,283,0.096
redis-async,10,3,284,0.096
redis-async,10,3,285,0.095
redis-async,10,3,286,0.097
redis-async,10,3,287,0.109
redis-async,10,3,288,0.098
redis-async,10,3,289,0.096
redis-async,10,3,290,0.115
redis-async,10,3,291,0.097
redis-async,10,3,292,0.096
redis-async,10,3,293,0.097
redis-async,10,3,294,0.095
redis-async,10,3,295,0.096
redis-async,10,3,296,0.098
redis-async,10,3,297,0.095
redis-async,10,3,298,0.096
redis-async,10,3,299,0.098
redis-async,10,3,300,0.105
redis-async,10,3,301,0.099
redis-async,10,3,302,0.096
redis-async,10,3,303,0.096
redis-async,10,3,304,0.096
redis-async,10,3,305,0.096
redis-async,10,3,306,0.095
redis-async,10,3,307,0.099
redis-async,10,3,308,0.096
redis-async,10,3,309,0.102
redis-async,10,3,310,0.099
redis-async,10,3,311,0.09
redis-async,10,3,312,0.095
redis-async,10,3,313,0.097
redis-async,10,3,314,0.1
redis-async,10,3,315,0.094
redis-async,10,3,316,0.095
redis-async,10,3,317,0.095
redis-async,10,3,318,0.095
redis-async,10,3,319,0.096
redis-async,10,3,320,0.094
redis-async,10,3,321,0.109
redis-async,10,3,322,0.095
redis-async,10,3,323,0.098
redis-async,10,3,324,0.095
redis-async,10,3,325,0.096
redis-async,10,3,326,0.097
redis-async,10,3,327,0.095
redis-async,10,3,328,0.096
redis-async,10,3,329,0.097
redis-async,10,3,330,0.097
redis-async,10,3,331,0.116
redis-async,10,3,332,0.103
redis-async,10,3,333,0.103
redis-async,10,3,334,0.1
redis-async,10,3,335,0.099
redis-async,10,3,336,0.098
redis-async,10,3,337,0.099
redis-async,10,3,338,0.099
redis-async,10,3,339,0.098
redis-async,10,3,340,0.098
redis-async,10,3,341,0.122
redis-async,10,3,342,0.101
redis-async,10,3,343,0.103
redis-async,10,3,344,0.101
redis-async,10,3,345,0.102
redis-async,10,3,346,0.101
redis-async,10,3,347,0.101
redis-async,10,3,348,0.101
redis-async,10,3,349,0.102
redis-async,10,3,350,0.099
redis-async,10,3,351,0.094
redis-async,10,3,352,0.1
redis-async,10,3,353,0.103
redis-async,10,3,354,0.102
redis-async,10,3,355,0.1
redis-async,10,3,356,0.099
redis-async,10,3,357,0.1
redis-async,10,3,358,0.103
redis-async,10,3,359,0.101
redis-async,10,3,360,0.097
redis-async,10,3,361,0.095
redis-async,10,3,362,0.1
redis-async,10,3,363,0.1
redis-async,10,3,364,0.101
redis-async,10,3,365,0.099
redis-async,10,3,366,0.101
redis-async,10,3,367,0.102
redis-async,10,3,368,0.101
redis-async,10,3,369,0.114
redis-async,10,3,370,0.115
redis-async,10,3,371,0.106
redis-async,10,3,372,0.114
redis-async,10,3,373,0.113
redis-async,10,3,374,0.112
redis-async,10,3,375,0.112
redis-async,10,3,376,0.111
redis-async,10,3,377,0.114
redis-async,10,3,378,0.115
redis-async,10,3,379,0.122
redis-async,10,3,380,0.115
redis-async,10,3,381,0.113
redis-async,10,3,382,0.114
redis-async,10,3,383,0.114
redis-async,10,3,384,0.113
redis-async,10,3,385,0.114
redis-async,10,3,386,0.114
redis-async,10,3,387,0.132
redis-async,10,3,388,0.115
redis-async,10,3,389,0.116
redis-async,10,3,390,0.117
redis-async,10,3,391,0.115
redis-async,10,3,392,0.114
redis-async,10,3,393,0.114
redis-async,10,3,394,0.113
redis-async,10,3,395,0.102
redis-async,10,3,396,0.098
redis-async,10,3,397,0.097
redis-async,10,3,398,0.112
redis-async,10,3,399,0.102
redis-async,10,3,400,0.103
redis-async,10,3,401,0.105
redis-async,10,3,402,0.105
redis-async,10,3,403,0.104
redis-async,10,3,404,0.105
redis-async,10,3,405,0.103
redis-async,10,3,406,0.109
redis-async,10,3,407,0.103
redis-async,10,3,408,0.104
redis-async,10,3,409,0.103
redis-async,10,3,410,0.118
redis-async,10,3,411,0.106
redis-async,10,3,412,0.103
redis-async,10,3,413,0.105
redis-async,10,3,414,0.104
redis-async,10,3,415,0.1
redis-async,10,3,416,0.097
redis-async,10,3,417,0.105
redis-async,10,3,418,0.106
redis-async,10,3,419,0.103
redis-async,10,3,420,0.102
redis-async,10,3,421,0.103
redis-async,10,3,422,0.102
redis-async,10,3,423,0.103
redis-async,10,3,424,0.103
redis-async,10,3,425,0.114
redis-async,10,3,426,0.104
redis-async,10,3,427,0.106
redis-async,10,3,428,0.105
redis-async,10,3,429,0.104
redis-async,10,3,430,0.103
redis-async,10,3,431,0.103
redis-async,10,3,432,0.105
redis-async,10,3,433,0.104
redis-async,10,3,434,0.118
redis-async,10,3,435,0.106
redis-async,10,3,436,0.103
redis-async,10,3,437,0.103
redis-async,10,3,438,0.103
redis-async,10,3,439,0.103
redis-async,10,3,440,0.103
redis-async,10,3,441,0.103
redis-async,10,3,442,0.103
redis-async,10,3,443,0.103
redis-async,10,3,444,0.113
redis-async,10,3,445,0.104
redis-async,10,3,446,0.104
redis-async,10,3,447,0.103
redis-async,10,3,448,0.104
redis-async,10,3,449,0.103
redis-async,10,3,450,0.104
redis-async,10,3,451,0.105
redis-async,10,3,452,0.105
redis-async,10,3,453,0.119
redis-async,10,3,454,0.106
redis-async,10,3,455,0.118
redis-async,10,3,456,0.105
redis-async,10,3,457,0.103
redis-async,10,3,458,0.103
redis-async,10,3,459,0.103
redis-async,10,3,460,0.104
redis-async,10,3,461,0.104
redis-async,10,3,462,0.116
redis-async,10,3,463,0.13
redis-async,10,3,464,0.102
redis-async,10,3,465,0.104
redis-async,10,3,466,0.103
redis-async,10,3,467,0.103
redis-wait,10,1,1,10.351
redis-wait,10,1,2,11.787
redis-wait,10,1,3,12.795
redis-wait,10,1,4,12.719
redis-wait,10,1,5,12.596
redis-wait,10,1,6,12.816
redis-wait,10,1,7,12.781
redis-wait,10,1,8,12.729
redis-wait,10,1,9,11.43
redis-wait,10,1,10,10.784
redis-wait,10,1,11,12.747
redis-wait,10,1,12,11.992
redis-wait,10,1,13,12.986
redis-wait,10,1,14,10.433
redis-wait,10,1,15,10.775
redis-wait,10,1,16,12.422
redis-wait,10,1,17,10.555
redis-wait,10,1,18,12.752
redis-wait,10,1,19,12.356
redis-wait,10,1,20,13.689
redis-wait,10,1,21,11.532
redis-wait,10,1,22,13.731
redis-wait,10,1,23,12.97
redis-wait,10,1,24,14.224
redis-wait,10,1,25,12.485
redis-wait,10,1,26,11.727
redis-wait,10,1,27,12.487
redis-wait,10,1,28,12.004
redis-wait,10,1,29,13.531
redis-wait,10,1,30,14.136
redis-wait,10,1,31,14.573
redis-wait,10,1,32,12.672
redis-wait,10,1,33,12.915
redis-wait,10,1,34,11.446
redis-wait,10,1,35,11.469
redis-wait,10,1,36,15.157
redis-wait,10,1,37,14.224
redis-wait,10,1,38,12.113
redis-wait,10,1,39,14.014
redis-wait,10,1,40,13.528
redis-wait,10,1,41,13.052
redis-wait,10,1,42,12.157
redis-wait,10,1,43,11.871
redis-wait,10,1,44,11.89
redis-wait,10,1,45,12.766
redis-wait,10,1,46,14.021
redis-wait,10,1,47,13.971
redis-wait,10,1,48,12.06
redis-wait,10,1,49,13.964
redis-wait,10,1,50,12.549
redis-wait,10,1,51,13.643
redis-wait,10,1,52,14.172
redis-wait,10,1,53,13.02
redis-wait,10,1,54,13.252
redis-wait,10,1,55,14.669
redis-wait,10,1,56,15.139
redis-wait,10,1,57,14.557
redis-wait,10,1,58,11.651
redis-wait,10,1,59,11.107
redis-wait,10,1,60,11.054
redis-wait,10,1,61,13.046
redis-wait,10,1,62,14.177
redis-wait,10,1,63,11.487
redis-wait,10,1,64,11.009
redis-wait,10,1,65,11.237
redis-wait,10,1,66,12.65
redis-wait,10,1,67,12.315
redis-wait,10,1,68,13.457
redis-wait,10,1,69,12.03
redis-wait,10,1,70,14.149
redis-wait,10,1,71,12.951
redis-wait,10,1,72,11.349
redis-wait,10,1,73,12.849
redis-wait,10,1,74,13.554
redis-wait,10,1,75,14.115
redis-wait,10,1,76,11.685
redis-wait,10,1,77,13.767
redis-wait,10,1,78,14.005
redis-wait,10,1,79,12.107
redis-wait,10,1,80,13.497
redis-wait,10,1,81,11.816
redis-wait,10,1,82,13.628
redis-wait,10,1,83,11.636
redis-wait,10,1,84,12.766
redis-wait,10,1,85,11.833
redis-wait,10,1,86,11.605
redis-wait,10,1,87,12.839
redis-wait,10,1,88,13.793
redis-wait,10,1,89,11.952
redis-wait,10,1,90,12.948
redis-wait,10,1,91,13.264
redis-wait,10,1,92,13.651
redis-wait,10,1,93,11.796
redis-wait,10,1,94,12.647
redis-wait,10,1,95,10.993
redis-wait,10,1,96,12.157
redis-wait,10,1,97,11.605
redis-wait,10,1,98,13.319
redis-wait,10,1,99,13.604
redis-wait,10,1,100,12.313
redis-wait,10,1,101,11.488
redis-wait,10,1,102,13.386
redis-wait,10,1,103,13.723
redis-wait,10,1,104,13.453
redis-wait,10,1,105,14.824
redis-wait,10,1,106,12.258
redis-wait,10,1,107,13.227
redis-wait,10,1,108,12.925
redis-wait,10,1,109,10.768
redis-wait,10,1,110,11.426
redis-wait,10,1,111,12.355
redis-wait,10,1,112,12.837
redis-wait,10,1,113,13.738
redis-wait,10,1,114,13.816
redis-wait,10,1,115,11.591
redis-wait,10,1,116,12.015
redis-wait,10,1,117,12.975
redis-wait,10,1,118,14.669
redis-wait,10,1,119,12.532
redis-wait,10,1,120,11.719
redis-wait,10,1,121,12.778
redis-wait,10,1,122,11.361
redis-wait,10,1,123,11.778
redis-wait,10,1,124,13.442
redis-wait,10,1,125,14.113
redis-wait,10,1,126,12.895
redis-wait,10,1,127,12.695
redis-wait,10,1,128,11.508
redis-wait,10,1,129,11.638
redis-wait,10,1,130,11.978
redis-wait,10,1,131,11.524
redis-wait,10,1,132,12.161
redis-wait,10,1,133,12.115
redis-wait,10,1,134,12.556
redis-wait,10,1,135,11.962
redis-wait,10,1,136,13.072
redis-wait,10,1,137,12.659
redis-wait,10,1,138,13.995
redis-wait,10,1,139,12.956
redis-wait,10,1,140,11.155
redis-wait,10,1,141,12.792
redis-wait,10,1,142,12.598
redis-wait,10,1,143,13.971
redis-wait,10,1,144,14.145
redis-wait,10,1,145,14.405
redis-wait,10,1,146,12.472
redis-wait,10,1,147,13.876
redis-wait,10,1,148,13.063
redis-wait,10,1,149,13.281
redis-wait,10,1,150,13.783
redis-wait,10,1,151,12.219
redis-wait,10,1,152,13.475
redis-wait,10,1,153,12.748
redis-wait,10,1,154,12.631
redis-wait,10,1,155,12.575
redis-wait,10,1,156,13.59
redis-wait,10,1,157,14.255
redis-wait,10,1,158,12.999
redis-wait,10,1,159,13.281
redis-wait,10,1,160,13.866
redis-wait,10,1,161,13.111
redis-wait,10,1,162,14.119
redis-wait,10,1,163,12.96
redis-wait,10,1,164,12.463
redis-wait,10,1,165,12.369
redis-wait,10,1,166,13.423
redis-wait,10,1,167,12.623
redis-wait,10,1,168,15.187
redis-wait,10,1,169,13.185
redis-wait,10,1,170,12.785
redis-wait,10,1,171,12.642
redis-wait,10,1,172,14.345
redis-wait,10,1,173,12.557
redis-wait,10,1,174,13.795
redis-wait,10,1,175,12.19
redis-wait,10,1,176,11.466
redis-wait,10,1,177,13.323
redis-wait,10,1,178,14.465
redis-wait,10,1,179,11.879
redis-wait,10,1,180,11.645
redis-wait,10,1,181,12.556
redis-wait,10,1,182,13.935
redis-wait,10,1,183,13.613
redis-wait,10,1,184,11.336
redis-wait,10,1,185,14.059
redis-wait,10,1,186,13.984
redis-wait,10,1,187,12.709
redis-wait,10,1,188,11.602
redis-wait,10,1,189,11.763
redis-wait,10,1,190,11.568
redis-wait,10,1,191,14.032
redis-wait,10,1,192,11.525
redis-wait,10,1,193,12.355
redis-wait,10,1,194,14.338
redis-wait,10,1,195,12.935
redis-wait,10,1,196,14.275
redis-wait,10,1,197,13.759
redis-wait,10,1,198,14.4
redis-wait,10,1,199,13.472
redis-wait,10,1,200,12.325
redis-wait,10,1,201,13.753
redis-wait,10,1,202,13.659
redis-wait,10,1,203,12.024
redis-wait,10,1,204,14.411
redis-wait,10,1,205,13.24
redis-wait,10,1,206,13.498
redis-wait,10,1,207,12.013
redis-wait,10,1,208,14.665
redis-wait,10,1,209,13.769
redis-wait,10,1,210,13.745
redis-wait,10,1,211,13.971
redis-wait,10,1,212,13.95
redis-wait,10,1,213,12.819
redis-wait,10,1,214,12.915
redis-wait,10,1,215,12.003
redis-wait,10,1,216,11.587
redis-wait,10,1,217,12.294
redis-wait,10,1,218,12.636
redis-wait,10,1,219,13.932
redis-wait,10,1,220,14.237
redis-wait,10,1,221,12.069
redis-wait,10,1,222,12.013
redis-wait,10,1,223,13.224
redis-wait,10,1,224,12.374
redis-wait,10,1,225,13.345
redis-wait,10,1,226,12.597
redis-wait,10,1,227,14.216
redis-wait,10,1,228,13.729
redis-wait,10,1,229,12.688
redis-wait,10,1,230,14.112
redis-wait,10,1,231,14.232
redis-wait,10,1,232,14.465
redis-wait,10,1,233,14.281
redis-wait,10,1,234,14.135
redis-wait,10,1,235,12.197
redis-wait,10,1,236,12.443
redis-wait,10,1,237,12.61
redis-wait,10,1,238,11.814
redis-wait,10,1,239,11.455
redis-wait,10,1,240,12.276
redis-wait,10,1,241,13.413
redis-wait,10,1,242,14.528
redis-wait,10,1,243,11.953
redis-wait,10,1,244,12.266
redis-wait,10,1,245,12.966
redis-wait,10,1,246,12.125
redis-wait,10,1,247,11.393
redis-wait,10,1,248,11.973
redis-wait,10,1,249,14.595
redis-wait,10,1,250,14.196
redis-wait,10,1,251,14.035
redis-wait,10,1,252,12.614
redis-wait,10,1,253,11.732
redis-wait,10,1,254,11.865
redis-wait,10,1,255,14.268
redis-wait,10,1,256,11.844
redis-wait,10,1,257,12.887
redis-wait,10,1,258,13.539
redis-wait,10,1,259,13.695
redis-wait,10,1,260,13.424
redis-wait,10,1,261,13.127
redis-wait,10,1,262,12.878
redis-wait,10,1,263,13.59
redis-wait,10,1,264,11.761
redis-wait,10,1,265,14.18
redis-wait,10,1,266,12.216
redis-wait,10,1,267,14.153
redis-wait,10,1,268,13.311
redis-wait,10,1,269,12.35
redis-wait,10,1,270,12.356
redis-wait,10,1,271,11.521
redis-wait,10,1,272,14.304
redis-wait,10,1,273,12.807
redis-wait,10,1,274,13.584
redis-wait,10,1,275,13.666
redis-wait,10,1,276,11.731
redis-wait,10,1,277,12.624
redis-wait,10,1,278,13.315
redis-wait,10,1,279,12.409
redis-wait,10,1,280,13.579
redis-wait,10,1,281,14.229
redis-wait,10,1,282,12.265
redis-wait,10,1,283,14.301
redis-wait,10,1,284,11.926
redis-wait,10,1,285,11.831
redis-wait,10,1,286,15.046
redis-wait,10,1,287,14.179
redis-wait,10,1,288,11.988
redis-wait,10,1,289,13.213
redis-wait,10,1,290,11.914
redis-wait,10,1,291,12.84
redis-wait,10,1,292,13.222
redis-wait,10,1,293,12.338
redis-wait,10,1,294,12.194
redis-wait,10,1,295,13.193
redis-wait,10,1,296,12.124
redis-wait,10,1,297,13.267
redis-wait,10,1,298,11.665
redis-wait,10,1,299,11.678
redis-wait,10,1,300,13.856
redis-wait,10,1,301,12.41
redis-wait,10,1,302,11.878
redis-wait,10,1,303,13.093
redis-wait,10,1,304,15.034
redis-wait,10,1,305,13.687
redis-wait,10,1,306,14.161
redis-wait,10,1,307,12.375
redis-wait,10,1,308,13.116
redis-wait,10,1,309,13.35
redis-wait,10,1,310,13.352
redis-wait,10,1,311,13.178
redis-wait,10,1,312,11.72
redis-wait,10,1,313,12.949
redis-wait,10,1,314,14.303
redis-wait,10,1,315,12.355
redis-wait,10,1,316,13.767
redis-wait,10,1,317,15.597
redis-wait,10,1,318,13.009
redis-wait,10,1,319,12.134
redis-wait,10,1,320,14.017
redis-wait,10,1,321,13.907
redis-wait,10,1,322,13.986
redis-wait,10,1,323,14.293
redis-wait,10,1,324,12.706
redis-wait,10,1,325,14.004
redis-wait,10,1,326,11.988
redis-wait,10,1,327,13.907
redis-wait,10,1,328,13.854
redis-wait,10,1,329,11.629
redis-wait,10,1,330,11.966
redis-wait,10,1,331,12.263
redis-wait,10,1,332,12.895
redis-wait,10,1,333,12.875
redis-wait,10,1,334,13.706
redis-wait,10,1,335,12.285
redis-wait,10,1,336,11.648
redis-wait,10,1,337,11.625
redis-wait,10,1,338,13.067
redis-wait,10,1,339,13.792
redis-wait,10,1,340,11.897
redis-wait,10,1,341,14.755
redis-wait,10,1,342,12.518
redis-wait,10,1,343,12.275
redis-wait,10,1,344,13.017
redis-wait,10,1,345,13.155
redis-wait,10,1,346,13.489
redis-wait,10,1,347,11.453
redis-wait,10,1,348,11.622
redis-wait,10,1,349,13.338
redis-wait,10,1,350,13.016
redis-wait,10,1,351,14.19
redis-wait,10,1,352,13.894
redis-wait,10,1,353,11.802
redis-wait,10,1,354,13.68
redis-wait,10,1,355,14.011
redis-wait,10,1,356,12.526
redis-wait,10,1,357,14.152
redis-wait,10,1,358,14.094
redis-wait,10,1,359,12.5
redis-wait,10,1,360,13.522
redis-wait,10,1,361,14.476
redis-wait,10,1,362,13.62
redis-wait,10,1,363,12.43
redis-wait,10,1,364,13.068
redis-wait,10,1,365,14.784
redis-wait,10,1,366,12.327
redis-wait,10,1,367,12.809
redis-wait,10,1,368,11.79
redis-wait,10,1,369,11.986
redis-wait,10,1,370,12.104
redis-wait,10,1,371,11.284
redis-wait,10,1,372,12.613
redis-wait,10,1,373,11.834
redis-wait,10,1,374,11.414
redis-wait,10,1,375,12.317
redis-wait,10,1,376,12.259
redis-wait,10,1,377,14.507
redis-wait,10,1,378,13.991
redis-wait,10,1,379,11.67
redis-wait,10,1,380,13.529
redis-wait,10,1,381,11.447
redis-wait,10,1,382,14.988
redis-wait,10,1,383,12.941
redis-wait,10,1,384,13.197
redis-wait,10,1,385,12.974
redis-wait,10,1,386,14.055
redis-wait,10,1,387,12.159
redis-wait,10,1,388,12.373
redis-wait,10,1,389,21.082
redis-wait,10,1,390,14.865
redis-wait,10,1,391,12.933
redis-wait,10,1,392,13.934
redis-wait,10,1,393,13.134
redis-wait,10,1,394,12.002
redis-wait,10,1,395,11.645
redis-wait,10,1,396,12.251
redis-wait,10,1,397,11.237
redis-wait,10,1,398,13.344
redis-wait,10,1,399,13.591
redis-wait,10,1,400,14.114
redis-wait,10,1,401,14.544
redis-wait,10,1,402,11.935
redis-wait,10,1,403,14.235
redis-wait,10,1,404,13.394
redis-wait,10,1,405,13.122
redis-wait,10,1,406,13.809
redis-wait,10,1,407,13.473
redis-wait,10,1,408,12.679
redis-wait,10,1,409,14.198
redis-wait,10,1,410,12.372
redis-wait,10,1,411,12.027
redis-wait,10,1,412,13.917
redis-wait,10,1,413,12.749
redis-wait,10,1,414,13.84
redis-wait,10,1,415,11.675
redis-wait,10,1,416,13.431
redis-wait,10,1,417,14.069
redis-wait,10,1,418,13.692
redis-wait,10,1,419,13.254
redis-wait,10,1,420,11.954
redis-wait,10,1,421,13.11
redis-wait,10,1,422,14.186
redis-wait,10,1,423,11.952
redis-wait,10,1,424,12.624
redis-wait,10,1,425,11.828
redis-wait,10,1,426,14.187
redis-wait,10,1,427,11.473
redis-wait,10,1,428,11.145
redis-wait,10,1,429,13.22
redis-wait,10,1,430,14.292
redis-wait,10,1,431,11.989
redis-wait,10,1,432,12.632
redis-wait,10,1,433,13.897
redis-wait,10,1,434,14.37
redis-wait,10,1,435,14.151
redis-wait,10,1,436,13.985
redis-wait,10,1,437,13.992
redis-wait,10,1,438,12.357
redis-wait,10,1,439,11.46
redis-wait,10,1,440,14.242
redis-wait,10,1,441,12.717
redis-wait,10,1,442,14.018
redis-wait,10,1,443,12.09
redis-wait,10,1,444,14.096
redis-wait,10,1,445,16.529
redis-wait,10,1,446,13.594
redis-wait,10,1,447,13.389
redis-wait,10,1,448,11.417
redis-wait,10,1,449,12.447
redis-wait,10,1,450,12.605
redis-wait,10,1,451,12.813
redis-wait,10,1,452,14.008
redis-wait,10,1,453,13.18
redis-wait,10,1,454,12.757
redis-wait,10,1,455,11.739
redis-wait,10,1,456,12.067
redis-wait,10,1,457,12.095
redis-wait,10,1,458,13.757
redis-wait,10,1,459,14.015
redis-wait,10,1,460,14.287
redis-wait,10,1,461,13.871
redis-wait,10,1,462,12.817
redis-wait,10,1,463,11.927
redis-wait,10,1,464,11.713
redis-wait,10,1,465,13.443
redis-wait,10,1,466,11.63
redis-wait,10,1,467,13.952
redis-wait,10,2,1,11.056
redis-wait,10,2,2,12.013
redis-wait,10,2,3,12.514
redis-wait,10,2,4,14.33
redis-wait,10,2,5,12.011
redis-wait,10,2,6,11.964
redis-wait,10,2,7,12.997
redis-wait,10,2,8,11.843
redis-wait,10,2,9,13.946
redis-wait,10,2,10,11.452
redis-wait,10,2,11,13.877
redis-wait,10,2,12,13.952
redis-wait,10,2,13,12.568
redis-wait,10,2,14,14.113
redis-wait,10,2,15,13.809
redis-wait,10,2,16,14.348
redis-wait,10,2,17,13.393
redis-wait,10,2,18,12.502
redis-wait,10,2,19,12.152
redis-wait,10,2,20,11.748
redis-wait,10,2,21,13.573
redis-wait,10,2,22,13.836
redis-wait,10,2,23,13.748
redis-wait,10,2,24,14.055
redis-wait,10,2,25,11.719
redis-wait,10,2,26,11.725
redis-wait,10,2,27,13.898
redis-wait,10,2,28,11.745
redis-wait,10,2,29,12.911
redis-wait,10,2,30,11.947
redis-wait,10,2,31,13.274
redis-wait,10,2,32,14.045
redis-wait,10,2,33,13.354
redis-wait,10,2,34,14.456
redis-wait,10,2,35,14.286
redis-wait,10,2,36,11.585
redis-wait,10,2,37,13.266
redis-wait,10,2,38,12.695
redis-wait,10,2,39,14.11
redis-wait,10,2,40,12.764
redis-wait,10,2,41,14.021
redis-wait,10,2,42,13.724
redis-wait,10,2,43,13.33
redis-wait,10,2,44,14.19
redis-wait,10,2,45,14.266
redis-wait,10,2,46,14.288
redis-wait,10,2,47,14.022
redis-wait,10,2,48,15.274
redis-wait,10,2,49,12.649
redis-wait,10,2,50,12.503
redis-wait,10,2,51,13.382
redis-wait,10,2,52,14.811
redis-wait,10,2,53,12.079
redis-wait,10,2,54,12.071
redis-wait,10,2,55,13.755
redis-wait,10,2,56,14.045
redis-wait,10,2,57,13.453
redis-wait,10,2,58,11.848
redis-wait,10,2,59,12.374
redis-wait,10,2,60,14.111
redis-wait,10,2,61,12.105
redis-wait,10,2,62,13.809
redis-wait,10,2,63,11.933
redis-wait,10,2,64,14.522
redis-wait,10,2,65,12.08
redis-wait,10,2,66,11.616
redis-wait,10,2,67,12.971
redis-wait,10,2,68,13.201
redis-wait,10,2,69,13.464
redis-wait,10,2,70,13.675
redis-wait,10,2,71,14.095
redis-wait,10,2,72,13.93
redis-wait,10,2,73,13.802
redis-wait,10,2,74,12.312
redis-wait,10,2,75,15.983
redis-wait,10,2,76,13.181
redis-wait,10,2,77,13.462
redis-wait,10,2,78,12.014
redis-wait,10,2,79,11.129
redis-wait,10,2,80,13.515
redis-wait,10,2,81,13.738
redis-wait,10,2,82,13.743
redis-wait,10,2,83,13.784
redis-wait,10,2,84,12.643
redis-wait,10,2,85,13.964
redis-wait,10,2,86,12.61
redis-wait,10,2,87,12.16
redis-wait,10,2,88,12.242
redis-wait,10,2,89,11.499
redis-wait,10,2,90,13.779
redis-wait,10,2,91,14.149
redis-wait,10,2,92,14.169
redis-wait,10,2,93,14.586
redis-wait,10,2,94,13.992
redis-wait,10,2,95,12.613
redis-wait,10,2,96,12.025
redis-wait,10,2,97,13.291
redis-wait,10,2,98,13.362
redis-wait,10,2,99,14.077
redis-wait,10,2,100,14.222
redis-wait,10,2,101,14.101
redis-wait,10,2,102,14.076
redis-wait,10,2,103,12.485
redis-wait,10,2,104,11.602
redis-wait,10,2,105,14.256
redis-wait,10,2,106,13.087
redis-wait,10,2,107,12.545
redis-wait,10,2,108,12.826
redis-wait,10,2,109,12.913
redis-wait,10,2,110,11.567
redis-wait,10,2,111,12.348
redis-wait,10,2,112,13.658
redis-wait,10,2,113,11.886
redis-wait,10,2,114,11.718
redis-wait,10,2,115,13.733
redis-wait,10,2,116,12.639
redis-wait,10,2,117,12.412
redis-wait,10,2,118,14.193
redis-wait,10,2,119,14.176
redis-wait,10,2,120,12.626
redis-wait,10,2,121,11.803
redis-wait,10,2,122,13.975
redis-wait,10,2,123,11.865
redis-wait,10,2,124,11.492
redis-wait,10,2,125,11.272
redis-wait,10,2,126,13.444
redis-wait,10,2,127,13.375
redis-wait,10,2,128,12.045
redis-wait,10,2,129,15.437
redis-wait,10,2,130,13.354
redis-wait,10,2,131,11.598
redis-wait,10,2,132,12.205
redis-wait,10,2,133,12.696
redis-wait,10,2,134,13.592
redis-wait,10,2,135,12.873
redis-wait,10,2,136,12.352
redis-wait,10,2,137,11.411
redis-wait,10,2,138,11.449
redis-wait,10,2,139,13.326
redis-wait,10,2,140,13.06
redis-wait,10,2,141,12.483
redis-wait,10,2,142,12.797
redis-wait,10,2,143,13.016
redis-wait,10,2,144,11.628
redis-wait,10,2,145,13.437
redis-wait,10,2,146,14.253
redis-wait,10,2,147,13.959
redis-wait,10,2,148,13.739
redis-wait,10,2,149,12.438
redis-wait,10,2,150,14.213
redis-wait,10,2,151,13.994
redis-wait,10,2,152,11.837
redis-wait,10,2,153,11.918
redis-wait,10,2,154,12.715
redis-wait,10,2,155,12.142
redis-wait,10,2,156,11.89
redis-wait,10,2,157,13.934
redis-wait,10,2,158,13.87
redis-wait,10,2,159,11.681
redis-wait,10,2,160,11.552
redis-wait,10,2,161,12.368
redis-wait,10,2,162,12.777
redis-wait,10,2,163,13.101
redis-wait,10,2,164,12.337
redis-wait,10,2,165,12.25
redis-wait,10,2,166,13.532
redis-wait,10,2,167,13.913
redis-wait,10,2,168,11.703
redis-wait,10,2,169,14.441
redis-wait,10,2,170,13.919
redis-wait,10,2,171,12.212
redis-wait,10,2,172,13.98
redis-wait,10,2,173,12.905
redis-wait,10,2,174,12.997
redis-wait,10,2,175,11.475
redis-wait,10,2,176,11.187
redis-wait,10,2,177,13.933
redis-wait,10,2,178,11.199
redis-wait,10,2,179,12.946
redis-wait,10,2,180,13.489
redis-wait,10,2,181,13.029
redis-wait,10,2,182,13.977
redis-wait,10,2,183,13.743
redis-wait,10,2,184,11.792
redis-wait,10,2,185,14.163
redis-wait,10,2,186,12.55
redis-wait,10,2,187,13.791
redis-wait,10,2,188,13.042
redis-wait,10,2,189,13.868
redis-wait,10,2,190,13.996
redis-wait,10,2,191,12.593
redis-wait,10,2,192,12.638
redis-wait,10,2,193,13.305
redis-wait,10,2,194,14.138
redis-wait,10,2,195,13.732
redis-wait,10,2,196,11.972
redis-wait,10,2,197,12.374
redis-wait,10,2,198,13.683
redis-wait,10,2,199,13.747
redis-wait,10,2,200,12.527
redis-wait,10,2,201,13.769
redis-wait,10,2,202,14.294
redis-wait,10,2,203,12.372
redis-wait,10,2,204,13.108
redis-wait,10,2,205,11.42
redis-wait,10,2,206,13.905
redis-wait,10,2,207,11.571
redis-wait,10,2,208,12.321
redis-wait,10,2,209,12.811
redis-wait,10,2,210,14.209
redis-wait,10,2,211,18.301
redis-wait,10,2,212,12.944
redis-wait,10,2,213,13.28
redis-wait,10,2,214,13.279
redis-wait,10,2,215,11.909
redis-wait,10,2,216,12.041
redis-wait,10,2,217,17.24
redis-wait,10,2,218,14.016
redis-wait,10,2,219,12.117
redis-wait,10,2,220,11.444
redis-wait,10,2,221,15.962
redis-wait,10,2,222,11.92
redis-wait,10,2,223,13.831
redis-wait,10,2,224,13.635
redis-wait,10,2,225,12.336
redis-wait,10,2,226,14.085
redis-wait,10,2,227,13.84
redis-wait,10,2,228,12.792
redis-wait,10,2,229,13.666
redis-wait,10,2,230,12.425
redis-wait,10,2,231,14.698
redis-wait,10,2,232,14.524
redis-wait,10,2,233,11.103
redis-wait,10,2,234,10.664
redis-wait,10,2,235,10.729
redis-wait,10,2,236,11.017
redis-wait,10,2,237,10.769
redis-wait,10,2,238,10.628
redis-wait,10,2,239,12.266
redis-wait,10,2,240,12.725
redis-wait,10,2,241,12.601
redis-wait,10,2,242,12.764
redis-wait,10,2,243,10.405
redis-wait,10,2,244,11.751
redis-wait,10,2,245,11.827
redis-wait,10,2,246,10.449
redis-wait,10,2,247,10.522
redis-wait,10,2,248,11.18
redis-wait,10,2,249,10.396
redis-wait,10,2,250,11.436
redis-wait,10,2,251,13.154
redis-wait,10,2,252,13.927
redis-wait,10,2,253,11.335
redis-wait,10,2,254,11.512
redis-wait,10,2,255,11.809
redis-wait,10,2,256,11.745
redis-wait,10,2,257,12.107
redis-wait,10,2,258,14.246
redis-wait,10,2,259,14.273
redis-wait,10,2,260,14.517
redis-wait,10,2,261,14.189
redis-wait,10,2,262,12.465
redis-wait,10,2,263,13.702
redis-wait,10,2,264,12.476
redis-wait,10,2,265,13.817
redis-wait,10,2,266,13.648
redis-wait,10,2,267,11.671
redis-wait,10,2,268,12.311
redis-wait,10,2,269,12.29
redis-wait,10,2,270,12.618
redis-wait,10,2,271,14.006
redis-wait,10,2,272,12.734
redis-wait,10,2,273,11.798
redis-wait,10,2,274,15.718
redis-wait,10,2,275,13.483
redis-wait,10,2,276,12.921
redis-wait,10,2,277,13.182
redis-wait,10,2,278,14.001
redis-wait,10,2,279,11.743
redis-wait,10,2,280,13.854
redis-wait,10,2,281,14.119
redis-wait,10,2,282,13.81
redis-wait,10,2,283,12.426
redis-wait,10,2,284,14.226
redis-wait,10,2,285,11.005
redis-wait,10,2,286,11.092
redis-wait,10,2,287,12.461
redis-wait,10,2,288,13.769
redis-wait,10,2,289,11.663
redis-wait,10,2,290,12.221
redis-wait,10,2,291,12.999
redis-wait,10,2,292,14.267
redis-wait,10,2,293,13.836
redis-wait,10,2,294,11.819
redis-wait,10,2,295,12.21
redis-wait,10,2,296,11.812
redis-wait,10,2,297,12.708
redis-wait,10,2,298,13.569
redis-wait,10,2,299,12.284
redis-wait,10,2,300,14.77
redis-wait,10,2,301,14.747
redis-wait,10,2,302,14.585
redis-wait,10,2,303,13.708
redis-wait,10,2,304,13.024
redis-wait,10,2,305,14.257
redis-wait,10,2,306,12.742
redis-wait,10,2,307,12.392
redis-wait,10,2,308,12.609
redis-wait,10,2,309,14.923
redis-wait,10,2,310,12.061
redis-wait,10,2,311,13.699
redis-wait,10,2,312,13.923
redis-wait,10,2,313,13.153
redis-wait,10,2,314,11.279
redis-wait,10,2,315,13.408
redis-wait,10,2,316,11.094
redis-wait,10,2,317,11.654
redis-wait,10,2,318,13.75
redis-wait,10,2,319,13.623
redis-wait,10,2,320,14.225
redis-wait,10,2,321,11.28
redis-wait,10,2,322,13.826
redis-wait,10,2,323,13.22
redis-wait,10,2,324,13.656
redis-wait,10,2,325,12.859
redis-wait,10,2,326,11.537
redis-wait,10,2,327,14.023
redis-wait,10,2,328,13.512
redis-wait,10,2,329,11.813
redis-wait,10,2,330,13.63
redis-wait,10,2,331,14.02
redis-wait,10,2,332,13.955
redis-wait,10,2,333,13.097
redis-wait,10,2,334,12.241
redis-wait,10,2,335,12.295
redis-wait,10,2,336,12.876
redis-wait,10,2,337,12.459
redis-wait,10,2,338,12.376
redis-wait,10,2,339,14.596
redis-wait,10,2,340,13.263
redis-wait,10,2,341,11.907
redis-wait,10,2,342,12.321
redis-wait,10,2,343,13.932
redis-wait,10,2,344,12.705
redis-wait,10,2,345,12.416
redis-wait,10,2,346,13.165
redis-wait,10,2,347,14.199
redis-wait,10,2,348,11.445
redis-wait,10,2,349,13.511
redis-wait,10,2,350,12.712
redis-wait,10,2,351,12.553
redis-wait,10,2,352,11.988
redis-wait,10,2,353,13.481
redis-wait,10,2,354,14.151
redis-wait,10,2,355,13.27
redis-wait,10,2,356,13.767
redis-wait,10,2,357,11.832
redis-wait,10,2,358,12.886
redis-wait,10,2,359,14.038
redis-wait,10,2,360,11.967
redis-wait,10,2,361,11.524
redis-wait,10,2,362,11.621
redis-wait,10,2,363,11.682
redis-wait,10,2,364,14.764
redis-wait,10,2,365,13.095
redis-wait,10,2,366,13.522
redis-wait,10,2,367,13.106
redis-wait,10,2,368,13.348
redis-wait,10,2,369,13.476
redis-wait,10,2,370,13.754
redis-wait,10,2,371,11.451
redis-wait,10,2,372,13.251
redis-wait,10,2,373,10.871
redis-wait,10,2,374,11.032
redis-wait,10,2,375,13.39
redis-wait,10,2,376,13.747
redis-wait,10,2,377,14.133
redis-wait,10,2,378,13.95
redis-wait,10,2,379,13.992
redis-wait,10,2,380,13.94
redis-wait,10,2,381,12.01
redis-wait,10,2,382,13.689
redis-wait,10,2,383,13.258
redis-wait,10,2,384,12.382
redis-wait,10,2,385,14.174
redis-wait,10,2,386,14.1
redis-wait,10,2,387,12.829
redis-wait,10,2,388,13.731
redis-wait,10,2,389,12.071
redis-wait,10,2,390,13.303
redis-wait,10,2,391,13.048
redis-wait,10,2,392,14.089
redis-wait,10,2,393,11.714
redis-wait,10,2,394,12.594
redis-wait,10,2,395,11.754
redis-wait,10,2,396,12.007
redis-wait,10,2,397,11.098
redis-wait,10,2,398,12.856
redis-wait,10,2,399,13.351
redis-wait,10,2,400,12.016
redis-wait,10,2,401,12.576
redis-wait,10,2,402,13.092
redis-wait,10,2,403,13.693
redis-wait,10,2,404,13.704
redis-wait,10,2,405,12.926
redis-wait,10,2,406,13.109
redis-wait,10,2,407,12.697
redis-wait,10,2,408,12.219
redis-wait,10,2,409,12.638
redis-wait,10,2,410,13.143
redis-wait,10,2,411,13.703
redis-wait,10,2,412,11.998
redis-wait,10,2,413,12.917
redis-wait,10,2,414,14.597
redis-wait,10,2,415,13.94
redis-wait,10,2,416,11.57
redis-wait,10,2,417,13.535
redis-wait,10,2,418,12.881
redis-wait,10,2,419,15.235
redis-wait,10,2,420,12.454
redis-wait,10,2,421,12.135
redis-wait,10,2,422,13.068
redis-wait,10,2,423,11.933
redis-wait,10,2,424,12.505
redis-wait,10,2,425,14.134
redis-wait,10,2,426,14.016
redis-wait,10,2,427,13.866
redis-wait,10,2,428,12.634
redis-wait,10,2,429,13.562
redis-wait,10,2,430,11.87
redis-wait,10,2,431,12.15
redis-wait,10,2,432,13.603
redis-wait,10,2,433,15.423
redis-wait,10,2,434,14.294
redis-wait,10,2,435,14.347
redis-wait,10,2,436,13.023
redis-wait,10,2,437,13.79
redis-wait,10,2,438,12.291
redis-wait,10,2,439,11.678
redis-wait,10,2,440,12.044
redis-wait,10,2,441,14.197
redis-wait,10,2,442,12.817
redis-wait,10,2,443,14.256
redis-wait,10,2,444,14.232
redis-wait,10,2,445,14.371
redis-wait,10,2,446,12.748
redis-wait,10,2,447,13.975
redis-wait,10,2,448,13.844
redis-wait,10,2,449,14.444
redis-wait,10,2,450,14.443
redis-wait,10,2,451,14.595
redis-wait,10,2,452,14.111
redis-wait,10,2,453,12.546
redis-wait,10,2,454,14.023
redis-wait,10,2,455,14.153
redis-wait,10,2,456,14.032
redis-wait,10,2,457,15.349
redis-wait,10,2,458,11.647
redis-wait,10,2,459,12.382
redis-wait,10,2,460,11.922
redis-wait,10,2,461,11.731
redis-wait,10,2,462,13.098
redis-wait,10,2,463,12.989
redis-wait,10,2,464,13.898
redis-wait,10,2,465,15.43
redis-wait,10,2,466,13.677
redis-wait,10,2,467,14.316
redis-wait,10,3,1,11.979
redis-wait,10,3,2,12.69
redis-wait,10,3,3,13.202
redis-wait,10,3,4,14.133
redis-wait,10,3,5,13.81
redis-wait,10,3,6,11.803
redis-wait,10,3,7,14.167
redis-wait,10,3,8,13.186
redis-wait,10,3,9,13.81
redis-wait,10,3,10,13.665
redis-wait,10,3,11,13.678
redis-wait,10,3,12,12.921
redis-wait,10,3,13,12.169
redis-wait,10,3,14,13.778
redis-wait,10,3,15,13.385
redis-wait,10,3,16,12.58
redis-wait,10,3,17,13.598
redis-wait,10,3,18,13.791
redis-wait,10,3,19,12.782
redis-wait,10,3,20,14.191
redis-wait,10,3,21,12.426
redis-wait,10,3,22,14.034
redis-wait,10,3,23,14.085
redis-wait,10,3,24,13.886
redis-wait,10,3,25,14.011
redis-wait,10,3,26,13.826
redis-wait,10,3,27,14.272
redis-wait,10,3,28,14.761
redis-wait,10,3,29,14.092
redis-wait,10,3,30,13.96
redis-wait,10,3,31,12.912
redis-wait,10,3,32,12.427
redis-wait,10,3,33,14.298
redis-wait,10,3,34,15.195
redis-wait,10,3,35,11.375
redis-wait,10,3,36,10.845
redis-wait,10,3,37,11.134
redis-wait,10,3,38,12.116
redis-wait,10,3,39,12.225
redis-wait,10,3,40,12.885
redis-wait,10,3,41,14.351
redis-wait,10,3,42,13.468
redis-wait,10,3,43,13.251
redis-wait,10,3,44,11.82
redis-wait,10,3,45,13.175
redis-wait,10,3,46,12.173
redis-wait,10,3,47,12.229
redis-wait,10,3,48,14.021
redis-wait,10,3,49,14.309
redis-wait,10,3,50,12.876
redis-wait,10,3,51,13.295
redis-wait,10,3,52,11.718
redis-wait,10,3,53,11.871
redis-wait,10,3,54,11.53
redis-wait,10,3,55,12.109
redis-wait,10,3,56,14.231
redis-wait,10,3,57,12.717
redis-wait,10,3,58,14.131
redis-wait,10,3,59,12.972
redis-wait,10,3,60,11.611
redis-wait,10,3,61,12.203
redis-wait,10,3,62,12.993
redis-wait,10,3,63,13.448
redis-wait,10,3,64,14.186
redis-wait,10,3,65,12.937
redis-wait,10,3,66,13.772
redis-wait,10,3,67,13.371
redis-wait,10,3,68,12.045
redis-wait,10,3,69,13.518
redis-wait,10,3,70,13.679
redis-wait,10,3,71,11.582
redis-wait,10,3,72,13.197
redis-wait,10,3,73,12.521
redis-wait,10,3,74,11.565
redis-wait,10,3,75,12.538
redis-wait,10,3,76,11.447
redis-wait,10,3,77,12.018
redis-wait,10,3,78,12.132
redis-wait,10,3,79,13.236
redis-wait,10,3,80,14.351
redis-wait,10,3,81,15.002
redis-wait,10,3,82,13.734
redis-wait,10,3,83,13.554
redis-wait,10,3,84,12.486
redis-wait,10,3,85,11.741
redis-wait,10,3,86,14.876
redis-wait,10,3,87,14.393
redis-wait,10,3,88,13.952
redis-wait,10,3,89,14.013
redis-wait,10,3,90,13.754
redis-wait,10,3,91,11.969
redis-wait,10,3,92,13.669
redis-wait,10,3,93,12.28
redis-wait,10,3,94,13.135
redis-wait,10,3,95,13.67
redis-wait,10,3,96,13.933
redis-wait,10,3,97,13.245
redis-wait,10,3,98,14.034
redis-wait,10,3,99,11.713
redis-wait,10,3,100,13.586
redis-wait,10,3,101,13.809
redis-wait,10,3,102,14.154
redis-wait,10,3,103,14.042
redis-wait,10,3,104,14.067
redis-wait,10,3,105,13.844
redis-wait,10,3,106,12.73
redis-wait,10,3,107,11.554
redis-wait,10,3,108,13.626
redis-wait,10,3,109,14.345
redis-wait,10,3,110,12.51
redis-wait,10,3,111,14.173
redis-wait,10,3,112,14.816
redis-wait,10,3,113,12.172
redis-wait,10,3,114,12.283
redis-wait,10,3,115,13.375
redis-wait,10,3,116,14.461
redis-wait,10,3,117,11.918
redis-wait,10,3,118,14.039
redis-wait,10,3,119,12.305
redis-wait,10,3,120,12.329
redis-wait,10,3,121,11.997
redis-wait,10,3,122,11.285
redis-wait,10,3,123,11.241
redis-wait,10,3,124,13.101
redis-wait,10,3,125,13.348
redis-wait,10,3,126,12.487
redis-wait,10,3,127,13.989
redis-wait,10,3,128,14.852
redis-wait,10,3,129,13.606
redis-wait,10,3,130,11.462
redis-wait,10,3,131,11.224
redis-wait,10,3,132,13.378
redis-wait,10,3,133,14.064
redis-wait,10,3,134,13.055
redis-wait,10,3,135,12.392
redis-wait,10,3,136,13.689
redis-wait,10,3,137,13.43
redis-wait,10,3,138,12.188
redis-wait,10,3,139,14.636
redis-wait,10,3,140,14.149
redis-wait,10,3,141,14.251
redis-wait,10,3,142,14.222
redis-wait,10,3,143,13.975
redis-wait,10,3,144,14.591
redis-wait,10,3,145,12.769
redis-wait,10,3,146,12.245
redis-wait,10,3,147,13.884
redis-wait,10,3,148,12.053
redis-wait,10,3,149,14.144
redis-wait,10,3,150,14.992
redis-wait,10,3,151,12.92
redis-wait,10,3,152,11.919
redis-wait,10,3,153,11.676
redis-wait,10,3,154,13.534
redis-wait,10,3,155,11.977
redis-wait,10,3,156,12.022
redis-wait,10,3,157,14.028
redis-wait,10,3,158,14.62
redis-wait,10,3,159,13.999
redis-wait,10,3,160,11.733
redis-wait,10,3,161,11.67
redis-wait,10,3,162,12.728
redis-wait,10,3,163,11.701
redis-wait,10,3,164,11.745
redis-wait,10,3,165,14.011
redis-wait,10,3,166,14.099
redis-wait,10,3,167,14.322
redis-wait,10,3,168,12.042
redis-wait,10,3,169,11.986
redis-wait,10,3,170,13.492
redis-wait,10,3,171,13.005
redis-wait,10,3,172,12.872
redis-wait,10,3,173,14.085
redis-wait,10,3,174,12.23
redis-wait,10,3,175,14.025
redis-wait,10,3,176,13.422
redis-wait,10,3,177,13.229
redis-wait,10,3,178,14.026
redis-wait,10,3,179,14.03
redis-wait,10,3,180,13.762
redis-wait,10,3,181,13.907
redis-wait,10,3,182,15.016
redis-wait,10,3,183,12.379
redis-wait,10,3,184,12.54
redis-wait,10,3,185,14.2
redis-wait,10,3,186,13.051
redis-wait,10,3,187,11.35
redis-wait,10,3,188,13.473
redis-wait,10,3,189,13.912
redis-wait,10,3,190,12.372
redis-wait,10,3,191,13.015
redis-wait,10,3,192,12.799
redis-wait,10,3,193,12.813
redis-wait,10,3,194,14.058
redis-wait,10,3,195,14.102
redis-wait,10,3,196,15.543
redis-wait,10,3,197,13.649
redis-wait,10,3,198,12.543
redis-wait,10,3,199,13.823
redis-wait,10,3,200,13.126
redis-wait,10,3,201,14.056
redis-wait,10,3,202,13.299
redis-wait,10,3,203,14.173
redis-wait,10,3,204,13.001
redis-wait,10,3,205,13.91
redis-wait,10,3,206,11.994
redis-wait,10,3,207,13.503
redis-wait,10,3,208,13.137
redis-wait,10,3,209,11.744
redis-wait,10,3,210,13.732
redis-wait,10,3,211,13.001
redis-wait,10,3,212,14.191
redis-wait,10,3,213,14.259
redis-wait,10,3,214,11.652
redis-wait,10,3,215,11.592
redis-wait,10,3,216,13.104
redis-wait,10,3,217,14.265
redis-wait,10,3,218,14.261
redis-wait,10,3,219,14.056
redis-wait,10,3,220,14.617
redis-wait,10,3,221,14.039
redis-wait,10,3,222,12.277
redis-wait,10,3,223,12.965
redis-wait,10,3,224,14.337
redis-wait,10,3,225,13.316
redis-wait,10,3,226,13.216
redis-wait,10,3,227,12.342
redis-wait,10,3,228,11.955
redis-wait,10,3,229,11.697
redis-wait,10,3,230,11.802
redis-wait,10,3,231,12.309
redis-wait,10,3,232,12.144
redis-wait,10,3,233,12.942
redis-wait,10,3,234,11.977
redis-wait,10,3,235,12.867
redis-wait,10,3,236,13.54
redis-wait,10,3,237,11.287
redis-wait,10,3,238,11.682
redis-wait,10,3,239,12.526
redis-wait,10,3,240,14.285
redis-wait,10,3,241,14.193
redis-wait,10,3,242,13.81
redis-wait,10,3,243,13.854
redis-wait,10,3,244,11.752
redis-wait,10,3,245,14.05
redis-wait,10,3,246,13.23
redis-wait,10,3,247,13.916
redis-wait,10,3,248,14.075
redis-wait,10,3,249,11.809
redis-wait,10,3,250,15.362
redis-wait,10,3,251,14.139
redis-wait,10,3,252,13.618
redis-wait,10,3,253,11.696
redis-wait,10,3,254,12.018
redis-wait,10,3,255,14.316
redis-wait,10,3,256,11.756
redis-wait,10,3,257,12.125
redis-wait,10,3,258,13.221
redis-wait,10,3,259,12.497
redis-wait,10,3,260,12.376
redis-wait,10,3,261,11.4
redis-wait,10,3,262,11.553
redis-wait,10,3,263,13.61
redis-wait,10,3,264,12.632
redis-wait,10,3,265,12.508
redis-wait,10,3,266,12.471
redis-wait,10,3,267,12.394
redis-wait,10,3,268,14.041
redis-wait,10,3,269,16.759
redis-wait,10,3,270,11.673
redis-wait,10,3,271,11.977
redis-wait,10,3,272,11.676
redis-wait,10,3,273,11.082
redis-wait,10,3,274,13.684
redis-wait,10,3,275,11.062
redis-wait,10,3,276,10.658
redis-wait,10,3,277,12.783
redis-wait,10,3,278,10.437
redis-wait,10,3,279,12.873
redis-wait,10,3,280,13.944
redis-wait,10,3,281,12.725
redis-wait,10,3,282,13.96
redis-wait,10,3,283,12.204
redis-wait,10,3,284,13.996
redis-wait,10,3,285,12.891
redis-wait,10,3,286,13.205
redis-wait,10,3,287,13.336
redis-wait,10,3,288,14.053
redis-wait,10,3,289,13.206
redis-wait,10,3,290,13.666
redis-wait,10,3,291,13.779
redis-wait,10,3,292,14.211
redis-wait,10,3,293,12.818
redis-wait,10,3,294,14.486
redis-wait,10,3,295,14.377
redis-wait,10,3,296,15.634
redis-wait,10,3,297,13.731
redis-wait,10,3,298,12.638
redis-wait,10,3,299,15.049
redis-wait,10,3,300,12.264
redis-wait,10,3,301,11.811
redis-wait,10,3,302,14.041
redis-wait,10,3,303,13.928
redis-wait,10,3,304,14.123
redis-wait,10,3,305,11.871
redis-wait,10,3,306,12.126
redis-wait,10,3,307,11.38
redis-wait,10,3,308,14.021
redis-wait,10,3,309,11.615
redis-wait,10,3,310,13.078
redis-wait,10,3,311,13.757
redis-wait,10,3,312,13.886
redis-wait,10,3,313,14.023
redis-wait,10,3,314,13.448
redis-wait,10,3,315,13.844
redis-wait,10,3,316,14.092
redis-wait,10,3,317,12.532
redis-wait,10,3,318,11.574
redis-wait,10,3,319,12.03
redis-wait,10,3,320,13.445
redis-wait,10,3,321,14.041
redis-wait,10,3,322,13.862
redis-wait,10,3,323,11.961
redis-wait,10,3,324,12.686
redis-wait,10,3,325,13.603
redis-wait,10,3,326,12.413
redis-wait,10,3,327,14.664
redis-wait,10,3,328,14.241
redis-wait,10,3,329,13.82
redis-wait,10,3,330,12.294
redis-wait,10,3,331,12.405
redis-wait,10,3,332,13.509
redis-wait,10,3,333,13.314
redis-wait,10,3,334,12.364
redis-wait,10,3,335,12.609
redis-wait,10,3,336,13.737
redis-wait,10,3,337,12.439
redis-wait,10,3,338,12.644
redis-wait,10,3,339,12.937
redis-wait,10,3,340,14.123
redis-wait,10,3,341,12.536
redis-wait,10,3,342,13.036
redis-wait,10,3,343,14.268
redis-wait,10,3,344,14.514
redis-wait,10,3,345,13.699
redis-wait,10,3,346,12.482
redis-wait,10,3,347,12.101
redis-wait,10,3,348,10.92
redis-wait,10,3,349,11.288
redis-wait,10,3,350,13.867
redis-wait,10,3,351,11.883
redis-wait,10,3,352,12.003
redis-wait,10,3,353,14.615
redis-wait,10,3,354,13.307
redis-wait,10,3,355,11.193
redis-wait,10,3,356,12.363
redis-wait,10,3,357,12.413
redis-wait,10,3,358,12.185
redis-wait,10,3,359,12.705
redis-wait,10,3,360,11.171
redis-wait,10,3,361,11.268
redis-wait,10,3,362,12.528
redis-wait,10,3,363,13.21
redis-wait,10,3,364,11.628
redis-wait,10,3,365,11.306
redis-wait,10,3,366,12.006
redis-wait,10,3,367,11.674
redis-wait,10,3,368,13.062
redis-wait,10,3,369,13.631
redis-wait,10,3,370,11.819
redis-wait,10,3,371,11.723
redis-wait,10,3,372,11.711
redis-wait,10,3,373,11.538
redis-wait,10,3,374,13.88
redis-wait,10,3,375,12.65
redis-wait,10,3,376,13.931
redis-wait,10,3,377,13.943
redis-wait,10,3,378,13.174
redis-wait,10,3,379,13.771
redis-wait,10,3,380,13.964
redis-wait,10,3,381,12.407
redis-wait,10,3,382,12.957
redis-wait,10,3,383,13.652
redis-wait,10,3,384,14.997
redis-wait,10,3,385,13.297
redis-wait,10,3,386,15.101
redis-wait,10,3,387,11.829
redis-wait,10,3,388,13.728
redis-wait,10,3,389,14.542
redis-wait,10,3,390,14.039
redis-wait,10,3,391,12.344
redis-wait,10,3,392,13.795
redis-wait,10,3,393,13.798
redis-wait,10,3,394,11.579
redis-wait,10,3,395,13.103
redis-wait,10,3,396,11.549
redis-wait,10,3,397,13.658
redis-wait,10,3,398,14.234
redis-wait,10,3,399,12.869
redis-wait,10,3,400,13.913
redis-wait,10,3,401,13.699
redis-wait,10,3,402,11.858
redis-wait,10,3,403,11.874
redis-wait,10,3,404,11.28
redis-wait,10,3,405,12.109
redis-wait,10,3,406,12.641
redis-wait,10,3,407,13.953
redis-wait,10,3,408,14.077
redis-wait,10,3,409,14.013
redis-wait,10,3,410,11.251
redis-wait,10,3,411,13.932
redis-wait,10,3,412,11.885
redis-wait,10,3,413,11.94
redis-wait,10,3,414,11.259
redis-wait,10,3,415,11.499
redis-wait,10,3,416,13.014
redis-wait,10,3,417,15.257
redis-wait,10,3,418,12.048
redis-wait,10,3,419,12.953
redis-wait,10,3,420,10.95
redis-wait,10,3,421,11.087
redis-wait,10,3,422,11.144
redis-wait,10,3,423,11.66
redis-wait,10,3,424,11.487
redis-wait,10,3,425,14.033
redis-wait,10,3,426,14.31
redis-wait,10,3,427,14.599
redis-wait,10,3,428,12.99
redis-wait,10,3,429,11.725
redis-wait,10,3,430,11.218
redis-wait,10,3,431,13.489
redis-wait,10,3,432,13.612
redis-wait,10,3,433,13.499
redis-wait,10,3,434,12.838
redis-wait,10,3,435,12.044
redis-wait,10,3,436,12.027
redis-wait,10,3,437,11.417
redis-wait,10,3,438,13.618
redis-wait,10,3,439,13.698
redis-wait,10,3,440,14.591
redis-wait,10,3,441,13.424
redis-wait,10,3,442,13.713
redis-wait,10,3,443,11.403
redis-wait,10,3,444,11.389
redis-wait,10,3,445,13.774
redis-wait,10,3,446,13.654
redis-wait,10,3,447,13.724
redis-wait,10,3,448,13.719
redis-wait,10,3,449,12.624
redis-wait,10,3,450,14.32
redis-wait,10,3,451,13.187
redis-wait,10,3,452,12.574
redis-wait,10,3,453,12.625
redis-wait,10,3,454,13.158
redis-wait,10,3,455,11.833
redis-wait,10,3,456,11.768
redis-wait,10,3,457,11.886
redis-wait,10,3,458,14.225
redis-wait,10,3,459,11.849
redis-wait,10,3,460,11.518
redis-wait,10,3,461,12.631
redis-wait,10,3,462,14.295
redis-wait,10,3,463,12.61
redis-wait,10,3,464,12.978
redis-wait,10,3,465,12.109
redis-wait,10,3,466,12.561
redis-wait,10,3,467,12.358
redis-async,50,1,1,0.284
redis-async,50,1,2,0.241
redis-async,50,1,3,0.229
redis-async,50,1,4,0.2
redis-async,50,1,5,0.228
redis-async,50,1,6,0.198
redis-async,50,1,7,0.234
redis-async,50,1,8,0.633
redis-async,50,1,9,0.3
redis-async,50,1,10,0.188
redis-async,50,1,11,0.159
redis-async,50,1,12,0.135
redis-async,50,1,13,0.16
redis-async,50,1,14,0.175
redis-async,50,1,15,0.16
redis-async,50,1,16,0.158
redis-async,50,1,17,0.132
redis-async,50,1,18,0.171
redis-async,50,1,19,0.127
redis-async,50,1,20,0.151
redis-async,50,1,21,0.135
redis-async,50,1,22,0.127
redis-async,50,1,23,0.135
redis-async,50,1,24,0.13
redis-async,50,1,25,0.165
redis-async,50,1,26,0.141
redis-async,50,1,27,0.128
redis-async,50,1,28,0.115
redis-async,50,1,29,0.124
redis-async,50,1,30,0.104
redis-async,50,1,31,0.103
redis-async,50,1,32,0.102
redis-async,50,1,33,0.104
redis-async,50,1,34,0.102
redis-async,50,1,35,0.102
redis-async,50,1,36,0.127
redis-async,50,1,37,0.113
redis-async,50,1,38,0.109
redis-async,50,1,39,0.104
redis-async,50,1,40,0.102
redis-async,50,1,41,0.103
redis-async,50,1,42,0.103
redis-async,50,1,43,0.108
redis-async,50,1,44,0.127
redis-async,50,1,45,0.129
redis-async,50,1,46,0.112
redis-async,50,1,47,0.11
redis-async,50,1,48,0.107
redis-async,50,1,49,0.106
redis-async,50,1,50,0.105
redis-async,50,1,51,0.104
redis-async,50,1,52,0.102
redis-async,50,1,53,0.103
redis-async,50,1,54,0.109
redis-async,50,1,55,0.101
redis-async,50,1,56,0.106
redis-async,50,1,57,0.126
redis-async,50,1,58,0.117
redis-async,50,1,59,0.11
redis-async,50,1,60,0.117
redis-async,50,1,61,0.118
redis-async,50,1,62,0.102
redis-async,50,1,63,0.108
redis-async,50,1,64,0.103
redis-async,50,1,65,0.112
redis-async,50,1,66,0.104
redis-async,50,1,67,0.101
redis-async,50,1,68,0.098
redis-async,50,1,69,0.097
redis-async,50,1,70,0.097
redis-async,50,1,71,0.093
redis-async,50,1,72,0.103
redis-async,50,1,73,0.137
redis-async,50,1,74,0.123
redis-async,50,1,75,0.107
redis-async,50,1,76,0.394
redis-async,50,1,77,0.395
redis-async,50,1,78,0.196
redis-async,50,1,79,0.158
redis-async,50,1,80,0.143
redis-async,50,1,81,0.14
redis-async,50,1,82,0.138
redis-async,50,1,83,0.148
redis-async,50,1,84,0.137
redis-async,50,1,85,0.136
redis-async,50,1,86,0.134
redis-async,50,1,87,0.147
redis-async,50,1,88,0.133
redis-async,50,1,89,0.137
redis-async,50,1,90,0.158
redis-async,50,1,91,0.135
redis-async,50,1,92,0.134
redis-async,50,1,93,0.131
redis-async,50,1,94,0.132
redis-async,50,1,95,0.133
redis-async,50,1,96,0.135
redis-async,50,1,97,0.133
redis-async,50,1,98,0.166
redis-async,50,1,99,0.134
redis-async,50,1,100,0.132
redis-async,50,1,101,0.134
redis-async,50,1,102,0.131
redis-async,50,1,103,0.132
redis-async,50,1,104,0.113
redis-async,50,1,105,0.126
redis-async,50,1,106,0.112
redis-async,50,1,107,0.111
redis-async,50,1,108,0.11
redis-async,50,1,109,0.11
redis-async,50,1,110,0.11
redis-async,50,1,111,0.111
redis-async,50,1,112,0.11
redis-async,50,1,113,0.111
redis-async,50,1,114,0.107
redis-async,50,1,115,0.103
redis-async,50,1,116,0.111
redis-async,50,1,117,0.111
redis-async,50,1,118,0.111
redis-async,50,1,119,0.111
redis-async,50,1,120,0.111
redis-async,50,1,121,0.111
redis-async,50,1,122,0.111
redis-async,50,1,123,0.112
redis-async,50,1,124,0.105
redis-async,50,1,125,0.111
redis-async,50,1,126,0.11
redis-async,50,1,127,0.112
redis-async,50,1,128,0.113
redis-async,50,1,129,0.111
redis-async,50,1,130,0.112
redis-async,50,1,131,0.109
redis-async,50,1,132,0.109
redis-async,50,1,133,0.105
redis-async,50,1,134,0.111
redis-async,50,1,135,0.11
redis-async,50,1,136,0.11
redis-async,50,1,137,0.11
redis-async,50,1,138,0.111
redis-async,50,1,139,0.111
redis-async,50,1,140,0.11
redis-async,50,1,141,0.124
redis-async,50,1,142,0.111
redis-async,50,1,143,0.158
redis-async,50,1,144,0.119
redis-async,50,1,145,0.117
redis-async,50,1,146,0.126
redis-async,50,1,147,0.115
redis-async,50,1,148,0.115
redis-async,50,1,149,0.131
redis-async,50,1,150,0.117
redis-async,50,1,151,0.115
redis-async,50,1,152,0.115
redis-async,50,1,153,0.115
redis-async,50,1,154,0.115
redis-async,50,1,155,0.116
redis-async,50,1,156,0.099
redis-async,50,1,157,0.1
redis-async,50,1,158,0.096
redis-async,50,1,159,0.093
redis-async,50,1,160,0.098
redis-async,50,1,161,0.101
redis-async,50,1,162,0.1
redis-async,50,1,163,0.1
redis-async,50,1,164,0.101
redis-async,50,1,165,0.1
redis-async,50,1,166,0.101
redis-async,50,1,167,0.101
redis-async,50,1,168,0.099
redis-async,50,1,169,0.095
redis-async,50,1,170,0.1
redis-async,50,1,171,0.1
redis-async,50,1,172,0.098
redis-async,50,1,173,0.119
redis-async,50,1,174,0.134
redis-async,50,1,175,0.153
redis-async,50,1,176,0.12
redis-async,50,1,177,0.101
redis-async,50,1,178,0.099
redis-async,50,1,179,0.102
redis-async,50,1,180,0.101
redis-async,50,1,181,0.103
redis-async,50,1,182,0.102
redis-async,50,1,183,0.1
redis-async,50,1,184,0.101
redis-async,50,1,185,0.101
redis-async,50,1,186,0.1
redis-async,50,1,187,0.114
redis-async,50,1,188,0.1
redis-async,50,1,189,0.099
redis-async,50,1,190,0.112
redis-async,50,1,191,0.099
redis-async,50,1,192,0.1
redis-async,50,1,193,0.101
redis-async,50,1,194,0.1
redis-async,50,1,195,0.1
redis-async,50,1,196,0.1
redis-async,50,1,197,0.102
redis-async,50,1,198,0.1
redis-async,50,1,199,0.1
redis-async,50,1,200,0.097
redis-async,50,1,201,0.099
redis-async,50,1,202,0.102
redis-async,50,1,203,0.112
redis-async,50,1,204,0.098
redis-async,50,1,205,0.1
redis-async,50,1,206,0.115
redis-async,50,1,207,0.101
redis-async,50,1,208,0.098
redis-async,50,1,209,0.098
redis-async,50,1,210,0.098
redis-async,50,1,211,0.1
redis-async,50,1,212,0.101
redis-async,50,1,213,0.1
redis-async,50,1,214,0.099
redis-async,50,1,215,0.101
redis-async,50,1,216,0.108
redis-async,50,1,217,0.102
redis-async,50,1,218,0.099
redis-async,50,1,219,0.1
redis-async,50,1,220,0.1
redis-async,50,1,221,0.1
redis-async,50,1,222,0.1
redis-async,50,1,223,0.101
redis-async,50,1,224,0.099
redis-async,50,1,225,0.099
redis-async,50,1,226,0.097
redis-async,50,1,227,0.094
redis-async,50,1,228,0.1
redis-async,50,1,229,0.102
redis-async,50,1,230,0.099
redis-async,50,1,231,0.102
redis-async,50,1,232,0.1
redis-async,50,1,233,0.1
redis-async,50,1,234,0.098
redis-async,50,1,235,0.099
redis-async,50,1,236,0.121
redis-async,50,1,237,0.099
redis-async,50,1,238,0.106
redis-async,50,1,239,0.101
redis-async,50,1,240,0.099
redis-async,50,1,241,0.098
redis-async,50,1,242,0.101
redis-async,50,1,243,0.1
redis-async,50,1,244,0.103
redis-async,50,1,245,0.101
redis-async,50,1,246,0.109
redis-async,50,1,247,0.1
redis-async,50,1,248,0.101
redis-async,50,1,249,0.099
redis-async,50,1,250,0.1
redis-async,50,1,251,0.098
redis-async,50,1,252,0.1
redis-async,50,1,253,0.097
redis-async,50,1,254,0.1
redis-async,50,1,255,0.1
redis-async,50,1,256,0.109
redis-async,50,1,257,0.101
redis-async,50,1,258,0.099
redis-async,50,1,259,0.099
redis-async,50,1,260,0.102
redis-async,50,1,261,0.099
redis-async,50,1,262,0.098
redis-async,50,1,263,0.099
redis-async,50,1,264,0.1
redis-async,50,1,265,0.102
redis-async,50,1,266,0.11
redis-async,50,1,267,0.098
redis-async,50,1,268,0.098
redis-async,50,1,269,0.101
redis-async,50,1,270,0.101
redis-async,50,1,271,0.1
redis-async,50,1,272,0.098
redis-async,50,1,273,0.097
redis-async,50,1,274,0.1
redis-async,50,1,275,0.099
redis-async,50,1,276,0.097
redis-async,50,1,277,0.097
redis-async,50,1,278,0.098
redis-async,50,1,279,0.098
redis-async,50,1,280,0.097
redis-async,50,1,281,0.096
redis-async,50,1,282,0.098
redis-async,50,1,283,0.098
redis-async,50,1,284,0.096
redis-async,50,1,285,0.096
redis-async,50,1,286,0.104
redis-async,50,1,287,0.101
redis-async,50,1,288,0.101
redis-async,50,1,289,0.096
redis-async,50,1,290,0.097
redis-async,50,1,291,0.099
redis-async,50,1,292,0.136
redis-async,50,1,293,0.148
redis-async,50,1,294,0.121
redis-async,50,1,295,0.123
redis-async,50,1,296,0.106
redis-async,50,1,297,0.104
redis-async,50,1,298,0.104
redis-async,50,1,299,0.111
redis-async,50,1,300,0.103
redis-async,50,1,301,0.102
redis-async,50,1,302,0.102
redis-async,50,1,303,0.103
redis-async,50,1,304,0.094
redis-async,50,1,305,0.096
redis-async,50,1,306,0.102
redis-async,50,1,307,0.103
redis-async,50,1,308,0.104
redis-async,50,1,309,0.104
redis-async,50,1,310,0.102
redis-async,50,1,311,0.102
redis-async,50,1,312,0.102
redis-async,50,1,313,0.102
redis-async,50,1,314,0.112
redis-async,50,1,315,0.102
redis-async,50,1,316,0.104
redis-async,50,1,317,0.102
redis-async,50,1,318,0.101
redis-async,50,1,319,0.1
redis-async,50,1,320,0.101
redis-async,50,1,321,0.101
redis-async,50,1,322,0.102
redis-async,50,1,323,0.101
redis-async,50,1,324,0.124
redis-async,50,1,325,0.103
redis-async,50,1,326,0.103
redis-async,50,1,327,0.103
redis-async,50,1,328,0.103
redis-async,50,1,329,0.101
redis-async,50,1,330,0.106
redis-async,50,1,331,0.101
redis-async,50,1,332,0.101
redis-async,50,1,333,0.097
redis-async,50,1,334,0.094
redis-async,50,1,335,0.1
redis-async,50,1,336,0.102
redis-async,50,1,337,0.102
redis-async,50,1,338,0.101
redis-async,50,1,339,0.103
redis-async,50,1,340,0.101
redis-async,50,1,341,0.101
redis-async,50,1,342,0.101
redis-async,50,1,343,0.094
redis-async,50,1,344,0.094
redis-async,50,1,345,0.101
redis-async,50,1,346,0.1
redis-async,50,1,347,0.102
redis-async,50,1,348,0.102
redis-async,50,1,349,0.102
redis-async,50,1,350,0.1
redis-async,50,1,351,0.101
redis-async,50,1,352,0.101
redis-async,50,1,353,0.105
redis-async,50,1,354,0.095
redis-async,50,1,355,0.101
redis-async,50,1,356,0.101
redis-async,50,1,357,0.102
redis-async,50,1,358,0.101
redis-async,50,1,359,0.112
redis-async,50,1,360,0.101
redis-async,50,1,361,0.101
redis-async,50,1,362,0.101
redis-async,50,1,363,0.111
redis-async,50,1,364,0.102
redis-async,50,1,365,0.102
redis-async,50,1,366,0.101
redis-async,50,1,367,0.104
redis-async,50,1,368,0.101
redis-async,50,1,369,0.101
redis-async,50,1,370,0.101
redis-async,50,1,371,0.102
redis-async,50,1,372,0.11
redis-async,50,1,373,0.106
redis-async,50,1,374,0.1
redis-async,50,1,375,0.101
redis-async,50,1,376,0.1
redis-async,50,1,377,0.102
redis-async,50,1,378,0.103
redis-async,50,1,379,0.1
redis-async,50,1,380,0.102
redis-async,50,1,381,0.102
redis-async,50,1,382,0.1
redis-async,50,1,383,0.094
redis-async,50,1,384,0.102
redis-async,50,1,385,0.101
redis-async,50,1,386,0.102
redis-async,50,1,387,0.102
redis-async,50,1,388,0.101
redis-async,50,1,389,0.102
redis-async,50,1,390,0.1
redis-async,50,1,391,0.101
redis-async,50,1,392,0.096
redis-async,50,1,393,0.094
redis-async,50,1,394,0.102
redis-async,50,1,395,0.101
redis-async,50,1,396,0.099
redis-async,50,1,397,0.1
redis-async,50,1,398,0.101
redis-async,50,1,399,0.102
redis-async,50,1,400,0.102
redis-async,50,1,401,0.102
redis-async,50,1,402,0.138
redis-async,50,1,403,0.105
redis-async,50,1,404,0.1
redis-async,50,1,405,0.102
redis-async,50,1,406,0.112
redis-async,50,1,407,0.12
redis-async,50,1,408,0.113
redis-async,50,1,409,0.12
redis-async,50,1,410,0.108
redis-async,50,1,411,0.121
redis-async,50,1,412,0.102
redis-async,50,1,413,0.104
redis-async,50,1,414,0.104
redis-async,50,1,415,0.104
redis-async,50,1,416,0.107
redis-async,50,1,417,0.105
redis-async,50,1,418,0.131
redis-async,50,1,419,0.106
redis-async,50,1,420,0.117
redis-async,50,1,421,0.105
redis-async,50,1,422,0.107
redis-async,50,1,423,0.103
redis-async,50,1,424,0.102
redis-async,50,1,425,0.101
redis-async,50,1,426,0.101
redis-async,50,1,427,0.101
redis-async,50,1,428,0.102
redis-async,50,1,429,0.121
redis-async,50,1,430,0.104
redis-async,50,1,431,0.102
redis-async,50,1,432,0.101
redis-async,50,1,433,0.101
redis-async,50,1,434,0.101
redis-async,50,1,435,0.101
redis-async,50,1,436,0.101
redis-async,50,1,437,0.101
redis-async,50,1,438,0.101
redis-async,50,1,439,0.096
redis-async,50,1,440,0.093
redis-async,50,1,441,0.1
redis-async,50,1,442,0.1
redis-async,50,1,443,0.103
redis-async,50,1,444,0.102
redis-async,50,1,445,0.102
redis-async,50,1,446,0.117
redis-async,50,1,447,0.101
redis-async,50,1,448,0.103
redis-async,50,1,449,0.11
redis-async,50,1,450,0.101
redis-async,50,1,451,0.099
redis-async,50,1,452,0.099
redis-async,50,1,453,0.1
redis-async,50,1,454,0.1
redis-async,50,1,455,0.099
redis-async,50,1,456,0.097
redis-async,50,1,457,0.098
redis-async,50,1,458,0.098
redis-async,50,1,459,0.111
redis-async,50,1,460,0.101
redis-async,50,1,461,0.103
redis-async,50,1,462,0.123
redis-async,50,1,463,0.101
redis-async,50,1,464,0.097
redis-async,50,1,465,0.099
redis-async,50,1,466,0.099
redis-async,50,1,467,0.099
redis-async,50,2,1,0.127
redis-async,50,2,2,0.108
redis-async,50,2,3,0.123
redis-async,50,2,4,0.116
redis-async,50,2,5,0.103
redis-async,50,2,6,0.102
redis-async,50,2,7,0.105
redis-async,50,2,8,0.1
redis-async,50,2,9,0.105
redis-async,50,2,10,0.101
redis-async,50,2,11,0.102
redis-async,50,2,12,0.103
redis-async,50,2,13,0.098
redis-async,50,2,14,0.101
redis-async,50,2,15,0.099
redis-async,50,2,16,0.107
redis-async,50,2,17,0.097
redis-async,50,2,18,0.101
redis-async,50,2,19,0.102
redis-async,50,2,20,0.101
redis-async,50,2,21,0.103
redis-async,50,2,22,0.099
redis-async,50,2,23,0.095
redis-async,50,2,24,0.1
redis-async,50,2,25,0.098
redis-async,50,2,26,0.106
redis-async,50,2,27,0.097
redis-async,50,2,28,0.099
redis-async,50,2,29,0.101
redis-async,50,2,30,0.108
redis-async,50,2,31,0.099
redis-async,50,2,32,0.091
redis-async,50,2,33,0.091
redis-async,50,2,34,0.099
redis-async,50,2,35,0.097
redis-async,50,2,36,0.097
redis-async,50,2,37,0.1
redis-async,50,2,38,0.101
redis-async,50,2,39,0.097
redis-async,50,2,40,0.098
redis-async,50,2,41,0.103
redis-async,50,2,42,0.104
redis-async,50,2,43,0.092
redis-async,50,2,44,0.097
redis-async,50,2,45,0.098
redis-async,50,2,46,0.097
redis-async,50,2,47,0.096
redis-async,50,2,48,0.097
redis-async,50,2,49,0.096
redis-async,50,2,50,0.095
redis-async,50,2,51,0.096
redis-async,50,2,52,0.096
redis-async,50,2,53,0.121
redis-async,50,2,54,0.099
redis-async,50,2,55,0.096
redis-async,50,2,56,0.094
redis-async,50,2,57,0.093
redis-async,50,2,58,0.096
redis-async,50,2,59,0.096
redis-async,50,2,60,0.097
redis-async,50,2,61,0.096
redis-async,50,2,62,0.096
redis-async,50,2,63,0.105
redis-async,50,2,64,0.097
redis-async,50,2,65,0.097
redis-async,50,2,66,0.095
redis-async,50,2,67,0.096
redis-async,50,2,68,0.095
redis-async,50,2,69,0.096
redis-async,50,2,70,0.095
redis-async,50,2,71,0.094
redis-async,50,2,72,0.095
redis-async,50,2,73,0.108
redis-async,50,2,74,0.095
redis-async,50,2,75,0.108
redis-async,50,2,76,0.099
redis-async,50,2,77,0.108
redis-async,50,2,78,0.096
redis-async,50,2,79,0.096
redis-async,50,2,80,0.106
redis-async,50,2,81,0.096
redis-async,50,2,82,0.095
redis-async,50,2,83,0.148
redis-async,50,2,84,0.147
redis-async,50,2,85,0.117
redis-async,50,2,86,0.13
redis-async,50,2,87,0.106
redis-async,50,2,88,0.104
redis-async,50,2,89,0.101
redis-async,50,2,90,0.1
redis-async,50,2,91,0.106
redis-async,50,2,92,0.097
redis-async,50,2,93,0.2
redis-async,50,2,94,0.107
redis-async,50,2,95,0.105
redis-async,50,2,96,0.102
redis-async,50,2,97,0.099
redis-async,50,2,98,0.1
redis-async,50,2,99,0.102
redis-async,50,2,100,0.092
redis-async,50,2,101,0.093
redis-async,50,2,102,0.101
redis-async,50,2,103,0.105
redis-async,50,2,104,0.103
redis-async,50,2,105,0.099
redis-async,50,2,106,0.099
redis-async,50,2,107,0.099
redis-async,50,2,108,0.099
redis-async,50,2,109,0.11
redis-async,50,2,110,0.111
redis-async,50,2,111,0.1
redis-async,50,2,112,0.103
redis-async,50,2,113,0.1
redis-async,50,2,114,0.099
redis-async,50,2,115,0.102
redis-async,50,2,116,0.1
redis-async,50,2,117,0.116
redis-async,50,2,118,0.1
redis-async,50,2,119,0.101
redis-async,50,2,120,0.126
redis-async,50,2,121,0.105
redis-async,50,2,122,0.104
redis-async,50,2,123,0.103
redis-async,50,2,124,0.103
redis-async,50,2,125,0.103
redis-async,50,2,126,0.103
redis-async,50,2,127,0.103
redis-async,50,2,128,0.103
redis-async,50,2,129,0.096
redis-async,50,2,130,0.096
redis-async,50,2,131,0.103
redis-async,50,2,132,0.104
redis-async,50,2,133,0.108
redis-async,50,2,134,0.104
redis-async,50,2,135,0.103
redis-async,50,2,136,0.102
redis-async,50,2,137,0.103
redis-async,50,2,138,0.103
redis-async,50,2,139,0.111
redis-async,50,2,140,0.105
redis-async,50,2,141,0.103
redis-async,50,2,142,0.104
redis-async,50,2,143,0.104
redis-async,50,2,144,0.103
redis-async,50,2,145,0.103
redis-async,50,2,146,0.104
redis-async,50,2,147,0.104
redis-async,50,2,148,0.115
redis-async,50,2,149,0.122
redis-async,50,2,150,0.104
redis-async,50,2,151,0.105
redis-async,50,2,152,0.114
redis-async,50,2,153,0.103
redis-async,50,2,154,0.103
redis-async,50,2,155,0.103
redis-async,50,2,156,0.104
redis-async,50,2,157,0.106
redis-async,50,2,158,0.127
redis-async,50,2,159,0.107
redis-async,50,2,160,0.103
redis-async,50,2,161,0.102
redis-async,50,2,162,0.101
redis-async,50,2,163,0.102
redis-async,50,2,164,0.101
redis-async,50,2,165,0.102
redis-async,50,2,166,0.103
redis-async,50,2,167,0.116
redis-async,50,2,168,0.106
redis-async,50,2,169,0.101
redis-async,50,2,170,0.1
redis-async,50,2,171,0.1
redis-async,50,2,172,0.099
redis-async,50,2,173,0.1
redis-async,50,2,174,0.1
redis-async,50,2,175,0.108
redis-async,50,2,176,0.1
redis-async,50,2,177,0.117
redis-async,50,2,178,0.106
redis-async,50,2,179,0.105
redis-async,50,2,180,0.102
redis-async,50,2,181,0.103
redis-async,50,2,182,0.102
redis-async,50,2,183,0.103
redis-async,50,2,184,0.115
redis-async,50,2,185,0.103
redis-async,50,2,186,0.116
redis-async,50,2,187,0.099
redis-async,50,2,188,0.098
redis-async,50,2,189,0.099
redis-async,50,2,190,0.098
redis-async,50,2,191,0.111
redis-async,50,2,192,0.099
redis-async,50,2,193,0.099
redis-async,50,2,194,0.103
redis-async,50,2,195,0.098
redis-async,50,2,196,0.108
redis-async,50,2,197,0.1
redis-async,50,2,198,0.101
redis-async,50,2,199,0.099
redis-async,50,2,200,0.094
redis-async,50,2,201,0.105
redis-async,50,2,202,0.099
redis-async,50,2,203,0.101
redis-async,50,2,204,0.1
redis-async,50,2,205,0.101
redis-async,50,2,206,0.116
redis-async,50,2,207,0.1
redis-async,50,2,208,0.1
redis-async,50,2,209,0.099
redis-async,50,2,210,0.1
redis-async,50,2,211,0.099
redis-async,50,2,212,0.099
redis-async,50,2,213,0.103
redis-async,50,2,214,0.098
redis-async,50,2,215,0.099
redis-async,50,2,216,0.113
redis-async,50,2,217,0.098
redis-async,50,2,218,0.099
redis-async,50,2,219,0.098
redis-async,50,2,220,0.099
redis-async,50,2,221,0.098
redis-async,50,2,222,0.097
redis-async,50,2,223,0.099
redis-async,50,2,224,0.098
redis-async,50,2,225,0.098
redis-async,50,2,226,0.115
redis-async,50,2,227,0.098
redis-async,50,2,228,0.097
redis-async,50,2,229,0.095
redis-async,50,2,230,0.096
redis-async,50,2,231,0.113
redis-async,50,2,232,0.099
redis-async,50,2,233,0.106
redis-async,50,2,234,0.099
redis-async,50,2,235,0.108
redis-async,50,2,236,0.096
redis-async,50,2,237,0.098
redis-async,50,2,238,0.095
redis-async,50,2,239,0.095
redis-async,50,2,240,0.095
redis-async,50,2,241,0.096
redis-async,50,2,242,0.105
redis-async,50,2,243,0.096
redis-async,50,2,244,0.097
redis-async,50,2,245,0.104
redis-async,50,2,246,0.1
redis-async,50,2,247,0.097
redis-async,50,2,248,0.098
redis-async,50,2,249,0.094
redis-async,50,2,250,0.096
redis-async,50,2,251,0.095
redis-async,50,2,252,0.096
redis-async,50,2,253,0.095
redis-async,50,2,254,0.096
redis-async,50,2,255,0.099
redis-async,50,2,256,0.107
redis-async,50,2,257,0.098
redis-async,50,2,258,0.102
redis-async,50,2,259,0.105
redis-async,50,2,260,0.101
redis-async,50,2,261,0.101
redis-async,50,2,262,0.104
redis-async,50,2,263,0.099
redis-async,50,2,264,0.1
redis-async,50,2,265,0.11
redis-async,50,2,266,0.104
redis-async,50,2,267,0.098
redis-async,50,2,268,0.098
redis-async,50,2,269,0.1
redis-async,50,2,270,0.096
redis-async,50,2,271,0.096
redis-async,50,2,272,0.096
redis-async,50,2,273,0.098
redis-async,50,2,274,0.097
redis-async,50,2,275,0.097
redis-async,50,2,276,0.115
redis-async,50,2,277,0.097
redis-async,50,2,278,0.096
redis-async,50,2,279,0.096
redis-async,50,2,280,0.096
redis-async,50,2,281,0.096
redis-async,50,2,282,0.099
redis-async,50,2,283,0.096
redis-async,50,2,284,0.097
redis-async,50,2,285,0.095
redis-async,50,2,286,0.099
redis-async,50,2,287,0.095
redis-async,50,2,288,0.096
redis-async,50,2,289,0.094
redis-async,50,2,290,0.094
redis-async,50,2,291,0.095
redis-async,50,2,292,0.094
redis-async,50,2,293,0.095
redis-async,50,2,294,0.095
redis-async,50,2,295,0.095
redis-async,50,2,296,0.095
redis-async,50,2,297,0.089
redis-async,50,2,298,0.094
redis-async,50,2,299,0.094
redis-async,50,2,300,0.094
redis-async,50,2,301,0.094
redis-async,50,2,302,0.094
redis-async,50,2,303,0.095
redis-async,50,2,304,0.094
redis-async,50,2,305,0.096
redis-async,50,2,306,0.095
redis-async,50,2,307,0.105
redis-async,50,2,308,0.096
redis-async,50,2,309,0.095
redis-async,50,2,310,0.095
redis-async,50,2,311,0.096
redis-async,50,2,312,0.098
redis-async,50,2,313,0.096
redis-async,50,2,314,0.097
redis-async,50,2,315,0.097
redis-async,50,2,316,0.096
redis-async,50,2,317,0.105
redis-async,50,2,318,0.095
redis-async,50,2,319,0.095
redis-async,50,2,320,0.107
redis-async,50,2,321,0.097
redis-async,50,2,322,0.095
redis-async,50,2,323,0.095
redis-async,50,2,324,0.112
redis-async,50,2,325,0.104
redis-async,50,2,326,0.097
redis-async,50,2,327,0.107
redis-async,50,2,328,0.097
redis-async,50,2,329,0.094
redis-async,50,2,330,0.094
redis-async,50,2,331,0.095
redis-async,50,2,332,0.101
redis-async,50,2,333,0.095
redis-async,50,2,334,0.096
redis-async,50,2,335,0.103
redis-async,50,2,336,0.095
redis-async,50,2,337,0.096
redis-async,50,2,338,0.089
redis-async,50,2,339,0.099
redis-async,50,2,340,0.097
redis-async,50,2,341,0.097
redis-async,50,2,342,0.095
redis-async,50,2,343,0.101
redis-async,50,2,344,0.1
redis-async,50,2,345,0.099
redis-async,50,2,346,0.097
redis-async,50,2,347,0.105
redis-async,50,2,348,0.1
redis-async,50,2,349,0.096
redis-async,50,2,350,0.097
redis-async,50,2,351,0.099
redis-async,50,2,352,0.096
redis-async,50,2,353,0.096
redis-async,50,2,354,0.096
redis-async,50,2,355,0.098
redis-async,50,2,356,0.096
redis-async,50,2,357,0.095
redis-async,50,2,358,0.117
redis-async,50,2,359,0.1
redis-async,50,2,360,0.1
redis-async,50,2,361,0.099
redis-async,50,2,362,0.1
redis-async,50,2,363,0.098
redis-async,50,2,364,0.098
redis-async,50,2,365,0.098
redis-async,50,2,366,0.098
redis-async,50,2,367,0.107
redis-async,50,2,368,0.099
redis-async,50,2,369,0.097
redis-async,50,2,370,0.1
redis-async,50,2,371,0.098
redis-async,50,2,372,0.098
redis-async,50,2,373,0.101
redis-async,50,2,374,0.1
redis-async,50,2,375,0.1
redis-async,50,2,376,0.1
redis-async,50,2,377,0.11
redis-async,50,2,378,0.1
redis-async,50,2,379,0.099
redis-async,50,2,380,0.1
redis-async,50,2,381,0.1
redis-async,50,2,382,0.1
redis-async,50,2,383,0.098
redis-async,50,2,384,0.098
redis-async,50,2,385,0.099
redis-async,50,2,386,0.098
redis-async,50,2,387,0.109
redis-async,50,2,388,0.099
redis-async,50,2,389,0.098
redis-async,50,2,390,0.098
redis-async,50,2,391,0.098
redis-async,50,2,392,0.099
redis-async,50,2,393,0.1
redis-async,50,2,394,0.103
redis-async,50,2,395,0.1
redis-async,50,2,396,0.1
redis-async,50,2,397,0.097
redis-async,50,2,398,0.092
redis-async,50,2,399,0.099
redis-async,50,2,400,0.1
redis-async,50,2,401,0.108
redis-async,50,2,402,0.102
redis-async,50,2,403,0.099
redis-async,50,2,404,0.101
redis-async,50,2,405,0.098
redis-async,50,2,406,0.099
redis-async,50,2,407,0.095
redis-async,50,2,408,0.093
redis-async,50,2,409,0.106
redis-async,50,2,410,0.098
redis-async,50,2,411,0.098
redis-async,50,2,412,0.099
redis-async,50,2,413,0.103
redis-async,50,2,414,0.098
redis-async,50,2,415,0.099
redis-async,50,2,416,0.097
redis-async,50,2,417,0.107
redis-async,50,2,418,0.1
redis-async,50,2,419,0.098
redis-async,50,2,420,0.106
redis-async,50,2,421,0.102
redis-async,50,2,422,0.099
redis-async,50,2,423,0.1
redis-async,50,2,424,0.099
redis-async,50,2,425,0.099
redis-async,50,2,426,0.098
redis-async,50,2,427,0.146
redis-async,50,2,428,0.102
redis-async,50,2,429,0.1
redis-async,50,2,430,0.098
redis-async,50,2,431,0.099
redis-async,50,2,432,0.102
redis-async,50,2,433,0.099
redis-async,50,2,434,0.105
redis-async,50,2,435,0.099
redis-async,50,2,436,0.097
redis-async,50,2,437,0.112
redis-async,50,2,438,0.098
redis-async,50,2,439,0.102
redis-async,50,2,440,0.099
redis-async,50,2,441,0.099
redis-async,50,2,442,0.1
redis-async,50,2,443,0.098
redis-async,50,2,444,0.097
redis-async,50,2,445,0.1
redis-async,50,2,446,0.099
redis-async,50,2,447,0.114
redis-async,50,2,448,0.098
redis-async,50,2,449,0.097
redis-async,50,2,450,0.095
redis-async,50,2,451,0.097
redis-async,50,2,452,0.097
redis-async,50,2,453,0.097
redis-async,50,2,454,0.098
redis-async,50,2,455,0.1
redis-async,50,2,456,0.099
redis-async,50,2,457,0.112
redis-async,50,2,458,0.098
redis-async,50,2,459,0.098
redis-async,50,2,460,0.097
redis-async,50,2,461,0.096
redis-async,50,2,462,0.109
redis-async,50,2,463,0.097
redis-async,50,2,464,0.097
redis-async,50,2,465,0.097
redis-async,50,2,466,0.096
redis-async,50,2,467,0.113
redis-async,50,3,1,0.122
redis-async,50,3,2,0.102
redis-async,50,3,3,0.098
redis-async,50,3,4,0.1
redis-async,50,3,5,0.102
redis-async,50,3,6,0.105
redis-async,50,3,7,0.112
redis-async,50,3,8,0.102
redis-async,50,3,9,0.108
redis-async,50,3,10,0.097
redis-async,50,3,11,0.096
redis-async,50,3,12,0.1
redis-async,50,3,13,0.1
redis-async,50,3,14,0.099
redis-async,50,3,15,0.098
redis-async,50,3,16,0.103
redis-async,50,3,17,0.101
redis-async,50,3,18,0.1
redis-async,50,3,19,0.103
redis-async,50,3,20,0.101
redis-async,50,3,21,0.102
redis-async,50,3,22,0.099
redis-async,50,3,23,0.101
redis-async,50,3,24,0.101
redis-async,50,3,25,0.101
redis-async,50,3,26,0.099
redis-async,50,3,27,0.099
redis-async,50,3,28,0.103
redis-async,50,3,29,0.098
redis-async,50,3,30,0.103
redis-async,50,3,31,0.1
redis-async,50,3,32,0.102
redis-async,50,3,33,0.1
redis-async,50,3,34,0.098
redis-async,50,3,35,0.102
redis-async,50,3,36,0.098
redis-async,50,3,37,0.099
redis-async,50,3,38,0.106
redis-async,50,3,39,0.103
redis-async,50,3,40,0.094
redis-async,50,3,41,0.093
redis-async,50,3,42,0.101
redis-async,50,3,43,0.101
redis-async,50,3,44,0.099
redis-async,50,3,45,0.101
redis-async,50,3,46,0.098
redis-async,50,3,47,0.098
redis-async,50,3,48,0.1
redis-async,50,3,49,0.099
redis-async,50,3,50,0.102
redis-async,50,3,51,0.093
redis-async,50,3,52,0.099
redis-async,50,3,53,0.102
redis-async,50,3,54,0.099
redis-async,50,3,55,0.099
redis-async,50,3,56,0.101
redis-async,50,3,57,0.1
redis-async,50,3,58,0.1
redis-async,50,3,59,0.102
redis-async,50,3,60,0.098
redis-async,50,3,61,0.094
redis-async,50,3,62,0.11
redis-async,50,3,63,0.104
redis-async,50,3,64,0.101
redis-async,50,3,65,0.101
redis-async,50,3,66,0.1
redis-async,50,3,67,0.101
redis-async,50,3,68,0.101
redis-async,50,3,69,0.099
redis-async,50,3,70,0.098
redis-async,50,3,71,0.093
redis-async,50,3,72,0.1
redis-async,50,3,73,0.102
redis-async,50,3,74,0.101
redis-async,50,3,75,0.101
redis-async,50,3,76,0.1
redis-async,50,3,77,0.099
redis-async,50,3,78,0.101
redis-async,50,3,79,0.101
redis-async,50,3,80,0.098
redis-async,50,3,81,0.094
redis-async,50,3,82,0.102
redis-async,50,3,83,0.1
redis-async,50,3,84,0.102
redis-async,50,3,85,0.1
redis-async,50,3,86,0.1
redis-async,50,3,87,0.101
redis-async,50,3,88,0.101
redis-async,50,3,89,0.099
redis-async,50,3,90,0.093
redis-async,50,3,91,0.092
redis-async,50,3,92,0.098
redis-async,50,3,93,0.109
redis-async,50,3,94,0.099
redis-async,50,3,95,0.099
redis-async,50,3,96,0.098
redis-async,50,3,97,0.1
redis-async,50,3,98,0.1
redis-async,50,3,99,0.1
redis-async,50,3,100,0.092
redis-async,50,3,101,0.095
redis-async,50,3,102,0.099
redis-async,50,3,103,0.102
redis-async,50,3,104,0.1
redis-async,50,3,105,0.098
redis-async,50,3,106,0.098
redis-async,50,3,107,0.098
redis-async,50,3,108,0.098
redis-async,50,3,109,0.099
redis-async,50,3,110,0.108
redis-async,50,3,111,0.107
redis-async,50,3,112,0.101
redis-async,50,3,113,0.098
redis-async,50,3,114,0.099
redis-async,50,3,115,0.098
redis-async,50,3,116,0.099
redis-async,50,3,117,0.098
redis-async,50,3,118,0.105
redis-async,50,3,119,0.104
redis-async,50,3,120,0.099
redis-async,50,3,121,0.096
redis-async,50,3,122,0.1
redis-async,50,3,123,0.101
redis-async,50,3,124,0.103
redis-async,50,3,125,0.101
redis-async,50,3,126,0.099
redis-async,50,3,127,0.099
redis-async,50,3,128,0.1
redis-async,50,3,129,0.1
redis-async,50,3,130,0.094
redis-async,50,3,131,0.094
redis-async,50,3,132,0.1
redis-async,50,3,133,0.102
redis-async,50,3,134,0.1
redis-async,50,3,135,0.1
redis-async,50,3,136,0.099
redis-async,50,3,137,0.099
redis-async,50,3,138,0.1
redis-async,50,3,139,0.099
redis-async,50,3,140,0.098
redis-async,50,3,141,0.094
redis-async,50,3,142,0.122
redis-async,50,3,143,0.102
redis-async,50,3,144,0.1
redis-async,50,3,145,0.099
redis-async,50,3,146,0.1
redis-async,50,3,147,0.1
redis-async,50,3,148,0.099
redis-async,50,3,149,0.099
redis-async,50,3,150,0.093
redis-async,50,3,151,0.093
redis-async,50,3,152,0.1
redis-async,50,3,153,0.098
redis-async,50,3,154,0.099
redis-async,50,3,155,0.099
redis-async,50,3,156,0.099
redis-async,50,3,157,0.099
redis-async,50,3,158,0.099
redis-async,50,3,159,0.099
redis-async,50,3,160,0.096
redis-async,50,3,161,0.095
redis-async,50,3,162,0.1
redis-async,50,3,163,0.101
redis-async,50,3,164,0.1
redis-async,50,3,165,0.098
redis-async,50,3,166,0.101
redis-async,50,3,167,0.113
redis-async,50,3,168,0.1
redis-async,50,3,169,0.102
redis-async,50,3,170,0.122
redis-async,50,3,171,0.098
redis-async,50,3,172,0.099
redis-async,50,3,173,0.099
redis-async,50,3,174,0.099
redis-async,50,3,175,0.102
redis-async,50,3,176,0.102
redis-async,50,3,177,0.098
redis-async,50,3,178,0.116
redis-async,50,3,179,0.101
redis-async,50,3,180,0.115
redis-async,50,3,181,0.113
redis-async,50,3,182,0.105
redis-async,50,3,183,0.101
redis-async,50,3,184,0.1
redis-async,50,3,185,0.1
redis-async,50,3,186,0.1
redis-async,50,3,187,0.1
redis-async,50,3,188,0.1
redis-async,50,3,189,0.096
redis-async,50,3,190,0.093
redis-async,50,3,191,0.099
redis-async,50,3,192,0.098
redis-async,50,3,193,0.099
redis-async,50,3,194,0.097
redis-async,50,3,195,0.102
redis-async,50,3,196,0.102
redis-async,50,3,197,0.098
redis-async,50,3,198,0.097
redis-async,50,3,199,0.116
redis-async,50,3,200,0.099
redis-async,50,3,201,0.099
redis-async,50,3,202,0.111
redis-async,50,3,203,0.103
redis-async,50,3,204,0.098
redis-async,50,3,205,0.097
redis-async,50,3,206,0.106
redis-async,50,3,207,0.099
redis-async,50,3,208,0.099
redis-async,50,3,209,0.094
redis-async,50,3,210,0.092
redis-async,50,3,211,0.105
redis-async,50,3,212,0.099
redis-async,50,3,213,0.097
redis-async,50,3,214,0.097
redis-async,50,3,215,0.1
redis-async,50,3,216,0.101
redis-async,50,3,217,0.099
redis-async,50,3,218,0.101
redis-async,50,3,219,0.096
redis-async,50,3,220,0.096
redis-async,50,3,221,0.099
redis-async,50,3,222,0.1
redis-async,50,3,223,0.099
redis-async,50,3,224,0.099
redis-async,50,3,225,0.1
redis-async,50,3,226,0.099
redis-async,50,3,227,0.101
redis-async,50,3,228,0.1
redis-async,50,3,229,0.113
redis-async,50,3,230,0.1
redis-async,50,3,231,0.099
redis-async,50,3,232,0.1
redis-async,50,3,233,0.1
redis-async,50,3,234,0.098
redis-async,50,3,235,0.1
redis-async,50,3,236,0.099
redis-async,50,3,237,0.098
redis-async,50,3,238,0.1
redis-async,50,3,239,0.096
redis-async,50,3,240,0.093
redis-async,50,3,241,0.1
redis-async,50,3,242,0.099
redis-async,50,3,243,0.099
redis-async,50,3,244,0.099
redis-async,50,3,245,0.099
redis-async,50,3,246,0.1
redis-async,50,3,247,0.1
redis-async,50,3,248,0.099
redis-async,50,3,249,0.111
redis-async,50,3,250,0.112
redis-async,50,3,251,0.102
redis-async,50,3,252,0.098
redis-async,50,3,253,0.099
redis-async,50,3,254,0.103
redis-async,50,3,255,0.099
redis-async,50,3,256,0.098
redis-async,50,3,257,0.101
redis-async,50,3,258,0.1
redis-async,50,3,259,0.098
redis-async,50,3,260,0.092
redis-async,50,3,261,0.099
redis-async,50,3,262,0.098
redis-async,50,3,263,0.1
redis-async,50,3,264,0.105
redis-async,50,3,265,0.098
redis-async,50,3,266,0.098
redis-async,50,3,267,0.098
redis-async,50,3,268,0.098
redis-async,50,3,269,0.113
redis-async,50,3,270,0.094
redis-async,50,3,271,0.105
redis-async,50,3,272,0.103
redis-async,50,3,273,0.098
redis-async,50,3,274,0.098
redis-async,50,3,275,0.099
redis-async,50,3,276,0.098
redis-async,50,3,277,0.1
redis-async,50,3,278,0.098
redis-async,50,3,279,0.103
redis-async,50,3,280,0.092
redis-async,50,3,281,0.098
redis-async,50,3,282,0.098
redis-async,50,3,283,0.098
redis-async,50,3,284,0.098
redis-async,50,3,285,0.099
redis-async,50,3,286,0.108
redis-async,50,3,287,0.108
redis-async,50,3,288,0.101
redis-async,50,3,289,0.106
redis-async,50,3,290,0.093
redis-async,50,3,291,0.1
redis-async,50,3,292,0.1
redis-async,50,3,293,0.117
redis-async,50,3,294,0.1
redis-async,50,3,295,0.1
redis-async,50,3,296,0.1
redis-async,50,3,297,0.101
redis-async,50,3,298,0.099
redis-async,50,3,299,0.111
redis-async,50,3,300,0.099
redis-async,50,3,301,0.098
redis-async,50,3,302,0.099
redis-async,50,3,303,0.098
redis-async,50,3,304,0.099
redis-async,50,3,305,0.098
redis-async,50,3,306,0.098
redis-async,50,3,307,0.098
redis-async,50,3,308,0.1
redis-async,50,3,309,0.111
redis-async,50,3,310,0.098
redis-async,50,3,311,0.099
redis-async,50,3,312,0.099
redis-async,50,3,313,0.099
redis-async,50,3,314,0.098
redis-async,50,3,315,0.098
redis-async,50,3,316,0.098
redis-async,50,3,317,0.1
redis-async,50,3,318,0.098
redis-async,50,3,319,0.108
redis-async,50,3,320,0.099
redis-async,50,3,321,0.099
redis-async,50,3,322,0.102
redis-async,50,3,323,0.099
redis-async,50,3,324,0.1
redis-async,50,3,325,0.098
redis-async,50,3,326,0.099
redis-async,50,3,327,0.097
redis-async,50,3,328,0.1
redis-async,50,3,329,0.111
redis-async,50,3,330,0.098
redis-async,50,3,331,0.099
redis-async,50,3,332,0.101
redis-async,50,3,333,0.113
redis-async,50,3,334,0.1
redis-async,50,3,335,0.101
redis-async,50,3,336,0.1
redis-async,50,3,337,0.1
redis-async,50,3,338,0.098
redis-async,50,3,339,0.113
redis-async,50,3,340,0.099
redis-async,50,3,341,0.1
redis-async,50,3,342,0.102
redis-async,50,3,343,0.11
redis-async,50,3,344,0.1
redis-async,50,3,345,0.1
redis-async,50,3,346,0.097
redis-async,50,3,347,0.098
redis-async,50,3,348,0.113
redis-async,50,3,349,0.1
redis-async,50,3,350,0.099
redis-async,50,3,351,0.098
redis-async,50,3,352,0.104
redis-async,50,3,353,0.101
redis-async,50,3,354,0.098
redis-async,50,3,355,0.098
redis-async,50,3,356,0.099
redis-async,50,3,357,0.099
redis-async,50,3,358,0.093
redis-async,50,3,359,0.099
redis-async,50,3,360,0.1
redis-async,50,3,361,0.098
redis-async,50,3,362,0.098
redis-async,50,3,363,0.099
redis-async,50,3,364,0.1
redis-async,50,3,365,0.101
redis-async,50,3,366,0.101
redis-async,50,3,367,0.098
redis-async,50,3,368,0.109
redis-async,50,3,369,0.099
redis-async,50,3,370,0.1
redis-async,50,3,371,0.105
redis-async,50,3,372,0.109
redis-async,50,3,373,0.106
redis-async,50,3,374,0.104
redis-async,50,3,375,0.104
redis-async,50,3,376,0.108
redis-async,50,3,377,0.105
redis-async,50,3,378,0.118
redis-async,50,3,379,0.101
redis-async,50,3,380,0.105
redis-async,50,3,381,0.1
redis-async,50,3,382,0.099
redis-async,50,3,383,0.101
redis-async,50,3,384,0.101
redis-async,50,3,385,0.101
redis-async,50,3,386,0.101
redis-async,50,3,387,0.108
redis-async,50,3,388,0.103
redis-async,50,3,389,0.101
redis-async,50,3,390,0.102
redis-async,50,3,391,0.102
redis-async,50,3,392,0.101
redis-async,50,3,393,0.1
redis-async,50,3,394,0.1
redis-async,50,3,395,0.102
redis-async,50,3,396,0.101
redis-async,50,3,397,0.101
redis-async,50,3,398,0.095
redis-async,50,3,399,0.1
redis-async,50,3,400,0.1
redis-async,50,3,401,0.103
redis-async,50,3,402,0.103
redis-async,50,3,403,0.099
redis-async,50,3,404,0.099
redis-async,50,3,405,0.1
redis-async,50,3,406,0.1
redis-async,50,3,407,0.097
redis-async,50,3,408,0.093
redis-async,50,3,409,0.099
redis-async,50,3,410,0.101
redis-async,50,3,411,0.104
redis-async,50,3,412,0.1
redis-async,50,3,413,0.1
redis-async,50,3,414,0.101
redis-async,50,3,415,0.101
redis-async,50,3,416,0.105
redis-async,50,3,417,0.099
redis-async,50,3,418,0.093
redis-async,50,3,419,0.099
redis-async,50,3,420,0.099
redis-async,50,3,421,0.101
redis-async,50,3,422,0.099
redis-async,50,3,423,0.099
redis-async,50,3,424,0.098
redis-async,50,3,425,0.099
redis-async,50,3,426,0.099
redis-async,50,3,427,0.094
redis-async,50,3,428,0.095
redis-async,50,3,429,0.1
redis-async,50,3,430,0.1
redis-async,50,3,431,0.1
redis-async,50,3,432,0.098
redis-async,50,3,433,0.099
redis-async,50,3,434,0.099
redis-async,50,3,435,0.099
redis-async,50,3,436,0.099
redis-async,50,3,437,0.113
redis-async,50,3,438,0.1
redis-async,50,3,439,0.099
redis-async,50,3,440,0.099
redis-async,50,3,441,0.101
redis-async,50,3,442,0.1
redis-async,50,3,443,0.099
redis-async,50,3,444,0.1
redis-async,50,3,445,0.101
redis-async,50,3,446,0.099
redis-async,50,3,447,0.097
redis-async,50,3,448,0.094
redis-async,50,3,449,0.101
redis-async,50,3,450,0.1
redis-async,50,3,451,0.099
redis-async,50,3,452,0.105
redis-async,50,3,453,0.102
redis-async,50,3,454,0.099
redis-async,50,3,455,0.1
redis-async,50,3,456,0.101
redis-async,50,3,457,0.101
redis-async,50,3,458,0.094
redis-async,50,3,459,0.1
redis-async,50,3,460,0.102
redis-async,50,3,461,0.1
redis-async,50,3,462,0.109
redis-async,50,3,463,0.099
redis-async,50,3,464,0.099
redis-async,50,3,465,0.1
redis-async,50,3,466,0.099
redis-async,50,3,467,0.099
redis-wait,50,1,1,99.643
redis-wait,50,1,2,54.968
redis-wait,50,1,3,53.486
redis-wait,50,1,4,51.972
redis-wait,50,1,5,52.056
redis-wait,50,1,6,55.519
redis-wait,50,1,7,52.232
redis-wait,50,1,8,52.303
redis-wait,50,1,9,54.844
redis-wait,50,1,10,55.642
redis-wait,50,1,11,53.609
redis-wait,50,1,12,51.512
redis-wait,50,1,13,56.724
redis-wait,50,1,14,51.565
redis-wait,50,1,15,52.441
redis-wait,50,1,16,51.671
redis-wait,50,1,17,54.446
redis-wait,50,1,18,61.058
redis-wait,50,1,19,55.501
redis-wait,50,1,20,53.711
redis-wait,50,1,21,52.671
redis-wait,50,1,22,53.849
redis-wait,50,1,23,53.18
redis-wait,50,1,24,51.736
redis-wait,50,1,25,53.131
redis-wait,50,1,26,52.213
redis-wait,50,1,27,53.232
redis-wait,50,1,28,51.51
redis-wait,50,1,29,55.459
redis-wait,50,1,30,52.74
redis-wait,50,1,31,51.882
redis-wait,50,1,32,51.965
redis-wait,50,1,33,53.387
redis-wait,50,1,34,52.05
redis-wait,50,1,35,52.512
redis-wait,50,1,36,52.489
redis-wait,50,1,37,56.879
redis-wait,50,1,38,54.128
redis-wait,50,1,39,52.223
redis-wait,50,1,40,52.649
redis-wait,50,1,41,52.22
redis-wait,50,1,42,52.868
redis-wait,50,1,43,51.948
redis-wait,50,1,44,56.617
redis-wait,50,1,45,53.932
redis-wait,50,1,46,56.03
redis-wait,50,1,47,53.138
redis-wait,50,1,48,51.707
redis-wait,50,1,49,52.284
redis-wait,50,1,50,57.75
redis-wait,50,1,51,53.134
redis-wait,50,1,52,56.16
redis-wait,50,1,53,53.851
redis-wait,50,1,54,53.635
redis-wait,50,1,55,52.122
redis-wait,50,1,56,51.773
redis-wait,50,1,57,53.313
redis-wait,50,1,58,52.758
redis-wait,50,1,59,52.08
redis-wait,50,1,60,56.61
redis-wait,50,1,61,55.507
redis-wait,50,1,62,52.303
redis-wait,50,1,63,53.023
redis-wait,50,1,64,51.861
redis-wait,50,1,65,54.341
redis-wait,50,1,66,52.737
redis-wait,50,1,67,51.888
redis-wait,50,1,68,52.514
redis-wait,50,1,69,52.978
redis-wait,50,1,70,53.463
redis-wait,50,1,71,53.89
redis-wait,50,1,72,53.219
redis-wait,50,1,73,54.617
redis-wait,50,1,74,53.782
redis-wait,50,1,75,52.909
redis-wait,50,1,76,54.229
redis-wait,50,1,77,52.143
redis-wait,50,1,78,54.184
redis-wait,50,1,79,51.809
redis-wait,50,1,80,53.409
redis-wait,50,1,81,52.172
redis-wait,50,1,82,51.942
redis-wait,50,1,83,54.524
redis-wait,50,1,84,55.887
redis-wait,50,1,85,55.958
redis-wait,50,1,86,52.46
redis-wait,50,1,87,56.104
redis-wait,50,1,88,51.726
redis-wait,50,1,89,57.826
redis-wait,50,1,90,54.527
redis-wait,50,1,91,51.391
redis-wait,50,1,92,54.809
redis-wait,50,1,93,52.4
redis-wait,50,1,94,54.957
redis-wait,50,1,95,53.714
redis-wait,50,1,96,56.279
redis-wait,50,1,97,53.282
redis-wait,50,1,98,52.862
redis-wait,50,1,99,54.162
redis-wait,50,1,100,55.189
redis-wait,50,1,101,54.222
redis-wait,50,1,102,51.891
redis-wait,50,1,103,52.205
redis-wait,50,1,104,54.384
redis-wait,50,1,105,55.977
redis-wait,50,1,106,51.93
redis-wait,50,1,107,52.381
redis-wait,50,1,108,53.147
redis-wait,50,1,109,51.992
redis-wait,50,1,110,52.093
redis-wait,50,1,111,54.92
redis-wait,50,1,112,52.007
redis-wait,50,1,113,52.48
redis-wait,50,1,114,51.765
redis-wait,50,1,115,56.714
redis-wait,50,1,116,51.877
redis-wait,50,1,117,53.673
redis-wait,50,1,118,54.111
redis-wait,50,1,119,55.237
redis-wait,50,1,120,52.652
redis-wait,50,1,121,56.487
redis-wait,50,1,122,52.087
redis-wait,50,1,123,55.987
redis-wait,50,1,124,53.169
redis-wait,50,1,125,53.222
redis-wait,50,1,126,52.303
redis-wait,50,1,127,51.8
redis-wait,50,1,128,52.181
redis-wait,50,1,129,52.235
redis-wait,50,1,130,55.167
redis-wait,50,1,131,52.616
redis-wait,50,1,132,57.477
redis-wait,50,1,133,52.159
redis-wait,50,1,134,54.792
redis-wait,50,1,135,53.248
redis-wait,50,1,136,53.736
redis-wait,50,1,137,55.214
redis-wait,50,1,138,54.41
redis-wait,50,1,139,53.505
redis-wait,50,1,140,52.1
redis-wait,50,1,141,52.449
redis-wait,50,1,142,51.825
redis-wait,50,1,143,56.117
redis-wait,50,1,144,53.15
redis-wait,50,1,145,54.901
redis-wait,50,1,146,53.915
redis-wait,50,1,147,53.311
redis-wait,50,1,148,52.003
redis-wait,50,1,149,52.141
redis-wait,50,1,150,51.872
redis-wait,50,1,151,55.987
redis-wait,50,1,152,51.879
redis-wait,50,1,153,54.451
redis-wait,50,1,154,52.07
redis-wait,50,1,155,52.355
redis-wait,50,1,156,53.389
redis-wait,50,1,157,52.067
redis-wait,50,1,158,53.201
redis-wait,50,1,159,52.248
redis-wait,50,1,160,52.959
redis-wait,50,1,161,54.415
redis-wait,50,1,162,53.245
redis-wait,50,1,163,54.966
redis-wait,50,1,164,53.889
redis-wait,50,1,165,51.513
redis-wait,50,1,166,54.445
redis-wait,50,1,167,55.884
redis-wait,50,1,168,52.223
redis-wait,50,1,169,53.194
redis-wait,50,1,170,51.978
redis-wait,50,1,171,54.803
redis-wait,50,1,172,54.012
redis-wait,50,1,173,55.813
redis-wait,50,1,174,54.987
redis-wait,50,1,175,51.746
redis-wait,50,1,176,52.471
redis-wait,50,1,177,54.472
redis-wait,50,1,178,50.775
redis-wait,50,1,179,52.953
redis-wait,50,1,180,55.587
redis-wait,50,1,181,54.905
redis-wait,50,1,182,53.457
redis-wait,50,1,183,51.843
redis-wait,50,1,184,52.078
redis-wait,50,1,185,52.097
redis-wait,50,1,186,54.625
redis-wait,50,1,187,52.206
redis-wait,50,1,188,54.494
redis-wait,50,1,189,55.409
redis-wait,50,1,190,54.138
redis-wait,50,1,191,54.497
redis-wait,50,1,192,55.325
redis-wait,50,1,193,56.391
redis-wait,50,1,194,51.504
redis-wait,50,1,195,55.046
redis-wait,50,1,196,52.901
redis-wait,50,1,197,53.504
redis-wait,50,1,198,56.577
redis-wait,50,1,199,55.961
redis-wait,50,1,200,52.595
redis-wait,50,1,201,52.008
redis-wait,50,1,202,52.629
redis-wait,50,1,203,57.222
redis-wait,50,1,204,52.252
redis-wait,50,1,205,51.667
redis-wait,50,1,206,51.622
redis-wait,50,1,207,54.267
redis-wait,50,1,208,53.05
redis-wait,50,1,209,54.409
redis-wait,50,1,210,54.139
redis-wait,50,1,211,54.513
redis-wait,50,1,212,52.668
redis-wait,50,1,213,52.788
redis-wait,50,1,214,54.933
redis-wait,50,1,215,55.968
redis-wait,50,1,216,52.837
redis-wait,50,1,217,50.943
redis-wait,50,1,218,53.084
redis-wait,50,1,219,55.132
redis-wait,50,1,220,54.203
redis-wait,50,1,221,54.727
redis-wait,50,1,222,53.207
redis-wait,50,1,223,54.253
redis-wait,50,1,224,51.8
redis-wait,50,1,225,52.72
redis-wait,50,1,226,53.761
redis-wait,50,1,227,56.454
redis-wait,50,1,228,54.945
redis-wait,50,1,229,52.41
redis-wait,50,1,230,56.395
redis-wait,50,1,231,54.61
redis-wait,50,1,232,52.382
redis-wait,50,1,233,53.573
redis-wait,50,1,234,53.917
redis-wait,50,1,235,52.073
redis-wait,50,1,236,56.004
redis-wait,50,1,237,52.033
redis-wait,50,1,238,56.91
redis-wait,50,1,239,55.053
redis-wait,50,1,240,51.559
redis-wait,50,1,241,51.951
redis-wait,50,1,242,52.775
redis-wait,50,1,243,54.478
redis-wait,50,1,244,54.69
redis-wait,50,1,245,53.376
redis-wait,50,1,246,51.769
redis-wait,50,1,247,54.283
redis-wait,50,1,248,55.65
redis-wait,50,1,249,52.871
redis-wait,50,1,250,51.833
redis-wait,50,1,251,52.773
redis-wait,50,1,252,51.904
redis-wait,50,1,253,55.015
redis-wait,50,1,254,54.76
redis-wait,50,1,255,52.501
redis-wait,50,1,256,51.96
redis-wait,50,1,257,53.638
redis-wait,50,1,258,52.795
redis-wait,50,1,259,53.023
redis-wait,50,1,260,51.79
redis-wait,50,1,261,51.261
redis-wait,50,1,262,52.444
redis-wait,50,1,263,52.008
redis-wait,50,1,264,52.521
redis-wait,50,1,265,52.878
redis-wait,50,1,266,54.135
redis-wait,50,1,267,53.097
redis-wait,50,1,268,53.425
redis-wait,50,1,269,53.315
redis-wait,50,1,270,53.384
redis-wait,50,1,271,54.823
redis-wait,50,1,272,53.357
redis-wait,50,1,273,52.264
redis-wait,50,1,274,54.253
redis-wait,50,1,275,52.356
redis-wait,50,1,276,54.702
redis-wait,50,1,277,52.395
redis-wait,50,1,278,52.467
redis-wait,50,1,279,56.005
redis-wait,50,1,280,53.214
redis-wait,50,1,281,52.833
redis-wait,50,1,282,55.662
redis-wait,50,1,283,54.602
redis-wait,50,1,284,55.465
redis-wait,50,1,285,55.873
redis-wait,50,1,286,52.54
redis-wait,50,1,287,51.983
redis-wait,50,1,288,52.344
redis-wait,50,1,289,52.028
redis-wait,50,1,290,55.586
redis-wait,50,1,291,52.565
redis-wait,50,1,292,52.814
redis-wait,50,1,293,52.538
redis-wait,50,1,294,54.748
redis-wait,50,1,295,53.695
redis-wait,50,1,296,56.739
redis-wait,50,1,297,54.265
redis-wait,50,1,298,55.03
redis-wait,50,1,299,53.103
redis-wait,50,1,300,53.502
redis-wait,50,1,301,55.465
redis-wait,50,1,302,55.457
redis-wait,50,1,303,56.153
redis-wait,50,1,304,55.673
redis-wait,50,1,305,52.66
redis-wait,50,1,306,55.051
redis-wait,50,1,307,52.947
redis-wait,50,1,308,56.27
redis-wait,50,1,309,52.567
redis-wait,50,1,310,52.552
redis-wait,50,1,311,53.579
redis-wait,50,1,312,52.87
redis-wait,50,1,313,52.937
redis-wait,50,1,314,53.22
redis-wait,50,1,315,56.359
redis-wait,50,1,316,53.03
redis-wait,50,1,317,51.67
redis-wait,50,1,318,52.079
redis-wait,50,1,319,53.379
redis-wait,50,1,320,53.266
redis-wait,50,1,321,52.563
redis-wait,50,1,322,51.793
redis-wait,50,1,323,57.35
redis-wait,50,1,324,54.454
redis-wait,50,1,325,55.142
redis-wait,50,1,326,52.667
redis-wait,50,1,327,56.289
redis-wait,50,1,328,54.432
redis-wait,50,1,329,54.147
redis-wait,50,1,330,56.411
redis-wait,50,1,331,53.82
redis-wait,50,1,332,53.433
redis-wait,50,1,333,54.274
redis-wait,50,1,334,52.324
redis-wait,50,1,335,53.915
redis-wait,50,1,336,53.028
redis-wait,50,1,337,52.199
redis-wait,50,1,338,53.577
redis-wait,50,1,339,52.859
redis-wait,50,1,340,54.292
redis-wait,50,1,341,53.054
redis-wait,50,1,342,52.678
redis-wait,50,1,343,54.803
redis-wait,50,1,344,55.365
redis-wait,50,1,345,52.069
redis-wait,50,1,346,56.586
redis-wait,50,1,347,51.432
redis-wait,50,1,348,52.556
redis-wait,50,1,349,52.767
redis-wait,50,1,350,54.213
redis-wait,50,1,351,54.033
redis-wait,50,1,352,56.119
redis-wait,50,1,353,54.059
redis-wait,50,1,354,52.871
redis-wait,50,1,355,53.562
redis-wait,50,1,356,56.214
redis-wait,50,1,357,52.614
redis-wait,50,1,358,53.503
redis-wait,50,1,359,53.334
redis-wait,50,1,360,53.227
redis-wait,50,1,361,51.121
redis-wait,50,1,362,51.051
redis-wait,50,1,363,50.807
redis-wait,50,1,364,50.666
redis-wait,50,1,365,52.587
redis-wait,50,1,366,50.433
redis-wait,50,1,367,51.821
redis-wait,50,1,368,52.073
redis-wait,50,1,369,53.362
redis-wait,50,1,370,52.197
redis-wait,50,1,371,53.845
redis-wait,50,1,372,52.448
redis-wait,50,1,373,54.296
redis-wait,50,1,374,52.901
redis-wait,50,1,375,56.897
redis-wait,50,1,376,54.732
redis-wait,50,1,377,57.252
redis-wait,50,1,378,54.576
redis-wait,50,1,379,53.105
redis-wait,50,1,380,55.129
redis-wait,50,1,381,53.113
redis-wait,50,1,382,53.329
redis-wait,50,1,383,56.31
redis-wait,50,1,384,52.342
redis-wait,50,1,385,52.165
redis-wait,50,1,386,55.929
redis-wait,50,1,387,52.788
redis-wait,50,1,388,53.324
redis-wait,50,1,389,52.086
redis-wait,50,1,390,53.592
redis-wait,50,1,391,52.536
redis-wait,50,1,392,52.377
redis-wait,50,1,393,53.107
redis-wait,50,1,394,53.033
redis-wait,50,1,395,52.414
redis-wait,50,1,396,53.134
redis-wait,50,1,397,54.0
redis-wait,50,1,398,53.247
redis-wait,50,1,399,52.081
redis-wait,50,1,400,51.343
redis-wait,50,1,401,51.211
redis-wait,50,1,402,55.144
redis-wait,50,1,403,52.95
redis-wait,50,1,404,55.536
redis-wait,50,1,405,51.9
redis-wait,50,1,406,52.951
redis-wait,50,1,407,53.112
redis-wait,50,1,408,53.428
redis-wait,50,1,409,53.191
redis-wait,50,1,410,55.89
redis-wait,50,1,411,54.665
redis-wait,50,1,412,53.275
redis-wait,50,1,413,53.967
redis-wait,50,1,414,53.376
redis-wait,50,1,415,55.088
redis-wait,50,1,416,51.727
redis-wait,50,1,417,56.29
redis-wait,50,1,418,53.152
redis-wait,50,1,419,52.802
redis-wait,50,1,420,53.279
redis-wait,50,1,421,54.636
redis-wait,50,1,422,54.051
redis-wait,50,1,423,55.527
redis-wait,50,1,424,53.374
redis-wait,50,1,425,54.52
redis-wait,50,1,426,53.844
redis-wait,50,1,427,56.5
redis-wait,50,1,428,55.703
redis-wait,50,1,429,52.335
redis-wait,50,1,430,55.824
redis-wait,50,1,431,56.276
redis-wait,50,1,432,51.993
redis-wait,50,1,433,51.952
redis-wait,50,1,434,53.344
redis-wait,50,1,435,52.076
redis-wait,50,1,436,53.89
redis-wait,50,1,437,52.094
redis-wait,50,1,438,53.722
redis-wait,50,1,439,52.925
redis-wait,50,1,440,55.535
redis-wait,50,1,441,53.36
redis-wait,50,1,442,54.191
redis-wait,50,1,443,52.555
redis-wait,50,1,444,54.324
redis-wait,50,1,445,56.138
redis-wait,50,1,446,54.119
redis-wait,50,1,447,52.601
redis-wait,50,1,448,53.17
redis-wait,50,1,449,52.794
redis-wait,50,1,450,53.723
redis-wait,50,1,451,54.929
redis-wait,50,1,452,53.812
redis-wait,50,1,453,53.117
redis-wait,50,1,454,56.316
redis-wait,50,1,455,53.141
redis-wait,50,1,456,52.506
redis-wait,50,1,457,52.718
redis-wait,50,1,458,51.951
redis-wait,50,1,459,56.05
redis-wait,50,1,460,53.143
redis-wait,50,1,461,56.107
redis-wait,50,1,462,54.87
redis-wait,50,1,463,52.075
redis-wait,50,1,464,53.419
redis-wait,50,1,465,53.75
redis-wait,50,1,466,52.959
redis-wait,50,1,467,57.137
redis-wait,50,2,1,53.255
redis-wait,50,2,2,54.136
redis-wait,50,2,3,53.868
redis-wait,50,2,4,55.011
redis-wait,50,2,5,54.711
redis-wait,50,2,6,52.479
redis-wait,50,2,7,52.793
redis-wait,50,2,8,53.522
redis-wait,50,2,9,54.637
redis-wait,50,2,10,51.194
redis-wait,50,2,11,51.149
redis-wait,50,2,12,52.027
redis-wait,50,2,13,53.742
redis-wait,50,2,14,55.788
redis-wait,50,2,15,51.726
redis-wait,50,2,16,53.756
redis-wait,50,2,17,53.01
redis-wait,50,2,18,53.316
redis-wait,50,2,19,55.683
redis-wait,50,2,20,53.364
redis-wait,50,2,21,53.126
redis-wait,50,2,22,55.216
redis-wait,50,2,23,54.887
redis-wait,50,2,24,54.157
redis-wait,50,2,25,52.587
redis-wait,50,2,26,52.962
redis-wait,50,2,27,54.84
redis-wait,50,2,28,52.27
redis-wait,50,2,29,52.569
redis-wait,50,2,30,52.234
redis-wait,50,2,31,51.794
redis-wait,50,2,32,52.539
redis-wait,50,2,33,51.75
redis-wait,50,2,34,52.637
redis-wait,50,2,35,52.425
redis-wait,50,2,36,52.661
redis-wait,50,2,37,51.87
redis-wait,50,2,38,56.436
redis-wait,50,2,39,53.194
redis-wait,50,2,40,56.777
redis-wait,50,2,41,54.275
redis-wait,50,2,42,56.517
redis-wait,50,2,43,53.77
redis-wait,50,2,44,54.476
redis-wait,50,2,45,52.385
redis-wait,50,2,46,53.458
redis-wait,50,2,47,54.393
redis-wait,50,2,48,55.791
redis-wait,50,2,49,52.904
redis-wait,50,2,50,54.26
redis-wait,50,2,51,53.362
redis-wait,50,2,52,52.644
redis-wait,50,2,53,51.696
redis-wait,50,2,54,55.591
redis-wait,50,2,55,54.125
redis-wait,50,2,56,52.302
redis-wait,50,2,57,54.372
redis-wait,50,2,58,52.661
redis-wait,50,2,59,53.508
redis-wait,50,2,60,51.973
redis-wait,50,2,61,56.537
redis-wait,50,2,62,51.72
redis-wait,50,2,63,53.208
redis-wait,50,2,64,53.631
redis-wait,50,2,65,52.186
redis-wait,50,2,66,52.541
redis-wait,50,2,67,51.742
redis-wait,50,2,68,52.858
redis-wait,50,2,69,53.844
redis-wait,50,2,70,54.617
redis-wait,50,2,71,52.333
redis-wait,50,2,72,52.47
redis-wait,50,2,73,53.269
redis-wait,50,2,74,51.818
redis-wait,50,2,75,52.102
redis-wait,50,2,76,54.166
redis-wait,50,2,77,54.259
redis-wait,50,2,78,54.044
redis-wait,50,2,79,52.089
redis-wait,50,2,80,52.197
redis-wait,50,2,81,51.164
redis-wait,50,2,82,52.617
redis-wait,50,2,83,51.313
redis-wait,50,2,84,51.432
redis-wait,50,2,85,51.111
redis-wait,50,2,86,51.751
redis-wait,50,2,87,52.81
redis-wait,50,2,88,52.146
redis-wait,50,2,89,52.839
redis-wait,50,2,90,51.896
redis-wait,50,2,91,54.281
redis-wait,50,2,92,52.689
redis-wait,50,2,93,51.762
redis-wait,50,2,94,53.253
redis-wait,50,2,95,52.0
redis-wait,50,2,96,53.681
redis-wait,50,2,97,52.387
redis-wait,50,2,98,52.391
redis-wait,50,2,99,56.115
redis-wait,50,2,100,55.448
redis-wait,50,2,101,53.146
redis-wait,50,2,102,56.913
redis-wait,50,2,103,51.393
redis-wait,50,2,104,51.799
redis-wait,50,2,105,51.612
redis-wait,50,2,106,51.823
redis-wait,50,2,107,53.336
redis-wait,50,2,108,52.084
redis-wait,50,2,109,51.568
redis-wait,50,2,110,51.724
redis-wait,50,2,111,52.711
redis-wait,50,2,112,51.475
redis-wait,50,2,113,52.476
redis-wait,50,2,114,52.303
redis-wait,50,2,115,53.856
redis-wait,50,2,116,53.032
redis-wait,50,2,117,52.474
redis-wait,50,2,118,53.129
redis-wait,50,2,119,53.816
redis-wait,50,2,120,51.401
redis-wait,50,2,121,54.187
redis-wait,50,2,122,52.088
redis-wait,50,2,123,52.154
redis-wait,50,2,124,52.222
redis-wait,50,2,125,53.734
redis-wait,50,2,126,51.006
redis-wait,50,2,127,53.038
redis-wait,50,2,128,53.056
redis-wait,50,2,129,54.702
redis-wait,50,2,130,55.189
redis-wait,50,2,131,53.597
redis-wait,50,2,132,51.594
redis-wait,50,2,133,53.491
redis-wait,50,2,134,51.331
redis-wait,50,2,135,51.356
redis-wait,50,2,136,51.627
redis-wait,50,2,137,51.907
redis-wait,50,2,138,53.556
redis-wait,50,2,139,52.01
redis-wait,50,2,140,53.9
redis-wait,50,2,141,52.706
redis-wait,50,2,142,53.649
redis-wait,50,2,143,51.327
redis-wait,50,2,144,53.127
redis-wait,50,2,145,52.158
redis-wait,50,2,146,53.233
redis-wait,50,2,147,53.951
redis-wait,50,2,148,51.918
redis-wait,50,2,149,51.617
redis-wait,50,2,150,55.238
redis-wait,50,2,151,53.837
redis-wait,50,2,152,53.664
redis-wait,50,2,153,55.708
redis-wait,50,2,154,51.267
redis-wait,50,2,155,52.448
redis-wait,50,2,156,52.136
redis-wait,50,2,157,52.288
redis-wait,50,2,158,52.588
redis-wait,50,2,159,51.669
redis-wait,50,2,160,52.828
redis-wait,50,2,161,52.462
redis-wait,50,2,162,53.286
redis-wait,50,2,163,53.874
redis-wait,50,2,164,53.05
redis-wait,50,2,165,52.6
redis-wait,50,2,166,52.861
redis-wait,50,2,167,52.097
redis-wait,50,2,168,52.914
redis-wait,50,2,169,53.419
redis-wait,50,2,170,52.074
redis-wait,50,2,171,53.902
redis-wait,50,2,172,55.008
redis-wait,50,2,173,56.188
redis-wait,50,2,174,52.094
redis-wait,50,2,175,54.355
redis-wait,50,2,176,55.098
redis-wait,50,2,177,53.347
redis-wait,50,2,178,52.941
redis-wait,50,2,179,54.488
redis-wait,50,2,180,53.78
redis-wait,50,2,181,53.373
redis-wait,50,2,182,55.732
redis-wait,50,2,183,53.476
redis-wait,50,2,184,56.694
redis-wait,50,2,185,52.015
redis-wait,50,2,186,53.443
redis-wait,50,2,187,52.149
redis-wait,50,2,188,53.548
redis-wait,50,2,189,53.497
redis-wait,50,2,190,52.05
redis-wait,50,2,191,51.298
redis-wait,50,2,192,51.509
redis-wait,50,2,193,52.577
redis-wait,50,2,194,51.338
redis-wait,50,2,195,55.04
redis-wait,50,2,196,51.835
redis-wait,50,2,197,53.412
redis-wait,50,2,198,53.065
redis-wait,50,2,199,56.611
redis-wait,50,2,200,52.565
redis-wait,50,2,201,53.255
redis-wait,50,2,202,53.505
redis-wait,50,2,203,55.011
redis-wait,50,2,204,51.757
redis-wait,50,2,205,55.202
redis-wait,50,2,206,54.574
redis-wait,50,2,207,52.048
redis-wait,50,2,208,52.119
redis-wait,50,2,209,53.154
redis-wait,50,2,210,54.386
redis-wait,50,2,211,53.77
redis-wait,50,2,212,55.794
redis-wait,50,2,213,52.334
redis-wait,50,2,214,52.427
redis-wait,50,2,215,52.963
redis-wait,50,2,216,55.472
redis-wait,50,2,217,52.87
redis-wait,50,2,218,52.171
redis-wait,50,2,219,55.585
redis-wait,50,2,220,56.948
redis-wait,50,2,221,52.519
redis-wait,50,2,222,53.002
redis-wait,50,2,223,51.832
redis-wait,50,2,224,53.517
redis-wait,50,2,225,53.665
redis-wait,50,2,226,54.225
redis-wait,50,2,227,54.284
redis-wait,50,2,228,54.359
redis-wait,50,2,229,54.25
redis-wait,50,2,230,52.011
redis-wait,50,2,231,54.171
redis-wait,50,2,232,53.993
redis-wait,50,2,233,52.535
redis-wait,50,2,234,56.886
redis-wait,50,2,235,54.948
redis-wait,50,2,236,54.691
redis-wait,50,2,237,56.91
redis-wait,50,2,238,54.154
redis-wait,50,2,239,53.027
redis-wait,50,2,240,52.589
redis-wait,50,2,241,55.821
redis-wait,50,2,242,51.69
redis-wait,50,2,243,51.961
redis-wait,50,2,244,51.515
redis-wait,50,2,245,53.151
redis-wait,50,2,246,52.798
redis-wait,50,2,247,51.989
redis-wait,50,2,248,51.71
redis-wait,50,2,249,52.699
redis-wait,50,2,250,53.061
redis-wait,50,2,251,55.437
redis-wait,50,2,252,53.052
redis-wait,50,2,253,52.765
redis-wait,50,2,254,51.681
redis-wait,50,2,255,54.896
redis-wait,50,2,256,53.07
redis-wait,50,2,257,52.626
redis-wait,50,2,258,54.398
redis-wait,50,2,259,51.761
redis-wait,50,2,260,56.246
redis-wait,50,2,261,54.956
redis-wait,50,2,262,54.021
redis-wait,50,2,263,53.827
redis-wait,50,2,264,54.315
redis-wait,50,2,265,53.783
redis-wait,50,2,266,53.623
redis-wait,50,2,267,53.768
redis-wait,50,2,268,53.175
redis-wait,50,2,269,51.499
redis-wait,50,2,270,51.376
redis-wait,50,2,271,50.955
redis-wait,50,2,272,51.122
redis-wait,50,2,273,51.283
redis-wait,50,2,274,55.203
redis-wait,50,2,275,54.075
redis-wait,50,2,276,53.853
redis-wait,50,2,277,52.23
redis-wait,50,2,278,52.585
redis-wait,50,2,279,51.526
redis-wait,50,2,280,52.032
redis-wait,50,2,281,51.688
redis-wait,50,2,282,53.837
redis-wait,50,2,283,52.938
redis-wait,50,2,284,52.244
redis-wait,50,2,285,53.441
redis-wait,50,2,286,51.824
redis-wait,50,2,287,51.958
redis-wait,50,2,288,51.53
redis-wait,50,2,289,53.61
redis-wait,50,2,290,51.591
redis-wait,50,2,291,51.523
redis-wait,50,2,292,54.339
redis-wait,50,2,293,53.493
redis-wait,50,2,294,52.056
redis-wait,50,2,295,52.45
redis-wait,50,2,296,52.464
redis-wait,50,2,297,54.211
redis-wait,50,2,298,53.368
redis-wait,50,2,299,52.735
redis-wait,50,2,300,52.478
redis-wait,50,2,301,51.986
redis-wait,50,2,302,53.753
redis-wait,50,2,303,51.884
redis-wait,50,2,304,52.37
redis-wait,50,2,305,52.895
redis-wait,50,2,306,53.319
redis-wait,50,2,307,51.352
redis-wait,50,2,308,52.075
redis-wait,50,2,309,52.16
redis-wait,50,2,310,55.662
redis-wait,50,2,311,53.702
redis-wait,50,2,312,54.51
redis-wait,50,2,313,53.464
redis-wait,50,2,314,52.766
redis-wait,50,2,315,52.372
redis-wait,50,2,316,51.969
redis-wait,50,2,317,52.79
redis-wait,50,2,318,52.572
redis-wait,50,2,319,53.064
redis-wait,50,2,320,51.907
redis-wait,50,2,321,54.362
redis-wait,50,2,322,53.782
redis-wait,50,2,323,54.309
redis-wait,50,2,324,52.59
redis-wait,50,2,325,54.486
redis-wait,50,2,326,54.183
redis-wait,50,2,327,52.952
redis-wait,50,2,328,52.237
redis-wait,50,2,329,54.57
redis-wait,50,2,330,53.063
redis-wait,50,2,331,55.315
redis-wait,50,2,332,53.837
redis-wait,50,2,333,53.479
redis-wait,50,2,334,52.034
redis-wait,50,2,335,51.429
redis-wait,50,2,336,51.967
redis-wait,50,2,337,52.503
redis-wait,50,2,338,53.845
redis-wait,50,2,339,54.26
redis-wait,50,2,340,55.062
redis-wait,50,2,341,54.782
redis-wait,50,2,342,52.04
redis-wait,50,2,343,51.685
redis-wait,50,2,344,56.894
redis-wait,50,2,345,51.595
redis-wait,50,2,346,52.523
redis-wait,50,2,347,51.615
redis-wait,50,2,348,53.525
redis-wait,50,2,349,52.464
redis-wait,50,2,350,52.053
redis-wait,50,2,351,52.673
redis-wait,50,2,352,56.244
redis-wait,50,2,353,53.19
redis-wait,50,2,354,53.663
redis-wait,50,2,355,55.069
redis-wait,50,2,356,51.659
redis-wait,50,2,357,52.27
redis-wait,50,2,358,53.213
redis-wait,50,2,359,51.809
redis-wait,50,2,360,55.957
redis-wait,50,2,361,55.114
redis-wait,50,2,362,53.592
redis-wait,50,2,363,55.591
redis-wait,50,2,364,54.541
redis-wait,50,2,365,52.346
redis-wait,50,2,366,53.523
redis-wait,50,2,367,55.882
redis-wait,50,2,368,55.628
redis-wait,50,2,369,51.563
redis-wait,50,2,370,52.451
redis-wait,50,2,371,52.123
redis-wait,50,2,372,51.975
redis-wait,50,2,373,53.095
redis-wait,50,2,374,52.486
redis-wait,50,2,375,52.814
redis-wait,50,2,376,52.86
redis-wait,50,2,377,53.854
redis-wait,50,2,378,54.04
redis-wait,50,2,379,54.423
redis-wait,50,2,380,53.995
redis-wait,50,2,381,55.0
redis-wait,50,2,382,54.292
redis-wait,50,2,383,57.199
redis-wait,50,2,384,54.171
redis-wait,50,2,385,57.06
redis-wait,50,2,386,53.298
redis-wait,50,2,387,54.274
redis-wait,50,2,388,52.28
redis-wait,50,2,389,52.55
redis-wait,50,2,390,53.565
redis-wait,50,2,391,54.616
redis-wait,50,2,392,51.697
redis-wait,50,2,393,54.966
redis-wait,50,2,394,54.306
redis-wait,50,2,395,51.067
redis-wait,50,2,396,51.683
redis-wait,50,2,397,52.618
redis-wait,50,2,398,53.787
redis-wait,50,2,399,51.332
redis-wait,50,2,400,53.801
redis-wait,50,2,401,53.212
redis-wait,50,2,402,53.143
redis-wait,50,2,403,54.149
redis-wait,50,2,404,54.933
redis-wait,50,2,405,51.971
redis-wait,50,2,406,55.55
redis-wait,50,2,407,55.635
redis-wait,50,2,408,54.918
redis-wait,50,2,409,53.6
redis-wait,50,2,410,51.938
redis-wait,50,2,411,53.95
redis-wait,50,2,412,52.513
redis-wait,50,2,413,51.98
redis-wait,50,2,414,53.909
redis-wait,50,2,415,54.666
redis-wait,50,2,416,53.29
redis-wait,50,2,417,55.112
redis-wait,50,2,418,55.069
redis-wait,50,2,419,53.741
redis-wait,50,2,420,52.121
redis-wait,50,2,421,52.925
redis-wait,50,2,422,51.734
redis-wait,50,2,423,57.128
redis-wait,50,2,424,52.253
redis-wait,50,2,425,52.684
redis-wait,50,2,426,53.054
redis-wait,50,2,427,53.799
redis-wait,50,2,428,52.009
redis-wait,50,2,429,52.471
redis-wait,50,2,430,54.337
redis-wait,50,2,431,51.985
redis-wait,50,2,432,53.114
redis-wait,50,2,433,54.696
redis-wait,50,2,434,52.601
redis-wait,50,2,435,53.647
redis-wait,50,2,436,53.919
redis-wait,50,2,437,53.905
redis-wait,50,2,438,53.396
redis-wait,50,2,439,54.339
redis-wait,50,2,440,53.452
redis-wait,50,2,441,54.861
redis-wait,50,2,442,53.257
redis-wait,50,2,443,52.009
redis-wait,50,2,444,55.075
redis-wait,50,2,445,55.846
redis-wait,50,2,446,54.598
redis-wait,50,2,447,53.094
redis-wait,50,2,448,53.109
redis-wait,50,2,449,52.716
redis-wait,50,2,450,56.532
redis-wait,50,2,451,54.861
redis-wait,50,2,452,56.463
redis-wait,50,2,453,52.731
redis-wait,50,2,454,54.878
redis-wait,50,2,455,52.247
redis-wait,50,2,456,50.969
redis-wait,50,2,457,51.546
redis-wait,50,2,458,51.942
redis-wait,50,2,459,52.203
redis-wait,50,2,460,53.857
redis-wait,50,2,461,56.203
redis-wait,50,2,462,51.847
redis-wait,50,2,463,54.317
redis-wait,50,2,464,52.956
redis-wait,50,2,465,51.822
redis-wait,50,2,466,56.292
redis-wait,50,2,467,52.45
redis-wait,50,3,1,50.874
redis-wait,50,3,2,51.854
redis-wait,50,3,3,52.333
redis-wait,50,3,4,54.055
redis-wait,50,3,5,52.333
redis-wait,50,3,6,56.175
redis-wait,50,3,7,53.016
redis-wait,50,3,8,56.199
redis-wait,50,3,9,52.491
redis-wait,50,3,10,55.752
redis-wait,50,3,11,54.256
redis-wait,50,3,12,53.303
redis-wait,50,3,13,51.888
redis-wait,50,3,14,53.567
redis-wait,50,3,15,52.264
redis-wait,50,3,16,51.707
redis-wait,50,3,17,52.057
redis-wait,50,3,18,54.1
redis-wait,50,3,19,51.961
redis-wait,50,3,20,53.781
redis-wait,50,3,21,53.93
redis-wait,50,3,22,53.787
redis-wait,50,3,23,53.925
redis-wait,50,3,24,51.492
redis-wait,50,3,25,54.118
redis-wait,50,3,26,52.509
redis-wait,50,3,27,52.147
redis-wait,50,3,28,51.712
redis-wait,50,3,29,54.098
redis-wait,50,3,30,52.205
redis-wait,50,3,31,52.091
redis-wait,50,3,32,51.94
redis-wait,50,3,33,56.736
redis-wait,50,3,34,51.408
redis-wait,50,3,35,55.595
redis-wait,50,3,36,52.925
redis-wait,50,3,37,54.1
redis-wait,50,3,38,53.999
redis-wait,50,3,39,52.432
redis-wait,50,3,40,52.348
redis-wait,50,3,41,54.222
redis-wait,50,3,42,56.929
redis-wait,50,3,43,54.582
redis-wait,50,3,44,53.528
redis-wait,50,3,45,56.861
redis-wait,50,3,46,54.136
redis-wait,50,3,47,55.381
redis-wait,50,3,48,58.697
redis-wait,50,3,49,51.933
redis-wait,50,3,50,51.623
redis-wait,50,3,51,52.102
redis-wait,50,3,52,56.227
redis-wait,50,3,53,53.545
redis-wait,50,3,54,52.193
redis-wait,50,3,55,54.667
redis-wait,50,3,56,51.582
redis-wait,50,3,57,54.21
redis-wait,50,3,58,52.978
redis-wait,50,3,59,52.441
redis-wait,50,3,60,53.874
redis-wait,50,3,61,54.156
redis-wait,50,3,62,53.475
redis-wait,50,3,63,51.759
redis-wait,50,3,64,51.552
redis-wait,50,3,65,51.519
redis-wait,50,3,66,51.651
redis-wait,50,3,67,53.701
redis-wait,50,3,68,52.413
redis-wait,50,3,69,54.785
redis-wait,50,3,70,54.851
redis-wait,50,3,71,53.686
redis-wait,50,3,72,55.363
redis-wait,50,3,73,51.647
redis-wait,50,3,74,52.088
redis-wait,50,3,75,51.782
redis-wait,50,3,76,51.138
redis-wait,50,3,77,51.168
redis-wait,50,3,78,51.611
redis-wait,50,3,79,56.371
redis-wait,50,3,80,52.308
redis-wait,50,3,81,53.2
redis-wait,50,3,82,52.724
redis-wait,50,3,83,53.222
redis-wait,50,3,84,54.853
redis-wait,50,3,85,56.63
redis-wait,50,3,86,52.31
redis-wait,50,3,87,54.563
redis-wait,50,3,88,52.529
redis-wait,50,3,89,53.565
redis-wait,50,3,90,53.148
redis-wait,50,3,91,52.544
redis-wait,50,3,92,53.931
redis-wait,50,3,93,52.264
redis-wait,50,3,94,56.272
redis-wait,50,3,95,54.365
redis-wait,50,3,96,52.789
redis-wait,50,3,97,55.538
redis-wait,50,3,98,51.839
redis-wait,50,3,99,52.787
redis-wait,50,3,100,55.352
redis-wait,50,3,101,51.406
redis-wait,50,3,102,53.63
redis-wait,50,3,103,52.799
redis-wait,50,3,104,52.917
redis-wait,50,3,105,51.648
redis-wait,50,3,106,51.756
redis-wait,50,3,107,52.995
redis-wait,50,3,108,52.893
redis-wait,50,3,109,52.736
redis-wait,50,3,110,52.098
redis-wait,50,3,111,51.931
redis-wait,50,3,112,52.385
redis-wait,50,3,113,53.855
redis-wait,50,3,114,53.073
redis-wait,50,3,115,53.214
redis-wait,50,3,116,52.703
redis-wait,50,3,117,51.77
redis-wait,50,3,118,53.628
redis-wait,50,3,119,53.541
redis-wait,50,3,120,53.863
redis-wait,50,3,121,54.161
redis-wait,50,3,122,55.319
redis-wait,50,3,123,53.395
redis-wait,50,3,124,56.223
redis-wait,50,3,125,53.479
redis-wait,50,3,126,56.44
redis-wait,50,3,127,55.398
redis-wait,50,3,128,54.977
redis-wait,50,3,129,55.739
redis-wait,50,3,130,52.429
redis-wait,50,3,131,52.395
redis-wait,50,3,132,52.863
redis-wait,50,3,133,51.958
redis-wait,50,3,134,53.327
redis-wait,50,3,135,53.476
redis-wait,50,3,136,51.859
redis-wait,50,3,137,54.834
redis-wait,50,3,138,53.914
redis-wait,50,3,139,54.613
redis-wait,50,3,140,52.168
redis-wait,50,3,141,51.928
redis-wait,50,3,142,53.029
redis-wait,50,3,143,53.687
redis-wait,50,3,144,52.216
redis-wait,50,3,145,52.039
redis-wait,50,3,146,53.215
redis-wait,50,3,147,56.705
redis-wait,50,3,148,56.07
redis-wait,50,3,149,55.159
redis-wait,50,3,150,53.023
redis-wait,50,3,151,52.535
redis-wait,50,3,152,54.273
redis-wait,50,3,153,56.455
redis-wait,50,3,154,54.998
redis-wait,50,3,155,52.413
redis-wait,50,3,156,52.238
redis-wait,50,3,157,52.624
redis-wait,50,3,158,52.548
redis-wait,50,3,159,52.24
redis-wait,50,3,160,52.909
redis-wait,50,3,161,53.363
redis-wait,50,3,162,54.071
redis-wait,50,3,163,51.811
redis-wait,50,3,164,51.592
redis-wait,50,3,165,52.781
redis-wait,50,3,166,51.639
redis-wait,50,3,167,53.711
redis-wait,50,3,168,53.961
redis-wait,50,3,169,51.96
redis-wait,50,3,170,54.91
redis-wait,50,3,171,52.094
redis-wait,50,3,172,56.106
redis-wait,50,3,173,55.486
redis-wait,50,3,174,55.146
redis-wait,50,3,175,54.009
redis-wait,50,3,176,51.091
redis-wait,50,3,177,51.561
redis-wait,50,3,178,50.702
redis-wait,50,3,179,51.12
redis-wait,50,3,180,55.877
redis-wait,50,3,181,51.582
redis-wait,50,3,182,52.875
redis-wait,50,3,183,54.411
redis-wait,50,3,184,53.534
redis-wait,50,3,185,53.096
redis-wait,50,3,186,56.543
redis-wait,50,3,187,52.272
redis-wait,50,3,188,51.068
redis-wait,50,3,189,53.874
redis-wait,50,3,190,51.913
redis-wait,50,3,191,56.354
redis-wait,50,3,192,56.043
redis-wait,50,3,193,55.799
redis-wait,50,3,194,52.153
redis-wait,50,3,195,53.994
redis-wait,50,3,196,51.579
redis-wait,50,3,197,51.173
redis-wait,50,3,198,52.747
redis-wait,50,3,199,53.447
redis-wait,50,3,200,53.532
redis-wait,50,3,201,53.148
redis-wait,50,3,202,53.979
redis-wait,50,3,203,52.944
redis-wait,50,3,204,53.034
redis-wait,50,3,205,55.017
redis-wait,50,3,206,56.288
redis-wait,50,3,207,51.915
redis-wait,50,3,208,53.117
redis-wait,50,3,209,51.301
redis-wait,50,3,210,54.314
redis-wait,50,3,211,55.124
redis-wait,50,3,212,51.767
redis-wait,50,3,213,54.239
redis-wait,50,3,214,53.65
redis-wait,50,3,215,55.022
redis-wait,50,3,216,54.99
redis-wait,50,3,217,51.1
redis-wait,50,3,218,50.792
redis-wait,50,3,219,52.322
redis-wait,50,3,220,53.651
redis-wait,50,3,221,52.245
redis-wait,50,3,222,52.661
redis-wait,50,3,223,52.631
redis-wait,50,3,224,52.985
redis-wait,50,3,225,52.314
redis-wait,50,3,226,53.529
redis-wait,50,3,227,53.883
redis-wait,50,3,228,56.262
redis-wait,50,3,229,53.867
redis-wait,50,3,230,55.757
redis-wait,50,3,231,54.367
redis-wait,50,3,232,53.699
redis-wait,50,3,233,57.435
redis-wait,50,3,234,53.489
redis-wait,50,3,235,52.672
redis-wait,50,3,236,54.399
redis-wait,50,3,237,53.213
redis-wait,50,3,238,53.782
redis-wait,50,3,239,53.076
redis-wait,50,3,240,55.543
redis-wait,50,3,241,52.685
redis-wait,50,3,242,51.423
redis-wait,50,3,243,51.478
redis-wait,50,3,244,51.633
redis-wait,50,3,245,53.598
redis-wait,50,3,246,52.188
redis-wait,50,3,247,52.782
redis-wait,50,3,248,53.006
redis-wait,50,3,249,52.008
redis-wait,50,3,250,51.568
redis-wait,50,3,251,51.723
redis-wait,50,3,252,52.393
redis-wait,50,3,253,53.851
redis-wait,50,3,254,52.591
redis-wait,50,3,255,52.592
redis-wait,50,3,256,51.961
redis-wait,50,3,257,55.129
redis-wait,50,3,258,52.581
redis-wait,50,3,259,52.808
redis-wait,50,3,260,51.881
redis-wait,50,3,261,53.848
redis-wait,50,3,262,53.563
redis-wait,50,3,263,53.534
redis-wait,50,3,264,53.719
redis-wait,50,3,265,52.793
redis-wait,50,3,266,52.252
redis-wait,50,3,267,55.359
redis-wait,50,3,268,53.794
redis-wait,50,3,269,53.476
redis-wait,50,3,270,53.107
redis-wait,50,3,271,52.356
redis-wait,50,3,272,53.863
redis-wait,50,3,273,53.337
redis-wait,50,3,274,52.401
redis-wait,50,3,275,55.701
redis-wait,50,3,276,55.18
redis-wait,50,3,277,52.655
redis-wait,50,3,278,52.517
redis-wait,50,3,279,51.908
redis-wait,50,3,280,51.927
redis-wait,50,3,281,51.662
redis-wait,50,3,282,51.684
redis-wait,50,3,283,51.357
redis-wait,50,3,284,52.965
redis-wait,50,3,285,52.202
redis-wait,50,3,286,53.37
redis-wait,50,3,287,52.245
redis-wait,50,3,288,54.228
redis-wait,50,3,289,53.603
redis-wait,50,3,290,53.586
redis-wait,50,3,291,53.512
redis-wait,50,3,292,55.123
redis-wait,50,3,293,52.015
redis-wait,50,3,294,54.366
redis-wait,50,3,295,55.465
redis-wait,50,3,296,53.14
redis-wait,50,3,297,53.133
redis-wait,50,3,298,54.442
redis-wait,50,3,299,54.354
redis-wait,50,3,300,53.325
redis-wait,50,3,301,51.936
redis-wait,50,3,302,53.318
redis-wait,50,3,303,52.073
redis-wait,50,3,304,53.508
redis-wait,50,3,305,53.95
redis-wait,50,3,306,52.653
redis-wait,50,3,307,54.055
redis-wait,50,3,308,52.503
redis-wait,50,3,309,53.298
redis-wait,50,3,310,56.309
redis-wait,50,3,311,52.21
redis-wait,50,3,312,56.535
redis-wait,50,3,313,53.392
redis-wait,50,3,314,53.089
redis-wait,50,3,315,51.632
redis-wait,50,3,316,53.842
redis-wait,50,3,317,53.026
redis-wait,50,3,318,52.374
redis-wait,50,3,319,55.788
redis-wait,50,3,320,51.62
redis-wait,50,3,321,52.763
redis-wait,50,3,322,52.407
redis-wait,50,3,323,52.966
redis-wait,50,3,324,53.133
redis-wait,50,3,325,52.318
redis-wait,50,3,326,54.009
redis-wait,50,3,327,52.396
redis-wait,50,3,328,54.801
redis-wait,50,3,329,52.589
redis-wait,50,3,330,53.52
redis-wait,50,3,331,56.035
redis-wait,50,3,332,56.597
redis-wait,50,3,333,52.528
redis-wait,50,3,334,52.288
redis-wait,50,3,335,52.736
redis-wait,50,3,336,54.416
redis-wait,50,3,337,53.995
redis-wait,50,3,338,51.582
redis-wait,50,3,339,54.01
redis-wait,50,3,340,52.25
redis-wait,50,3,341,57.273
redis-wait,50,3,342,54.837
redis-wait,50,3,343,51.894
redis-wait,50,3,344,55.958
redis-wait,50,3,345,53.306
redis-wait,50,3,346,55.466
redis-wait,50,3,347,52.669
redis-wait,50,3,348,52.368
redis-wait,50,3,349,53.121
redis-wait,50,3,350,54.003
redis-wait,50,3,351,53.238
redis-wait,50,3,352,51.614
redis-wait,50,3,353,53.883
redis-wait,50,3,354,52.177
redis-wait,50,3,355,52.022
redis-wait,50,3,356,53.085
redis-wait,50,3,357,52.692
redis-wait,50,3,358,52.163
redis-wait,50,3,359,53.156
redis-wait,50,3,360,53.9
redis-wait,50,3,361,53.738
redis-wait,50,3,362,54.341
redis-wait,50,3,363,53.519
redis-wait,50,3,364,51.241
redis-wait,50,3,365,54.968
redis-wait,50,3,366,52.604
redis-wait,50,3,367,55.25
redis-wait,50,3,368,51.89
redis-wait,50,3,369,51.888
redis-wait,50,3,370,56.733
redis-wait,50,3,371,53.498
redis-wait,50,3,372,55.91
redis-wait,50,3,373,52.318
redis-wait,50,3,374,55.151
redis-wait,50,3,375,53.048
redis-wait,50,3,376,51.742
redis-wait,50,3,377,52.186
redis-wait,50,3,378,52.446
redis-wait,50,3,379,52.814
redis-wait,50,3,380,52.301
redis-wait,50,3,381,56.306
redis-wait,50,3,382,53.583
redis-wait,50,3,383,53.107
redis-wait,50,3,384,53.866
redis-wait,50,3,385,53.493
redis-wait,50,3,386,51.889
redis-wait,50,3,387,53.547
redis-wait,50,3,388,55.904
redis-wait,50,3,389,53.529
redis-wait,50,3,390,53.2
redis-wait,50,3,391,53.74
redis-wait,50,3,392,53.848
redis-wait,50,3,393,54.315
redis-wait,50,3,394,53.323
redis-wait,50,3,395,57.732
redis-wait,50,3,396,53.746
redis-wait,50,3,397,54.155
redis-wait,50,3,398,51.697
redis-wait,50,3,399,52.045
redis-wait,50,3,400,52.364
redis-wait,50,3,401,52.223
redis-wait,50,3,402,53.876
redis-wait,50,3,403,54.515
redis-wait,50,3,404,55.924
redis-wait,50,3,405,51.845
redis-wait,50,3,406,52.812
redis-wait,50,3,407,51.958
redis-wait,50,3,408,55.188
redis-wait,50,3,409,53.391
redis-wait,50,3,410,56.52
redis-wait,50,3,411,53.219
redis-wait,50,3,412,51.621
redis-wait,50,3,413,53.33
redis-wait,50,3,414,56.139
redis-wait,50,3,415,53.624
redis-wait,50,3,416,54.716
redis-wait,50,3,417,52.874
redis-wait,50,3,418,52.042
redis-wait,50,3,419,53.55
redis-wait,50,3,420,55.593
redis-wait,50,3,421,54.704
redis-wait,50,3,422,55.036
redis-wait,50,3,423,55.859
redis-wait,50,3,424,54.139
redis-wait,50,3,425,54.213
redis-wait,50,3,426,54.292
redis-wait,50,3,427,53.076
redis-wait,50,3,428,53.576
redis-wait,50,3,429,52.737
redis-wait,50,3,430,51.775
redis-wait,50,3,431,51.442
redis-wait,50,3,432,51.435
redis-wait,50,3,433,52.09
redis-wait,50,3,434,52.244
redis-wait,50,3,435,52.855
redis-wait,50,3,436,52.266
redis-wait,50,3,437,52.601
redis-wait,50,3,438,51.588
redis-wait,50,3,439,52.338
redis-wait,50,3,440,51.623
redis-wait,50,3,441,54.219
redis-wait,50,3,442,53.471
redis-wait,50,3,443,52.169
redis-wait,50,3,444,53.23
redis-wait,50,3,445,54.266
redis-wait,50,3,446,51.978
redis-wait,50,3,447,51.792
redis-wait,50,3,448,54.018
redis-wait,50,3,449,55.955
redis-wait,50,3,450,51.411
redis-wait,50,3,451,52.809
redis-wait,50,3,452,51.848
redis-wait,50,3,453,55.667
redis-wait,50,3,454,53.176
redis-wait,50,3,455,51.673
redis-wait,50,3,456,53.36
redis-wait,50,3,457,53.478
redis-wait,50,3,458,51.793
redis-wait,50,3,459,53.729
redis-wait,50,3,460,57.602
redis-wait,50,3,461,53.956
redis-wait,50,3,462,53.071
redis-wait,50,3,463,53.713
redis-wait,50,3,464,52.831
redis-wait,50,3,465,53.951
redis-wait,50,3,466,56.346
redis-wait,50,3,467,54.981
